ContractID,CustomerID,Contract,PaperlessBilling,PaymentMethod
21130,0002-ORFBO,One year,Yes,Mailed check
21131,0003-MKNFE,Month-to-month,No,Mailed check
21132,0004-TLHLJ,Month-to-month,Yes,Electronic check
21133,0011-IGKFF,Month-to-month,Yes,Electronic check
21134,0013-EXCHZ,Month-to-month,Yes,Mailed check
21135,0013-MHZWF,Month-to-month,Yes,Credit card (automatic)
21136,0013-SMEOE,Two year,Yes,Bank transfer (automatic)
21137,0014-BMAQU,Two year,Yes,Credit card (automatic)
21138,0015-UOCOJ,Month-to-month,Yes,Electronic check
21139,0016-QLJIS,Two year,Yes,Mailed check
21140,0017-DINOC,Two year,No,Credit card (automatic)
21141,0017-IUDMW,Two year,Yes,Credit card (automatic)
21142,0018-NYROU,Month-to-month,Yes,Electronic check
21143,0019-EFAEP,Two year,Yes,Bank transfer (automatic)
21144,0019-GFNTW,Two year,No,Bank transfer (automatic)
21145,0020-INWCK,Two year,Yes,Credit card (automatic)
21146,0020-JDNXP,One year,No,Mailed check
21147,0021-IKXGC,Month-to-month,Yes,Electronic check
21148,0022-TCJCI,One year,No,Credit card (automatic)
21149,0023-HGHWL,Month-to-month,Yes,Electronic check
21150,0023-UYUPN,One year,No,Electronic check
21151,0023-XUOPT,Month-to-month,No,Electronic check
21152,0027-KWYKW,Month-to-month,Yes,Electronic check
21153,0030-FNXPP,Month-to-month,No,Mailed check
21154,0031-PVLZI,Month-to-month,No,Mailed check
21155,0032-PGELS,Month-to-month,No,Bank transfer (automatic)
21156,0036-IHMOT,One year,Yes,Bank transfer (automatic)
21157,0040-HALCW,Two year,No,Credit card (automatic)
21158,0042-JVWOJ,One year,Yes,Bank transfer (automatic)
21159,0042-RLHYP,Two year,No,Bank transfer (automatic)
21160,0048-LUMLS,One year,No,Credit card (automatic)
21161,0048-PIHNL,One year,No,Bank transfer (automatic)
21162,0052-DCKON,One year,No,Bank transfer (automatic)
21163,0052-YNYOT,One year,No,Electronic check
21164,0056-EPFBG,Two year,Yes,Credit card (automatic)
21165,0057-QBUQH,Two year,Yes,Electronic check
21166,0058-EVZWM,Month-to-month,Yes,Bank transfer (automatic)
21167,0060-FUALY,Month-to-month,Yes,Electronic check
21168,0064-SUDOG,Two year,No,Bank transfer (automatic)
21169,0064-YIJGF,Month-to-month,Yes,Bank transfer (automatic)
21170,0067-DKWBL,Month-to-month,Yes,Electronic check
21171,0068-FIGTF,One year,No,Mailed check
21172,0071-NDAFP,Two year,No,Credit card (automatic)
21173,0074-HDKDG,One year,Yes,Bank transfer (automatic)
21174,0076-LVEPS,Month-to-month,Yes,Mailed check
21175,0078-XZMHT,Two year,Yes,Bank transfer (automatic)
21176,0080-EMYVY,One year,No,Credit card (automatic)
21177,0080-OROZO,One year,Yes,Electronic check
21178,0082-LDZUE,Month-to-month,Yes,Mailed check
21179,0082-OQIQY,Month-to-month,Yes,Electronic check
21180,0083-PIVIK,One year,No,Electronic check
21181,0089-IIQKO,Month-to-month,Yes,Credit card (automatic)
21182,0093-EXYQL,Month-to-month,Yes,Electronic check
21183,0093-XWZFY,Month-to-month,Yes,Credit card (automatic)
21184,0094-OIFMO,Month-to-month,Yes,Electronic check
21185,0096-BXERS,Month-to-month,No,Electronic check
21186,0096-FCPUF,Month-to-month,Yes,Mailed check
21187,0098-BOWSO,Month-to-month,Yes,Electronic check
21188,0100-DUVFC,One year,Yes,Electronic check
21189,0103-CSITQ,One year,Yes,Bank transfer (automatic)
21190,0104-PPXDV,One year,No,Credit card (automatic)
21191,0106-GHRQR,Month-to-month,Yes,Bank transfer (automatic)
21192,0106-UGRDO,Two year,Yes,Electronic check
21193,0107-WESLM,Month-to-month,Yes,Electronic check
21194,0107-YHINA,Month-to-month,Yes,Electronic check
21195,0111-KLBQG,Month-to-month,Yes,Mailed check
21196,0112-QAWRZ,Month-to-month,Yes,Bank transfer (automatic)
21197,0112-QWPNC,One year,No,Electronic check
21198,0114-IGABW,Two year,No,Bank transfer (automatic)
21199,0114-PEGZZ,Month-to-month,No,Electronic check
21200,0114-RSRRW,Month-to-month,Yes,Bank transfer (automatic)
21201,0115-TFERT,Month-to-month,Yes,Electronic check
21202,0117-LFRMW,Month-to-month,No,Bank transfer (automatic)
21203,0118-JPNOY,Month-to-month,Yes,Credit card (automatic)
21204,0121-SNYRK,One year,Yes,Mailed check
21205,0122-OAHPZ,Month-to-month,Yes,Electronic check
21206,0123-CRBRT,Two year,No,Mailed check
21207,0125-LZQXK,Month-to-month,Yes,Electronic check
21208,0128-MKWSG,Month-to-month,No,Mailed check
21209,0129-KPTWJ,Month-to-month,Yes,Electronic check
21210,0129-QMPDR,One year,Yes,Bank transfer (automatic)
21211,0130-SXOUN,Month-to-month,No,Credit card (automatic)
21212,0133-BMFZO,Month-to-month,Yes,Electronic check
21213,0134-XWXCE,One year,No,Bank transfer (automatic)
21214,0135-NMXAP,Month-to-month,Yes,Bank transfer (automatic)
21215,0136-IFMYD,Two year,Yes,Electronic check
21216,0137-OCGAB,Month-to-month,Yes,Mailed check
21217,0137-UDEUO,Month-to-month,No,Mailed check
21218,0139-IVFJG,Month-to-month,No,Electronic check
21219,0141-YEAYS,Month-to-month,Yes,Bank transfer (automatic)
21220,0142-GVYSN,Month-to-month,Yes,Electronic check
21221,0147-ESWWR,Month-to-month,Yes,Electronic check
21222,0148-DCDOS,Month-to-month,Yes,Bank transfer (automatic)
21223,0151-ONTOV,Month-to-month,No,Mailed check
21224,0156-FVPTA,Month-to-month,Yes,Electronic check
21225,0164-APGRB,Two year,Yes,Electronic check
21226,0164-XAIRP,Two year,Yes,Bank transfer (automatic)
21227,0168-XZKBB,Month-to-month,Yes,Electronic check
21228,0174-QRVVY,Two year,No,Credit card (automatic)
21229,0177-PXBAT,Month-to-month,Yes,Bank transfer (automatic)
21230,0178-CIIKR,Month-to-month,No,Mailed check
21231,0178-SZBHO,Month-to-month,No,Electronic check
21232,0181-RITDD,Two year,No,Mailed check
21233,0186-CAERR,One year,Yes,Bank transfer (automatic)
21234,0187-QSXOE,Month-to-month,Yes,Electronic check
21235,0187-WZNAB,Month-to-month,No,Mailed check
21236,0188-GWFLE,Month-to-month,No,Mailed check
21237,0191-EQUUH,Two year,No,Bank transfer (automatic)
21238,0191-ZHSKZ,Month-to-month,Yes,Electronic check
21239,0193-ESZXP,One year,Yes,Credit card (automatic)
21240,0195-IESCP,Month-to-month,Yes,Electronic check
21241,0196-JTUQI,Month-to-month,Yes,Credit card (automatic)
21242,0196-VULGZ,Month-to-month,Yes,Electronic check
21243,0197-PNKNK,One year,No,Bank transfer (automatic)
21244,0201-MIBOL,Two year,Yes,Bank transfer (automatic)
21245,0201-OAMXR,One year,No,Credit card (automatic)
21246,0203-HHYIJ,One year,No,Bank transfer (automatic)
21247,0206-OYVOC,Two year,Yes,Mailed check
21248,0206-TBWLC,One year,Yes,Mailed check
21249,0207-MDKNV,Month-to-month,No,Electronic check
21250,0208-BPQEJ,Month-to-month,No,Bank transfer (automatic)
21251,0212-ISBBF,Month-to-month,Yes,Electronic check
21252,0214-JHPFW,Two year,No,Bank transfer (automatic)
21253,0215-BQKGS,Month-to-month,Yes,Credit card (automatic)
21254,0218-QNVAS,One year,No,Bank transfer (automatic)
21255,0219-QAERP,One year,No,Credit card (automatic)
21256,0219-YTZUE,Month-to-month,Yes,Bank transfer (automatic)
21257,0220-EBGCE,Month-to-month,Yes,Electronic check
21258,0221-NAUXK,One year,Yes,Bank transfer (automatic)
21259,0221-WMXNQ,Month-to-month,No,Electronic check
21260,0222-CNVPT,Month-to-month,Yes,Credit card (automatic)
21261,0224-HJAPT,Month-to-month,No,Electronic check
21262,0224-NIJLP,Two year,No,Mailed check
21263,0224-RLWWD,Month-to-month,Yes,Electronic check
21264,0225-ZORZP,Month-to-month,No,Electronic check
21265,0228-MAUWC,Month-to-month,No,Electronic check
21266,0229-LFJAF,Two year,No,Bank transfer (automatic)
21267,0230-UBYPQ,One year,No,Bank transfer (automatic)
21268,0230-WEQUW,Two year,Yes,Bank transfer (automatic)
21269,0231-LXVAP,Month-to-month,Yes,Electronic check
21270,0233-FTHAV,One year,Yes,Bank transfer (automatic)
21271,0234-TEVTT,One year,No,Credit card (automatic)
21272,0235-KGSLC,Month-to-month,Yes,Credit card (automatic)
21273,0236-HFWSV,Month-to-month,Yes,Electronic check
21274,0237-YFUTL,Month-to-month,Yes,Bank transfer (automatic)
21275,0238-WHBIQ,Two year,No,Credit card (automatic)
21276,0239-OXEXL,Month-to-month,No,Mailed check
21277,0244-LGNFY,Two year,No,Bank transfer (automatic)
21278,0247-SLUJI,Month-to-month,No,Mailed check
21279,0248-IPDFW,Month-to-month,Yes,Electronic check
21280,0248-PGHBZ,Two year,Yes,Bank transfer (automatic)
21281,0253-ZTEOB,Two year,No,Electronic check
21282,0254-FNMCI,Two year,Yes,Electronic check
21283,0254-KCJGT,One year,Yes,Credit card (automatic)
21284,0254-WWRKD,One year,No,Credit card (automatic)
21285,0256-LTHVJ,Month-to-month,Yes,Electronic check
21286,0257-KXZGU,Month-to-month,No,Bank transfer (automatic)
21287,0257-ZESQC,Month-to-month,Yes,Bank transfer (automatic)
21288,0258-NOKBL,Month-to-month,No,Electronic check
21289,0259-GBZSH,Month-to-month,Yes,Electronic check
21290,0260-ZDLGK,Month-to-month,Yes,Mailed check
21291,0263-FJTQO,Two year,Yes,Credit card (automatic)
21292,0264-CNITK,Two year,No,Bank transfer (automatic)
21293,0265-EDXBD,Month-to-month,Yes,Electronic check
21294,0265-PSUAE,Month-to-month,No,Bank transfer (automatic)
21295,0266-CLZKZ,Two year,Yes,Bank transfer (automatic)
21296,0266-GMEAO,Two year,Yes,Credit card (automatic)
21297,0268-QKIWO,Month-to-month,No,Electronic check
21298,0269-XFESX,One year,No,Mailed check
21299,0270-THENM,Two year,No,Bank transfer (automatic)
21300,0274-JKUJR,Month-to-month,No,Mailed check
21301,0277-BKSQP,Month-to-month,Yes,Electronic check
21302,0277-ORXQS,Two year,No,Bank transfer (automatic)
21303,0278-YXOOG,Month-to-month,No,Mailed check
21304,0280-XJGEX,Month-to-month,Yes,Bank transfer (automatic)
21305,0281-CNTZX,Two year,Yes,Bank transfer (automatic)
21306,0282-NVSJS,Month-to-month,Yes,Mailed check
21307,0285-INHLN,Month-to-month,Yes,Credit card (automatic)
21308,0289-IVARM,Month-to-month,No,Electronic check
21309,0292-WEGCH,Month-to-month,Yes,Electronic check
21310,0295-PPHDO,Month-to-month,Yes,Electronic check
21311,0295-QVKPB,Month-to-month,Yes,Credit card (automatic)
21312,0297-RBCSG,One year,Yes,Bank transfer (automatic)
21313,0298-XACET,Two year,No,Mailed check
21314,0301-FIDRB,Two year,Yes,Bank transfer (automatic)
21315,0301-KOBTQ,Two year,Yes,Bank transfer (automatic)
21316,0302-JOIVN,Month-to-month,No,Electronic check
21317,0303-UNCIP,One year,No,Mailed check
21318,0303-WMMRN,Month-to-month,Yes,Mailed check
21319,0305-SQECB,One year,Yes,Mailed check
21320,0306-JAELE,Month-to-month,Yes,Electronic check
21321,0307-BCOPK,One year,No,Mailed check
21322,0308-GIQJT,One year,No,Bank transfer (automatic)
21323,0308-IVGOK,One year,Yes,Credit card (automatic)
21324,0310-MVLET,Month-to-month,Yes,Electronic check
21325,0310-SUCIN,One year,Yes,Bank transfer (automatic)
21326,0310-VQXAM,Month-to-month,No,Mailed check
21327,0311-QYWSS,Month-to-month,Yes,Electronic check
21328,0311-UNPFF,Month-to-month,Yes,Bank transfer (automatic)
21329,0314-TKOSI,Month-to-month,No,Mailed check
21330,0315-LVCRK,Month-to-month,No,Electronic check
21331,0318-QUUOB,Month-to-month,Yes,Electronic check
21332,0318-ZOPWS,Two year,Yes,Bank transfer (automatic)
21333,0319-QZTCO,Month-to-month,Yes,Credit card (automatic)
21334,0320-DWVTU,Two year,No,Mailed check
21335,0320-JDNQG,Month-to-month,Yes,Electronic check
21336,0322-CHQRU,Month-to-month,No,Electronic check
21337,0322-YINQP,Month-to-month,Yes,Mailed check
21338,0323-XWWTN,Two year,Yes,Mailed check
21339,0324-BRPCJ,Month-to-month,Yes,Electronic check
21340,0325-XBFAC,Month-to-month,Yes,Electronic check
21341,0326-VDYXE,One year,Yes,Electronic check
21342,0327-WFZSY,One year,No,Electronic check
21343,0328-GRPMV,Month-to-month,Yes,Electronic check
21344,0329-GTIAJ,Month-to-month,Yes,Electronic check
21345,0330-BGYZE,One year,No,Bank transfer (automatic)
21346,0330-IVZHA,Month-to-month,No,Electronic check
21347,0334-GDDSO,Month-to-month,Yes,Electronic check
21348,0334-ZFJSR,One year,Yes,Credit card (automatic)
21349,0336-KXKFK,Two year,Yes,Credit card (automatic)
21350,0336-PIKEI,Two year,No,Bank transfer (automatic)
21351,0337-CNPZE,Month-to-month,Yes,Electronic check
21352,0343-QLUZP,Two year,No,Bank transfer (automatic)
21353,0345-HKJVM,Month-to-month,No,Electronic check
21354,0345-XMMUG,Two year,Yes,Credit card (automatic)
21355,0347-UBKUZ,Month-to-month,No,Mailed check
21356,0348-SDKOL,Month-to-month,Yes,Credit card (automatic)
21357,0354-VXMJC,Two year,No,Credit card (automatic)
21358,0354-WYROK,Month-to-month,Yes,Electronic check
21359,0356-ERHVT,Month-to-month,Yes,Bank transfer (automatic)
21360,0356-OBMAC,Two year,Yes,Bank transfer (automatic)
21361,0357-NVCRI,Month-to-month,No,Credit card (automatic)
21362,0361-HJRDX,Two year,No,Credit card (automatic)
21363,0362-RAOQO,Two year,No,Credit card (automatic)
21364,0362-ZBZWJ,Month-to-month,Yes,Electronic check
21365,0363-QJVFX,Month-to-month,Yes,Credit card (automatic)
21366,0363-SVHYR,Two year,No,Bank transfer (automatic)
21367,0365-BZUWY,Month-to-month,Yes,Electronic check
21368,0365-GXEZS,Month-to-month,No,Electronic check
21369,0365-TRTPY,Month-to-month,No,Bank transfer (automatic)
21370,0366-NQSHS,Month-to-month,No,Mailed check
21371,0369-ZGOVK,One year,Yes,Bank transfer (automatic)
21372,0373-AIVNJ,One year,No,Mailed check
21373,0374-AACSZ,Month-to-month,No,Electronic check
21374,0374-FIUCA,Two year,Yes,Credit card (automatic)
21375,0374-IOEGQ,Month-to-month,No,Electronic check
21376,0375-HVGXO,Month-to-month,Yes,Electronic check
21377,0376-OIWME,Month-to-month,Yes,Electronic check
21378,0376-YMCJC,Month-to-month,Yes,Electronic check
21379,0377-JBKKT,Month-to-month,Yes,Mailed check
21380,0378-CJKPV,Two year,No,Credit card (automatic)
21381,0378-NHQXU,Month-to-month,No,Electronic check
21382,0378-TOVMS,Month-to-month,No,Electronic check
21383,0378-XSZPU,One year,No,Credit card (automatic)
21384,0379-DJQHR,Two year,No,Credit card (automatic)
21385,0380-NEAVX,One year,Yes,Electronic check
21386,0380-ZCSBI,Month-to-month,No,Credit card (automatic)
21387,0383-CLDDA,Two year,Yes,Credit card (automatic)
21388,0384-LPITE,One year,No,Credit card (automatic)
21389,0384-RVBPI,Month-to-month,No,Credit card (automatic)
21390,0386-CWRGM,Two year,No,Mailed check
21391,0388-EOPEX,Month-to-month,Yes,Electronic check
21392,0390-DCFDQ,Month-to-month,Yes,Mailed check
21393,0392-BZIUW,Two year,Yes,Credit card (automatic)
21394,0394-YONDK,Two year,No,Credit card (automatic)
21395,0396-HUJBP,Month-to-month,No,Mailed check
21396,0396-UKGAI,Month-to-month,Yes,Bank transfer (automatic)
21397,0396-YCHWO,Month-to-month,Yes,Electronic check
21398,0397-GZBBC,Month-to-month,Yes,Bank transfer (automatic)
21399,0397-ZXWQF,Two year,No,Bank transfer (automatic)
21400,0401-WDBXM,Two year,Yes,Bank transfer (automatic)
21401,0402-CQAJN,Month-to-month,Yes,Bank transfer (automatic)
21402,0402-OAMEN,Two year,No,Bank transfer (automatic)
21403,0404-AHASP,Two year,No,Credit card (automatic)
21404,0404-SWRVG,Month-to-month,Yes,Electronic check
21405,0406-BPDVR,One year,Yes,Credit card (automatic)
21406,0407-BDJKB,Month-to-month,Yes,Electronic check
21407,0409-WTMPL,One year,Yes,Credit card (automatic)
21408,0410-IPFTY,Month-to-month,Yes,Bank transfer (automatic)
21409,0411-EZJZE,Month-to-month,Yes,Electronic check
21410,0412-UCCNP,Two year,Yes,Electronic check
21411,0415-MOSGF,Month-to-month,No,Mailed check
21412,0419-YAAPX,Month-to-month,Yes,Credit card (automatic)
21413,0420-BWTPW,Month-to-month,No,Mailed check
21414,0420-HLGXF,Month-to-month,Yes,Electronic check
21415,0420-TXVSG,Two year,Yes,Credit card (automatic)
21416,0422-OHQHQ,One year,No,Mailed check
21417,0422-UXFAP,One year,Yes,Electronic check
21418,0423-UDIJQ,Month-to-month,No,Mailed check
21419,0426-TIRNE,Month-to-month,No,Mailed check
21420,0428-AXXLJ,One year,Yes,Bank transfer (automatic)
21421,0428-IKYCP,Month-to-month,Yes,Bank transfer (automatic)
21422,0430-IHCDJ,Month-to-month,Yes,Electronic check
21423,0431-APWVY,One year,Yes,Bank transfer (automatic)
21424,0432-CAJZV,Month-to-month,No,Mailed check
21425,0434-CSFON,Month-to-month,Yes,Electronic check
21426,0436-TWFFZ,Two year,Yes,Mailed check
21427,0439-IFYUN,Month-to-month,Yes,Electronic check
21428,0440-EKDCF,Two year,Yes,Credit card (automatic)
21429,0440-MOGPM,One year,Yes,Electronic check
21430,0440-QEXBZ,Month-to-month,Yes,Mailed check
21431,0440-UEDAI,One year,Yes,Credit card (automatic)
21432,0442-TDYUO,Two year,Yes,Mailed check
21433,0442-ZXKVS,One year,Yes,Bank transfer (automatic)
21434,0447-BEMNG,Month-to-month,Yes,Bank transfer (automatic)
21435,0447-RXSGD,Month-to-month,Yes,Bank transfer (automatic)
21436,0454-OKRCT,Two year,No,Bank transfer (automatic)
21437,0455-ENTCR,Two year,No,Electronic check
21438,0455-XFASS,Month-to-month,Yes,Electronic check
21439,0458-HEUZG,Two year,No,Mailed check
21440,0459-SPZHJ,Two year,No,Credit card (automatic)
21441,0461-CVKMU,Month-to-month,No,Electronic check
21442,0463-TXOAK,Two year,No,Credit card (automatic)
21443,0463-WZZKO,Month-to-month,Yes,Credit card (automatic)
21444,0463-ZSDNT,Month-to-month,Yes,Bank transfer (automatic)
21445,0464-WJTKO,Two year,No,Bank transfer (automatic)
21446,0468-YRPXN,Month-to-month,Yes,Credit card (automatic)
21447,0471-ARVMX,One year,Yes,Electronic check
21448,0471-LVHGK,One year,Yes,Electronic check
21449,0475-RIJEP,Month-to-month,Yes,Electronic check
21450,0479-HMSWA,Two year,Yes,Electronic check
21451,0480-BIXDE,Month-to-month,Yes,Electronic check
21452,0480-KYJVA,Two year,No,Credit card (automatic)
21453,0481-SUMCB,One year,Yes,Bank transfer (automatic)
21454,0484-FFVBJ,One year,Yes,Bank transfer (automatic)
21455,0484-JPBRU,Month-to-month,Yes,Bank transfer (automatic)
21456,0485-ZBSLN,Two year,No,Credit card (automatic)
21457,0486-HECZI,Month-to-month,Yes,Electronic check
21458,0486-LGCCH,Two year,No,Mailed check
21459,0487-CRLZF,Two year,Yes,Bank transfer (automatic)
21460,0487-RPVUM,Month-to-month,No,Bank transfer (automatic)
21461,0487-VVUVK,Month-to-month,Yes,Mailed check
21462,0488-GSLFR,Month-to-month,Yes,Electronic check
21463,0489-WMEMG,One year,Yes,Electronic check
21464,0491-KAPQG,Month-to-month,Yes,Electronic check
21465,0495-RVCBF,Month-to-month,Yes,Electronic check
21466,0495-ZBNGW,Month-to-month,Yes,Bank transfer (automatic)
21467,0496-AHOOK,One year,No,Bank transfer (automatic)
21468,0504-HHAPI,Month-to-month,No,Credit card (automatic)
21469,0505-SPOOW,Two year,No,Bank transfer (automatic)
21470,0506-LVNGN,Month-to-month,Yes,Credit card (automatic)
21471,0506-YLVKJ,Two year,Yes,Mailed check
21472,0508-OOLTO,Month-to-month,Yes,Electronic check
21473,0508-SQWPL,Two year,Yes,Bank transfer (automatic)
21474,0511-JTEOY,Month-to-month,No,Mailed check
21475,0512-FLFDW,One year,Yes,Credit card (automatic)
21476,0513-RBGPE,Two year,Yes,Credit card (automatic)
21477,0515-YPMCW,Month-to-month,Yes,Mailed check
21478,0516-OOHAR,One year,No,Bank transfer (automatic)
21479,0516-QREYC,Month-to-month,Yes,Mailed check
21480,0516-UXRMT,One year,Yes,Electronic check
21481,0516-VRYBW,One year,No,Bank transfer (automatic)
21482,0516-WJVXC,Month-to-month,No,Electronic check
21483,0519-DRGTI,Month-to-month,No,Mailed check
21484,0519-XUZJU,Month-to-month,No,Mailed check
21485,0520-FDVVT,One year,Yes,Bank transfer (automatic)
21486,0523-VNGTF,Month-to-month,Yes,Electronic check
21487,0524-IAVZO,Month-to-month,Yes,Electronic check
21488,0526-SXDJP,Two year,No,Bank transfer (automatic)
21489,0529-ONKER,Month-to-month,No,Electronic check
21490,0530-IJVDB,Two year,Yes,Electronic check
21491,0531-XBKMM,Two year,No,Bank transfer (automatic)
21492,0531-ZZJWQ,Month-to-month,Yes,Electronic check
21493,0533-BNWKF,Month-to-month,Yes,Electronic check
21494,0533-UCAAU,One year,Yes,Credit card (automatic)
21495,0536-ACXIP,Two year,Yes,Electronic check
21496,0536-BGFMZ,Month-to-month,No,Mailed check
21497,0536-ESJEP,Two year,Yes,Bank transfer (automatic)
21498,0537-QYZZN,Month-to-month,Yes,Electronic check
21499,0541-FITGH,Month-to-month,Yes,Mailed check
21500,0547-HURJB,Month-to-month,No,Credit card (automatic)
21501,0549-CYCQN,One year,Yes,Bank transfer (automatic)
21502,0550-DCXLH,Month-to-month,No,Mailed check
21503,0556-FJEGU,Two year,No,Bank transfer (automatic)
21504,0557-ASKVU,One year,Yes,Credit card (automatic)
21505,0559-CKHUS,Two year,Yes,Mailed check
21506,0562-FGDCR,Two year,No,Mailed check
21507,0562-HKHML,Two year,No,Credit card (automatic)
21508,0562-KBDVM,Two year,Yes,Bank transfer (automatic)
21509,0564-JJHGS,Month-to-month,Yes,Electronic check
21510,0564-MUUQK,Month-to-month,Yes,Bank transfer (automatic)
21511,0565-IYCGT,One year,Yes,Credit card (automatic)
21512,0565-JUPYD,One year,No,Credit card (automatic)
21513,0567-GGCAC,Month-to-month,No,Electronic check
21514,0567-XRHCU,Two year,Yes,Credit card (automatic)
21515,0568-ONFPC,Month-to-month,Yes,Bank transfer (automatic)
21516,0570-BFQHT,Month-to-month,No,Electronic check
21517,0572-ZJKLT,Two year,No,Mailed check
21518,0575-CUQOV,One year,Yes,Electronic check
21519,0576-WNXXC,Month-to-month,Yes,Electronic check
21520,0577-WHMEV,Month-to-month,No,Electronic check
21521,0578-SKVMF,Month-to-month,No,Electronic check
21522,0580-PIQHM,One year,Yes,Bank transfer (automatic)
21523,0581-BXBUB,Month-to-month,No,Electronic check
21524,0581-MDMPW,Month-to-month,Yes,Credit card (automatic)
21525,0582-AVCLN,Two year,No,Mailed check
21526,0584-BJQGZ,Month-to-month,Yes,Bank transfer (automatic)
21527,0585-EGDDA,Month-to-month,Yes,Electronic check
21528,0587-DMGBH,Month-to-month,Yes,Electronic check
21529,0594-UFTUL,Month-to-month,Yes,Mailed check
21530,0595-ITUDF,Month-to-month,Yes,Electronic check
21531,0596-BQCEQ,Month-to-month,Yes,Electronic check
21532,0599-XNYDO,Month-to-month,Yes,Bank transfer (automatic)
21533,0601-WZHJF,Month-to-month,No,Electronic check
21534,0602-DDUML,Two year,No,Mailed check
21535,0603-OLQDC,Month-to-month,Yes,Mailed check
21536,0603-TPMIB,Two year,No,Mailed check
21537,0604-THJFP,Two year,Yes,Credit card (automatic)
21538,0607-DAAHE,Two year,No,Bank transfer (automatic)
21539,0607-MVMGC,One year,No,Credit card (automatic)
21540,0608-JDVEC,Two year,No,Electronic check
21541,0611-DFXKO,Month-to-month,Yes,Mailed check
21542,0612-RTZZA,Month-to-month,No,Electronic check
21543,0613-WUXUM,Two year,Yes,Mailed check
21544,0616-ATFGB,Month-to-month,No,Electronic check
21545,0617-AQNWT,Two year,No,Electronic check
21546,0617-FHSGK,Month-to-month,No,Credit card (automatic)
21547,0618-XWMSS,Month-to-month,Yes,Bank transfer (automatic)
21548,0619-OLYUR,Two year,Yes,Credit card (automatic)
21549,0620-DLSLK,Month-to-month,Yes,Mailed check
21550,0620-XEFWH,Month-to-month,No,Mailed check
21551,0621-CXBKL,Two year,No,Mailed check
21552,0621-HJWXJ,Month-to-month,Yes,Bank transfer (automatic)
21553,0621-JFHOL,Two year,Yes,Mailed check
21554,0621-TSSMU,One year,No,Credit card (automatic)
21555,0621-TWIEM,Month-to-month,Yes,Electronic check
21556,0623-EJQEG,One year,No,Electronic check
21557,0623-GDISB,Month-to-month,Yes,Bank transfer (automatic)
21558,0623-IIHUG,Month-to-month,Yes,Electronic check
21559,0625-AFOHS,Two year,No,Mailed check
21560,0626-QXNGV,Two year,Yes,Credit card (automatic)
21561,0628-CNQRM,One year,Yes,Bank transfer (automatic)
21562,0634-SZPQA,Month-to-month,Yes,Bank transfer (automatic)
21563,0635-WKOLD,One year,No,Credit card (automatic)
21564,0637-KVDLV,Month-to-month,Yes,Electronic check
21565,0637-UBJRP,Month-to-month,No,Electronic check
21566,0637-YLETY,Month-to-month,Yes,Credit card (automatic)
21567,0639-TSIQW,Month-to-month,Yes,Credit card (automatic)
21568,0640-YJTPY,Two year,No,Bank transfer (automatic)
21569,0641-EVBOJ,Month-to-month,Yes,Mailed check
21570,0643-OKLRP,Month-to-month,No,Electronic check
21571,0644-OQMDK,Month-to-month,Yes,Electronic check
21572,0650-BWOZN,Month-to-month,Yes,Electronic check
21573,0654-HMSHN,Month-to-month,No,Electronic check
21574,0654-PQKDW,One year,Yes,Bank transfer (automatic)
21575,0655-RBDUG,Month-to-month,Yes,Bank transfer (automatic)
21576,0655-YDGFJ,Month-to-month,No,Bank transfer (automatic)
21577,0657-DOGUM,One year,Yes,Bank transfer (automatic)
21578,0661-KBKPA,One year,Yes,Mailed check
21579,0661-KQHNK,One year,No,Credit card (automatic)
21580,0661-WCQNQ,One year,Yes,Credit card (automatic)
21581,0661-XEYAN,Month-to-month,Yes,Mailed check
21582,0665-XHDJU,Two year,Yes,Electronic check
21583,0666-UXTJO,Month-to-month,Yes,Credit card (automatic)
21584,0667-NSRGI,One year,Yes,Mailed check
21585,0668-OGMHD,Month-to-month,No,Electronic check
21586,0670-ANMUU,One year,No,Credit card (automatic)
21587,0670-KDOMA,Month-to-month,Yes,Mailed check
21588,0673-IGUQO,Month-to-month,No,Mailed check
21589,0674-DGMAQ,Month-to-month,Yes,Electronic check
21590,0674-EYYZV,Month-to-month,Yes,Electronic check
21591,0674-GCDXG,Two year,Yes,Bank transfer (automatic)
21592,0675-NCDYU,Two year,Yes,Credit card (automatic)
21593,0678-RLHVP,Two year,No,Electronic check
21594,0679-IDSTG,Month-to-month,Yes,Electronic check
21595,0679-TDGAK,One year,No,Electronic check
21596,0680-DFNNY,Month-to-month,Yes,Electronic check
21597,0682-USIXD,Month-to-month,Yes,Electronic check
21598,0684-AOSIH,Month-to-month,Yes,Electronic check
21599,0685-MLYYM,Month-to-month,No,Electronic check
21600,0687-ZVTHB,One year,No,Credit card (automatic)
21601,0689-DSXGL,Month-to-month,No,Bank transfer (automatic)
21602,0689-NKYLF,Month-to-month,Yes,Electronic check
21603,0690-SRQID,Month-to-month,Yes,Mailed check
21604,0691-IFBQW,One year,Yes,Electronic check
21605,0691-JVSYA,One year,Yes,Bank transfer (automatic)
21606,0691-NIKRI,One year,Yes,Credit card (automatic)
21607,0696-UKTOX,Month-to-month,No,Electronic check
21608,0697-ZMSWS,Month-to-month,Yes,Electronic check
21609,0699-NDKJM,Month-to-month,Yes,Bank transfer (automatic)
21610,0701-RFGFI,Month-to-month,Yes,Bank transfer (automatic)
21611,0701-TJSEF,Month-to-month,Yes,Bank transfer (automatic)
21612,0702-PGIBZ,Month-to-month,Yes,Electronic check
21613,0704-VCUMB,Two year,No,Credit card (automatic)
21614,0707-HOVVN,Two year,Yes,Bank transfer (automatic)
21615,0708-LGSMF,Month-to-month,Yes,Electronic check
21616,0708-SJDIS,Month-to-month,No,Mailed check
21617,0709-TVGUR,Month-to-month,Yes,Electronic check
21618,0716-BQNDX,Two year,No,Electronic check
21619,0719-SYFRB,Month-to-month,Yes,Mailed check
21620,0722-SVSFK,Month-to-month,Yes,Electronic check
21621,0722-TROQR,Month-to-month,Yes,Electronic check
21622,0723-DRCLG,Month-to-month,Yes,Electronic check
21623,0723-FDLAY,One year,Yes,Bank transfer (automatic)
21624,0723-VSOBE,One year,No,Electronic check
21625,0725-CXOTM,One year,Yes,Credit card (automatic)
21626,0727-BMPLR,One year,Yes,Electronic check
21627,0727-BNRLG,Two year,Yes,Credit card (automatic)
21628,0727-IWKVK,Month-to-month,Yes,Electronic check
21629,0730-BGQGF,Two year,No,Credit card (automatic)
21630,0730-KOAVE,Month-to-month,Yes,Credit card (automatic)
21631,0731-EBJQB,One year,Yes,Electronic check
21632,0732-OCQOC,Two year,Yes,Bank transfer (automatic)
21633,0733-VUNUW,Month-to-month,Yes,Bank transfer (automatic)
21634,0734-OXWBT,Month-to-month,No,Mailed check
21635,0739-UUAJR,Two year,Yes,Credit card (automatic)
21636,0742-LAFQK,Two year,Yes,Electronic check
21637,0742-MOABM,Month-to-month,No,Mailed check
21638,0742-NXBGR,Month-to-month,Yes,Electronic check
21639,0743-HNPFG,One year,Yes,Credit card (automatic)
21640,0743-HRVFF,One year,Yes,Electronic check
21641,0744-BIKKF,Two year,No,Bank transfer (automatic)
21642,0744-GKNGE,Month-to-month,Yes,Bank transfer (automatic)
21643,0746-JTRFU,Month-to-month,Yes,Electronic check
21644,0748-RDGGM,One year,Yes,Bank transfer (automatic)
21645,0749-IRGQE,Month-to-month,No,Electronic check
21646,0750-EBAIU,One year,No,Electronic check
21647,0750-EKNGL,Month-to-month,No,Mailed check
21648,0754-EEBDC,Two year,No,Mailed check
21649,0754-UKWQP,Month-to-month,Yes,Electronic check
21650,0756-MPZRL,One year,No,Credit card (automatic)
21651,0757-WCUUZ,Two year,No,Credit card (automatic)
21652,0761-AETCS,Month-to-month,No,Electronic check
21653,0769-MURVM,Two year,No,Bank transfer (automatic)
21654,0771-CHWSK,Two year,Yes,Credit card (automatic)
21655,0771-WLCLA,Month-to-month,Yes,Electronic check
21656,0772-GYEQQ,Month-to-month,Yes,Mailed check
21657,0774-IFUVM,Month-to-month,Yes,Bank transfer (automatic)
21658,0774-RMNUW,Two year,No,Bank transfer (automatic)
21659,0778-NELLA,Month-to-month,Yes,Credit card (automatic)
21660,0780-XNZFN,Two year,No,Bank transfer (automatic)
21661,0781-LKXBR,Month-to-month,Yes,Electronic check
21662,0784-GTUUK,One year,Yes,Credit card (automatic)
21663,0784-ZQJZX,Two year,No,Credit card (automatic)
21664,0786-IVLAW,One year,No,Bank transfer (automatic)
21665,0786-VSSUD,Month-to-month,Yes,Mailed check
21666,0787-LHDYT,Month-to-month,Yes,Credit card (automatic)
21667,0788-DXBFY,One year,Yes,Electronic check
21668,0793-TWELN,Month-to-month,Yes,Electronic check
21669,0794-YVSGE,Two year,No,Bank transfer (automatic)
21670,0795-GMVQO,One year,No,Credit card (automatic)
21671,0795-LAFGP,Two year,No,Electronic check
21672,0795-XCCTE,Two year,No,Bank transfer (automatic)
21673,0799-DDIHE,Month-to-month,No,Electronic check
21674,0804-XBFBV,Month-to-month,No,Electronic check
21675,0804-YGEQV,One year,Yes,Bank transfer (automatic)
21676,0807-ZABDG,Month-to-month,Yes,Mailed check
21677,0810-BDHAW,One year,No,Electronic check
21678,0810-DHDBD,One year,No,Credit card (automatic)
21679,0811-GSDTP,Month-to-month,No,Electronic check
21680,0812-WUPTB,Month-to-month,No,Mailed check
21681,0813-TAXXS,Two year,Yes,Bank transfer (automatic)
21682,0815-MFZGM,Two year,Yes,Credit card (automatic)
21683,0816-TSPHQ,Month-to-month,No,Mailed check
21684,0817-HSUSE,Month-to-month,Yes,Electronic check
21685,0818-OCPZO,Month-to-month,Yes,Electronic check
21686,0820-FNRNX,Month-to-month,Yes,Mailed check
21687,0822-GAVAP,Month-to-month,Yes,Electronic check
21688,0822-QGCXA,Month-to-month,No,Electronic check
21689,0823-HSCDJ,Month-to-month,Yes,Electronic check
21690,0824-VWDPO,One year,No,Bank transfer (automatic)
21691,0825-CPPQH,Two year,No,Credit card (automatic)
21692,0827-ITJPH,Two year,Yes,Credit card (automatic)
21693,0829-DDVLK,One year,No,Credit card (automatic)
21694,0829-XXPLX,Month-to-month,Yes,Bank transfer (automatic)
21695,0831-JNISG,Two year,No,Mailed check
21696,0835-DUUIQ,One year,No,Bank transfer (automatic)
21697,0835-JKADZ,Two year,Yes,Electronic check
21698,0836-SEYLU,Month-to-month,No,Mailed check
21699,0839-JTCUD,Two year,No,Credit card (automatic)
21700,0839-QNXME,Two year,No,Credit card (automatic)
21701,0840-DCNZE,One year,Yes,Bank transfer (automatic)
21702,0840-DFEZH,Month-to-month,Yes,Electronic check
21703,0841-NULXI,Month-to-month,Yes,Electronic check
21704,0842-IWYCP,Month-to-month,No,Bank transfer (automatic)
21705,0843-WTBXE,Month-to-month,No,Bank transfer (automatic)
21706,0847-HGRML,Two year,No,Bank transfer (automatic)
21707,0848-SOMKO,Two year,No,Bank transfer (automatic)
21708,0848-ZGQIJ,Month-to-month,Yes,Bank transfer (automatic)
21709,0851-DFJKB,Month-to-month,No,Electronic check
21710,0853-NWIFK,One year,Yes,Electronic check
21711,0853-TWRVK,Two year,No,Bank transfer (automatic)
21712,0854-UYHZD,Two year,No,Mailed check
21713,0856-NAOES,Month-to-month,No,Mailed check
21714,0859-YGKFW,One year,No,Bank transfer (automatic)
21715,0862-PRCBS,Two year,Yes,Credit card (automatic)
21716,0864-FVJNJ,One year,No,Electronic check
21717,0866-QLSIR,One year,Yes,Mailed check
21718,0867-LDTTC,Month-to-month,No,Bank transfer (automatic)
21719,0867-MKZVY,Month-to-month,No,Electronic check
21720,0868-VJRDR,Two year,Yes,Credit card (automatic)
21721,0869-PAPRP,Month-to-month,Yes,Credit card (automatic)
21722,0870-VEMYL,Month-to-month,No,Credit card (automatic)
21723,0871-OPBXW,Month-to-month,Yes,Mailed check
21724,0871-URUWO,Month-to-month,Yes,Credit card (automatic)
21725,0872-CASZJ,One year,Yes,Mailed check
21726,0872-JCPIB,Month-to-month,No,Bank transfer (automatic)
21727,0872-NXJYS,Month-to-month,Yes,Electronic check
21728,0875-CABNR,Month-to-month,Yes,Credit card (automatic)
21729,0876-WDUUZ,Month-to-month,Yes,Credit card (automatic)
21730,0877-SDMBN,One year,Yes,Bank transfer (automatic)
21731,0880-FVFWF,Month-to-month,Yes,Electronic check
21732,0880-TKATG,Month-to-month,No,Electronic check
21733,0883-EIBTI,Month-to-month,No,Mailed check
21734,0885-HMGPY,Two year,No,Bank transfer (automatic)
21735,0886-QGENL,Month-to-month,Yes,Electronic check
21736,0887-HJGAR,Month-to-month,Yes,Mailed check
21737,0887-WBJVH,One year,Yes,Electronic check
21738,0895-DQHEW,Month-to-month,Yes,Electronic check
21739,0895-LMRSF,One year,Yes,Bank transfer (automatic)
21740,0895-LNKRC,One year,No,Mailed check
21741,0895-UADGO,Two year,Yes,Mailed check
21742,0897-FEGMU,Month-to-month,Yes,Electronic check
21743,0898-XCGTF,One year,Yes,Bank transfer (automatic)
21744,0899-LIIBW,Month-to-month,No,Electronic check
21745,0899-WZRSD,Month-to-month,Yes,Mailed check
21746,0902-RFHOF,One year,No,Mailed check
21747,0902-XKXPN,Two year,No,Bank transfer (automatic)
21748,0906-QVPMS,Two year,No,Bank transfer (automatic)
21749,0907-HQNTS,Two year,Yes,Credit card (automatic)
21750,0909-SDHNU,Month-to-month,No,Mailed check
21751,0909-SELIE,Two year,Yes,Bank transfer (automatic)
21752,0913-XWSCN,Month-to-month,No,Bank transfer (automatic)
21753,0916-KNFAJ,Two year,Yes,Mailed check
21754,0916-QOFDP,Month-to-month,Yes,Electronic check
21755,0917-EZOLA,Two year,Yes,Bank transfer (automatic)
21756,0921-OHLVP,Month-to-month,No,Electronic check
21757,0923-PNFUB,Month-to-month,No,Electronic check
21758,0924-BJCRC,Month-to-month,No,Electronic check
21759,0925-VYDLG,Month-to-month,No,Electronic check
21760,0927-CNGRH,Month-to-month,No,Mailed check
21761,0927-LCSMG,Month-to-month,No,Mailed check
21762,0928-JMXNP,Month-to-month,Yes,Electronic check
21763,0928-XUTSN,Month-to-month,Yes,Electronic check
21764,0929-HYQEW,Month-to-month,Yes,Mailed check
21765,0929-PECLO,Month-to-month,Yes,Bank transfer (automatic)
21766,0930-EHUZA,One year,Yes,Mailed check
21767,0931-MHTEM,One year,Yes,Credit card (automatic)
21768,0932-YIXYU,Two year,No,Credit card (automatic)
21769,0936-NQLJU,Two year,No,Credit card (automatic)
21770,0939-EREMR,Month-to-month,No,Mailed check
21771,0939-YAPAF,Month-to-month,Yes,Electronic check
21772,0940-OUQEC,Month-to-month,Yes,Bank transfer (automatic)
21773,0942-KOWSM,Two year,No,Bank transfer (automatic)
21774,0943-ZQPXH,Month-to-month,Yes,Bank transfer (automatic)
21775,0945-TSONX,Two year,Yes,Credit card (automatic)
21776,0946-CLJTI,Month-to-month,Yes,Electronic check
21777,0946-FKYTX,One year,No,Mailed check
21778,0947-IDHRQ,Month-to-month,Yes,Mailed check
21779,0947-MUGVO,Month-to-month,Yes,Electronic check
21780,0952-KMEEH,Month-to-month,No,Mailed check
21781,0953-LGOVU,Month-to-month,No,Mailed check
21782,0956-ACVZC,One year,Yes,Credit card (automatic)
21783,0956-SYCWG,One year,No,Electronic check
21784,0958-YHXGP,Month-to-month,Yes,Mailed check
21785,0959-WHOKV,One year,Yes,Electronic check
21786,0960-HUWBM,Two year,Yes,Bank transfer (automatic)
21787,0961-ZWLVI,One year,Yes,Credit card (automatic)
21788,0962-CQPWQ,Two year,No,Bank transfer (automatic)
21789,0963-ZBDRN,Month-to-month,Yes,Electronic check
21790,0967-BMLBD,One year,Yes,Mailed check
21791,0968-GSIKN,Month-to-month,Yes,Mailed check
21792,0969-RGKCU,One year,No,Credit card (automatic)
21793,0970-ETWGE,Month-to-month,Yes,Electronic check
21794,0970-QXPXW,Month-to-month,No,Mailed check
21795,0971-QIFJK,Two year,No,Bank transfer (automatic)
21796,0973-KYVNF,Two year,Yes,Credit card (automatic)
21797,0975-UYDTX,One year,Yes,Credit card (automatic)
21798,0975-VOOVL,Month-to-month,No,Mailed check
21799,0979-MOZQI,Two year,Yes,Bank transfer (automatic)
21800,0979-PHULV,Month-to-month,Yes,Credit card (automatic)
21801,0980-FEXWF,One year,No,Mailed check
21802,0980-PVMRC,Month-to-month,Yes,Electronic check
21803,0983-TATYJ,One year,Yes,Mailed check
21804,0988-AADSA,Two year,No,Bank transfer (automatic)
21805,0988-JRWWP,Month-to-month,Yes,Electronic check
21806,0991-BRRFB,Month-to-month,No,Electronic check
21807,0993-OSGPT,One year,Yes,Bank transfer (automatic)
21808,0997-YTLNY,Month-to-month,No,Mailed check
21809,0999-QXNSA,Month-to-month,Yes,Mailed check
21810,1000-AJSLD,Month-to-month,Yes,Mailed check
21811,1004-NOZNR,One year,No,Credit card (automatic)
21812,1009-IRMNA,Month-to-month,No,Bank transfer (automatic)
21813,1010-DIAUQ,Month-to-month,No,Bank transfer (automatic)
21814,1013-QCWAM,Month-to-month,Yes,Electronic check
21815,1015-JPFYW,One year,No,Mailed check
21816,1015-OWJKI,Month-to-month,No,Mailed check
21817,1016-DJTSV,Month-to-month,Yes,Electronic check
21818,1017-FBQMM,One year,Yes,Credit card (automatic)
21819,1020-JPQOW,Month-to-month,No,Electronic check
21820,1022-RKXDR,One year,Yes,Mailed check
21821,1023-BQXZE,Two year,Yes,Bank transfer (automatic)
21822,1024-GUALD,Month-to-month,Yes,Electronic check
21823,1024-KPRBB,One year,Yes,Mailed check
21824,1024-VRZHF,Month-to-month,Yes,Electronic check
21825,1025-FALIX,Month-to-month,Yes,Credit card (automatic)
21826,1027-LKKQQ,Two year,Yes,Bank transfer (automatic)
21827,1028-FFNJK,Month-to-month,Yes,Electronic check
21828,1029-QFBEN,Month-to-month,No,Mailed check
21829,1031-IIDEO,Month-to-month,Yes,Electronic check
21830,1032-MAELW,One year,Yes,Electronic check
21831,1035-IPQPU,Month-to-month,Yes,Electronic check
21832,1036-GUDCL,Month-to-month,Yes,Credit card (automatic)
21833,1038-RQOST,Month-to-month,No,Mailed check
21834,1038-ZAGBI,One year,No,Bank transfer (automatic)
21835,1041-RXHRA,Month-to-month,No,Bank transfer (automatic)
21836,1042-HFUCW,One year,Yes,Credit card (automatic)
21837,1043-UXOVO,Two year,Yes,Credit card (automatic)
21838,1043-YCUTE,Two year,Yes,Credit card (automatic)
21839,1045-LTCYT,Month-to-month,No,Credit card (automatic)
21840,1047-NNCBF,Month-to-month,No,Credit card (automatic)
21841,1047-RNXZV,Two year,No,Mailed check
21842,1049-FYSYG,Month-to-month,Yes,Credit card (automatic)
21843,1051-EQPZR,Month-to-month,No,Mailed check
21844,1051-GEJLJ,Month-to-month,No,Mailed check
21845,1052-QJIBV,Two year,No,Credit card (automatic)
21846,1053-MXTTK,Two year,Yes,Bank transfer (automatic)
21847,1057-FOGLZ,Month-to-month,No,Mailed check
21848,1060-ENTOF,One year,Yes,Credit card (automatic)
21849,1061-PNTHC,Month-to-month,Yes,Mailed check
21850,1062-LHZOD,Month-to-month,Yes,Mailed check
21851,1063-DHQJF,Two year,Yes,Mailed check
21852,1064-FBXNK,One year,No,Credit card (automatic)
21853,1066-JKSGK,Month-to-month,No,Mailed check
21854,1069-QJOEE,One year,No,Electronic check
21855,1069-XAIEM,Month-to-month,Yes,Electronic check
21856,1073-XXCZD,Two year,No,Bank transfer (automatic)
21857,1074-AMIOH,Month-to-month,Yes,Bank transfer (automatic)
21858,1074-WVEVG,One year,No,Mailed check
21859,1075-BGWOH,Month-to-month,Yes,Electronic check
21860,1077-HUUJM,Month-to-month,Yes,Electronic check
21861,1078-TDCRN,Month-to-month,Yes,Electronic check
21862,1080-BWSYE,Two year,No,Credit card (automatic)
21863,1084-MNSMJ,Two year,No,Credit card (automatic)
21864,1084-UQCHV,Month-to-month,No,Bank transfer (automatic)
21865,1085-LDWAM,One year,Yes,Credit card (automatic)
21866,1086-LXKFY,Month-to-month,Yes,Mailed check
21867,1087-GRUYI,Two year,No,Bank transfer (automatic)
21868,1087-UDSIH,Month-to-month,Yes,Mailed check
21869,1088-AUUZZ,Two year,Yes,Credit card (automatic)
21870,1088-CNNKB,One year,No,Credit card (automatic)
21871,1089-HDMKP,Month-to-month,Yes,Electronic check
21872,1089-XZWHH,Two year,Yes,Mailed check
21873,1090-ESELR,Two year,No,Bank transfer (automatic)
21874,1090-PYKCI,One year,Yes,Credit card (automatic)
21875,1091-SOZGA,One year,Yes,Credit card (automatic)
21876,1092-GANHU,Month-to-month,Yes,Electronic check
21877,1092-WPIVQ,Two year,No,Mailed check
21878,1093-YSWCA,Two year,No,Credit card (automatic)
21879,1094-BKOSX,One year,No,Bank transfer (automatic)
21880,1095-JUDTC,Month-to-month,Yes,Electronic check
21881,1095-WGNGG,Two year,Yes,Bank transfer (automatic)
21882,1096-ADRUX,One year,Yes,Bank transfer (automatic)
21883,1097-FSPVW,Month-to-month,No,Credit card (automatic)
21884,1098-KFQEC,Two year,No,Credit card (automatic)
21885,1098-TDVUQ,Month-to-month,Yes,Bank transfer (automatic)
21886,1099-BTKWT,One year,Yes,Electronic check
21887,1099-GODLO,Two year,No,Mailed check
21888,1100-DDVRV,Month-to-month,Yes,Mailed check
21889,1101-SSWAG,Month-to-month,Yes,Electronic check
21890,1104-FEJAM,Month-to-month,No,Electronic check
21891,1104-TNLZA,Month-to-month,Yes,Electronic check
21892,1106-HRLKZ,Two year,No,Mailed check
21893,1110-KYLGQ,Month-to-month,No,Credit card (automatic)
21894,1112-CUNAO,Month-to-month,No,Electronic check
21895,1113-IUJYX,One year,No,Mailed check
21896,1114-CENIM,Month-to-month,Yes,Credit card (automatic)
21897,1116-DXXDF,Two year,Yes,Electronic check
21898,1116-FRYVH,Two year,No,Mailed check
21899,1120-BMWUB,Month-to-month,Yes,Mailed check
21900,1121-QSIVB,One year,Yes,Mailed check
21901,1122-JWTJW,Month-to-month,Yes,Mailed check
21902,1122-YJBCS,One year,Yes,Credit card (automatic)
21903,1125-SNVCK,Month-to-month,No,Mailed check
21904,1131-ALZWV,One year,No,Bank transfer (automatic)
21905,1131-QQZEB,Two year,No,Bank transfer (automatic)
21906,1131-SUEKT,One year,Yes,Bank transfer (automatic)
21907,1133-KXCGE,One year,No,Mailed check
21908,1134-YWTYF,Month-to-month,Yes,Electronic check
21909,1135-HIORI,One year,Yes,Electronic check
21910,1135-LMECX,Month-to-month,No,Mailed check
21911,1136-XGEQU,One year,Yes,Credit card (automatic)
21912,1137-DGOWI,One year,No,Bank transfer (automatic)
21913,1139-WUOAH,Two year,No,Credit card (automatic)
21914,1140-UKVZG,Month-to-month,No,Mailed check
21915,1142-IHLOO,One year,No,Credit card (automatic)
21916,1142-WACZW,Month-to-month,No,Bank transfer (automatic)
21917,1143-NMNQJ,Month-to-month,Yes,Electronic check
21918,1150-FTQGN,One year,No,Bank transfer (automatic)
21919,1150-WFARN,Two year,Yes,Credit card (automatic)
21920,1153-GNOLC,One year,Yes,Electronic check
21921,1154-HYWWO,One year,No,Mailed check
21922,1156-ZFYDO,Month-to-month,No,Electronic check
21923,1157-BQCUW,Month-to-month,Yes,Electronic check
21924,1159-WFSGR,Month-to-month,No,Electronic check
21925,1162-ECVII,Two year,Yes,Bank transfer (automatic)
21926,1163-ONYEY,Month-to-month,Yes,Credit card (automatic)
21927,1163-VIPRI,Two year,No,Electronic check
21928,1166-PQLGG,Two year,No,Bank transfer (automatic)
21929,1167-OYZJF,Two year,Yes,Bank transfer (automatic)
21930,1169-SAOCL,One year,Yes,Bank transfer (automatic)
21931,1169-WCVAK,Month-to-month,Yes,Credit card (automatic)
21932,1170-SASML,Month-to-month,Yes,Bank transfer (automatic)
21933,1171-TYKUR,Month-to-month,No,Electronic check
21934,1172-VIYBP,Two year,No,Bank transfer (automatic)
21935,1173-NOEYG,Month-to-month,No,Bank transfer (automatic)
21936,1173-XZPYF,Month-to-month,Yes,Electronic check
21937,1174-FGIFN,One year,Yes,Electronic check
21938,1177-XZBJL,One year,No,Bank transfer (automatic)
21939,1178-PZGAB,One year,No,Credit card (automatic)
21940,1179-INLAT,One year,Yes,Mailed check
21941,1183-CANVH,One year,No,Bank transfer (automatic)
21942,1184-PJVDB,Month-to-month,Yes,Electronic check
21943,1187-WILMM,Two year,Yes,Credit card (automatic)
21944,1193-RTSLK,Month-to-month,Yes,Credit card (automatic)
21945,1194-BHJYC,Two year,Yes,Mailed check
21946,1194-HVAIF,Month-to-month,No,Credit card (automatic)
21947,1194-SPVSP,Month-to-month,No,Bank transfer (automatic)
21948,1195-OIYEJ,Month-to-month,Yes,Electronic check
21949,1196-AMORA,Month-to-month,No,Electronic check
21950,1197-BVMVG,Month-to-month,Yes,Electronic check
21951,1200-TUZHR,Month-to-month,No,Electronic check
21952,1202-KKGFU,Month-to-month,No,Bank transfer (automatic)
21953,1205-WNWPJ,Month-to-month,Yes,Mailed check
21954,1206-EHBDD,Two year,No,Bank transfer (automatic)
21955,1207-BLKSA,Two year,No,Mailed check
21956,1208-DNHLN,One year,Yes,Credit card (automatic)
21957,1208-NBVFH,Month-to-month,Yes,Electronic check
21958,1209-VFFOC,Two year,Yes,Mailed check
21959,1212-GLHMD,Month-to-month,Yes,Mailed check
21960,1213-NGCUN,Month-to-month,Yes,Bank transfer (automatic)
21961,1215-EXRMO,Two year,No,Mailed check
21962,1215-FIGMP,Month-to-month,Yes,Bank transfer (automatic)
21963,1215-VFYVK,Month-to-month,No,Mailed check
21964,1216-BGTSP,Month-to-month,Yes,Credit card (automatic)
21965,1216-JWVUX,Month-to-month,Yes,Electronic check
21966,1217-VASWC,One year,Yes,Bank transfer (automatic)
21967,1218-VKFPE,Month-to-month,No,Mailed check
21968,1219-NNDDO,Month-to-month,Yes,Electronic check
21969,1221-GHZEP,Two year,Yes,Mailed check
21970,1222-KJNZD,Month-to-month,Yes,Bank transfer (automatic)
21971,1222-LRYKO,Month-to-month,No,Mailed check
21972,1223-UNPKS,Two year,No,Mailed check
21973,1226-IENZN,Month-to-month,Yes,Electronic check
21974,1226-JZNKR,One year,No,Electronic check
21975,1226-UDFZR,Month-to-month,Yes,Mailed check
21976,1227-UDMZR,Two year,Yes,Bank transfer (automatic)
21977,1228-FZFRV,Month-to-month,No,Credit card (automatic)
21978,1228-ZLNBX,Month-to-month,No,Mailed check
21979,1229-RCALF,One year,Yes,Electronic check
21980,1230-QAJDW,Month-to-month,Yes,Mailed check
21981,1231-YNDEK,Two year,Yes,Bank transfer (automatic)
21982,1236-WFCDV,Month-to-month,No,Credit card (automatic)
21983,1237-WIYYZ,Month-to-month,Yes,Mailed check
21984,1240-HCBOH,Two year,Yes,Mailed check
21985,1240-KNSEZ,Month-to-month,Yes,Mailed check
21986,1241-EZFMJ,Two year,No,Bank transfer (automatic)
21987,1241-FPMOF,Two year,No,Mailed check
21988,1245-HARPS,Two year,No,Mailed check
21989,1247-QBVSH,Month-to-month,No,Mailed check
21990,1248-DYXUB,Two year,No,Mailed check
21991,1251-KRREG,Month-to-month,Yes,Mailed check
21992,1251-STYSZ,Month-to-month,Yes,Electronic check
21993,1254-IZEYF,Month-to-month,Yes,Electronic check
21994,1257-SXUXQ,Month-to-month,No,Mailed check
21995,1258-YMZNM,One year,Yes,Bank transfer (automatic)
21996,1260-TTRXI,Month-to-month,No,Electronic check
21997,1261-FWTTE,Month-to-month,Yes,Bank transfer (automatic)
21998,1262-OPMFY,Month-to-month,Yes,Bank transfer (automatic)
21999,1264-BYWMS,Month-to-month,Yes,Electronic check
22000,1264-FUHCX,One year,Yes,Credit card (automatic)
22001,1265-BCFEO,Two year,Yes,Bank transfer (automatic)
22002,1265-HVPZB,One year,No,Credit card (automatic)
22003,1265-XTECC,One year,Yes,Credit card (automatic)
22004,1265-ZFOSD,Two year,Yes,Mailed check
22005,1266-NZYUI,Two year,No,Bank transfer (automatic)
22006,1268-ASBGA,Month-to-month,Yes,Credit card (automatic)
22007,1269-FOYWN,One year,No,Bank transfer (automatic)
22008,1270-XKUCC,Two year,No,Mailed check
22009,1271-SJBGZ,Month-to-month,Yes,Electronic check
22010,1271-UODNO,Two year,Yes,Credit card (automatic)
22011,1272-ILHFG,One year,No,Mailed check
22012,1273-MTETI,Month-to-month,Yes,Electronic check
22013,1282-IHQAC,One year,Yes,Credit card (automatic)
22014,1285-OKIPP,Month-to-month,No,Electronic check
22015,1291-CUOCY,Two year,Yes,Credit card (automatic)
22016,1293-BSEUN,Two year,Yes,Mailed check
22017,1293-HHSHJ,One year,No,Mailed check
22018,1297-VQDRP,One year,Yes,Credit card (automatic)
22019,1298-PHBTI,Two year,Yes,Electronic check
22020,1299-AURJA,Two year,No,Bank transfer (automatic)
22021,1301-LOPVR,One year,Yes,Credit card (automatic)
22022,1302-TPUBN,Two year,No,Bank transfer (automatic)
22023,1302-UHBDD,Month-to-month,No,Electronic check
22024,1303-SRDOK,Two year,Yes,Credit card (automatic)
22025,1304-BCCFO,Month-to-month,Yes,Mailed check
22026,1304-NECVQ,Month-to-month,Yes,Electronic check
22027,1304-SEGFY,Two year,Yes,Electronic check
22028,1306-RPWXZ,Two year,No,Credit card (automatic)
22029,1307-ATKGB,Month-to-month,Yes,Electronic check
22030,1307-TVUFB,Month-to-month,Yes,Bank transfer (automatic)
22031,1309-BXVOQ,Month-to-month,Yes,Electronic check
22032,1309-XGFSN,One year,Yes,Electronic check
22033,1310-QRITU,Month-to-month,Yes,Electronic check
22034,1319-YLZJG,Month-to-month,Yes,Electronic check
22035,1320-GVNHT,Two year,Yes,Credit card (automatic)
22036,1320-HTRDR,Month-to-month,Yes,Electronic check
22037,1320-REHCS,Month-to-month,Yes,Electronic check
22038,1322-AGOQM,Month-to-month,No,Bank transfer (automatic)
22039,1323-OOEPC,Month-to-month,Yes,Credit card (automatic)
22040,1324-NLTJE,Month-to-month,No,Credit card (automatic)
22041,1325-USMEC,Two year,Yes,Credit card (automatic)
22042,1328-EUZHC,Two year,No,Mailed check
22043,1329-VHWNP,Month-to-month,No,Bank transfer (automatic)
22044,1333-PBMXB,One year,Yes,Bank transfer (automatic)
22045,1334-FJSVR,Month-to-month,Yes,Electronic check
22046,1334-PDUKM,One year,No,Credit card (automatic)
22047,1335-HQMKX,One year,Yes,Electronic check
22048,1335-MXCSE,Two year,Yes,Credit card (automatic)
22049,1335-NTIUC,Month-to-month,Yes,Electronic check
22050,1336-EZFZY,Month-to-month,No,Mailed check
22051,1337-BOZWO,One year,No,Credit card (automatic)
22052,1338-CECEE,One year,No,Bank transfer (automatic)
22053,1342-JPNKI,Month-to-month,Yes,Bank transfer (automatic)
22054,1343-EHPYB,Month-to-month,Yes,Electronic check
22055,1345-GKDZZ,Month-to-month,No,Mailed check
22056,1345-ZUKID,One year,No,Mailed check
22057,1346-PJWTK,Month-to-month,No,Credit card (automatic)
22058,1346-UFHAX,Month-to-month,Yes,Credit card (automatic)
22059,1347-KTTTA,One year,Yes,Credit card (automatic)
22060,1349-WXNGG,Month-to-month,No,Bank transfer (automatic)
22061,1352-HNSAW,Two year,Yes,Bank transfer (automatic)
22062,1352-VHKAJ,Month-to-month,No,Bank transfer (automatic)
22063,1353-GHZOS,One year,Yes,Bank transfer (automatic)
22064,1353-LJWEM,Month-to-month,Yes,Electronic check
22065,1354-YZFNB,Two year,No,Credit card (automatic)
22066,1355-KUSBG,Month-to-month,No,Electronic check
22067,1356-MKYSK,Month-to-month,No,Credit card (automatic)
22068,1357-BIJKI,One year,Yes,Electronic check
22069,1357-MVDOZ,Month-to-month,Yes,Bank transfer (automatic)
22070,1360-JYXKQ,One year,Yes,Electronic check
22071,1360-RCYRT,Month-to-month,Yes,Bank transfer (automatic)
22072,1360-XFJMR,One year,Yes,Credit card (automatic)
22073,1363-TXLSL,Month-to-month,Yes,Electronic check
22074,1370-GGAWX,One year,Yes,Electronic check
22075,1371-DWPAZ,Two year,No,Credit card (automatic)
22076,1371-OJCEK,One year,No,Bank transfer (automatic)
22077,1371-WEPDS,One year,No,Electronic check
22078,1373-ORVIZ,Month-to-month,Yes,Electronic check
22079,1374-DMZUI,Month-to-month,Yes,Electronic check
22080,1376-HHBDV,Month-to-month,Yes,Mailed check
22081,1379-FRVEB,Month-to-month,Yes,Electronic check
22082,1383-EZRWL,Month-to-month,No,Mailed check
22083,1384-RCUXW,Month-to-month,Yes,Mailed check
22084,1385-TQOZW,Month-to-month,Yes,Credit card (automatic)
22085,1386-ZIKUV,Month-to-month,Yes,Mailed check
22086,1389-CXMLU,Month-to-month,No,Electronic check
22087,1389-WNUIB,One year,No,Bank transfer (automatic)
22088,1391-UBDAR,Month-to-month,No,Electronic check
22089,1393-IMKZG,Month-to-month,Yes,Electronic check
22090,1394-SUIUH,Month-to-month,Yes,Electronic check
22091,1395-OFUWC,Month-to-month,No,Credit card (automatic)
22092,1395-WSWXR,Two year,No,Mailed check
22093,1396-QWFBJ,Month-to-month,Yes,Bank transfer (automatic)
22094,1397-XKKWR,One year,No,Mailed check
22095,1399-OUPJN,Two year,No,Bank transfer (automatic)
22096,1399-UBQIU,Month-to-month,Yes,Electronic check
22097,1400-MMYXY,Month-to-month,Yes,Electronic check
22098,1400-WIVLL,Two year,No,Electronic check
22099,1401-FTHFQ,One year,Yes,Credit card (automatic)
22100,1402-PTHGN,One year,Yes,Mailed check
22101,1403-GYAFU,Two year,No,Credit card (automatic)
22102,1403-LKLIK,One year,No,Mailed check
22103,1406-PUQVY,Month-to-month,Yes,Electronic check
22104,1407-DIGZV,Two year,No,Mailed check
22105,1409-PHXTF,Two year,Yes,Electronic check
22106,1410-RSCMR,Month-to-month,Yes,Credit card (automatic)
22107,1414-YADCW,Two year,No,Bank transfer (automatic)
22108,1415-YFWLT,Month-to-month,Yes,Electronic check
22109,1421-HCERK,Month-to-month,Yes,Bank transfer (automatic)
22110,1422-DGUBX,One year,Yes,Electronic check
22111,1423-BMPBQ,Month-to-month,Yes,Mailed check
22112,1427-VERSM,Month-to-month,Yes,Electronic check
22113,1428-GTBJJ,Month-to-month,Yes,Electronic check
22114,1428-IEDPR,Two year,Yes,Electronic check
22115,1429-UYJSV,One year,No,Mailed check
22116,1430-SFQSA,One year,No,Mailed check
22117,1431-AIDJQ,Two year,No,Credit card (automatic)
22118,1431-CYWMH,Month-to-month,No,Bank transfer (automatic)
22119,1432-FPAXX,Month-to-month,Yes,Electronic check
22120,1436-ZMJAN,Month-to-month,Yes,Credit card (automatic)
22121,1439-LCGVL,One year,No,Mailed check
22122,1442-BQPVU,Month-to-month,No,Electronic check
22123,1442-OKRJE,One year,Yes,Bank transfer (automatic)
22124,1444-VVSGW,One year,No,Credit card (automatic)
22125,1447-GIQMR,Month-to-month,Yes,Electronic check
22126,1447-PJGGA,Two year,Yes,Electronic check
22127,1448-CYWKC,One year,Yes,Credit card (automatic)
22128,1448-PWKYE,Month-to-month,No,Electronic check
22129,1449-XQEMT,Month-to-month,Yes,Mailed check
22130,1450-GALXR,Month-to-month,Yes,Electronic check
22131,1450-SKCVI,Month-to-month,Yes,Electronic check
22132,1452-KIOVK,Month-to-month,Yes,Credit card (automatic)
22133,1452-UZOSF,Two year,Yes,Credit card (automatic)
22134,1452-VOQCH,Month-to-month,Yes,Electronic check
22135,1452-XRSJV,Month-to-month,No,Credit card (automatic)
22136,1453-RZFON,Month-to-month,No,Mailed check
22137,1455-ESIQH,Month-to-month,Yes,Electronic check
22138,1455-HFBXA,Two year,Yes,Credit card (automatic)
22139,1455-UGQVH,Month-to-month,Yes,Electronic check
22140,1456-TWCGB,Month-to-month,No,Mailed check
22141,1459-QNFQT,Two year,No,Bank transfer (automatic)
22142,1460-UZPRJ,Two year,No,Mailed check
22143,1465-LNTLJ,Month-to-month,Yes,Credit card (automatic)
22144,1465-VINDH,Month-to-month,Yes,Credit card (automatic)
22145,1465-WCZVT,Month-to-month,No,Mailed check
22146,1468-DEFNC,Two year,Yes,Bank transfer (automatic)
22147,1469-LBJQJ,Month-to-month,Yes,Electronic check
22148,1470-PSXNM,One year,Yes,Electronic check
22149,1471-GIQKQ,Month-to-month,No,Electronic check
22150,1472-TNCWL,Month-to-month,Yes,Electronic check
22151,1474-JUWSM,One year,Yes,Electronic check
22152,1475-VWVDO,Month-to-month,Yes,Electronic check
22153,1478-VPOAD,Month-to-month,No,Electronic check
22154,1480-BKXGA,Two year,Yes,Bank transfer (automatic)
22155,1480-IVEVR,One year,Yes,Bank transfer (automatic)
22156,1481-ZUWZA,Month-to-month,Yes,Credit card (automatic)
22157,1482-OXZSY,Month-to-month,Yes,Bank transfer (automatic)
22158,1485-YDHMM,Month-to-month,Yes,Bank transfer (automatic)
22159,1488-PBLJN,Two year,Yes,Bank transfer (automatic)
22160,1488-SYSFC,Month-to-month,Yes,Electronic check
22161,1492-KGETH,One year,No,Bank transfer (automatic)
22162,1492-QGCLU,Month-to-month,No,Electronic check
22163,1493-AMTIE,Month-to-month,Yes,Bank transfer (automatic)
22164,1494-EJZDW,Two year,No,Mailed check
22165,1496-GGSUK,Month-to-month,Yes,Mailed check
22166,1498-DQNRX,Month-to-month,No,Mailed check
22167,1498-NHTLT,Two year,Yes,Electronic check
22168,1501-SGHBW,Month-to-month,No,Mailed check
22169,1502-XFCVR,One year,Yes,Electronic check
22170,1506-YJTYT,Two year,No,Credit card (automatic)
22171,1508-DFXCU,Month-to-month,Yes,Electronic check
22172,1513-XNPPH,Month-to-month,Yes,Electronic check
22173,1518-OMDIK,Month-to-month,Yes,Credit card (automatic)
22174,1518-VOWAV,Month-to-month,Yes,Electronic check
22175,1522-VVDMG,Month-to-month,Yes,Electronic check
22176,1525-LNLOJ,Two year,Yes,Bank transfer (automatic)
22177,1527-SXDPN,Two year,Yes,Bank transfer (automatic)
22178,1530-ZTDOZ,Month-to-month,No,Bank transfer (automatic)
22179,1534-OULXE,One year,Yes,Bank transfer (automatic)
22180,1535-VTJOQ,Two year,No,Credit card (automatic)
22181,1536-HBSWP,Month-to-month,Yes,Electronic check
22182,1536-YHDOE,One year,Yes,Mailed check
22183,1539-LNKHM,Month-to-month,No,Mailed check
22184,1541-ETJZO,Month-to-month,No,Mailed check
22185,1543-LLLFT,One year,Yes,Mailed check
22186,1544-JJMYL,One year,No,Credit card (automatic)
22187,1545-ACTAS,One year,Yes,Bank transfer (automatic)
22188,1545-JFUML,Two year,Yes,Electronic check
22189,1548-ARAGG,Month-to-month,Yes,Mailed check
22190,1548-FEHVL,Month-to-month,Yes,Electronic check
22191,1550-EENBN,Month-to-month,No,Electronic check
22192,1550-LOAHA,Month-to-month,No,Bank transfer (automatic)
22193,1552-AAGRX,Month-to-month,No,Bank transfer (automatic)
22194,1552-CZCLL,Month-to-month,No,Credit card (automatic)
22195,1552-TKMXS,Month-to-month,No,Credit card (automatic)
22196,1555-DJEQW,Two year,Yes,Bank transfer (automatic)
22197,1555-HAPSU,Two year,No,Credit card (automatic)
22198,1557-EMYVT,Two year,No,Credit card (automatic)
22199,1559-DTODC,Month-to-month,Yes,Bank transfer (automatic)
22200,1561-BWHIN,One year,No,Mailed check
22201,1563-IWQEX,Month-to-month,No,Mailed check
22202,1564-HJUVY,Month-to-month,Yes,Bank transfer (automatic)
22203,1564-NTYXF,Month-to-month,Yes,Electronic check
22204,1565-RHDJD,Month-to-month,No,Bank transfer (automatic)
22205,1567-DSCIC,Month-to-month,Yes,Electronic check
22206,1568-BEKZM,Two year,No,Credit card (automatic)
22207,1568-LJSZU,Two year,Yes,Credit card (automatic)
22208,1569-TTNYJ,Month-to-month,Yes,Electronic check
22209,1571-SAVHK,Month-to-month,Yes,Mailed check
22210,1573-LGXBA,One year,Yes,Credit card (automatic)
22211,1574-DYCWE,Two year,No,Mailed check
22212,1575-KRZZE,Month-to-month,No,Electronic check
22213,1576-PFZIW,Two year,No,Credit card (automatic)
22214,1577-HKTFG,Month-to-month,No,Bank transfer (automatic)
22215,1579-KLYDT,Month-to-month,Yes,Electronic check
22216,1580-BMCMR,Month-to-month,Yes,Electronic check
22217,1582-RAFML,Month-to-month,No,Mailed check
22218,1583-IHQZE,Month-to-month,Yes,Mailed check
22219,1585-MQSSU,Month-to-month,No,Mailed check
22220,1587-FKLZB,Month-to-month,Yes,Credit card (automatic)
22221,1589-AGTLK,Month-to-month,Yes,Electronic check
22222,1591-MQJTP,One year,Yes,Bank transfer (automatic)
22223,1591-NFNLQ,Month-to-month,No,Credit card (automatic)
22224,1591-XWLGB,Two year,No,Credit card (automatic)
22225,1596-BBVTG,Month-to-month,No,Credit card (automatic)
22226,1596-OQSPS,Month-to-month,No,Electronic check
22227,1597-FZREH,Month-to-month,No,Electronic check
22228,1597-LHYNC,Month-to-month,Yes,Electronic check
22229,1599-EAHXY,One year,No,Credit card (automatic)
22230,1599-MMYRQ,One year,Yes,Credit card (automatic)
22231,1600-DILPE,Month-to-month,Yes,Bank transfer (automatic)
22232,1602-IJQQE,Month-to-month,No,Electronic check
22233,1608-GMEWB,Month-to-month,Yes,Bank transfer (automatic)
22234,1612-EOHDH,Month-to-month,No,Electronic check
22235,1614-JBEBI,Month-to-month,Yes,Mailed check
22236,1618-CFHME,Month-to-month,Yes,Electronic check
22237,1619-YWUBB,Two year,Yes,Credit card (automatic)
22238,1621-YNCJH,Two year,Yes,Credit card (automatic)
22239,1622-HSHSF,Month-to-month,Yes,Mailed check
22240,1623-NLDOT,One year,No,Mailed check
22241,1624-NALOJ,Month-to-month,Yes,Electronic check
22242,1624-WOIWJ,Month-to-month,Yes,Mailed check
22243,1625-JAIIY,One year,Yes,Electronic check
22244,1626-ERCMM,Month-to-month,Yes,Electronic check
22245,1627-AFWVJ,Two year,No,Mailed check
22246,1628-BIZYP,Month-to-month,Yes,Electronic check
22247,1629-DQQVB,Month-to-month,No,Bank transfer (automatic)
22248,1635-FJFCC,Month-to-month,Yes,Credit card (automatic)
22249,1635-HDGFT,Two year,No,Mailed check
22250,1635-NZATJ,Two year,No,Credit card (automatic)
22251,1636-NTNCO,Month-to-month,Yes,Credit card (automatic)
22252,1640-PLFMP,Month-to-month,Yes,Electronic check
22253,1641-BYBTK,Month-to-month,Yes,Mailed check
22254,1641-RQDAY,Month-to-month,Yes,Electronic check
22255,1642-HMARX,Two year,Yes,Electronic check
22256,1644-IRKSF,One year,Yes,Electronic check
22257,1656-DRSMG,Month-to-month,Yes,Credit card (automatic)
22258,1657-DYMBM,Two year,No,Credit card (automatic)
22259,1658-BYGOY,Month-to-month,Yes,Electronic check
22260,1658-TJVOA,Month-to-month,Yes,Electronic check
22261,1658-XUHBX,Month-to-month,Yes,Credit card (automatic)
22262,1660-HSOOQ,Month-to-month,Yes,Mailed check
22263,1661-CZBAU,One year,Yes,Bank transfer (automatic)
22264,1663-MHLHE,Month-to-month,No,Mailed check
22265,1666-JXLKU,Month-to-month,Yes,Electronic check
22266,1666-JZPZT,Month-to-month,No,Mailed check
22267,1670-SVOWZ,Month-to-month,Yes,Credit card (automatic)
22268,1676-MQAOA,Two year,Yes,Bank transfer (automatic)
22269,1678-FYZOW,Month-to-month,Yes,Electronic check
22270,1679-JRFBR,One year,Yes,Credit card (automatic)
22271,1680-VDCWW,One year,No,Bank transfer (automatic)
22272,1682-VCOIO,One year,No,Mailed check
22273,1684-FLBGS,Month-to-month,Yes,Credit card (automatic)
22274,1685-BQULA,Month-to-month,Yes,Bank transfer (automatic)
22275,1685-VAYJF,Month-to-month,No,Credit card (automatic)
22276,1686-STUHN,One year,No,Bank transfer (automatic)
22277,1689-MRZQR,Month-to-month,No,Electronic check
22278,1689-YQBYY,Month-to-month,Yes,Electronic check
22279,1696-HXOWK,One year,No,Mailed check
22280,1696-MZVAU,One year,Yes,Credit card (automatic)
22281,1697-BCSHV,Month-to-month,Yes,Bank transfer (automatic)
22282,1697-LYYYX,One year,No,Credit card (automatic)
22283,1697-NVVGY,Month-to-month,No,Bank transfer (automatic)
22284,1698-XFZCI,One year,Yes,Electronic check
22285,1699-HPSBG,One year,Yes,Electronic check
22286,1699-TLDLZ,Two year,No,Mailed check
22287,1699-UOTXU,Two year,No,Electronic check
22288,1702-CCFNJ,Month-to-month,No,Bank transfer (automatic)
22289,1703-MGIAB,Month-to-month,Yes,Mailed check
22290,1704-NRWYE,Month-to-month,Yes,Electronic check
22291,1705-GUHPV,Two year,No,Mailed check
22292,1707-HABPF,One year,Yes,Bank transfer (automatic)
22293,1708-PBBOA,One year,Yes,Electronic check
22294,1709-EJDOX,Two year,No,Mailed check
22295,1710-RCXUS,One year,Yes,Credit card (automatic)
22296,1716-LSAMB,Two year,No,Bank transfer (automatic)
22297,1722-LDZJS,One year,No,Credit card (automatic)
22298,1723-HKXJQ,Month-to-month,Yes,Electronic check
22299,1724-BQUHA,Month-to-month,Yes,Electronic check
22300,1724-IQWNM,Month-to-month,Yes,Mailed check
22301,1725-IQNIY,Two year,No,Bank transfer (automatic)
22302,1725-MIMXW,Month-to-month,Yes,Mailed check
22303,1728-BQDMA,Month-to-month,No,Electronic check
22304,1728-CXQBE,Month-to-month,Yes,Electronic check
22305,1729-VLAZJ,One year,No,Mailed check
22306,1730-VFMWO,Month-to-month,No,Bank transfer (automatic)
22307,1730-ZMAME,Month-to-month,Yes,Electronic check
22308,1731-TVIUK,Month-to-month,Yes,Electronic check
22309,1732-FEKLD,One year,Yes,Bank transfer (automatic)
22310,1732-VHUBQ,Month-to-month,No,Bank transfer (automatic)
22311,1734-ZMNTZ,Two year,No,Mailed check
22312,1735-XMJVH,Month-to-month,Yes,Mailed check
22313,1740-CSDJP,Month-to-month,Yes,Bank transfer (automatic)
22314,1741-WTPON,Two year,No,Mailed check
22315,1744-JHKYS,Month-to-month,No,Electronic check
22316,1746-TGTWV,Month-to-month,No,Credit card (automatic)
22317,1750-CSKKM,Month-to-month,No,Electronic check
22318,1751-NCDLI,Month-to-month,Yes,Electronic check
22319,1752-OZXFY,One year,Yes,Mailed check
22320,1754-GKYPY,Month-to-month,Yes,Bank transfer (automatic)
22321,1755-FZQEC,One year,No,Mailed check
22322,1755-RMCXH,Month-to-month,No,Mailed check
22323,1757-TCATG,One year,No,Bank transfer (automatic)
22324,1760-CAZHT,Month-to-month,No,Mailed check
22325,1761-AEZZR,Month-to-month,Yes,Electronic check
22326,1763-KUAAW,One year,No,Bank transfer (automatic)
22327,1763-WQFUK,Month-to-month,Yes,Mailed check
22328,1764-VUUMT,Two year,No,Credit card (automatic)
22329,1766-GKNMI,Month-to-month,Yes,Electronic check
22330,1767-CJKBA,Two year,No,Mailed check
22331,1767-TGTKO,Month-to-month,Yes,Electronic check
22332,1768-HNVGJ,Month-to-month,Yes,Electronic check
22333,1768-ZAIFU,Month-to-month,Yes,Electronic check
22334,1769-GRUIK,Month-to-month,Yes,Electronic check
22335,1771-OADNZ,Month-to-month,Yes,Electronic check
22336,1775-KWJKQ,Two year,No,Credit card (automatic)
22337,1776-SPBWV,One year,Yes,Bank transfer (automatic)
22338,1777-JYQPJ,Month-to-month,No,Mailed check
22339,1779-PWPMG,Two year,Yes,Bank transfer (automatic)
22340,1784-BXEFA,Month-to-month,Yes,Mailed check
22341,1784-EZDKJ,One year,Yes,Bank transfer (automatic)
22342,1785-BPHTP,Month-to-month,No,Electronic check
22343,1790-NESIO,Two year,Yes,Mailed check
22344,1791-PQHBB,Month-to-month,Yes,Credit card (automatic)
22345,1792-UXAFY,Month-to-month,Yes,Electronic check
22346,1794-HBQTJ,Month-to-month,Yes,Credit card (automatic)
22347,1794-SWWKL,Month-to-month,Yes,Bank transfer (automatic)
22348,1796-JANOW,Month-to-month,No,Mailed check
22349,1803-BGNBD,Month-to-month,Yes,Electronic check
22350,1809-DMJHQ,Month-to-month,No,Mailed check
22351,1810-BOHSY,One year,Yes,Credit card (automatic)
22352,1810-MVMAI,Month-to-month,No,Electronic check
22353,1813-JLKWR,One year,No,Bank transfer (automatic)
22354,1813-JYWTO,Two year,No,Bank transfer (automatic)
22355,1814-DKOLC,Month-to-month,No,Mailed check
22356,1814-WFGVS,Two year,No,Mailed check
22357,1816-FLZDK,Month-to-month,No,Mailed check
22358,1818-ESQMW,Month-to-month,Yes,Electronic check
22359,1820-DJFPH,Two year,Yes,Bank transfer (automatic)
22360,1820-TQVEV,Month-to-month,Yes,Electronic check
22361,1821-BUCWY,Two year,Yes,Mailed check
22362,1830-GGFNM,Two year,No,Credit card (automatic)
22363,1830-IPXVJ,Two year,No,Credit card (automatic)
22364,1832-PEUTS,Two year,Yes,Credit card (automatic)
22365,1833-TCXKK,Month-to-month,Yes,Bank transfer (automatic)
22366,1833-VGRUM,Month-to-month,Yes,Electronic check
22367,1834-ABKHQ,One year,Yes,Bank transfer (automatic)
22368,1834-WULEG,One year,No,Mailed check
22369,1837-YQUCE,Two year,Yes,Bank transfer (automatic)
22370,1839-FBNFR,Two year,Yes,Bank transfer (automatic)
22371,1839-UMACK,One year,No,Electronic check
22372,1840-BIUOG,One year,Yes,Electronic check
22373,1841-YSJGV,Two year,Yes,Credit card (automatic)
22374,1842-EZJMK,Month-to-month,No,Electronic check
22375,1843-TLSGD,Two year,No,Mailed check
22376,1845-CSBRZ,Month-to-month,No,Bank transfer (automatic)
22377,1845-ZLLIG,Month-to-month,Yes,Mailed check
22378,1846-XWOQN,Month-to-month,Yes,Electronic check
22379,1848-LBZHY,Month-to-month,Yes,Bank transfer (automatic)
22380,1849-RJYIG,Month-to-month,Yes,Electronic check
22381,1850-AKQEP,Month-to-month,No,Mailed check
22382,1852-QSWCD,Two year,Yes,Mailed check
22383,1852-XEMDW,Month-to-month,No,Mailed check
22384,1853-ARAAQ,Month-to-month,Yes,Credit card (automatic)
22385,1853-UDXBW,Month-to-month,Yes,Electronic check
22386,1855-AGAWH,One year,Yes,Electronic check
22387,1855-CFULU,Month-to-month,No,Mailed check
22388,1862-QRWPE,Two year,No,Bank transfer (automatic)
22389,1862-SKORY,Month-to-month,Yes,Electronic check
22390,1866-DIOQZ,One year,No,Bank transfer (automatic)
22391,1866-NXPSP,One year,Yes,Mailed check
22392,1866-OBPNR,Month-to-month,No,Credit card (automatic)
22393,1866-RZZQS,Month-to-month,Yes,Electronic check
22394,1866-ZSLJM,Month-to-month,No,Credit card (automatic)
22395,1867-BDVFH,Month-to-month,Yes,Electronic check
22396,1867-TJHTS,Month-to-month,Yes,Bank transfer (automatic)
22397,1871-MOWRM,Month-to-month,No,Bank transfer (automatic)
22398,1872-EBWSC,One year,No,Mailed check
22399,1875-QIVME,Month-to-month,Yes,Electronic check
22400,1877-HKBQX,One year,Yes,Mailed check
22401,1891-FZYSA,Month-to-month,Yes,Electronic check
22402,1891-QRQSA,Two year,Yes,Bank transfer (automatic)
22403,1891-UAWWU,Month-to-month,No,Electronic check
22404,1894-IGFSG,Month-to-month,No,Electronic check
22405,1895-QTKDO,Month-to-month,No,Credit card (automatic)
22406,1897-OKVMW,Two year,Yes,Mailed check
22407,1897-RCFUM,One year,Yes,Mailed check
22408,1898-JSNDC,One year,Yes,Credit card (automatic)
22409,1899-VXWXM,One year,Yes,Credit card (automatic)
22410,1902-XBTFB,Month-to-month,Yes,Electronic check
22411,1904-WAJAA,Two year,No,Electronic check
22412,1905-OEILC,Month-to-month,No,Mailed check
22413,1907-UBQFC,Month-to-month,Yes,Electronic check
22414,1907-YLNYW,Month-to-month,Yes,Electronic check
22415,1910-FMXJM,Month-to-month,No,Electronic check
22416,1915-IOFGU,Month-to-month,No,Electronic check
22417,1915-OAKWD,One year,Yes,Bank transfer (automatic)
22418,1918-ZBFQJ,Month-to-month,Yes,Electronic check
22419,1919-RTPQD,Month-to-month,No,Electronic check
22420,1921-KYSAY,One year,Yes,Electronic check
22421,1925-GMVBW,Month-to-month,No,Credit card (automatic)
22422,1925-LFCZZ,One year,Yes,Bank transfer (automatic)
22423,1925-TIBLE,Month-to-month,Yes,Electronic check
22424,1926-QUZNN,Two year,Yes,Bank transfer (automatic)
22425,1927-QEWMY,Two year,No,Credit card (automatic)
22426,1928-BXYIV,Month-to-month,No,Electronic check
22427,1929-ZCBHE,One year,No,Electronic check
22428,1930-BZLHI,One year,Yes,Mailed check
22429,1930-QPBVZ,Two year,No,Bank transfer (automatic)
22430,1930-WNXSB,Month-to-month,Yes,Electronic check
22431,1932-UEDCX,Month-to-month,Yes,Bank transfer (automatic)
22432,1934-MKPXS,One year,No,Credit card (automatic)
22433,1934-SJVJK,Month-to-month,No,Mailed check
22434,1935-IMVBB,Month-to-month,No,Mailed check
22435,1936-CZAKF,Two year,No,Credit card (automatic)
22436,1936-UAFEH,Two year,No,Credit card (automatic)
22437,1937-OTUKY,Two year,Yes,Bank transfer (automatic)
22438,1941-HOSAM,Month-to-month,Yes,Electronic check
22439,1942-OQFRW,Month-to-month,No,Electronic check
22440,1945-XISKS,Two year,No,Mailed check
22441,1950-KSVVJ,One year,No,Mailed check
22442,1951-IEYXM,Two year,Yes,Credit card (automatic)
22443,1952-DVVSW,One year,No,Mailed check
22444,1955-IBMMB,Two year,Yes,Bank transfer (automatic)
22445,1956-YIFGE,One year,Yes,Mailed check
22446,1958-RNRKS,Month-to-month,No,Electronic check
22447,1960-UOTYM,Two year,No,Electronic check
22448,1960-UYCNN,Month-to-month,Yes,Electronic check
22449,1963-SVUCV,Month-to-month,No,Electronic check
22450,1963-VAUKV,Month-to-month,No,Mailed check
22451,1964-SVLEA,One year,Yes,Mailed check
22452,1965-AKTSX,Month-to-month,Yes,Electronic check
22453,1965-DDBWU,Month-to-month,Yes,Credit card (automatic)
22454,1970-KKFWL,Two year,No,Bank transfer (automatic)
22455,1971-DTCZB,Two year,Yes,Bank transfer (automatic)
22456,1972-XMUWV,Two year,Yes,Credit card (automatic)
22457,1976-AZZPJ,Month-to-month,No,Mailed check
22458,1976-CFOCS,Month-to-month,No,Electronic check
22459,1977-STDKI,Month-to-month,Yes,Electronic check
22460,1980-KXVPM,Month-to-month,Yes,Credit card (automatic)
22461,1981-INRFU,Month-to-month,Yes,Electronic check
22462,1982-FEBTD,Two year,Yes,Credit card (automatic)
22463,1984-FCOWB,One year,Yes,Electronic check
22464,1984-GPTEH,Month-to-month,No,Electronic check
22465,1985-MBRYP,Two year,Yes,Bank transfer (automatic)
22466,1986-PHGZF,Month-to-month,Yes,Credit card (automatic)
22467,1987-AUELQ,Two year,No,Credit card (automatic)
22468,1989-PRJHP,Month-to-month,Yes,Electronic check
22469,1991-VOPLL,Month-to-month,No,Mailed check
22470,1996-DBMUS,Month-to-month,Yes,Bank transfer (automatic)
22471,1998-VHJHK,One year,No,Mailed check
22472,2000-DHJUY,Two year,Yes,Bank transfer (automatic)
22473,2000-MPKCA,One year,Yes,Electronic check
22474,2001-EWBQU,Two year,No,Electronic check
22475,2001-MCUUW,Two year,No,Electronic check
22476,2002-MZHWP,Month-to-month,No,Mailed check
22477,2003-CKLOR,Month-to-month,No,Electronic check
22478,2004-OCQXK,Month-to-month,Yes,Electronic check
22479,2005-DWQZJ,Two year,No,Mailed check
22480,2007-QVGAW,Two year,Yes,Bank transfer (automatic)
22481,2011-TRQYE,Month-to-month,Yes,Credit card (automatic)
22482,2012-NWRPA,Month-to-month,Yes,Electronic check
22483,2013-SGDXK,Month-to-month,No,Electronic check
22484,2014-MKGMH,One year,Yes,Electronic check
22485,2017-CCBLH,Two year,No,Mailed check
22486,2018-PZKMU,Month-to-month,No,Electronic check
22487,2018-QKYGT,Month-to-month,Yes,Electronic check
22488,2019-HDCZY,Two year,No,Electronic check
22489,2023-VQFDL,Month-to-month,No,Electronic check
22490,2024-BASKD,Month-to-month,Yes,Mailed check
22491,2025-JKFWI,Month-to-month,Yes,Mailed check
22492,2026-TGDHM,Month-to-month,Yes,Electronic check
22493,2027-CWDNU,Month-to-month,Yes,Electronic check
22494,2027-DNKIV,One year,Yes,Mailed check
22495,2027-FECZV,Month-to-month,Yes,Electronic check
22496,2027-OAQQC,Month-to-month,Yes,Bank transfer (automatic)
22497,2027-WKXMW,Month-to-month,Yes,Electronic check
22498,2030-BTZRO,Two year,Yes,Credit card (automatic)
22499,2034-CGRHZ,Month-to-month,Yes,Credit card (automatic)
22500,2034-GDRCN,Month-to-month,Yes,Electronic check
22501,2037-SGXHH,Month-to-month,Yes,Electronic check
22502,2037-XJFUP,One year,Yes,Electronic check
22503,2038-LLMLM,Month-to-month,Yes,Electronic check
22504,2038-OEQZH,Month-to-month,No,Electronic check
22505,2038-YSEZE,Month-to-month,No,Mailed check
22506,2039-JONDJ,One year,No,Bank transfer (automatic)
22507,2040-LDIWQ,Two year,Yes,Bank transfer (automatic)
22508,2040-OBMLJ,One year,No,Credit card (automatic)
22509,2040-VZIKE,Month-to-month,Yes,Mailed check
22510,2040-XBAVJ,Two year,No,Bank transfer (automatic)
22511,2041-JIJCI,Month-to-month,Yes,Electronic check
22512,2043-WVTQJ,Month-to-month,No,Mailed check
22513,2045-BMBTJ,Month-to-month,Yes,Bank transfer (automatic)
22514,2049-BAFNW,Month-to-month,No,Mailed check
22515,2050-ONYDQ,Two year,No,Credit card (automatic)
22516,2054-PJOCK,One year,No,Credit card (automatic)
22517,2055-BFOCC,One year,Yes,Bank transfer (automatic)
22518,2055-PDADH,Month-to-month,Yes,Electronic check
22519,2055-SIFSS,Month-to-month,No,Bank transfer (automatic)
22520,2056-EVGZL,One year,No,Credit card (automatic)
22521,2057-BOYKM,Two year,Yes,Bank transfer (automatic)
22522,2057-ZBLPD,Month-to-month,Yes,Electronic check
22523,2058-DCJBE,Month-to-month,Yes,Electronic check
22524,2061-VVFST,Month-to-month,No,Bank transfer (automatic)
22525,2065-MMKGR,One year,Yes,Credit card (automatic)
22526,2067-QYTCF,Month-to-month,Yes,Electronic check
22527,2068-WWXQZ,Two year,No,Bank transfer (automatic)
22528,2070-FNEXE,Month-to-month,No,Bank transfer (automatic)
22529,2070-XYMFH,Month-to-month,Yes,Mailed check
22530,2072-ZVJJX,Two year,No,Bank transfer (automatic)
22531,2073-QBVBI,One year,No,Mailed check
22532,2074-GKOWZ,Month-to-month,Yes,Bank transfer (automatic)
22533,2074-GUHPQ,Month-to-month,Yes,Credit card (automatic)
22534,2075-PUEPR,Two year,No,Bank transfer (automatic)
22535,2075-RMJIK,Month-to-month,Yes,Mailed check
22536,2077-DDHJK,Two year,No,Credit card (automatic)
22537,2077-MPJQO,Month-to-month,Yes,Electronic check
22538,2079-FBMZK,Month-to-month,Yes,Mailed check
22539,2080-CAZNM,Month-to-month,Yes,Electronic check
22540,2080-GKCWQ,Month-to-month,No,Electronic check
22541,2080-SRCDE,Month-to-month,No,Mailed check
22542,2081-KJSQF,Month-to-month,Yes,Mailed check
22543,2081-VEYEH,Month-to-month,Yes,Electronic check
22544,2082-CEFLT,Month-to-month,Yes,Electronic check
22545,2082-OJVTK,Month-to-month,Yes,Electronic check
22546,2085-BOJKI,One year,Yes,Bank transfer (automatic)
22547,2085-JVGAD,Month-to-month,No,Bank transfer (automatic)
22548,2087-QAREY,Month-to-month,Yes,Mailed check
22549,2088-IEBAU,Two year,Yes,Electronic check
22550,2091-GPPIQ,Two year,Yes,Electronic check
22551,2091-MJTFX,Month-to-month,No,Credit card (automatic)
22552,2091-RFFBA,Month-to-month,Yes,Electronic check
22553,2096-XOTMO,Month-to-month,No,Mailed check
22554,2097-YVPKN,Two year,No,Mailed check
22555,2100-BDNSN,Month-to-month,No,Bank transfer (automatic)
22556,2101-RANCD,Month-to-month,Yes,Electronic check
22557,2103-ZRXFN,Month-to-month,No,Mailed check
22558,2105-PHWON,Month-to-month,Yes,Credit card (automatic)
22559,2107-FBPTK,Month-to-month,Yes,Electronic check
22560,2108-GLPQB,Month-to-month,No,Credit card (automatic)
22561,2108-XWMPY,Month-to-month,Yes,Mailed check
22562,2108-YKQTY,Month-to-month,No,Credit card (automatic)
22563,2111-DWYHN,Month-to-month,No,Mailed check
22564,2114-MGINA,Month-to-month,Yes,Mailed check
22565,2115-BFTIW,Month-to-month,No,Mailed check
22566,2120-SMPEX,Month-to-month,Yes,Mailed check
22567,2121-JAFOM,Two year,Yes,Credit card (automatic)
22568,2122-SZZZD,One year,No,Credit card (automatic)
22569,2122-YWVYA,Month-to-month,Yes,Electronic check
22570,2123-AGEEN,Month-to-month,Yes,Electronic check
22571,2123-VSCOT,Two year,Yes,Bank transfer (automatic)
22572,2126-GSEGL,Two year,Yes,Bank transfer (automatic)
22573,2129-ALKBS,Month-to-month,Yes,Electronic check
22574,2133-TSRRM,Month-to-month,Yes,Bank transfer (automatic)
22575,2135-DQWAQ,Month-to-month,Yes,Mailed check
22576,2135-RXIHG,Month-to-month,Yes,Electronic check
22577,2137-DQMEV,One year,No,Mailed check
22578,2138-VFAPZ,Two year,Yes,Mailed check
22579,2139-FQHLM,Month-to-month,No,Mailed check
22580,2141-RRYGO,Month-to-month,Yes,Bank transfer (automatic)
22581,2143-LJULT,Two year,Yes,Credit card (automatic)
22582,2144-BFDSO,Month-to-month,No,Bank transfer (automatic)
22583,2144-ESWKO,One year,Yes,Credit card (automatic)
22584,2146-EGVDT,Two year,No,Credit card (automatic)
22585,2150-OEGBV,One year,No,Bank transfer (automatic)
22586,2150-UWTFY,Month-to-month,No,Mailed check
22587,2150-WLKUW,One year,No,Bank transfer (automatic)
22588,2153-MREFK,One year,Yes,Electronic check
22589,2154-KVJFF,Month-to-month,Yes,Electronic check
22590,2155-AMQRX,Month-to-month,Yes,Credit card (automatic)
22591,2157-MXBJS,One year,Yes,Mailed check
22592,2159-TURXX,Month-to-month,No,Credit card (automatic)
22593,2160-GPFXD,Two year,Yes,Credit card (automatic)
22594,2162-FRZAA,Two year,No,Bank transfer (automatic)
22595,2164-SOQXL,Month-to-month,No,Mailed check
22596,2165-VOEGB,One year,Yes,Bank transfer (automatic)
22597,2167-FQSTQ,Two year,Yes,Electronic check
22598,2169-RRLFW,Two year,No,Credit card (automatic)
22599,2171-UDMFD,Month-to-month,Yes,Credit card (automatic)
22600,2172-EJXVF,One year,Yes,Electronic check
22601,2176-LVPNX,Two year,No,Mailed check
22602,2176-OSJUV,Two year,No,Bank transfer (automatic)
22603,2178-PMGCJ,Month-to-month,Yes,Mailed check
22604,2180-DXNEG,Month-to-month,Yes,Electronic check
22605,2181-TIDSV,Two year,Yes,Bank transfer (automatic)
22606,2181-UAESM,Month-to-month,No,Electronic check
22607,2186-QZEYA,Month-to-month,Yes,Bank transfer (automatic)
22608,2187-LZGPL,Month-to-month,Yes,Credit card (automatic)
22609,2187-PKZAY,Month-to-month,Yes,Bank transfer (automatic)
22610,2188-SXWVT,One year,No,Mailed check
22611,2189-UXTKY,Month-to-month,Yes,Electronic check
22612,2189-WWOEW,Month-to-month,Yes,Bank transfer (automatic)
22613,2190-BCXEC,Month-to-month,Yes,Credit card (automatic)
22614,2190-PHBHR,Two year,Yes,Credit card (automatic)
22615,2192-CKRLV,Two year,Yes,Electronic check
22616,2192-OZITF,Two year,No,Mailed check
22617,2193-SFWQW,Two year,No,Bank transfer (automatic)
22618,2194-IIQOF,Two year,No,Credit card (automatic)
22619,2195-VVRJF,Month-to-month,Yes,Credit card (automatic)
22620,2195-ZRVAX,Month-to-month,Yes,Electronic check
22621,2197-OMWGI,Two year,Yes,Electronic check
22622,2200-DSAAL,Two year,Yes,Electronic check
22623,2202-CUYXZ,Month-to-month,Yes,Electronic check
22624,2202-OUTMO,Month-to-month,Yes,Bank transfer (automatic)
22625,2203-GHNWN,Month-to-month,Yes,Mailed check
22626,2205-LPVGL,One year,Yes,Bank transfer (automatic)
22627,2205-YMZZJ,Month-to-month,Yes,Electronic check
22628,2207-NHRJK,Month-to-month,No,Electronic check
22629,2207-OBZNX,Month-to-month,Yes,Mailed check
22630,2207-QPJED,Month-to-month,No,Electronic check
22631,2207-RYYRL,Two year,No,Mailed check
22632,2208-MPXIO,Two year,Yes,Bank transfer (automatic)
22633,2208-NKVVH,Two year,No,Mailed check
22634,2208-NQBCT,Month-to-month,No,Electronic check
22635,2208-UGTGR,Month-to-month,No,Electronic check
22636,2209-XADXF,Month-to-month,No,Bank transfer (automatic)
22637,2211-RMNHO,Two year,No,Bank transfer (automatic)
22638,2212-LYASK,One year,Yes,Credit card (automatic)
22639,2215-ZAFGX,Month-to-month,Yes,Electronic check
22640,2219-MVUSO,Month-to-month,Yes,Mailed check
22641,2220-IAHLS,Month-to-month,No,Credit card (automatic)
22642,2223-GDSHL,Two year,Yes,Bank transfer (automatic)
22643,2223-KAGMX,Month-to-month,No,Bank transfer (automatic)
22644,2225-ZRGSG,Two year,No,Bank transfer (automatic)
22645,2226-ICFDO,Two year,Yes,Credit card (automatic)
22646,2227-JRSJX,Month-to-month,Yes,Bank transfer (automatic)
22647,2228-BZDEE,Two year,No,Mailed check
22648,2229-DPMBI,Two year,No,Mailed check
22649,2229-VWQJH,Month-to-month,Yes,Credit card (automatic)
22650,2230-XTUWL,Two year,No,Mailed check
22651,2232-DMLXU,Month-to-month,No,Mailed check
22652,2233-FAGXV,Month-to-month,Yes,Mailed check
22653,2233-TXSIU,One year,No,Credit card (automatic)
22654,2234-EOFPT,Two year,Yes,Bank transfer (automatic)
22655,2234-XADUH,One year,Yes,Credit card (automatic)
22656,2235-DWLJU,Month-to-month,Yes,Electronic check
22657,2235-EZAIK,Two year,No,Credit card (automatic)
22658,2235-ZGKPT,Month-to-month,No,Mailed check
22659,2236-HILPA,Two year,No,Credit card (automatic)
22660,2237-ZFSMY,One year,Yes,Electronic check
22661,2239-CFOUJ,One year,No,Mailed check
22662,2239-CGBUZ,One year,Yes,Bank transfer (automatic)
22663,2239-JALAW,One year,Yes,Bank transfer (automatic)
22664,2240-HSJQD,Month-to-month,Yes,Mailed check
22665,2242-MFOTG,One year,No,Bank transfer (automatic)
22666,2243-FNMMI,Month-to-month,No,Mailed check
22667,2245-ADZFJ,Two year,No,Bank transfer (automatic)
22668,2249-YPRNG,Month-to-month,Yes,Bank transfer (automatic)
22669,2250-IVBWA,Month-to-month,No,Electronic check
22670,2251-PYLPB,Two year,No,Credit card (automatic)
22671,2252-ISRNH,One year,Yes,Electronic check
22672,2252-JHJGE,One year,No,Electronic check
22673,2252-NKNSI,Two year,Yes,Mailed check
22674,2253-KPMNB,Two year,No,Bank transfer (automatic)
22675,2254-DLXRI,Month-to-month,Yes,Mailed check
22676,2256-YLYLP,Two year,Yes,Bank transfer (automatic)
22677,2257-BOVXD,Month-to-month,Yes,Credit card (automatic)
22678,2259-OUUSZ,One year,Yes,Credit card (automatic)
22679,2260-USTRB,Month-to-month,Yes,Bank transfer (automatic)
22680,2262-SLNVK,Month-to-month,No,Electronic check
22681,2263-SFSQZ,Two year,Yes,Mailed check
22682,2265-CYWIV,Month-to-month,Yes,Electronic check
22683,2266-FUBDZ,Two year,No,Mailed check
22684,2266-SJNAT,One year,No,Credit card (automatic)
22685,2267-FPIMA,Month-to-month,Yes,Credit card (automatic)
22686,2267-WTPYD,Month-to-month,No,Credit card (automatic)
22687,2270-CHBFN,Month-to-month,Yes,Credit card (automatic)
22688,2272-JKMSI,One year,Yes,Electronic check
22689,2272-QAGFO,Month-to-month,Yes,Electronic check
22690,2272-UOINI,Month-to-month,Yes,Electronic check
22691,2272-WUSPA,Two year,Yes,Electronic check
22692,2273-QCKXA,Month-to-month,No,Mailed check
22693,2274-XUATA,Two year,Yes,Bank transfer (automatic)
22694,2275-RBYQS,Month-to-month,Yes,Mailed check
22695,2276-YDAVZ,Month-to-month,Yes,Credit card (automatic)
22696,2277-AXSDC,One year,No,Bank transfer (automatic)
22697,2277-BKJKN,Two year,Yes,Electronic check
22698,2277-DJJDL,Month-to-month,Yes,Electronic check
22699,2277-VWCNI,Month-to-month,No,Mailed check
22700,2279-AXJJK,Month-to-month,Yes,Credit card (automatic)
22701,2282-YGNOR,One year,No,Credit card (automatic)
22702,2284-VFLKH,One year,Yes,Credit card (automatic)
22703,2292-XQWSV,One year,No,Mailed check
22704,2293-IJWPS,One year,Yes,Credit card (automatic)
22705,2294-DMMUS,Month-to-month,Yes,Credit card (automatic)
22706,2294-SALNE,One year,No,Mailed check
22707,2296-DKZFP,Two year,No,Bank transfer (automatic)
22708,2300-RQGOI,Two year,No,Mailed check
22709,2302-ANTDP,Month-to-month,No,Electronic check
22710,2302-OUZXB,Two year,No,Bank transfer (automatic)
22711,2303-PJYHN,Month-to-month,No,Bank transfer (automatic)
22712,2305-MRGLV,Month-to-month,No,Bank transfer (automatic)
22713,2307-FYNNL,Two year,Yes,Electronic check
22714,2308-STERM,Month-to-month,No,Mailed check
22715,2309-OSFEU,Month-to-month,Yes,Mailed check
22716,2311-QYMUQ,Month-to-month,Yes,Credit card (automatic)
22717,2314-TNDJQ,Two year,No,Credit card (automatic)
22718,2316-ESMLS,One year,No,Credit card (automatic)
22719,2320-JRSDE,Month-to-month,Yes,Electronic check
22720,2320-SLKMB,Month-to-month,Yes,Credit card (automatic)
22721,2320-TZRRH,One year,No,Mailed check
22722,2320-YKQBO,Month-to-month,No,Mailed check
22723,2321-OMBXY,One year,No,Credit card (automatic)
22724,2322-VCZHZ,Month-to-month,Yes,Electronic check
22725,2323-ARSVR,Two year,Yes,Electronic check
22726,2324-AALNO,One year,No,Bank transfer (automatic)
22727,2324-EFHVG,Two year,Yes,Bank transfer (automatic)
22728,2325-NBPZG,Month-to-month,Yes,Electronic check
22729,2325-WINES,One year,Yes,Credit card (automatic)
22730,2325-ZUSFD,One year,Yes,Bank transfer (automatic)
22731,2330-PQGDQ,One year,No,Bank transfer (automatic)
22732,2332-EFBJY,Month-to-month,Yes,Mailed check
22733,2332-TODQS,One year,No,Credit card (automatic)
22734,2333-KWEWW,Two year,No,Credit card (automatic)
22735,2335-GSODA,Two year,No,Mailed check
22736,2338-BQEZT,Month-to-month,Yes,Credit card (automatic)
22737,2342-CKIAO,Month-to-month,No,Mailed check
22738,2344-JMOGN,Month-to-month,Yes,Mailed check
22739,2346-CZYIL,Two year,No,Credit card (automatic)
22740,2346-DJQTB,Month-to-month,No,Electronic check
22741,2346-LOCWC,Two year,No,Credit card (automatic)
22742,2347-WKKAE,Month-to-month,Yes,Electronic check
22743,2348-KCJLT,One year,Yes,Mailed check
22744,2351-BKRZW,Two year,No,Bank transfer (automatic)
22745,2351-RRBUE,One year,No,Mailed check
22746,2357-COQEK,Month-to-month,Yes,Electronic check
22747,2359-KLTEK,Month-to-month,Yes,Bank transfer (automatic)
22748,2359-KMGLI,Month-to-month,Yes,Electronic check
22749,2359-QWQUL,One year,Yes,Credit card (automatic)
22750,2360-RDGRO,Month-to-month,Yes,Electronic check
22751,2361-FJWNO,One year,No,Credit card (automatic)
22752,2361-UPSND,One year,No,Mailed check
22753,2362-IBOOY,Month-to-month,Yes,Electronic check
22754,2363-BJLSL,Month-to-month,Yes,Bank transfer (automatic)
22755,2364-UFROM,One year,No,Electronic check
22756,2368-GAKKQ,Two year,Yes,Bank transfer (automatic)
22757,2369-FEVNO,Month-to-month,Yes,Mailed check
22758,2369-UAPKZ,Month-to-month,No,Mailed check
22759,2371-JQHZZ,Month-to-month,Yes,Electronic check
22760,2371-JUNGC,Month-to-month,No,Mailed check
22761,2371-KFUOG,One year,No,Bank transfer (automatic)
22762,2372-HWUHI,Month-to-month,No,Electronic check
22763,2373-NTKOD,Month-to-month,Yes,Electronic check
22764,2378-HTWFW,Month-to-month,No,Credit card (automatic)
22765,2378-VTKDH,Month-to-month,Yes,Electronic check
22766,2378-YIZKA,Two year,Yes,Credit card (automatic)
22767,2379-ENZGV,Month-to-month,Yes,Electronic check
22768,2379-GYFLQ,One year,Yes,Credit card (automatic)
22769,2380-DAMQP,Two year,No,Electronic check
22770,2382-BCKQJ,One year,Yes,Electronic check
22771,2384-OVPSA,Two year,No,Mailed check
22772,2386-LAHRK,Month-to-month,Yes,Mailed check
22773,2386-OWURY,Month-to-month,Yes,Electronic check
22774,2387-KDZQY,One year,Yes,Mailed check
22775,2388-LAESQ,Two year,Yes,Bank transfer (automatic)
22776,2391-IPLOP,One year,Yes,Electronic check
22777,2391-SOORI,Month-to-month,No,Electronic check
22778,2393-DIVAI,Month-to-month,Yes,Mailed check
22779,2397-BRLOM,Month-to-month,Yes,Credit card (automatic)
22780,2398-YPMUR,Month-to-month,Yes,Electronic check
22781,2400-FEQME,Two year,No,Mailed check
22782,2400-XIWIO,Two year,No,Electronic check
22783,2402-TAIRZ,One year,No,Electronic check
22784,2403-BCASL,One year,Yes,Electronic check
22785,2404-JIBFC,Two year,Yes,Bank transfer (automatic)
22786,2405-LBMUW,One year,Yes,Bank transfer (automatic)
22787,2408-PSJVE,Month-to-month,Yes,Mailed check
22788,2408-TZMJL,One year,Yes,Electronic check
22789,2408-WITXK,Month-to-month,Yes,Electronic check
22790,2410-CIYFZ,Month-to-month,No,Mailed check
22791,2418-TPEUN,Two year,Yes,Credit card (automatic)
22792,2419-FSORS,Two year,Yes,Electronic check
22793,2424-WVHPL,Month-to-month,No,Electronic check
22794,2428-HYUNX,Two year,Yes,Credit card (automatic)
22795,2428-ZMCTB,Month-to-month,No,Credit card (automatic)
22796,2429-AYKKO,Two year,No,Bank transfer (automatic)
22797,2430-RRYUW,One year,Yes,Mailed check
22798,2430-USGXP,Month-to-month,Yes,Electronic check
22799,2432-TFSMK,One year,Yes,Credit card (automatic)
22800,2433-KMEAS,Month-to-month,Yes,Electronic check
22801,2434-EEVDB,Two year,Yes,Credit card (automatic)
22802,2436-QBZFP,Month-to-month,No,Electronic check
22803,2439-LYPMQ,Month-to-month,Yes,Electronic check
22804,2439-QKJUL,Month-to-month,No,Mailed check
22805,2446-BEGGB,Month-to-month,Yes,Electronic check
22806,2446-PLQVO,Month-to-month,Yes,Electronic check
22807,2446-ZKVAF,Month-to-month,No,Credit card (automatic)
22808,2450-ZKEED,One year,No,Bank transfer (automatic)
22809,2451-YMUXS,Two year,Yes,Bank transfer (automatic)
22810,2452-KDRRH,Month-to-month,Yes,Credit card (automatic)
22811,2452-MRMZF,Two year,Yes,Credit card (automatic)
22812,2452-SNHFZ,Month-to-month,No,Credit card (automatic)
22813,2453-SAFNS,One year,No,Mailed check
22814,2454-RPBRZ,Month-to-month,Yes,Electronic check
22815,2455-USLMV,Month-to-month,Yes,Credit card (automatic)
22816,2458-EOMRE,Month-to-month,No,Bank transfer (automatic)
22817,2460-FPSYH,Month-to-month,Yes,Electronic check
22818,2460-NGXBJ,Month-to-month,Yes,Credit card (automatic)
22819,2462-XIIJB,Month-to-month,Yes,Electronic check
22820,2465-BLLEU,Month-to-month,Yes,Mailed check
22821,2466-FCCPT,One year,No,Bank transfer (automatic)
22822,2466-NEJOJ,Month-to-month,No,Credit card (automatic)
22823,2468-SJFLM,Month-to-month,Yes,Mailed check
22824,2469-DTSGX,Two year,No,Electronic check
22825,2472-OVKUP,Month-to-month,Yes,Electronic check
22826,2474-BRUCM,Month-to-month,No,Electronic check
22827,2474-LCNUE,Month-to-month,Yes,Credit card (automatic)
22828,2475-MROZF,Month-to-month,Yes,Credit card (automatic)
22829,2476-YGEFM,Month-to-month,Yes,Credit card (automatic)
22830,2478-EEWWM,Month-to-month,Yes,Electronic check
22831,2479-BRAMR,Month-to-month,Yes,Bank transfer (automatic)
22832,2480-EJWYP,One year,Yes,Bank transfer (automatic)
22833,2480-JZOSN,Month-to-month,Yes,Mailed check
22834,2480-SQIOB,Month-to-month,No,Electronic check
22835,2481-SBOYW,Two year,Yes,Credit card (automatic)
22836,2482-CZGBB,Month-to-month,Yes,Electronic check
22837,2483-XSSMZ,One year,Yes,Electronic check
22838,2484-DGXPZ,Month-to-month,Yes,Mailed check
22839,2485-ITVKB,Month-to-month,Yes,Electronic check
22840,2486-WYVVE,One year,Yes,Mailed check
22841,2495-INZWQ,Month-to-month,Yes,Electronic check
22842,2495-KZNFB,Month-to-month,Yes,Electronic check
22843,2495-TTHBQ,One year,Yes,Mailed check
22844,2498-XLDZR,Two year,No,Mailed check
22845,2499-AJYUA,Two year,Yes,Credit card (automatic)
22846,2501-XWWTZ,Month-to-month,No,Electronic check
22847,2504-DSHIH,Month-to-month,No,Electronic check
22848,2506-CLAKW,Month-to-month,Yes,Bank transfer (automatic)
22849,2506-TNFCO,Month-to-month,Yes,Electronic check
22850,2507-QZPQS,Month-to-month,No,Electronic check
22851,2509-TFPJU,Two year,No,Credit card (automatic)
22852,2511-ALLCS,Two year,No,Bank transfer (automatic)
22853,2511-MORQY,One year,No,Bank transfer (automatic)
22854,2514-GINMM,Month-to-month,Yes,Electronic check
22855,2516-VQRRV,Month-to-month,Yes,Mailed check
22856,2516-XSJKX,Two year,No,Electronic check
22857,2519-ERQOJ,Month-to-month,Yes,Electronic check
22858,2519-FAKOD,Month-to-month,Yes,Bank transfer (automatic)
22859,2519-LBNQL,One year,Yes,Electronic check
22860,2519-TWKFS,One year,Yes,Mailed check
22861,2520-SGTTA,Two year,No,Mailed check
22862,2521-NPUZR,Two year,No,Credit card (automatic)
22863,2522-AHJXR,Month-to-month,Yes,Bank transfer (automatic)
22864,2522-WLNSF,One year,No,Bank transfer (automatic)
22865,2523-EWWZL,Month-to-month,Yes,Electronic check
22866,2525-GVKQU,Two year,No,Mailed check
22867,2528-HFYZX,Month-to-month,Yes,Electronic check
22868,2530-ENDWQ,Two year,Yes,Bank transfer (automatic)
22869,2530-FMFXO,Two year,Yes,Electronic check
22870,2533-QVMSK,Two year,Yes,Electronic check
22871,2533-TIBIX,Month-to-month,Yes,Bank transfer (automatic)
22872,2535-PBCGC,Two year,No,Bank transfer (automatic)
22873,2538-OIMXF,Month-to-month,No,Mailed check
22874,2541-YGPKE,One year,No,Credit card (automatic)
22875,2542-HYGIQ,Month-to-month,No,Credit card (automatic)
22876,2545-EBUPK,Month-to-month,Yes,Electronic check
22877,2545-LXYVJ,Two year,No,Bank transfer (automatic)
22878,2546-KZAAT,One year,Yes,Mailed check
22879,2550-AEVRU,One year,No,Electronic check
22880,2550-QHZGP,One year,No,Mailed check
22881,2558-BUOZZ,One year,No,Bank transfer (automatic)
22882,2560-PPCHE,One year,Yes,Bank transfer (automatic)
22883,2560-QTSBS,One year,Yes,Bank transfer (automatic)
22884,2560-WBWXF,Two year,Yes,Bank transfer (automatic)
22885,2565-JSLRY,Month-to-month,Yes,Mailed check
22886,2568-BRGYX,Month-to-month,Yes,Electronic check
22887,2568-OIADY,Month-to-month,Yes,Electronic check
22888,2569-WGERO,Two year,Yes,Bank transfer (automatic)
22889,2573-GYRUU,Month-to-month,Yes,Credit card (automatic)
22890,2575-GFSOE,Month-to-month,Yes,Electronic check
22891,2576-HXMPA,Month-to-month,No,Credit card (automatic)
22892,2577-GVSIL,One year,Yes,Bank transfer (automatic)
22893,2578-JQPHZ,Two year,No,Bank transfer (automatic)
22894,2580-ASVVY,Two year,No,Electronic check
22895,2580-ATZSQ,One year,No,Bank transfer (automatic)
22896,2581-VKIRT,One year,No,Mailed check
22897,2582-FFFZR,Month-to-month,Yes,Electronic check
22898,2585-KTFRE,Month-to-month,Yes,Bank transfer (automatic)
22899,2586-CWXVV,Month-to-month,No,Electronic check
22900,2587-EKXTS,Month-to-month,Yes,Electronic check
22901,2587-YNLES,Two year,No,Mailed check
22902,2589-AYCRP,One year,No,Bank transfer (automatic)
22903,2592-HODOV,One year,No,Credit card (automatic)
22904,2592-SEIFQ,Month-to-month,No,Electronic check
22905,2592-YKDIF,Month-to-month,No,Mailed check
22906,2595-KIWPV,Two year,No,Credit card (automatic)
22907,2599-CIPQE,Two year,No,Credit card (automatic)
22908,2599-CZABP,One year,No,Electronic check
22909,2603-HVKCG,Month-to-month,Yes,Electronic check
22910,2604-IJPDU,Month-to-month,Yes,Electronic check
22911,2604-XVDAM,Month-to-month,No,Bank transfer (automatic)
22912,2606-PKWJB,One year,No,Mailed check
22913,2606-RMDHZ,Month-to-month,Yes,Credit card (automatic)
22914,2607-DHDAK,Two year,Yes,Credit card (automatic)
22915,2607-FBDFF,Month-to-month,No,Credit card (automatic)
22916,2608-BHKFN,Month-to-month,Yes,Credit card (automatic)
22917,2609-IAICY,Month-to-month,Yes,Electronic check
22918,2612-PHGOX,Two year,Yes,Bank transfer (automatic)
22919,2612-RANWT,Month-to-month,Yes,Bank transfer (automatic)
22920,2612-RRIDN,Month-to-month,Yes,Electronic check
22921,2615-YVMYX,Month-to-month,Yes,Electronic check
22922,2616-FLVQC,Two year,No,Mailed check
22923,2616-UUTFK,Month-to-month,Yes,Bank transfer (automatic)
22924,2619-WFQWU,Month-to-month,Yes,Mailed check
22925,2621-UDNLU,Month-to-month,No,Mailed check
22926,2623-DRYAM,One year,Yes,Electronic check
22927,2625-TRCZQ,Month-to-month,Yes,Electronic check
22928,2626-URJFX,Month-to-month,Yes,Electronic check
22929,2626-VEEWG,Two year,Yes,Credit card (automatic)
22930,2632-IVXVF,Two year,No,Credit card (automatic)
22931,2632-TACXW,Two year,No,Bank transfer (automatic)
22932,2632-UCGVD,Month-to-month,Yes,Credit card (automatic)
22933,2634-HCZGT,One year,Yes,Electronic check
22934,2636-ALXXZ,Month-to-month,Yes,Electronic check
22935,2636-OHFMN,Month-to-month,Yes,Electronic check
22936,2636-SJDOU,One year,Yes,Credit card (automatic)
22937,2637-FKFSY,Month-to-month,Yes,Mailed check
22938,2639-UGMAZ,One year,Yes,Electronic check
22939,2640-LYMOV,Month-to-month,Yes,Mailed check
22940,2640-PMGFL,Month-to-month,Yes,Electronic check
22941,2642-DTVCO,Month-to-month,Yes,Electronic check
22942,2642-MAWLJ,Two year,No,Bank transfer (automatic)
22943,2645-QTLMB,Month-to-month,Yes,Electronic check
22944,2649-HWLYB,Two year,No,Bank transfer (automatic)
22945,2650-GYRYL,One year,Yes,Bank transfer (automatic)
22946,2651-ZCBXV,Two year,Yes,Credit card (automatic)
22947,2654-VBVPB,Month-to-month,No,Bank transfer (automatic)
22948,2656-FMOKZ,Month-to-month,Yes,Mailed check
22949,2656-TABEH,Month-to-month,Yes,Electronic check
22950,2657-ALMWY,Month-to-month,No,Electronic check
22951,2657-VPXTA,Month-to-month,Yes,Electronic check
22952,2659-VXMWZ,One year,Yes,Electronic check
22953,2660-EMUBI,Month-to-month,Yes,Electronic check
22954,2661-GKBTK,Two year,No,Bank transfer (automatic)
22955,2662-NNTDK,One year,No,Credit card (automatic)
22956,2664-XJZNO,Two year,Yes,Credit card (automatic)
22957,2665-NPTGL,Month-to-month,Yes,Bank transfer (automatic)
22958,2667-WYLWJ,One year,Yes,Mailed check
22959,2668-TZSPS,Month-to-month,No,Mailed check
22960,2669-OIDSD,Month-to-month,Yes,Credit card (automatic)
22961,2669-QVCRG,Month-to-month,Yes,Credit card (automatic)
22962,2672-DZUOY,Month-to-month,Yes,Electronic check
22963,2672-HUYVI,Month-to-month,Yes,Electronic check
22964,2672-OJQZP,Month-to-month,No,Mailed check
22965,2672-TGEFF,Month-to-month,Yes,Electronic check
22966,2673-CXQEU,One year,No,Electronic check
22967,2673-ZALNP,One year,No,Mailed check
22968,2674-MIAHT,Month-to-month,Yes,Mailed check
22969,2674-MLXMN,Month-to-month,Yes,Credit card (automatic)
22970,2675-DHUTR,Month-to-month,Yes,Electronic check
22971,2675-IJRGJ,Two year,No,Bank transfer (automatic)
22972,2675-OTVVJ,Month-to-month,No,Electronic check
22973,2676-ISHSF,Month-to-month,No,Mailed check
22974,2676-OXPPQ,Month-to-month,Yes,Bank transfer (automatic)
22975,2676-SSLTO,Two year,Yes,Bank transfer (automatic)
22976,2680-XKKNJ,One year,No,Bank transfer (automatic)
22977,2682-KEVRP,One year,Yes,Mailed check
22978,2683-BPJSO,Month-to-month,Yes,Electronic check
22979,2683-JXWQQ,Month-to-month,No,Bank transfer (automatic)
22980,2684-EIWEO,Month-to-month,No,Credit card (automatic)
22981,2685-SREOM,Month-to-month,Yes,Electronic check
22982,2688-BHGOG,Month-to-month,Yes,Electronic check
22983,2690-DVRVK,One year,No,Electronic check
22984,2691-NZETQ,Month-to-month,Yes,Electronic check
22985,2692-AQCPF,One year,Yes,Credit card (automatic)
22986,2692-BUCFV,Month-to-month,Yes,Bank transfer (automatic)
22987,2692-PFYTJ,Month-to-month,Yes,Mailed check
22988,2694-CIUMO,Month-to-month,Yes,Credit card (automatic)
22989,2696-ECXKC,One year,No,Mailed check
22990,2696-NARTR,Month-to-month,Yes,Electronic check
22991,2696-RZVZW,Two year,No,Credit card (automatic)
22992,2697-NQBPF,Month-to-month,Yes,Electronic check
22993,2700-LUEVA,Month-to-month,No,Credit card (automatic)
22994,2703-AMTUL,One year,No,Mailed check
22995,2706-QZIHY,Two year,No,Mailed check
22996,2709-UQGNP,Month-to-month,Yes,Mailed check
22997,2710-WYVXG,Two year,No,Mailed check
22998,2712-SYWAY,Month-to-month,Yes,Electronic check
22999,2716-GFZOR,Month-to-month,Yes,Credit card (automatic)
23000,2717-HVIZY,Month-to-month,No,Mailed check
23001,2718-GAXQD,Month-to-month,No,Electronic check
23002,2718-YSKCS,Two year,Yes,Bank transfer (automatic)
23003,2719-BDAQO,Month-to-month,No,Electronic check
23004,2720-FVBQP,Month-to-month,Yes,Credit card (automatic)
23005,2720-WGKHP,Month-to-month,Yes,Electronic check
23006,2722-JMONI,Month-to-month,Yes,Electronic check
23007,2722-VOJQL,One year,Yes,Credit card (automatic)
23008,2724-FJDYW,One year,No,Bank transfer (automatic)
23009,2725-IWWBA,One year,No,Mailed check
23010,2725-KXXWT,Month-to-month,Yes,Electronic check
23011,2725-TTRIQ,Two year,Yes,Bank transfer (automatic)
23012,2729-VNVAP,Two year,No,Credit card (automatic)
23013,2731-GJRDG,One year,Yes,Bank transfer (automatic)
23014,2732-ISEZX,Month-to-month,Yes,Mailed check
23015,2737-WFVYW,Month-to-month,Yes,Electronic check
23016,2737-YNGYW,Month-to-month,No,Electronic check
23017,2739-CACDQ,Month-to-month,Yes,Credit card (automatic)
23018,2739-CCZMB,Month-to-month,No,Credit card (automatic)
23019,2740-JFBOK,Month-to-month,Yes,Electronic check
23020,2740-TVLFN,Month-to-month,Yes,Electronic check
23021,2746-DIJLO,One year,Yes,Credit card (automatic)
23022,2748-MYRVK,One year,No,Bank transfer (automatic)
23023,2749-CTKAJ,One year,No,Mailed check
23024,2750-BJLSB,One year,Yes,Electronic check
23025,2753-JMMCV,Two year,Yes,Credit card (automatic)
23026,2754-SDJRD,Month-to-month,Yes,Credit card (automatic)
23027,2754-VDLTR,Month-to-month,No,Electronic check
23028,2754-XBHTB,Month-to-month,Yes,Bank transfer (automatic)
23029,2758-RNWXS,One year,Yes,Electronic check
23030,2761-OCIAX,Month-to-month,Yes,Electronic check
23031,2761-XECQW,Month-to-month,Yes,Mailed check
23032,2770-NSVDG,Month-to-month,No,Electronic check
23033,2773-MADBQ,Two year,Yes,Mailed check
23034,2773-OVBPK,Two year,Yes,Bank transfer (automatic)
23035,2774-LVQUS,Month-to-month,Yes,Electronic check
23036,2775-SEFEE,Two year,Yes,Bank transfer (automatic)
23037,2777-PHDEI,Month-to-month,No,Electronic check
23038,2778-OCLGR,Month-to-month,No,Bank transfer (automatic)
23039,2782-JEEBU,Month-to-month,Yes,Mailed check
23040,2782-LFZVW,Month-to-month,Yes,Mailed check
23041,2786-GCDPI,Month-to-month,Yes,Electronic check
23042,2788-CJQAQ,One year,No,Mailed check
23043,2789-CZANW,Two year,No,Bank transfer (automatic)
23044,2789-HQBOU,Month-to-month,Yes,Electronic check
23045,2790-XUYMV,One year,Yes,Credit card (automatic)
23046,2791-SFVEW,Month-to-month,No,Bank transfer (automatic)
23047,2792-LSHWX,Month-to-month,Yes,Mailed check
23048,2792-VPPET,Month-to-month,Yes,Electronic check
23049,2794-XIMMO,One year,Yes,Electronic check
23050,2796-NNUFI,Two year,Yes,Mailed check
23051,2796-UUZZO,Month-to-month,Yes,Credit card (automatic)
23052,2798-NYLMZ,Two year,Yes,Credit card (automatic)
23053,2799-ARNLO,Month-to-month,Yes,Electronic check
23054,2799-TSLAG,Two year,Yes,Bank transfer (automatic)
23055,2800-QQUSO,Month-to-month,Yes,Electronic check
23056,2800-VEQXM,Month-to-month,Yes,Mailed check
23057,2801-NISEI,Month-to-month,No,Electronic check
23058,2804-ETQDK,Two year,No,Mailed check
23059,2805-AUFQN,Two year,No,Credit card (automatic)
23060,2805-EDJPQ,One year,Yes,Credit card (automatic)
23061,2806-MLNTI,One year,Yes,Bank transfer (automatic)
23062,2808-CHTDM,Two year,No,Mailed check
23063,2809-ILCYT,One year,Yes,Mailed check
23064,2809-ZMYOQ,Month-to-month,Yes,Electronic check
23065,2810-FTLEM,Month-to-month,Yes,Electronic check
23066,2811-POVEX,Month-to-month,Yes,Bank transfer (automatic)
23067,2812-ENYMO,One year,No,Credit card (automatic)
23068,2812-REYAT,One year,Yes,Bank transfer (automatic)
23069,2812-SFXMJ,Month-to-month,No,Mailed check
23070,2815-CPTUL,Month-to-month,Yes,Mailed check
23071,2817-LVCPP,Two year,No,Credit card (automatic)
23072,2817-NTQDO,Month-to-month,Yes,Credit card (automatic)
23073,2819-GWENI,One year,No,Mailed check
23074,2821-WARNZ,One year,No,Credit card (automatic)
23075,2823-LKABH,Month-to-month,Yes,Bank transfer (automatic)
23076,2824-DXNKN,Two year,Yes,Bank transfer (automatic)
23077,2824-MYYBN,Month-to-month,Yes,Electronic check
23078,2826-DXLQO,Month-to-month,No,Bank transfer (automatic)
23079,2826-UWHIS,Month-to-month,No,Bank transfer (automatic)
23080,2828-SLQPF,Month-to-month,Yes,Bank transfer (automatic)
23081,2829-HYVZP,One year,Yes,Mailed check
23082,2830-LEWOA,One year,No,Credit card (automatic)
23083,2831-EBWRN,Month-to-month,Yes,Electronic check
23084,2832-KJCRD,Month-to-month,Yes,Electronic check
23085,2832-SCUCO,Month-to-month,No,Electronic check
23086,2833-SLKDQ,Month-to-month,No,Mailed check
23087,2834-JKOOW,One year,No,Mailed check
23088,2834-JRTUA,Two year,Yes,Electronic check
23089,2834-SPCJV,Month-to-month,No,Electronic check
23090,2839-RFSQE,Month-to-month,No,Mailed check
23091,2840-XANRC,Month-to-month,Yes,Electronic check
23092,2842-BCQGE,Month-to-month,Yes,Credit card (automatic)
23093,2842-JTCCU,Month-to-month,No,Bank transfer (automatic)
23094,2843-CQMEG,Month-to-month,Yes,Mailed check
23095,2845-AFFTX,Month-to-month,Yes,Electronic check
23096,2845-HSJCY,Month-to-month,Yes,Electronic check
23097,2845-KDHVX,Two year,Yes,Mailed check
23098,2848-YXSMW,Two year,No,Credit card (automatic)
23099,2851-MMUTZ,Month-to-month,Yes,Mailed check
23100,2851-STERV,One year,Yes,Electronic check
23101,2853-CWQFQ,Month-to-month,Yes,Mailed check
23102,2856-HYAPG,Month-to-month,No,Electronic check
23103,2856-NNASM,Month-to-month,Yes,Mailed check
23104,2858-EIMXH,One year,Yes,Credit card (automatic)
23105,2858-MOFSQ,One year,Yes,Mailed check
23106,2860-RANUS,Month-to-month,Yes,Credit card (automatic)
23107,2862-JVEOY,One year,No,Mailed check
23108,2862-PFNIK,Month-to-month,Yes,Electronic check
23109,2863-IMQDR,Two year,No,Electronic check
23110,2865-TCHJW,Month-to-month,Yes,Electronic check
23111,2866-IKBTM,Month-to-month,No,Mailed check
23112,2867-UIMSS,Month-to-month,No,Electronic check
23113,2868-LLSKM,One year,Yes,Bank transfer (automatic)
23114,2868-MZAGQ,Month-to-month,Yes,Electronic check
23115,2868-SNELZ,Month-to-month,No,Mailed check
23116,2869-ADAWR,Month-to-month,Yes,Credit card (automatic)
23117,2873-ZLIWT,Month-to-month,Yes,Electronic check
23118,2874-YXVVA,Month-to-month,Yes,Electronic check
23119,2876-GZYZC,Month-to-month,Yes,Electronic check
23120,2876-VBBBL,Month-to-month,Yes,Mailed check
23121,2877-VDUER,One year,No,Mailed check
23122,2878-DHMIN,One year,No,Electronic check
23123,2878-RMWXY,Two year,Yes,Credit card (automatic)
23124,2880-FPNAE,Month-to-month,Yes,Electronic check
23125,2882-DDZPG,Month-to-month,No,Bank transfer (automatic)
23126,2882-WDTBA,Two year,Yes,Bank transfer (automatic)
23127,2883-ILGWO,Month-to-month,Yes,Bank transfer (automatic)
23128,2884-GBPFB,Month-to-month,Yes,Electronic check
23129,2885-HIJDH,Two year,No,Bank transfer (automatic)
23130,2886-KEFUM,One year,Yes,Electronic check
23131,2887-JPYLU,Month-to-month,No,Bank transfer (automatic)
23132,2888-ADFAO,Two year,Yes,Bank transfer (automatic)
23133,2889-FPWRM,One year,Yes,Bank transfer (automatic)
23134,2890-WFBHU,One year,No,Credit card (automatic)
23135,2892-GESUL,Two year,No,Mailed check
23136,2894-QOJRX,Month-to-month,Yes,Bank transfer (automatic)
23137,2896-TBNBE,One year,No,Electronic check
23138,2897-DOVND,Month-to-month,Yes,Electronic check
23139,2898-LSJGD,One year,Yes,Electronic check
23140,2898-MRKPI,One year,Yes,Credit card (automatic)
23141,2900-PHPLN,Two year,Yes,Credit card (automatic)
23142,2903-YYTBW,Month-to-month,No,Electronic check
23143,2904-GGUAZ,Two year,Yes,Bank transfer (automatic)
23144,2905-KFQUV,Month-to-month,Yes,Credit card (automatic)
23145,2907-ILJBN,One year,No,Mailed check
23146,2908-WGAXL,Two year,Yes,Credit card (automatic)
23147,2908-ZTPNF,Month-to-month,Yes,Bank transfer (automatic)
23148,2911-IJORQ,One year,Yes,Bank transfer (automatic)
23149,2911-UREFD,Month-to-month,No,Electronic check
23150,2911-WDXMV,Month-to-month,Yes,Credit card (automatic)
23151,2916-BQZLN,Month-to-month,Yes,Electronic check
23152,2919-HBCJO,Month-to-month,Yes,Bank transfer (automatic)
23153,2920-RNCEZ,Month-to-month,Yes,Credit card (automatic)
23154,2921-XWDJH,Month-to-month,Yes,Electronic check
23155,2923-ARZLG,One year,Yes,Mailed check
23156,2924-KHUVI,One year,Yes,Electronic check
23157,2925-MXLSX,One year,Yes,Credit card (automatic)
23158,2925-VDZHY,Two year,No,Credit card (automatic)
23159,2926-JEJJC,One year,Yes,Bank transfer (automatic)
23160,2927-CVULT,Two year,Yes,Bank transfer (automatic)
23161,2927-QRRQV,One year,Yes,Electronic check
23162,2928-HLDBA,Month-to-month,No,Mailed check
23163,2929-ERCFZ,Month-to-month,Yes,Electronic check
23164,2929-QNSRW,One year,Yes,Electronic check
23165,2930-UOTMB,Month-to-month,No,Credit card (automatic)
23166,2931-FSOHN,Month-to-month,Yes,Electronic check
23167,2931-SVLTV,Month-to-month,Yes,Credit card (automatic)
23168,2931-VUVJN,One year,Yes,Electronic check
23169,2931-XIQBR,One year,No,Mailed check
23170,2933-FILNV,Month-to-month,Yes,Mailed check
23171,2933-XEUJM,Two year,No,Mailed check
23172,2937-FTHUR,Month-to-month,No,Electronic check
23173,2946-KIQSP,Month-to-month,Yes,Mailed check
23174,2947-DOMLJ,Month-to-month,No,Mailed check
23175,2951-QOQTK,Month-to-month,No,Credit card (automatic)
23176,2952-QAYZF,Month-to-month,Yes,Electronic check
23177,2954-PIBKO,Two year,Yes,Credit card (automatic)
23178,2955-BJZHG,Month-to-month,No,Electronic check
23179,2955-PSXOE,Month-to-month,Yes,Bank transfer (automatic)
23180,2956-GGUCQ,Month-to-month,Yes,Electronic check
23181,2957-JIRMN,One year,No,Electronic check
23182,2957-LOLHO,Month-to-month,Yes,Bank transfer (automatic)
23183,2958-NHPPS,Month-to-month,No,Electronic check
23184,2959-EEXWB,Month-to-month,Yes,Bank transfer (automatic)
23185,2959-FENLU,Month-to-month,Yes,Credit card (automatic)
23186,2959-MJHIC,Month-to-month,Yes,Electronic check
23187,2960-NKRSO,Month-to-month,Yes,Electronic check
23188,2961-VNFKL,Two year,Yes,Credit card (automatic)
23189,2962-XPMCQ,Month-to-month,Yes,Electronic check
23190,2967-MXRAV,One year,No,Mailed check
23191,2968-SSGAA,Month-to-month,Yes,Electronic check
23192,2969-QWUBZ,Month-to-month,No,Electronic check
23193,2969-VAPYH,One year,No,Credit card (automatic)
23194,2969-WGHQO,One year,No,Electronic check
23195,2971-SGAFL,Month-to-month,Yes,Electronic check
23196,2972-YDYUW,One year,No,Electronic check
23197,2974-GGUXS,Month-to-month,Yes,Credit card (automatic)
23198,2977-CEBSX,Two year,Yes,Credit card (automatic)
23199,2978-XXSOG,Month-to-month,Yes,Mailed check
23200,2979-SXESE,Month-to-month,No,Electronic check
23201,2982-IHMFT,Month-to-month,Yes,Mailed check
23202,2982-VPSGI,Month-to-month,Yes,Electronic check
23203,2983-ZANRP,Month-to-month,Yes,Bank transfer (automatic)
23204,2984-AFWNC,Month-to-month,No,Electronic check
23205,2984-MIIZL,Month-to-month,Yes,Bank transfer (automatic)
23206,2984-RGEYA,Two year,No,Bank transfer (automatic)
23207,2984-TBYKU,Two year,Yes,Credit card (automatic)
23208,2985-FMWYF,Month-to-month,Yes,Electronic check
23209,2985-JUUBZ,Month-to-month,Yes,Electronic check
23210,2987-BJXIK,Two year,No,Mailed check
23211,2988-GBIVW,Month-to-month,Yes,Electronic check
23212,2988-PLAHS,One year,Yes,Electronic check
23213,2988-QRAJY,Two year,Yes,Credit card (automatic)
23214,2990-HWIML,Month-to-month,Yes,Electronic check
23215,2990-IAJSV,Two year,No,Bank transfer (automatic)
23216,2990-OGYTD,Two year,No,Bank transfer (automatic)
23217,2995-UPRYS,One year,Yes,Credit card (automatic)
23218,2995-YWTCD,Two year,Yes,Bank transfer (automatic)
23219,2996-XAUVF,Two year,Yes,Mailed check
23220,2999-AANRQ,Two year,No,Credit card (automatic)
23221,3001-CBHLQ,Month-to-month,Yes,Electronic check
23222,3001-UNBTL,Month-to-month,Yes,Electronic check
23223,3002-WQZWT,Month-to-month,Yes,Electronic check
23224,3003-CMDUU,Month-to-month,Yes,Electronic check
23225,3005-NFMTA,Month-to-month,Yes,Electronic check
23226,3005-TYFRD,Month-to-month,Yes,Credit card (automatic)
23227,3006-XIMLN,Month-to-month,Yes,Bank transfer (automatic)
23228,3007-FDPEA,Month-to-month,Yes,Bank transfer (automatic)
23229,3009-JWMPU,One year,Yes,Electronic check
23230,3011-WQKSZ,Month-to-month,Yes,Electronic check
23231,3012-VFFMN,Month-to-month,No,Mailed check
23232,3014-WJKSM,Month-to-month,Yes,Credit card (automatic)
23233,3016-KSVCP,Month-to-month,No,Mailed check
23234,3018-TFTSU,Month-to-month,No,Bank transfer (automatic)
23235,3021-VLNRJ,One year,Yes,Credit card (automatic)
23236,3022-BEXHZ,Two year,Yes,Bank transfer (automatic)
23237,3023-GFLBR,Month-to-month,No,Credit card (automatic)
23238,3026-ATZYV,One year,No,Bank transfer (automatic)
23239,3027-YNWZU,Two year,No,Credit card (automatic)
23240,3027-ZTDHO,Month-to-month,Yes,Electronic check
23241,3030-YDNRM,Month-to-month,Yes,Electronic check
23242,3030-YZADT,Month-to-month,No,Mailed check
23243,3030-ZKIWL,Month-to-month,No,Mailed check
23244,3034-ZBEQN,One year,No,Mailed check
23245,3038-PQIUY,Month-to-month,Yes,Bank transfer (automatic)
23246,3039-MJSLN,Month-to-month,No,Bank transfer (automatic)
23247,3043-SUDUA,Month-to-month,No,Bank transfer (automatic)
23248,3043-TYBNO,Month-to-month,No,Mailed check
23249,3045-XETSH,Month-to-month,Yes,Electronic check
23250,3049-NDXFL,Month-to-month,No,Mailed check
23251,3049-SOLAY,Month-to-month,Yes,Electronic check
23252,3050-GBUSH,Month-to-month,Yes,Credit card (automatic)
23253,3050-RLLXC,Two year,No,Credit card (automatic)
23254,3055-MJDSB,Month-to-month,Yes,Mailed check
23255,3055-OYMSE,Month-to-month,Yes,Credit card (automatic)
23256,3055-VTCGS,One year,No,Credit card (automatic)
23257,3057-VJJQE,Two year,No,Mailed check
23258,3058-HJCUY,One year,Yes,Electronic check
23259,3058-WQDRE,Month-to-month,Yes,Bank transfer (automatic)
23260,3059-NGMXB,Month-to-month,No,Mailed check
23261,3061-BCKYI,Month-to-month,No,Mailed check
23262,3062-ICYZQ,Month-to-month,Yes,Electronic check
23263,3063-QFSZL,Month-to-month,Yes,Electronic check
23264,3066-RRJIO,Month-to-month,Yes,Mailed check
23265,3067-SVMTC,One year,No,Bank transfer (automatic)
23266,3068-OMWZA,Month-to-month,Yes,Electronic check
23267,3069-SSVSN,One year,No,Mailed check
23268,3070-BDOQC,Two year,Yes,Electronic check
23269,3070-DVEYC,Month-to-month,No,Mailed check
23270,3070-FNFZQ,Two year,No,Bank transfer (automatic)
23271,3071-MVJCD,Two year,No,Bank transfer (automatic)
23272,3071-VBYPO,Month-to-month,No,Electronic check
23273,3074-GQWYX,Month-to-month,Yes,Bank transfer (automatic)
23274,3077-RSNTJ,Month-to-month,No,Mailed check
23275,3078-ZKNTS,Two year,Yes,Bank transfer (automatic)
23276,3079-BCHLN,One year,No,Bank transfer (automatic)
23277,3082-VQXNH,Month-to-month,No,Credit card (automatic)
23278,3082-WQRVY,One year,No,Mailed check
23279,3082-YVEKW,Two year,Yes,Bank transfer (automatic)
23280,3084-DOWLE,Two year,No,Bank transfer (automatic)
23281,3085-QUOZK,Month-to-month,No,Mailed check
23282,3086-RUCRN,Month-to-month,Yes,Bank transfer (automatic)
23283,3088-FVYWK,Two year,No,Credit card (automatic)
23284,3088-LHEFH,Month-to-month,Yes,Bank transfer (automatic)
23285,3090-HAWSU,Two year,Yes,Credit card (automatic)
23286,3090-LETTY,Month-to-month,No,Bank transfer (automatic)
23287,3090-QFUVD,Month-to-month,No,Credit card (automatic)
23288,3091-FYHKI,Month-to-month,Yes,Electronic check
23289,3092-IGHWF,One year,No,Electronic check
23290,3094-JOJAI,Month-to-month,No,Mailed check
23291,3096-GKWEB,Month-to-month,Yes,Electronic check
23292,3096-IZETN,Month-to-month,No,Bank transfer (automatic)
23293,3096-JRDSO,Month-to-month,Yes,Bank transfer (automatic)
23294,3096-WPXBT,One year,Yes,Credit card (automatic)
23295,3096-YXENJ,Two year,Yes,Bank transfer (automatic)
23296,3097-FQTVJ,Two year,No,Mailed check
23297,3097-IDVPU,Month-to-month,No,Credit card (automatic)
23298,3097-NNSPB,Month-to-month,Yes,Credit card (automatic)
23299,3097-NQYSN,Month-to-month,Yes,Mailed check
23300,3097-PYWXL,Month-to-month,Yes,Electronic check
23301,3099-OONVS,Month-to-month,No,Electronic check
23302,3104-OWCGK,One year,No,Electronic check
23303,3106-ULWFW,Month-to-month,Yes,Credit card (automatic)
23304,3108-PCCGG,Two year,No,Credit card (automatic)
23305,3113-IWHLC,Month-to-month,Yes,Mailed check
23306,3115-CZMZD,Two year,No,Mailed check
23307,3115-JPJDD,One year,Yes,Credit card (automatic)
23308,3118-UHVVQ,Two year,No,Credit card (automatic)
23309,3120-FAZKD,Two year,Yes,Bank transfer (automatic)
23310,3125-RAHBV,One year,No,Credit card (automatic)
23311,3126-WQMGH,Month-to-month,Yes,Credit card (automatic)
23312,3128-YOVTD,Month-to-month,Yes,Bank transfer (automatic)
23313,3129-AAQOU,Two year,No,Mailed check
23314,3130-ICDUP,Month-to-month,No,Credit card (automatic)
23315,3131-NWVFJ,One year,No,Mailed check
23316,3132-TVFDZ,Month-to-month,Yes,Electronic check
23317,3133-PZNSR,Two year,Yes,Credit card (automatic)
23318,3134-DSHVC,Two year,No,Credit card (automatic)
23319,3137-LUPIX,Month-to-month,Yes,Mailed check
23320,3137-NYQQI,One year,No,Mailed check
23321,3138-BKYAV,Month-to-month,Yes,Electronic check
23322,3143-ILDAL,Month-to-month,Yes,Electronic check
23323,3143-JQEGI,Month-to-month,No,Electronic check
23324,3144-AUDBS,Month-to-month,Yes,Electronic check
23325,3144-KMTWZ,Month-to-month,Yes,Bank transfer (automatic)
23326,3146-JTQHR,One year,No,Bank transfer (automatic)
23327,3146-MSEGF,Two year,Yes,Credit card (automatic)
23328,3148-AOIQT,Two year,Yes,Credit card (automatic)
23329,3148-BLQJT,Month-to-month,No,Mailed check
23330,3154-CFSZG,Month-to-month,No,Electronic check
23331,3154-HMWUU,Two year,Yes,Bank transfer (automatic)
23332,3156-QLHBO,Month-to-month,No,Mailed check
23333,3158-MOERK,Month-to-month,Yes,Electronic check
23334,3160-TYXLT,Month-to-month,Yes,Bank transfer (automatic)
23335,3161-GETRM,Month-to-month,Yes,Credit card (automatic)
23336,3161-ONRWK,One year,Yes,Bank transfer (automatic)
23337,3162-KKZXO,One year,Yes,Electronic check
23338,3162-ZJZFU,Month-to-month,Yes,Electronic check
23339,3164-AALRN,One year,Yes,Mailed check
23340,3164-YAXFY,Month-to-month,Yes,Electronic check
23341,3165-HDOEW,Month-to-month,Yes,Mailed check
23342,3166-PNEOF,Two year,No,Credit card (automatic)
23343,3167-SNQPL,Month-to-month,No,Electronic check
23344,3170-GWYKC,Month-to-month,Yes,Bank transfer (automatic)
23345,3170-NMYVV,Two year,No,Bank transfer (automatic)
23346,3173-NVMPX,Month-to-month,Yes,Mailed check
23347,3173-WSSUE,Two year,No,Credit card (automatic)
23348,3174-AKMAS,Two year,Yes,Credit card (automatic)
23349,3174-RKMOW,Month-to-month,Yes,Electronic check
23350,3177-LASXD,Month-to-month,No,Electronic check
23351,3178-CIFOT,One year,Yes,Credit card (automatic)
23352,3178-FESZO,Month-to-month,Yes,Credit card (automatic)
23353,3179-GBRWV,Month-to-month,Yes,Bank transfer (automatic)
23354,3181-MIZBN,Month-to-month,No,Electronic check
23355,3181-VTHOE,One year,Yes,Bank transfer (automatic)
23356,3186-AJIEK,Two year,Yes,Bank transfer (automatic)
23357,3186-BAXNB,Month-to-month,No,Electronic check
23358,3190-FZATL,Month-to-month,No,Mailed check
23359,3190-ITQXP,Two year,No,Bank transfer (automatic)
23360,3190-XFANI,One year,Yes,Bank transfer (automatic)
23361,3191-CSNMG,Month-to-month,Yes,Electronic check
23362,3192-LNKRK,Month-to-month,Yes,Mailed check
23363,3192-NQECA,Two year,Yes,Bank transfer (automatic)
23364,3194-ORPIK,Month-to-month,Yes,Bank transfer (automatic)
23365,3195-TQDZX,Month-to-month,Yes,Electronic check
23366,3196-NVXLZ,Month-to-month,Yes,Mailed check
23367,3197-ARFOY,Month-to-month,Yes,Mailed check
23368,3197-NNYNB,Two year,No,Credit card (automatic)
23369,3198-VELRD,Month-to-month,Yes,Bank transfer (automatic)
23370,3199-NPKCN,One year,Yes,Electronic check
23371,3199-XGZCY,Month-to-month,Yes,Electronic check
23372,3200-MNQTF,Two year,No,Credit card (automatic)
23373,3205-MXZRA,One year,No,Credit card (automatic)
23374,3207-OYBWH,Month-to-month,Yes,Bank transfer (automatic)
23375,3208-YPIOE,Month-to-month,No,Electronic check
23376,3209-ZPKFI,Month-to-month,No,Electronic check
23377,3211-AAPKX,Month-to-month,Yes,Mailed check
23378,3211-ILJTT,Month-to-month,Yes,Bank transfer (automatic)
23379,3212-KXOCR,Two year,No,Bank transfer (automatic)
23380,3213-VVOLG,Two year,No,Mailed check
23381,3214-IYUUQ,One year,No,Bank transfer (automatic)
23382,3217-FZDMN,Month-to-month,Yes,Credit card (automatic)
23383,3219-JQRSL,Two year,No,Credit card (automatic)
23384,3221-CJMSG,Month-to-month,Yes,Credit card (automatic)
23385,3223-DWFIO,Month-to-month,No,Electronic check
23386,3223-WZWJM,Month-to-month,Yes,Electronic check
23387,3224-DFQNQ,One year,No,Electronic check
23388,3227-WLKLI,Two year,No,Bank transfer (automatic)
23389,3229-USWAR,One year,Yes,Bank transfer (automatic)
23390,3230-IUALN,Two year,Yes,Mailed check
23391,3230-JCNZS,Two year,Yes,Credit card (automatic)
23392,3230-WYKIR,One year,Yes,Credit card (automatic)
23393,3234-VKACU,Month-to-month,No,Electronic check
23394,3235-ETOOB,Month-to-month,Yes,Electronic check
23395,3237-AJGEH,Month-to-month,Yes,Mailed check
23396,3239-TPHPZ,Two year,Yes,Electronic check
23397,3243-ZHOHY,One year,No,Mailed check
23398,3244-CQPHU,Two year,Yes,Bank transfer (automatic)
23399,3244-DCJWY,Month-to-month,Yes,Electronic check
23400,3247-MHJKM,Month-to-month,No,Mailed check
23401,3247-ZVOUO,Month-to-month,No,Electronic check
23402,3249-VHRIP,Two year,Yes,Credit card (automatic)
23403,3249-ZPQRG,Month-to-month,No,Electronic check
23404,3251-YMVWZ,One year,No,Bank transfer (automatic)
23405,3253-HKOKL,One year,No,Electronic check
23406,3254-YRILK,Month-to-month,Yes,Electronic check
23407,3255-GRXMG,Month-to-month,Yes,Credit card (automatic)
23408,3256-EZDBI,Month-to-month,Yes,Credit card (automatic)
23409,3258-SANFR,Month-to-month,No,Credit card (automatic)
23410,3258-SYSWS,Two year,No,Bank transfer (automatic)
23411,3258-ZKPAI,Two year,Yes,Bank transfer (automatic)
23412,3259-FDWOY,Two year,Yes,Bank transfer (automatic)
23413,3259-KNMRR,Two year,Yes,Bank transfer (automatic)
23414,3259-QMXUN,Two year,Yes,Electronic check
23415,3261-CQXOL,Two year,No,Bank transfer (automatic)
23416,3262-EIDHV,Two year,No,Credit card (automatic)
23417,3266-FTKHB,Two year,No,Mailed check
23418,3269-ATYWD,Month-to-month,Yes,Bank transfer (automatic)
23419,3272-VUHPV,Month-to-month,No,Bank transfer (automatic)
23420,3274-NSDWE,Two year,No,Credit card (automatic)
23421,3275-RHRNE,One year,Yes,Credit card (automatic)
23422,3276-HDUEG,Month-to-month,Yes,Mailed check
23423,3278-FSIXX,Month-to-month,Yes,Mailed check
23424,3279-DYZQM,Two year,No,Mailed check
23425,3280-MRDOF,Two year,Yes,Credit card (automatic)
23426,3280-NMUVX,One year,No,Credit card (automatic)
23427,3282-ZISZV,One year,No,Credit card (automatic)
23428,3283-WCWXT,Two year,No,Mailed check
23429,3284-SVCRO,Two year,No,Mailed check
23430,3285-UCQVC,Month-to-month,No,Credit card (automatic)
23431,3292-PBZEJ,Month-to-month,Yes,Electronic check
23432,3295-YVUSR,Month-to-month,Yes,Mailed check
23433,3296-SILRA,Month-to-month,Yes,Mailed check
23434,3298-QEICA,Two year,No,Mailed check
23435,3301-LSLWQ,Month-to-month,Yes,Electronic check
23436,3301-VKTGC,One year,Yes,Bank transfer (automatic)
23437,3307-TLCUD,Month-to-month,No,Mailed check
23438,3308-DGHKL,Two year,Yes,Bank transfer (automatic)
23439,3308-JSGML,Two year,Yes,Credit card (automatic)
23440,3308-MHOOC,Month-to-month,Yes,Mailed check
23441,3312-UUMZW,Month-to-month,Yes,Credit card (automatic)
23442,3312-ZWLGF,Month-to-month,Yes,Electronic check
23443,3313-QKNKB,One year,No,Electronic check
23444,3315-IKYZQ,One year,No,Mailed check
23445,3315-TOTBP,Month-to-month,Yes,Mailed check
23446,3316-UWXUY,Month-to-month,Yes,Credit card (automatic)
23447,3317-HRTNN,Month-to-month,No,Electronic check
23448,3317-VLGQT,Month-to-month,Yes,Electronic check
23449,3318-ISQFQ,Month-to-month,Yes,Bank transfer (automatic)
23450,3318-NMQXL,Month-to-month,Yes,Electronic check
23451,3318-OSATS,Month-to-month,Yes,Electronic check
23452,3319-DWOEP,Month-to-month,Yes,Electronic check
23453,3320-VEOYC,Month-to-month,Yes,Electronic check
23454,3323-CPBWR,Month-to-month,Yes,Credit card (automatic)
23455,3324-OIRTO,One year,Yes,Bank transfer (automatic)
23456,3325-FUYCG,One year,No,Electronic check
23457,3327-YBAKM,One year,Yes,Mailed check
23458,3329-WDIOK,Month-to-month,Yes,Electronic check
23459,3331-HQDTW,Month-to-month,Yes,Mailed check
23460,3334-CTHOL,Month-to-month,Yes,Bank transfer (automatic)
23461,3336-JORSO,Month-to-month,Yes,Electronic check
23462,3338-CVVEH,Month-to-month,No,Electronic check
23463,3339-EAQNV,One year,Yes,Credit card (automatic)
23464,3340-QBBFM,One year,No,Credit card (automatic)
23465,3345-JHUEO,Month-to-month,Yes,Electronic check
23466,3345-PBBFH,Month-to-month,Yes,Bank transfer (automatic)
23467,3346-BRMIS,Month-to-month,Yes,Electronic check
23468,3347-YJZZE,Month-to-month,No,Credit card (automatic)
23469,3348-CFRNX,Month-to-month,Yes,Mailed check
23470,3349-ANQNH,One year,Yes,Electronic check
23471,3351-NGXYI,Month-to-month,Yes,Electronic check
23472,3351-NQLDI,One year,Yes,Credit card (automatic)
23473,3352-ALMCK,Month-to-month,Yes,Mailed check
23474,3352-RICWQ,Two year,No,Mailed check
23475,3354-OADJP,One year,No,Bank transfer (automatic)
23476,3359-DSRKA,Two year,Yes,Mailed check
23477,3363-DTIVD,Two year,No,Electronic check
23478,3363-EWLGO,Month-to-month,No,Mailed check
23479,3365-SAIGS,Month-to-month,Yes,Electronic check
23480,3370-GQEAL,Month-to-month,No,Electronic check
23481,3370-HXOPH,Month-to-month,No,Electronic check
23482,3372-CDXFJ,One year,No,Bank transfer (automatic)
23483,3372-KWFBM,Month-to-month,Yes,Electronic check
23484,3373-DIUUN,Two year,No,Mailed check
23485,3373-YZZYM,Month-to-month,No,Mailed check
23486,3374-LXDEV,Month-to-month,No,Electronic check
23487,3374-PZLXD,Month-to-month,No,Mailed check
23488,3374-TTZTK,Two year,Yes,Electronic check
23489,3376-BMGFE,Month-to-month,Yes,Bank transfer (automatic)
23490,3378-AJRAO,One year,No,Electronic check
23491,3384-CTMSF,Month-to-month,Yes,Electronic check
23492,3387-PLKUI,Month-to-month,No,Mailed check
23493,3387-VATUS,Month-to-month,Yes,Bank transfer (automatic)
23494,3389-KTRXV,Two year,No,Mailed check
23495,3389-YGYAI,Month-to-month,Yes,Electronic check
23496,3391-JSQEW,Month-to-month,Yes,Mailed check
23497,3392-EHMNK,Two year,No,Credit card (automatic)
23498,3393-FMZPV,Month-to-month,Yes,Electronic check
23499,3396-DKDEL,Two year,Yes,Credit card (automatic)
23500,3397-AVTKU,Two year,Yes,Electronic check
23501,3398-FSHON,Month-to-month,Yes,Electronic check
23502,3398-GCPMU,Two year,Yes,Credit card (automatic)
23503,3398-ZOUAA,Month-to-month,Yes,Electronic check
23504,3399-BMLVW,Two year,No,Credit card (automatic)
23505,3400-ESFUW,Two year,No,Bank transfer (automatic)
23506,3401-URHDA,One year,No,Credit card (automatic)
23507,3402-XRIUO,Month-to-month,Yes,Mailed check
23508,3404-JNXAX,Month-to-month,Yes,Electronic check
23509,3407-JMJQQ,Two year,Yes,Bank transfer (automatic)
23510,3407-QGWLG,Month-to-month,Yes,Mailed check
23511,3410-MHHUM,One year,No,Electronic check
23512,3410-YOQBQ,Two year,No,Mailed check
23513,3411-WLRSQ,Month-to-month,Yes,Bank transfer (automatic)
23514,3413-BMNZE,Month-to-month,No,Bank transfer (automatic)
23515,3413-CSSTH,Month-to-month,Yes,Bank transfer (automatic)
23516,3413-DHLPB,Month-to-month,Yes,Bank transfer (automatic)
23517,3415-TAILE,Month-to-month,No,Mailed check
23518,3417-TSCIC,One year,Yes,Mailed check
23519,3419-SNJJD,Month-to-month,No,Bank transfer (automatic)
23520,3420-YJLQT,Month-to-month,No,Electronic check
23521,3420-ZDBMA,Month-to-month,Yes,Mailed check
23522,3422-GALYP,Month-to-month,Yes,Electronic check
23523,3422-LYEPQ,Month-to-month,Yes,Electronic check
23524,3422-WJOYD,One year,No,Mailed check
23525,3423-HHXAO,One year,Yes,Mailed check
23526,3424-NMNBO,One year,Yes,Electronic check
23527,3426-NIYYL,Month-to-month,No,Electronic check
23528,3427-GGZZI,Month-to-month,Yes,Electronic check
23529,3428-MMGUB,Two year,Yes,Electronic check
23530,3428-XZMAZ,Month-to-month,Yes,Electronic check
23531,3429-IFLEM,Two year,No,Credit card (automatic)
23532,3439-GVUSX,Month-to-month,No,Mailed check
23533,3440-JPSCL,Month-to-month,Yes,Mailed check
23534,3441-CGZJH,One year,Yes,Credit card (automatic)
23535,3442-ZHHCC,One year,Yes,Credit card (automatic)
23536,3445-HXXGF,Month-to-month,Yes,Electronic check
23537,3446-QDSZF,Month-to-month,No,Credit card (automatic)
23538,3450-WXOAT,Month-to-month,Yes,Credit card (automatic)
23539,3451-VAWLI,Two year,No,Credit card (automatic)
23540,3452-ABWRL,Month-to-month,Yes,Credit card (automatic)
23541,3452-FLHYD,One year,Yes,Bank transfer (automatic)
23542,3452-GWUIN,Month-to-month,Yes,Electronic check
23543,3452-SRFEG,Month-to-month,Yes,Bank transfer (automatic)
23544,3453-RTHJQ,Month-to-month,Yes,Electronic check
23545,3454-JFUBC,Two year,Yes,Credit card (automatic)
23546,3457-PQBYH,Two year,No,Credit card (automatic)
23547,3458-IDMFK,Two year,Yes,Mailed check
23548,3460-TJBWI,Two year,No,Mailed check
23549,3462-BJQQA,Month-to-month,Yes,Electronic check
23550,3466-BYAVD,Month-to-month,Yes,Mailed check
23551,3466-RITXD,Month-to-month,Yes,Credit card (automatic)
23552,3466-WAESX,Month-to-month,Yes,Electronic check
23553,3468-DRVQJ,One year,No,Electronic check
23554,3470-BTGQO,Month-to-month,No,Mailed check
23555,3470-OBUET,Two year,No,Credit card (automatic)
23556,3472-OAOOR,Month-to-month,Yes,Mailed check
23557,3472-QPRCH,Two year,No,Credit card (automatic)
23558,3473-XIIIT,Month-to-month,Yes,Electronic check
23559,3474-BAFSJ,Two year,Yes,Bank transfer (automatic)
23560,3481-JHUZH,Month-to-month,Yes,Electronic check
23561,3482-ABPKK,One year,No,Mailed check
23562,3486-HOOGQ,Two year,No,Bank transfer (automatic)
23563,3486-KHMLI,Month-to-month,No,Mailed check
23564,3486-NPGST,One year,No,Mailed check
23565,3487-EARAT,One year,No,Credit card (automatic)
23566,3488-PGMQJ,Month-to-month,Yes,Electronic check
23567,3489-HHPFY,Month-to-month,Yes,Electronic check
23568,3489-VSFRD,One year,Yes,Credit card (automatic)
23569,3494-JCHRQ,Month-to-month,Yes,Electronic check
23570,3496-LFSZU,Month-to-month,No,Electronic check
23571,3498-LZGQZ,Two year,Yes,Mailed check
23572,3500-NSDOA,Two year,No,Credit card (automatic)
23573,3500-RMZLT,Month-to-month,Yes,Mailed check
23574,3503-TYDAY,Month-to-month,No,Electronic check
23575,3506-LCJDC,Month-to-month,No,Bank transfer (automatic)
23576,3506-OVLKD,One year,No,Bank transfer (automatic)
23577,3507-GASNP,Two year,No,Mailed check
23578,3508-CFVZL,Two year,No,Mailed check
23579,3508-VLHCZ,Two year,Yes,Credit card (automatic)
23580,3509-GWQGF,Month-to-month,No,Credit card (automatic)
23581,3511-APPBJ,One year,Yes,Credit card (automatic)
23582,3511-BFTJW,Two year,No,Credit card (automatic)
23583,3512-IZIKN,Two year,No,Credit card (automatic)
23584,3518-FSTWG,Two year,Yes,Bank transfer (automatic)
23585,3518-PZXZQ,Month-to-month,Yes,Mailed check
23586,3519-ZKXGG,Month-to-month,Yes,Electronic check
23587,3520-FJGCV,Two year,Yes,Credit card (automatic)
23588,3521-HTQTV,Two year,No,Bank transfer (automatic)
23589,3521-MNKLV,Month-to-month,Yes,Mailed check
23590,3521-SYVOR,Month-to-month,Yes,Electronic check
23591,3522-CDKHF,Month-to-month,Yes,Bank transfer (automatic)
23592,3523-BRGUW,One year,No,Credit card (automatic)
23593,3523-QRQLL,One year,Yes,Bank transfer (automatic)
23594,3524-WQDSG,Month-to-month,Yes,Bank transfer (automatic)
23595,3525-DVKFN,Two year,No,Mailed check
23596,3528-HFRIQ,Month-to-month,Yes,Bank transfer (automatic)
23597,3530-CRZSB,Month-to-month,No,Mailed check
23598,3530-VWVGU,Month-to-month,No,Mailed check
23599,3533-UVMOM,Two year,No,Bank transfer (automatic)
23600,3536-IQCTX,Month-to-month,No,Electronic check
23601,3537-HPKQT,Month-to-month,Yes,Credit card (automatic)
23602,3537-RYBHH,Month-to-month,Yes,Credit card (automatic)
23603,3538-WZPHD,Month-to-month,Yes,Electronic check
23604,3540-RZJYU,Month-to-month,No,Electronic check
23605,3541-ZNUHK,Month-to-month,Yes,Electronic check
23606,3544-FBCAS,Two year,Yes,Credit card (automatic)
23607,3545-CNWRG,Month-to-month,Yes,Electronic check
23608,3546-GHEAE,Two year,No,Mailed check
23609,3547-LQRIK,One year,No,Electronic check
23610,3549-ZTMNH,Two year,Yes,Bank transfer (automatic)
23611,3550-SAHFP,Month-to-month,Yes,Electronic check
23612,3551-GAEGL,One year,No,Bank transfer (automatic)
23613,3551-HUAZH,Month-to-month,Yes,Electronic check
23614,3552-CTCYF,Two year,Yes,Bank transfer (automatic)
23615,3556-BVQGL,One year,Yes,Mailed check
23616,3557-HTYWR,Two year,No,Mailed check
23617,3563-SVYLG,Two year,No,Credit card (automatic)
23618,3565-UNOCC,Month-to-month,Yes,Bank transfer (automatic)
23619,3566-CAAYU,Two year,No,Electronic check
23620,3566-HJGPK,Month-to-month,Yes,Mailed check
23621,3566-VVORZ,Month-to-month,No,Bank transfer (automatic)
23622,3567-PQTSO,One year,Yes,Electronic check
23623,3569-EDBPQ,Month-to-month,Yes,Electronic check
23624,3569-JFODW,Two year,No,Credit card (automatic)
23625,3569-VLDHH,One year,Yes,Electronic check
23626,3570-YUEKJ,Month-to-month,Yes,Electronic check
23627,3571-DPYUH,One year,Yes,Credit card (automatic)
23628,3571-RFHAR,Month-to-month,Yes,Electronic check
23629,3572-UOLYZ,Month-to-month,Yes,Bank transfer (automatic)
23630,3572-UUHRS,One year,No,Bank transfer (automatic)
23631,3577-AMVUX,Month-to-month,No,Mailed check
23632,3580-GICBM,Two year,Yes,Mailed check
23633,3580-HYCSP,Two year,Yes,Bank transfer (automatic)
23634,3580-REOAC,Month-to-month,Yes,Credit card (automatic)
23635,3583-EKAPL,Month-to-month,Yes,Electronic check
23636,3583-KRKMD,Month-to-month,Yes,Bank transfer (automatic)
23637,3584-WKTTW,One year,Yes,Electronic check
23638,3585-ISXZP,Month-to-month,No,Bank transfer (automatic)
23639,3585-YNADK,One year,No,Bank transfer (automatic)
23640,3587-PMCOY,One year,Yes,Electronic check
23641,3588-WSTTJ,Month-to-month,Yes,Electronic check
23642,3589-PPVKW,Month-to-month,Yes,Mailed check
23643,3590-TCXTB,Month-to-month,No,Mailed check
23644,3594-BDSOA,One year,No,Credit card (automatic)
23645,3594-IVHJZ,Month-to-month,Yes,Mailed check
23646,3594-KADLU,Month-to-month,No,Mailed check
23647,3594-UVONA,One year,Yes,Credit card (automatic)
23648,3597-MVHJT,Month-to-month,Yes,Bank transfer (automatic)
23649,3597-YASZG,Two year,Yes,Bank transfer (automatic)
23650,3604-WLABM,Month-to-month,No,Electronic check
23651,3605-JISKB,One year,No,Credit card (automatic)
23652,3606-SBKRY,One year,Yes,Electronic check
23653,3606-TWKGI,Month-to-month,Yes,Electronic check
23654,3612-YUNGG,Two year,Yes,Credit card (automatic)
23655,3612-YVGSJ,Two year,Yes,Credit card (automatic)
23656,3617-XLSGQ,Two year,No,Bank transfer (automatic)
23657,3620-EHIMZ,Two year,No,Mailed check
23658,3620-MWJNE,Month-to-month,Yes,Mailed check
23659,3621-CEOVK,Month-to-month,Yes,Electronic check
23660,3621-CHYVB,Month-to-month,Yes,Bank transfer (automatic)
23661,3623-FQBOX,Month-to-month,Yes,Mailed check
23662,3627-FCRDW,Month-to-month,No,Electronic check
23663,3627-FHKBK,Month-to-month,No,Mailed check
23664,3629-WEAAM,Month-to-month,No,Mailed check
23665,3629-ZNKXA,Month-to-month,Yes,Electronic check
23666,3633-CDBUW,One year,No,Electronic check
23667,3635-JBPSG,Two year,Yes,Mailed check
23668,3635-QQRQD,Two year,Yes,Credit card (automatic)
23669,3638-DIMPH,One year,No,Electronic check
23670,3638-VBZTA,Two year,Yes,Bank transfer (automatic)
23671,3638-WEABW,Two year,Yes,Credit card (automatic)
23672,3639-XJHKQ,Month-to-month,Yes,Electronic check
23673,3640-JQGJG,Month-to-month,No,Bank transfer (automatic)
23674,3640-PHQXK,Month-to-month,Yes,Electronic check
23675,3642-BYHDO,Two year,No,Bank transfer (automatic)
23676,3642-GKTCT,One year,Yes,Mailed check
23677,3643-AHCFP,Month-to-month,Yes,Bank transfer (automatic)
23678,3644-QXEHN,Month-to-month,No,Electronic check
23679,3645-DEYGF,Month-to-month,No,Mailed check
23680,3646-ITDGM,Two year,No,Bank transfer (automatic)
23681,3647-GMGDH,Month-to-month,Yes,Credit card (automatic)
23682,3648-GZPHF,One year,Yes,Mailed check
23683,3649-JPUGY,Two year,Yes,Bank transfer (automatic)
23684,3653-NCRDJ,One year,Yes,Mailed check
23685,3654-ARMGP,Two year,No,Credit card (automatic)
23686,3655-SNQYZ,Two year,No,Credit card (automatic)
23687,3656-TKRVZ,Month-to-month,No,Electronic check
23688,3657-COGMW,Month-to-month,No,Credit card (automatic)
23689,3658-KIBGF,Month-to-month,Yes,Electronic check
23690,3658-QQJYD,One year,Yes,Credit card (automatic)
23691,3662-FXJFO,Two year,Yes,Mailed check
23692,3663-MITLP,Month-to-month,Yes,Electronic check
23693,3665-JATSN,Month-to-month,Yes,Electronic check
23694,3668-QPYBK,Month-to-month,Yes,Mailed check
23695,3669-LVWZB,Month-to-month,Yes,Mailed check
23696,3669-OYSJI,Month-to-month,No,Credit card (automatic)
23697,3669-WHAFY,Two year,Yes,Credit card (automatic)
23698,3671-SHRSP,Month-to-month,Yes,Mailed check
23699,3672-YITQD,Month-to-month,Yes,Electronic check
23700,3675-EQOZA,Month-to-month,No,Bank transfer (automatic)
23701,3675-YDUPJ,Month-to-month,Yes,Mailed check
23702,3677-IYRBF,Month-to-month,Yes,Electronic check
23703,3677-TNKIO,Month-to-month,Yes,Credit card (automatic)
23704,3678-MNGZX,Two year,No,Bank transfer (automatic)
23705,3679-XASPY,Month-to-month,No,Electronic check
23706,3680-CTHUH,One year,Yes,Credit card (automatic)
23707,3682-YEUWS,Month-to-month,Yes,Mailed check
23708,3683-QKIUE,Month-to-month,Yes,Bank transfer (automatic)
23709,3685-YLCMQ,One year,Yes,Electronic check
23710,3688-FTHLT,Month-to-month,Yes,Bank transfer (automatic)
23711,3689-MOZGR,Month-to-month,Yes,Electronic check
23712,3692-JHONH,One year,Yes,Electronic check
23713,3694-DELSO,Month-to-month,No,Credit card (automatic)
23714,3694-GLTJM,Month-to-month,Yes,Credit card (automatic)
23715,3696-DFHHB,Two year,No,Bank transfer (automatic)
23716,3696-XRIEN,One year,Yes,Credit card (automatic)
23717,3701-SFMUH,Month-to-month,No,Credit card (automatic)
23718,3703-KBKZP,Month-to-month,Yes,Bank transfer (automatic)
23719,3703-TTEPD,Month-to-month,No,Bank transfer (automatic)
23720,3703-VAVCL,Month-to-month,No,Credit card (automatic)
23721,3704-IEAXF,Two year,No,Credit card (automatic)
23722,3705-PSNGL,One year,Yes,Electronic check
23723,3705-RHRFR,Two year,No,Bank transfer (automatic)
23724,3707-GNWHM,Month-to-month,Yes,Mailed check
23725,3707-LRWZD,One year,No,Electronic check
23726,3709-OIJEA,One year,Yes,Electronic check
23727,3712-PKXZA,One year,Yes,Credit card (automatic)
23728,3714-JTVOV,Month-to-month,Yes,Credit card (automatic)
23729,3714-NTNFO,Month-to-month,Yes,Electronic check
23730,3714-XPXBW,Month-to-month,Yes,Credit card (automatic)
23731,3716-BDVDB,Month-to-month,Yes,Electronic check
23732,3716-LRGXK,Two year,No,Credit card (automatic)
23733,3716-UVSPD,Month-to-month,Yes,Electronic check
23734,3717-FDJFU,Two year,No,Mailed check
23735,3717-LNXKW,Month-to-month,No,Bank transfer (automatic)
23736,3717-OEAUQ,Month-to-month,No,Mailed check
23737,3717-OFRTN,Month-to-month,No,Bank transfer (automatic)
23738,3719-TDVQB,Two year,Yes,Mailed check
23739,3720-DBRWL,Two year,Yes,Credit card (automatic)
23740,3721-CNEYS,Month-to-month,Yes,Electronic check
23741,3721-CNZHX,One year,No,Mailed check
23742,3721-WKIIL,Two year,Yes,Mailed check
23743,3722-WPXTK,Month-to-month,Yes,Electronic check
23744,3723-BFBGR,Month-to-month,No,Credit card (automatic)
23745,3724-BSCVH,One year,No,Mailed check
23746,3724-UCSHY,Month-to-month,No,Mailed check
23747,3726-TBHQT,Two year,Yes,Bank transfer (automatic)
23748,3727-JEZTU,Month-to-month,No,Mailed check
23749,3727-OVPRY,One year,Yes,Credit card (automatic)
23750,3727-OWVYD,One year,No,Mailed check
23751,3727-RJMEO,Month-to-month,Yes,Electronic check
23752,3729-OWRVL,Two year,Yes,Electronic check
23753,3733-LSYCE,Month-to-month,No,Bank transfer (automatic)
23754,3733-UOCWF,One year,Yes,Bank transfer (automatic)
23755,3733-ZEECP,Month-to-month,Yes,Electronic check
23756,3736-BLEPA,One year,Yes,Bank transfer (automatic)
23757,3737-GCSPV,Month-to-month,Yes,Credit card (automatic)
23758,3737-XBQDD,Month-to-month,Yes,Bank transfer (automatic)
23759,3739-YBWAB,One year,No,Mailed check
23760,3740-RLMVT,One year,Yes,Bank transfer (automatic)
23761,3744-ZBHON,Month-to-month,No,Electronic check
23762,3744-ZRRDZ,Month-to-month,Yes,Electronic check
23763,3745-HRPHI,Two year,No,Bank transfer (automatic)
23764,3746-EUBYR,Month-to-month,Yes,Bank transfer (automatic)
23765,3748-FVMZZ,Month-to-month,Yes,Electronic check
23766,3750-CKVKH,Month-to-month,Yes,Electronic check
23767,3750-RNQKR,Month-to-month,No,Mailed check
23768,3750-YHRYO,One year,No,Mailed check
23769,3751-KTZEL,Month-to-month,No,Mailed check
23770,3752-CQSJI,Month-to-month,Yes,Mailed check
23771,3753-TSEMP,Month-to-month,No,Electronic check
23772,3754-DXMRT,Month-to-month,Yes,Electronic check
23773,3755-JBMNH,Month-to-month,Yes,Bank transfer (automatic)
23774,3756-VNWDH,One year,Yes,Electronic check
23775,3757-NJYBX,Month-to-month,No,Bank transfer (automatic)
23776,3758-CKOQL,One year,Yes,Credit card (automatic)
23777,3761-FLYZI,Month-to-month,Yes,Bank transfer (automatic)
23778,3763-GCZHZ,One year,Yes,Electronic check
23779,3764-MNMOI,Two year,No,Credit card (automatic)
23780,3765-JXVKY,Month-to-month,Yes,Electronic check
23781,3766-EJLFL,Two year,Yes,Bank transfer (automatic)
23782,3768-NLUBH,Month-to-month,No,Electronic check
23783,3768-VHXQO,Two year,No,Credit card (automatic)
23784,3769-MHZNV,Two year,No,Mailed check
23785,3771-PZOBW,Month-to-month,Yes,Credit card (automatic)
23786,3774-VBNXY,Two year,No,Mailed check
23787,3776-EKTKM,Month-to-month,Yes,Electronic check
23788,3777-XROBG,Two year,No,Credit card (automatic)
23789,3778-FOAQW,One year,No,Mailed check
23790,3779-OSWCF,Two year,No,Credit card (automatic)
23791,3780-DDGSE,Month-to-month,Yes,Electronic check
23792,3780-YVMFA,Month-to-month,Yes,Electronic check
23793,3785-KTYSH,Two year,No,Mailed check
23794,3785-NRHYR,Month-to-month,No,Mailed check
23795,3786-WOVKF,One year,Yes,Bank transfer (automatic)
23796,3787-TRIAL,Month-to-month,Yes,Electronic check
23797,3791-LGQCY,Month-to-month,Yes,Bank transfer (automatic)
23798,3793-MMFUH,Month-to-month,Yes,Electronic check
23799,3794-NFNCH,Month-to-month,Yes,Mailed check
23800,3795-CAWEX,Two year,Yes,Credit card (automatic)
23801,3795-GWTRD,Two year,No,Credit card (automatic)
23802,3796-ENZGF,Two year,No,Mailed check
23803,3797-FKOGQ,Month-to-month,No,Electronic check
23804,3797-VTIDR,Month-to-month,Yes,Electronic check
23805,3798-EPWRR,Month-to-month,No,Electronic check
23806,3799-ISUZQ,Month-to-month,Yes,Bank transfer (automatic)
23807,3800-LYTRK,One year,No,Mailed check
23808,3801-HMYNL,Month-to-month,No,Mailed check
23809,3803-KMQFW,Month-to-month,No,Mailed check
23810,3804-RVTGV,Month-to-month,Yes,Bank transfer (automatic)
23811,3806-DXQOM,Month-to-month,Yes,Electronic check
23812,3806-YAZOV,Month-to-month,No,Mailed check
23813,3807-BPOMJ,One year,Yes,Electronic check
23814,3807-XHCJH,Month-to-month,No,Electronic check
23815,3808-HFKDE,Month-to-month,Yes,Electronic check
23816,3810-DVDQQ,Two year,Yes,Bank transfer (automatic)
23817,3810-PJUHR,Two year,No,Mailed check
23818,3811-VBYBZ,Month-to-month,Yes,Electronic check
23819,3812-LRZIR,Two year,No,Electronic check
23820,3813-DHBBB,Two year,Yes,Bank transfer (automatic)
23821,3814-MLAXC,Month-to-month,Yes,Credit card (automatic)
23822,3815-SLMEF,Month-to-month,No,Mailed check
23823,3823-KYNQY,One year,No,Credit card (automatic)
23824,3824-RHKVR,Month-to-month,No,Credit card (automatic)
23825,3831-YCPUO,Two year,Yes,Credit card (automatic)
23826,3834-XUIFC,Month-to-month,Yes,Mailed check
23827,3836-FZSDJ,Two year,No,Bank transfer (automatic)
23828,3838-OZURD,Month-to-month,Yes,Credit card (automatic)
23829,3841-CONLJ,Month-to-month,No,Electronic check
23830,3841-NFECX,Two year,Yes,Credit card (automatic)
23831,3842-IYKUE,Month-to-month,No,Credit card (automatic)
23832,3842-QTGDL,Month-to-month,No,Bank transfer (automatic)
23833,3845-FXCYS,Month-to-month,Yes,Electronic check
23834,3845-JHAMY,Month-to-month,Yes,Credit card (automatic)
23835,3847-BAERP,Month-to-month,Yes,Mailed check
23836,3850-OKINF,One year,Yes,Electronic check
23837,3853-LYGAM,Month-to-month,Yes,Bank transfer (automatic)
23838,3855-ONCAR,Month-to-month,Yes,Mailed check
23839,3858-VOBET,Month-to-month,Yes,Electronic check
23840,3858-XHYJO,One year,No,Bank transfer (automatic)
23841,3859-CVCET,Month-to-month,No,Mailed check
23842,3863-IUBJR,One year,No,Credit card (automatic)
23843,3863-QSTYI,Month-to-month,Yes,Electronic check
23844,3865-QBWSJ,Month-to-month,Yes,Mailed check
23845,3865-YIOTT,One year,Yes,Bank transfer (automatic)
23846,3865-ZFZIB,Two year,No,Mailed check
23847,3865-ZYKAD,Month-to-month,Yes,Credit card (automatic)
23848,3866-MDTUB,Month-to-month,Yes,Electronic check
23849,3870-MQAMG,One year,No,Electronic check
23850,3870-SPZSI,Two year,Yes,Credit card (automatic)
23851,3871-IKPYH,Month-to-month,No,Electronic check
23852,3873-NFTGI,Month-to-month,Yes,Credit card (automatic)
23853,3873-WOSBC,Two year,No,Credit card (automatic)
23854,3874-EQOEP,Month-to-month,No,Mailed check
23855,3877-JRJIP,Month-to-month,Yes,Electronic check
23856,3878-AVSOQ,Month-to-month,Yes,Electronic check
23857,3882-IYOIJ,Two year,No,Credit card (automatic)
23858,3884-HCSWG,Month-to-month,Yes,Electronic check
23859,3884-UEBXB,Two year,No,Bank transfer (automatic)
23860,3886-CERTZ,One year,Yes,Electronic check
23861,3887-PBQAO,One year,Yes,Credit card (automatic)
23862,3889-VWBID,Two year,No,Bank transfer (automatic)
23863,3890-RTCMS,Month-to-month,Yes,Mailed check
23864,3891-NLXJB,Two year,Yes,Mailed check
23865,3891-PUQOD,Month-to-month,No,Electronic check
23866,3892-NXAZG,Two year,Yes,Credit card (automatic)
23867,3893-JRNFS,Month-to-month,Yes,Bank transfer (automatic)
23868,3896-RCYYE,Month-to-month,Yes,Credit card (automatic)
23869,3896-ZVNET,Two year,No,Mailed check
23870,3898-BSJYF,One year,No,Credit card (automatic)
23871,3898-GUYTS,Month-to-month,Yes,Electronic check
23872,3900-AQPHZ,Month-to-month,No,Mailed check
23873,3902-FOIGH,Month-to-month,Yes,Electronic check
23874,3902-MIVLE,Two year,No,Mailed check
23875,3904-UKFRE,Month-to-month,Yes,Electronic check
23876,3908-BLSYF,Month-to-month,No,Electronic check
23877,3908-MKIMJ,Two year,Yes,Electronic check
23878,3910-MRQOY,Two year,No,Bank transfer (automatic)
23879,3911-RSNHI,Two year,Yes,Credit card (automatic)
23880,3913-FCUUW,Two year,Yes,Bank transfer (automatic)
23881,3913-RDSJZ,Two year,No,Mailed check
23882,3914-FDRHP,Month-to-month,No,Electronic check
23883,3915-ODIYG,One year,Yes,Electronic check
23884,3916-NRPAP,Month-to-month,No,Credit card (automatic)
23885,3920-HIHMQ,Month-to-month,Yes,Mailed check
23886,3923-CSIHK,Month-to-month,Yes,Electronic check
23887,3926-CUQZX,Month-to-month,Yes,Bank transfer (automatic)
23888,3926-YZVVX,One year,No,Bank transfer (automatic)
23889,3927-NLNRY,One year,Yes,Bank transfer (automatic)
23890,3930-ZGWVE,Month-to-month,No,Mailed check
23891,3932-CMDTD,One year,Yes,Electronic check
23892,3932-IJWDZ,Month-to-month,Yes,Bank transfer (automatic)
23893,3933-DQPWX,Two year,No,Credit card (automatic)
23894,3934-HXCFZ,Month-to-month,Yes,Electronic check
23895,3935-TBRZZ,One year,No,Mailed check
23896,3936-QQFLL,Month-to-month,No,Mailed check
23897,3938-YFPXD,Two year,No,Credit card (automatic)
23898,3941-XTSKM,One year,Yes,Credit card (automatic)
23899,3943-KDREE,Month-to-month,Yes,Bank transfer (automatic)
23900,3945-GFWQL,Month-to-month,Yes,Electronic check
23901,3946-JEWRQ,One year,Yes,Credit card (automatic)
23902,3946-MHCZW,Month-to-month,No,Mailed check
23903,3948-FVVRP,Month-to-month,No,Mailed check
23904,3948-KXDUF,Two year,No,Bank transfer (automatic)
23905,3948-XHGNA,Month-to-month,Yes,Bank transfer (automatic)
23906,3950-VPYJB,One year,No,Mailed check
23907,3951-NJCVI,Month-to-month,Yes,Electronic check
23908,3955-JBZZM,Month-to-month,No,Electronic check
23909,3956-CJUST,Month-to-month,Yes,Bank transfer (automatic)
23910,3956-MGXOG,Month-to-month,Yes,Electronic check
23911,3957-HHLMR,One year,No,Bank transfer (automatic)
23912,3957-LXOLK,Month-to-month,Yes,Electronic check
23913,3957-SQXML,Two year,No,Credit card (automatic)
23914,3961-SXAXY,Month-to-month,Yes,Bank transfer (automatic)
23915,3963-RYFNS,Two year,Yes,Bank transfer (automatic)
23916,3966-HRMZA,Month-to-month,No,Mailed check
23917,3967-KXAPS,Two year,No,Credit card (automatic)
23918,3967-VQOGC,Two year,Yes,Mailed check
23919,3969-GYXEL,Month-to-month,No,Electronic check
23920,3969-JQABI,Month-to-month,Yes,Credit card (automatic)
23921,3970-XGJDU,Two year,Yes,Credit card (automatic)
23922,3973-SKMLN,Two year,Yes,Credit card (automatic)
23923,3976-BWUCK,Month-to-month,Yes,Credit card (automatic)
23924,3976-HXHCE,Two year,No,Bank transfer (automatic)
23925,3976-NLDEZ,Month-to-month,No,Mailed check
23926,3977-QCRSL,Month-to-month,No,Mailed check
23927,3978-YNKDD,Two year,No,Credit card (automatic)
23928,3981-QSVQI,Month-to-month,Yes,Bank transfer (automatic)
23929,3982-DQLUS,Month-to-month,Yes,Electronic check
23930,3982-JGSFD,One year,Yes,Credit card (automatic)
23931,3982-XWFZQ,Month-to-month,Yes,Electronic check
23932,3985-HOYPM,One year,No,Mailed check
23933,3987-KQDDU,Month-to-month,No,Electronic check
23934,3988-RQIXO,Month-to-month,Yes,Electronic check
23935,3990-QYKBE,Month-to-month,Yes,Electronic check
23936,3992-YWPKO,Month-to-month,Yes,Credit card (automatic)
23937,3995-WFCSM,Month-to-month,No,Electronic check
23938,3996-ZNWYK,Two year,No,Credit card (automatic)
23939,3999-QGRJH,Month-to-month,Yes,Electronic check
23940,3999-WRNGR,Month-to-month,Yes,Electronic check
23941,4000-VGMQP,One year,No,Credit card (automatic)
23942,4001-TSBTV,Month-to-month,Yes,Electronic check
23943,4002-BQWPQ,Month-to-month,No,Bank transfer (automatic)
23944,4003-FUSHP,Month-to-month,Yes,Credit card (automatic)
23945,4003-OCTMP,One year,Yes,Electronic check
23946,4006-HKYHO,Two year,Yes,Bank transfer (automatic)
23947,4007-NHVHI,Month-to-month,Yes,Electronic check
23948,4009-ALQFH,Month-to-month,Yes,Electronic check
23949,4010-YLMVT,Month-to-month,Yes,Credit card (automatic)
23950,4011-ARPHK,Month-to-month,No,Mailed check
23951,4012-YCFAI,Two year,Yes,Mailed check
23952,4012-ZTHBR,Month-to-month,Yes,Electronic check
23953,4013-GUXND,Month-to-month,No,Mailed check
23954,4013-TLDHQ,Month-to-month,Yes,Electronic check
23955,4013-UBXWQ,Month-to-month,Yes,Electronic check
23956,4016-BJKTZ,Two year,No,Electronic check
23957,4018-KJYUY,Month-to-month,No,Credit card (automatic)
23958,4018-PPNDW,Two year,Yes,Mailed check
23959,4020-KIUDI,Month-to-month,No,Credit card (automatic)
23960,4021-RQSNY,Month-to-month,Yes,Electronic check
23961,4023-RTIQM,One year,Yes,Credit card (automatic)
23962,4024-CSNBY,Two year,Yes,Bank transfer (automatic)
23963,4026-SKKHW,Month-to-month,Yes,Mailed check
23964,4029-HPFVY,Month-to-month,Yes,Mailed check
23965,4030-VPZBD,Month-to-month,Yes,Electronic check
23966,4032-RMHCI,One year,No,Credit card (automatic)
23967,4039-HEUNW,Month-to-month,Yes,Electronic check
23968,4039-PIMHX,Two year,No,Mailed check
23969,4043-MKDTV,Two year,Yes,Electronic check
23970,4049-ZPALD,Two year,Yes,Bank transfer (automatic)
23971,4054-CUMIA,Month-to-month,Yes,Mailed check
23972,4056-QHXHZ,Two year,No,Mailed check
23973,4057-FKCZK,Two year,No,Bank transfer (automatic)
23974,4059-IIEBK,Month-to-month,Yes,Bank transfer (automatic)
23975,4060-LDNLU,Month-to-month,No,Electronic check
23976,4061-UKJWL,Month-to-month,No,Mailed check
23977,4062-HBMOS,Month-to-month,Yes,Electronic check
23978,4063-EIKNQ,Month-to-month,No,Bank transfer (automatic)
23979,4065-JJAVA,Month-to-month,No,Electronic check
23980,4067-HLYQI,Month-to-month,Yes,Bank transfer (automatic)
23981,4070-OKWVH,Month-to-month,No,Bank transfer (automatic)
23982,4072-IPYLT,Month-to-month,No,Credit card (automatic)
23983,4074-SJFFA,Month-to-month,Yes,Mailed check
23984,4075-JFPGR,One year,Yes,Electronic check
23985,4075-WKNIU,Two year,No,Mailed check
23986,4077-CROMM,Month-to-month,Yes,Electronic check
23987,4077-HWUYD,Two year,Yes,Bank transfer (automatic)
23988,4078-SAYYN,Month-to-month,Yes,Electronic check
23989,4079-ULGFR,Month-to-month,No,Mailed check
23990,4079-VTGLK,Two year,No,Electronic check
23991,4079-WWQQQ,Two year,Yes,Bank transfer (automatic)
23992,4080-IIARD,Month-to-month,Yes,Electronic check
23993,4080-OGPJL,Month-to-month,No,Electronic check
23994,4081-DYXAV,One year,Yes,Credit card (automatic)
23995,4083-BFNYK,One year,No,Credit card (automatic)
23996,4083-EUGRJ,Month-to-month,No,Mailed check
23997,4086-ATNFV,One year,Yes,Mailed check
23998,4086-WITJG,Two year,No,Credit card (automatic)
23999,4086-YQSNZ,Month-to-month,Yes,Electronic check
24000,4088-YLDSU,One year,Yes,Electronic check
24001,4090-KPJIP,Month-to-month,Yes,Electronic check
24002,4091-TVOCN,One year,Yes,Credit card (automatic)
24003,4092-OFQZS,One year,No,Mailed check
24004,4094-NSEDU,Month-to-month,Yes,Electronic check
24005,4097-YODCF,One year,Yes,Electronic check
24006,4098-NAUKP,Month-to-month,Yes,Electronic check
24007,4102-HLENU,Two year,No,Mailed check
24008,4102-OQUPX,Month-to-month,Yes,Electronic check
24009,4104-PVRPS,Month-to-month,No,Mailed check
24010,4106-HADHQ,One year,No,Credit card (automatic)
24011,4109-CYRBD,Month-to-month,Yes,Electronic check
24012,4110-PFEUZ,Month-to-month,No,Mailed check
24013,4111-BNXIF,Two year,Yes,Electronic check
24014,4112-LUEIZ,Month-to-month,Yes,Electronic check
24015,4114-QMKVN,One year,No,Bank transfer (automatic)
24016,4115-BNPJY,Two year,No,Mailed check
24017,4115-NZRKS,Month-to-month,Yes,Electronic check
24018,4115-UMJFQ,One year,Yes,Bank transfer (automatic)
24019,4116-IQRFR,One year,No,Credit card (automatic)
24020,4116-TZAQJ,Month-to-month,Yes,Credit card (automatic)
24021,4118-CEVPF,One year,Yes,Bank transfer (automatic)
24022,4119-ZYPZY,Two year,Yes,Electronic check
24023,4121-AGSIN,One year,Yes,Credit card (automatic)
24024,4123-DVHPH,Month-to-month,Yes,Electronic check
24025,4123-FCVCB,One year,Yes,Mailed check
24026,4124-MMETB,Month-to-month,Yes,Credit card (automatic)
24027,4128-ETESU,Month-to-month,No,Electronic check
24028,4129-LYCOI,Two year,Yes,Electronic check
24029,4130-MZLCC,Month-to-month,No,Bank transfer (automatic)
24030,4132-KALRO,Month-to-month,Yes,Mailed check
24031,4132-POCZS,Month-to-month,Yes,Electronic check
24032,4134-BSXLX,Month-to-month,No,Mailed check
24033,4135-FRWKJ,One year,No,Electronic check
24034,4137-BTIKL,Month-to-month,No,Mailed check
24035,4137-JOPHL,Two year,Yes,Bank transfer (automatic)
24036,4138-NAXED,Month-to-month,No,Bank transfer (automatic)
24037,4139-DETXS,Two year,No,Bank transfer (automatic)
24038,4139-JPIAM,Month-to-month,Yes,Credit card (automatic)
24039,4139-SUGLD,Month-to-month,No,Bank transfer (automatic)
24040,4140-MUHUG,Month-to-month,Yes,Electronic check
24041,4140-WJAWW,Month-to-month,No,Credit card (automatic)
24042,4143-HHPMK,Month-to-month,Yes,Electronic check
24043,4143-OOBWZ,Month-to-month,Yes,Electronic check
24044,4145-UQXUQ,Month-to-month,Yes,Electronic check
24045,4146-SVFUD,Month-to-month,No,Mailed check
24046,4154-AQUGT,Month-to-month,Yes,Bank transfer (automatic)
24047,4159-NAAIX,Two year,No,Bank transfer (automatic)
24048,4160-AMJTL,Month-to-month,No,Electronic check
24049,4163-HFTUK,One year,No,Electronic check
24050,4163-KIUHY,Month-to-month,Yes,Electronic check
24051,4163-NCJAK,One year,Yes,Bank transfer (automatic)
24052,4174-LPGTI,One year,Yes,Bank transfer (automatic)
24053,4176-FXYBO,Month-to-month,No,Electronic check
24054,4176-RELJR,Two year,No,Credit card (automatic)
24055,4177-JPDFU,Month-to-month,No,Mailed check
24056,4178-EGMON,Two year,Yes,Credit card (automatic)
24057,4182-BGSIQ,Month-to-month,Yes,Bank transfer (automatic)
24058,4183-MYFRB,Month-to-month,Yes,Electronic check
24059,4183-WCSEP,Month-to-month,Yes,Electronic check
24060,4184-TJFAN,Month-to-month,Yes,Mailed check
24061,4184-VODJZ,One year,Yes,Electronic check
24062,4186-ZBUEW,One year,Yes,Mailed check
24063,4187-CINZD,One year,No,Credit card (automatic)
24064,4188-FRABG,Month-to-month,Yes,Electronic check
24065,4188-PCPIG,Two year,Yes,Credit card (automatic)
24066,4189-NAKJS,One year,Yes,Credit card (automatic)
24067,4190-MFLUW,Month-to-month,No,Credit card (automatic)
24068,4191-XOVOM,Month-to-month,No,Electronic check
24069,4192-GORJT,Month-to-month,Yes,Electronic check
24070,4193-IBKSW,Two year,No,Bank transfer (automatic)
24071,4193-ORFCL,Month-to-month,No,Mailed check
24072,4194-FJARJ,Two year,No,Bank transfer (automatic)
24073,4194-WHFCB,Month-to-month,Yes,Bank transfer (automatic)
24074,4195-NZGTA,Month-to-month,No,Electronic check
24075,4195-PNGZS,Two year,No,Bank transfer (automatic)
24076,4195-SMMNX,Month-to-month,No,Mailed check
24077,4198-VFOEA,One year,Yes,Mailed check
24078,4199-QHJNM,Two year,No,Bank transfer (automatic)
24079,4201-JMNGR,Month-to-month,Yes,Electronic check
24080,4203-QGNZA,Month-to-month,No,Mailed check
24081,4208-UFFGW,Month-to-month,No,Mailed check
24082,4210-QFJMF,Month-to-month,Yes,Electronic check
24083,4211-MMAZN,Month-to-month,No,Mailed check
24084,4213-HKBJO,Two year,No,Credit card (automatic)
24085,4220-TINQT,Month-to-month,Yes,Electronic check
24086,4223-BKEOR,One year,No,Mailed check
24087,4223-WOZCM,Month-to-month,No,Mailed check
24088,4226-KKDON,Month-to-month,Yes,Electronic check
24089,4227-OJHAL,One year,Yes,Credit card (automatic)
24090,4228-ZGYUW,Month-to-month,Yes,Electronic check
24091,4229-CZMLL,Month-to-month,Yes,Electronic check
24092,4231-LZUYM,Two year,No,Bank transfer (automatic)
24093,4232-JGKIY,Month-to-month,No,Electronic check
24094,4234-XTNEA,Month-to-month,Yes,Electronic check
24095,4236-UJPWO,Month-to-month,No,Electronic check
24096,4236-XPXAV,Month-to-month,Yes,Mailed check
24097,4237-CLSMM,Month-to-month,No,Mailed check
24098,4237-RLAQD,Month-to-month,Yes,Mailed check
24099,4238-HFHSN,Month-to-month,Yes,Electronic check
24100,4238-JSSWH,Month-to-month,No,Bank transfer (automatic)
24101,4248-HCETZ,Month-to-month,Yes,Mailed check
24102,4248-QPAVC,Month-to-month,Yes,Bank transfer (automatic)
24103,4250-FDVOU,Month-to-month,No,Electronic check
24104,4250-WAROZ,Month-to-month,Yes,Electronic check
24105,4250-ZBWLV,One year,No,Electronic check
24106,4254-QPEDE,Two year,No,Credit card (automatic)
24107,4255-DDUOU,Month-to-month,Yes,Mailed check
24108,4256-ZWTZI,Month-to-month,Yes,Mailed check
24109,4257-GAESD,Month-to-month,No,Credit card (automatic)
24110,4273-MBHYA,Month-to-month,Yes,Electronic check
24111,4274-DRSQT,One year,Yes,Bank transfer (automatic)
24112,4274-OWWYO,Month-to-month,Yes,Electronic check
24113,4277-BWBML,Two year,No,Bank transfer (automatic)
24114,4277-PVRAN,Month-to-month,Yes,Bank transfer (automatic)
24115,4277-UDIEF,Month-to-month,No,Bank transfer (automatic)
24116,4280-DLSHD,Month-to-month,Yes,Mailed check
24117,4282-ACRXS,Month-to-month,Yes,Electronic check
24118,4282-MSACW,One year,Yes,Credit card (automatic)
24119,4282-YMKNA,Month-to-month,Yes,Electronic check
24120,4283-FUTGF,Month-to-month,Yes,Electronic check
24121,4283-IVYCI,Month-to-month,No,Mailed check
24122,4285-GYRQC,Month-to-month,Yes,Electronic check
24123,4289-DTDKW,Month-to-month,Yes,Electronic check
24124,4290-BSXUX,Month-to-month,Yes,Bank transfer (automatic)
24125,4291-HPAXL,Month-to-month,No,Mailed check
24126,4291-HYEBC,One year,Yes,Electronic check
24127,4291-SHSBH,Month-to-month,Yes,Electronic check
24128,4291-TPNFG,Two year,Yes,Bank transfer (automatic)
24129,4291-YZODP,One year,No,Mailed check
24130,4293-ETKAP,Two year,Yes,Bank transfer (automatic)
24131,4295-YURET,Two year,Yes,Credit card (automatic)
24132,4298-OYIFC,Month-to-month,Yes,Electronic check
24133,4299-OPXEJ,Two year,Yes,Bank transfer (automatic)
24134,4299-SIMNS,Month-to-month,Yes,Electronic check
24135,4301-VVZKA,Month-to-month,Yes,Electronic check
24136,4302-ZYFEL,One year,Yes,Credit card (automatic)
24137,4304-TSPVK,Two year,No,Bank transfer (automatic)
24138,4304-XUMGI,Two year,Yes,Bank transfer (automatic)
24139,4307-KTUMW,Month-to-month,No,Electronic check
24140,4307-KWMXE,Month-to-month,No,Electronic check
24141,4310-KEDTB,Month-to-month,Yes,Mailed check
24142,4311-QTTAI,One year,No,Credit card (automatic)
24143,4312-GVYNH,Two year,Yes,Bank transfer (automatic)
24144,4312-KFRXN,Two year,No,Mailed check
24145,4315-MURBD,Month-to-month,Yes,Bank transfer (automatic)
24146,4316-XCSLJ,Month-to-month,Yes,Mailed check
24147,4317-VTEOA,Month-to-month,Yes,Electronic check
24148,4318-RAJVY,One year,Yes,Mailed check
24149,4320-QMLLA,Month-to-month,No,Mailed check
24150,4322-RCYMT,One year,Yes,Bank transfer (automatic)
24151,4323-ELYYB,One year,No,Mailed check
24152,4323-OHFOW,One year,Yes,Bank transfer (automatic)
24153,4323-SADQS,Month-to-month,Yes,Electronic check
24154,4324-AHJKS,Month-to-month,No,Credit card (automatic)
24155,4324-BZCKL,Month-to-month,Yes,Mailed check
24156,4325-NFSKC,Month-to-month,Yes,Electronic check
24157,4328-VUFWD,One year,No,Electronic check
24158,4329-YPDDQ,Month-to-month,Yes,Bank transfer (automatic)
24159,4332-MUOEZ,One year,No,Credit card (automatic)
24160,4334-HOWRP,Two year,Yes,Credit card (automatic)
24161,4335-BSMJS,Two year,Yes,Credit card (automatic)
24162,4335-UPJSI,Two year,No,Mailed check
24163,4338-EYCER,Month-to-month,No,Bank transfer (automatic)
24164,4342-HENTK,Month-to-month,Yes,Electronic check
24165,4342-HFXWS,One year,No,Bank transfer (automatic)
24166,4343-EJVQB,Month-to-month,No,Mailed check
24167,4349-GFQHK,Month-to-month,No,Electronic check
24168,4350-ZTLPI,One year,Yes,Bank transfer (automatic)
24169,4351-QLCSU,Month-to-month,Yes,Credit card (automatic)
24170,4353-HYOJD,Month-to-month,No,Mailed check
24171,4355-CVPVS,One year,No,Bank transfer (automatic)
24172,4355-HBJHH,Two year,Yes,Electronic check
24173,4359-INNWN,One year,No,Credit card (automatic)
24174,4360-PNRQB,Month-to-month,Yes,Bank transfer (automatic)
24175,4360-QRAVE,Month-to-month,No,Electronic check
24176,4361-BKAXE,Month-to-month,Yes,Bank transfer (automatic)
24177,4361-FEBGN,Two year,No,Credit card (automatic)
24178,4361-JEIVL,Month-to-month,Yes,Electronic check
24179,4365-MSDYN,Month-to-month,Yes,Bank transfer (automatic)
24180,4366-CTOUZ,Two year,Yes,Mailed check
24181,4367-NHWMM,Month-to-month,Yes,Mailed check
24182,4367-NUYAO,Two year,No,Mailed check
24183,4369-HTUIF,Month-to-month,Yes,Bank transfer (automatic)
24184,4369-NYSCF,One year,Yes,Bank transfer (automatic)
24185,4373-MAVJG,Month-to-month,Yes,Bank transfer (automatic)
24186,4373-VVHQL,Month-to-month,Yes,Electronic check
24187,4374-YMUSQ,One year,No,Credit card (automatic)
24188,4376-KFVRS,Two year,Yes,Credit card (automatic)
24189,4377-VDHYI,One year,Yes,Electronic check
24190,4378-BZYFP,One year,Yes,Mailed check
24191,4378-MYPGO,Two year,Yes,Bank transfer (automatic)
24192,4381-MHQDC,Two year,Yes,Mailed check
24193,4385-GZQXV,Month-to-month,Yes,Electronic check
24194,4385-ZKVNW,Month-to-month,Yes,Bank transfer (automatic)
24195,4389-UEFCZ,Two year,Yes,Electronic check
24196,4390-KYULV,Month-to-month,Yes,Credit card (automatic)
24197,4391-LNRXK,Month-to-month,Yes,Bank transfer (automatic)
24198,4391-RESHN,Month-to-month,Yes,Mailed check
24199,4393-GEADV,Two year,No,Credit card (automatic)
24200,4393-OBCRR,One year,No,Mailed check
24201,4393-RYCRE,One year,Yes,Electronic check
24202,4395-PZMSN,Month-to-month,Yes,Electronic check
24203,4396-KLSEH,Month-to-month,Yes,Electronic check
24204,4397-FRLTA,Month-to-month,No,Mailed check
24205,4398-HSCJH,Month-to-month,Yes,Electronic check
24206,4402-FTBXC,Month-to-month,No,Mailed check
24207,4403-BWPAY,One year,Yes,Credit card (automatic)
24208,4404-HIBDJ,One year,No,Mailed check
24209,4412-YLTKF,Month-to-month,Yes,Electronic check
24210,4415-IJZTP,Month-to-month,Yes,Electronic check
24211,4415-WNGVR,One year,Yes,Electronic check
24212,4418-LZMSV,Month-to-month,No,Bank transfer (automatic)
24213,4419-UJMUS,Two year,Yes,Electronic check
24214,4422-QVIJA,Month-to-month,No,Mailed check
24215,4423-JWZJN,One year,No,Credit card (automatic)
24216,4423-YLHDV,Month-to-month,Yes,Bank transfer (automatic)
24217,4424-TKOPW,Month-to-month,Yes,Electronic check
24218,4425-OWHWB,One year,Yes,Credit card (automatic)
24219,4429-WYGFR,Month-to-month,No,Bank transfer (automatic)
24220,4430-UZIPO,Month-to-month,Yes,Mailed check
24221,4430-YHXGG,Month-to-month,Yes,Mailed check
24222,4431-EDMIQ,Month-to-month,Yes,Electronic check
24223,4432-ADRLB,Month-to-month,No,Mailed check
24224,4433-JCGCG,Month-to-month,Yes,Electronic check
24225,4439-JMPMT,Month-to-month,Yes,Electronic check
24226,4439-YRNVD,Month-to-month,No,Electronic check
24227,4441-NIHPT,Month-to-month,Yes,Electronic check
24228,4443-EMBNA,Two year,No,Bank transfer (automatic)
24229,4445-KWOKW,One year,Yes,Bank transfer (automatic)
24230,4445-ZJNMU,Month-to-month,Yes,Credit card (automatic)
24231,4446-BZKHU,Month-to-month,Yes,Electronic check
24232,4450-DLLMH,Month-to-month,Yes,Credit card (automatic)
24233,4450-MDZFX,Month-to-month,No,Bank transfer (automatic)
24234,4450-YOOHP,Month-to-month,Yes,Credit card (automatic)
24235,4451-RWASJ,One year,Yes,Mailed check
24236,4452-QIIEB,Month-to-month,No,Mailed check
24237,4452-ROHMO,Two year,No,Mailed check
24238,4455-BFSPD,One year,No,Bank transfer (automatic)
24239,4456-RHSNB,Month-to-month,Yes,Bank transfer (automatic)
24240,4458-KVRBJ,Two year,No,Mailed check
24241,4459-BBGHE,Month-to-month,Yes,Electronic check
24242,4462-CYWMH,Month-to-month,Yes,Bank transfer (automatic)
24243,4464-JCOLN,One year,No,Mailed check
24244,4465-VDKIQ,Month-to-month,No,Electronic check
24245,4468-KAZHE,Month-to-month,Yes,Electronic check
24246,4468-YDOVK,Month-to-month,Yes,Bank transfer (automatic)
24247,4471-KXAUH,Month-to-month,Yes,Electronic check
24248,4472-LVYGI,Two year,Yes,Bank transfer (automatic)
24249,4472-VESGY,Month-to-month,No,Bank transfer (automatic)
24250,4475-NVTLU,Two year,No,Electronic check
24251,4476-OSWTN,One year,Yes,Mailed check
24252,4480-MBMLB,One year,Yes,Bank transfer (automatic)
24253,4480-QQRHC,Month-to-month,Yes,Bank transfer (automatic)
24254,4482-EWFMI,Month-to-month,Yes,Electronic check
24255,4482-FTFFX,Month-to-month,No,Electronic check
24256,4484-CGXFK,Month-to-month,Yes,Electronic check
24257,4484-GLZOU,Month-to-month,Yes,Electronic check
24258,4486-EFAEB,Month-to-month,Yes,Electronic check
24259,4487-ZYJZK,One year,No,Credit card (automatic)
24260,4488-KQFDT,One year,Yes,Electronic check
24261,4488-PSYCG,Month-to-month,No,Bank transfer (automatic)
24262,4489-SNOJF,Month-to-month,No,Electronic check
24263,4495-LHSSK,Month-to-month,No,Mailed check
24264,4500-HKANN,Two year,No,Mailed check
24265,4501-EQDRN,Month-to-month,No,Bank transfer (automatic)
24266,4501-UYKBC,One year,Yes,Credit card (automatic)
24267,4501-VCPFK,Month-to-month,No,Electronic check
24268,4503-BDXBD,Month-to-month,No,Electronic check
24269,4504-YOULA,Month-to-month,Yes,Credit card (automatic)
24270,4505-EXZHB,Month-to-month,No,Electronic check
24271,4508-OEBEY,One year,Yes,Credit card (automatic)
24272,4510-HIMLV,Month-to-month,Yes,Electronic check
24273,4510-PYUSH,Month-to-month,Yes,Credit card (automatic)
24274,4512-ZUIYL,Month-to-month,No,Bank transfer (automatic)
24275,4513-CXYIX,Two year,Yes,Credit card (automatic)
24276,4514-GFCFI,Month-to-month,Yes,Electronic check
24277,4518-FZBSX,One year,No,Mailed check
24278,4521-WFJAI,Two year,Yes,Bank transfer (automatic)
24279,4521-YEEHE,Month-to-month,Yes,Electronic check
24280,4522-AKYLR,Month-to-month,Yes,Electronic check
24281,4522-XRWWI,One year,No,Credit card (automatic)
24282,4523-WXCEF,Month-to-month,No,Electronic check
24283,4524-QCSSM,Month-to-month,Yes,Bank transfer (automatic)
24284,4525-VZCZG,One year,Yes,Electronic check
24285,4526-EXKKN,Two year,Yes,Mailed check
24286,4526-RMTLL,Two year,Yes,Credit card (automatic)
24287,4526-ZJJTM,Month-to-month,No,Bank transfer (automatic)
24288,4529-CKBCL,Month-to-month,Yes,Electronic check
24289,4530-NDRKU,One year,Yes,Electronic check
24290,4531-AUZNK,One year,Yes,Mailed check
24291,4534-WGCIR,Two year,No,Credit card (automatic)
24292,4536-PLEQY,Month-to-month,Yes,Credit card (automatic)
24293,4537-CIBHB,One year,No,Mailed check
24294,4537-DKTAL,Month-to-month,No,Electronic check
24295,4538-WNTMJ,One year,No,Mailed check
24296,4541-RMRLG,Month-to-month,No,Electronic check
24297,4544-RXFMG,One year,Yes,Mailed check
24298,4546-FOKWR,Month-to-month,Yes,Credit card (automatic)
24299,4547-FZJWE,One year,No,Credit card (automatic)
24300,4547-KQRTM,Month-to-month,Yes,Bank transfer (automatic)
24301,4547-LYTDD,Month-to-month,No,Electronic check
24302,4548-SDBKE,Month-to-month,Yes,Electronic check
24303,4549-ZDQYY,One year,No,Credit card (automatic)
24304,4550-EVXNY,Month-to-month,Yes,Electronic check
24305,4550-VBOFE,Month-to-month,Yes,Electronic check
24306,4553-DVPZG,Month-to-month,Yes,Electronic check
24307,4554-YGZIH,Month-to-month,No,Credit card (automatic)
24308,4558-CGYCZ,Month-to-month,No,Mailed check
24309,4558-FANTW,Month-to-month,No,Electronic check
24310,4559-UWIHT,Month-to-month,Yes,Electronic check
24311,4560-WQAQW,One year,No,Bank transfer (automatic)
24312,4565-EVZMJ,One year,Yes,Mailed check
24313,4565-NLZBV,Two year,Yes,Bank transfer (automatic)
24314,4566-GOLUK,Month-to-month,Yes,Bank transfer (automatic)
24315,4566-NECEV,Month-to-month,No,Electronic check
24316,4566-QVRRW,Month-to-month,Yes,Electronic check
24317,4567-AKPIA,One year,Yes,Bank transfer (automatic)
24318,4568-KNYWR,Two year,Yes,Credit card (automatic)
24319,4568-TTZRT,Month-to-month,No,Mailed check
24320,4570-QHXHL,Month-to-month,Yes,Electronic check
24321,4572-DVCGN,Month-to-month,Yes,Bank transfer (automatic)
24322,4573-JKNAE,Two year,No,Bank transfer (automatic)
24323,4576-CSAJH,One year,Yes,Credit card (automatic)
24324,4578-PHJYZ,One year,Yes,Electronic check
24325,4580-TMHJU,Month-to-month,No,Electronic check
24326,4581-LNWUM,Month-to-month,No,Electronic check
24327,4581-SSPWD,Month-to-month,Yes,Electronic check
24328,4583-PARNH,Month-to-month,Yes,Electronic check
24329,4584-LBNMK,One year,No,Credit card (automatic)
24330,4585-HETAI,Month-to-month,Yes,Electronic check
24331,4587-NUKOX,Month-to-month,Yes,Electronic check
24332,4587-VVTOX,Month-to-month,Yes,Electronic check
24333,4588-YBNIB,Month-to-month,Yes,Mailed check
24334,4589-IUAJB,Two year,No,Bank transfer (automatic)
24335,4592-IWTJI,Month-to-month,No,Credit card (automatic)
24336,4597-ELFTS,One year,No,Electronic check
24337,4597-NUCQV,Month-to-month,Yes,Electronic check
24338,4598-XLKNJ,Month-to-month,Yes,Electronic check
24339,4598-ZADCK,One year,Yes,Electronic check
24340,4603-JANFB,Month-to-month,Yes,Electronic check
24341,4607-CHPCA,One year,Yes,Electronic check
24342,4608-LCIMN,Month-to-month,No,Bank transfer (automatic)
24343,4609-KNNWG,Two year,No,Mailed check
24344,4611-ANLQC,One year,No,Electronic check
24345,4612-SSVHJ,Month-to-month,Yes,Electronic check
24346,4612-THJBS,One year,Yes,Bank transfer (automatic)
24347,4614-NUVZD,Month-to-month,Yes,Electronic check
24348,4615-PIVVU,Two year,No,Credit card (automatic)
24349,4616-EWBNJ,One year,No,Bank transfer (automatic)
24350,4616-ULAOA,Two year,Yes,Credit card (automatic)
24351,4619-EVPHY,One year,Yes,Bank transfer (automatic)
24352,4622-YNKIJ,Two year,Yes,Electronic check
24353,4623-ZKHLY,Month-to-month,Yes,Bank transfer (automatic)
24354,4625-EWPTF,Month-to-month,Yes,Electronic check
24355,4625-LAMOB,Two year,No,Credit card (automatic)
24356,4625-XMOYM,Two year,Yes,Bank transfer (automatic)
24357,4626-GYCZP,Month-to-month,Yes,Electronic check
24358,4626-OZDTJ,One year,Yes,Credit card (automatic)
24359,4627-MIHJH,Two year,No,Credit card (automatic)
24360,4628-CTTLA,Month-to-month,Yes,Electronic check
24361,4628-WQCQQ,One year,Yes,Electronic check
24362,4629-NRXKX,Month-to-month,No,Electronic check
24363,4631-OACRM,Month-to-month,Yes,Electronic check
24364,4632-PAOYU,One year,No,Mailed check
24365,4632-XJMEX,One year,No,Credit card (automatic)
24366,4633-MKHYU,Month-to-month,Yes,Mailed check
24367,4634-JLRJT,Month-to-month,Yes,Mailed check
24368,4635-EJYPD,Two year,No,Mailed check
24369,4636-JGAAI,Month-to-month,No,Mailed check
24370,4636-OLWOE,One year,Yes,Electronic check
24371,4636-QRJKY,Month-to-month,Yes,Electronic check
24372,4636-TVXVG,One year,No,Bank transfer (automatic)
24373,4640-UHDOS,Month-to-month,No,Electronic check
24374,4641-FROLU,Two year,No,Mailed check
24375,4644-OBGFZ,One year,No,Mailed check
24376,4644-PIZRT,One year,Yes,Bank transfer (automatic)
24377,4646-QZXTF,Month-to-month,No,Bank transfer (automatic)
24378,4647-MUZON,Month-to-month,Yes,Credit card (automatic)
24379,4647-XXZAM,Month-to-month,No,Mailed check
24380,4648-YPBTM,Two year,Yes,Bank transfer (automatic)
24381,4652-NNHNY,Month-to-month,Yes,Bank transfer (automatic)
24382,4652-ODEVH,Two year,No,Mailed check
24383,4654-DLAMQ,One year,No,Bank transfer (automatic)
24384,4654-GGUII,One year,Yes,Mailed check
24385,4654-ULTTN,Two year,Yes,Credit card (automatic)
24386,4656-CAURT,Two year,No,Bank transfer (automatic)
24387,4657-FWVFY,Month-to-month,Yes,Credit card (automatic)
24388,4658-HCOHW,Month-to-month,Yes,Electronic check
24389,4659-NZRUF,Month-to-month,Yes,Electronic check
24390,4660-IRIBM,Month-to-month,Yes,Mailed check
24391,4661-NJEUX,Month-to-month,Yes,Mailed check
24392,4662-EKDPQ,Month-to-month,No,Bank transfer (automatic)
24393,4664-NJCMS,Two year,No,Bank transfer (automatic)
24394,4667-OHGKG,Month-to-month,Yes,Mailed check
24395,4667-QONEA,One year,Yes,Credit card (automatic)
24396,4670-TABXH,Two year,Yes,Credit card (automatic)
24397,4671-LXRDQ,Month-to-month,Yes,Mailed check
24398,4671-VJLCL,Two year,Yes,Credit card (automatic)
24399,4672-FOTSD,Month-to-month,Yes,Electronic check
24400,4673-KKSLS,Month-to-month,No,Electronic check
24401,4674-HGNUA,Two year,No,Credit card (automatic)
24402,4676-MQUEA,One year,Yes,Bank transfer (automatic)
24403,4676-WLUHT,Two year,No,Bank transfer (automatic)
24404,4678-DVQEO,Month-to-month,Yes,Electronic check
24405,4680-KUTAJ,Month-to-month,Yes,Electronic check
24406,4682-BLBUC,One year,Yes,Electronic check
24407,4683-WYDOU,Two year,Yes,Bank transfer (automatic)
24408,4685-ERGHK,One year,Yes,Electronic check
24409,4685-TFLLS,One year,No,Bank transfer (automatic)
24410,4686-GEFRM,Two year,Yes,Bank transfer (automatic)
24411,4686-UXDML,Month-to-month,Yes,Credit card (automatic)
24412,4690-LLKUA,Month-to-month,Yes,Electronic check
24413,4690-PKDQG,Month-to-month,Yes,Electronic check
24414,4692-NNQRU,One year,No,Electronic check
24415,4693-VWVBO,Month-to-month,No,Electronic check
24416,4694-PHWFW,Month-to-month,No,Mailed check
24417,4695-VADHF,Month-to-month,No,Electronic check
24418,4695-WJZUE,Month-to-month,Yes,Electronic check
24419,4697-LUPSU,One year,No,Mailed check
24420,4698-KVLLG,Two year,No,Credit card (automatic)
24421,4700-UBQMV,One year,Yes,Bank transfer (automatic)
24422,4701-AHWMW,Month-to-month,Yes,Bank transfer (automatic)
24423,4701-LKOZD,Two year,No,Credit card (automatic)
24424,4701-MLJPN,Month-to-month,Yes,Electronic check
24425,4702-HDRKD,One year,Yes,Bank transfer (automatic)
24426,4702-IOQDC,Month-to-month,Yes,Electronic check
24427,4703-MQYKT,Two year,No,Mailed check
24428,4704-ERYFC,Month-to-month,Yes,Electronic check
24429,4706-AXVKM,Month-to-month,Yes,Credit card (automatic)
24430,4706-DGAHW,Month-to-month,No,Electronic check
24431,4707-MAXGU,Two year,No,Credit card (automatic)
24432,4707-YNOQA,One year,Yes,Credit card (automatic)
24433,4709-LKHYG,One year,No,Electronic check
24434,4710-FDUIZ,One year,No,Credit card (automatic)
24435,4710-NKCAW,Month-to-month,No,Credit card (automatic)
24436,4712-AUQZO,Month-to-month,No,Mailed check
24437,4712-UYOOI,Month-to-month,No,Electronic check
24438,4713-LZDRV,Month-to-month,Yes,Electronic check
24439,4713-ZBURT,Two year,No,Bank transfer (automatic)
24440,4716-HHKQH,Month-to-month,No,Electronic check
24441,4716-MRVEN,One year,No,Mailed check
24442,4717-GHADL,Two year,Yes,Mailed check
24443,4718-DHSMV,Month-to-month,Yes,Mailed check
24444,4718-WXBGI,Two year,Yes,Credit card (automatic)
24445,4719-UMSIY,Month-to-month,No,Mailed check
24446,4720-VSTSI,Month-to-month,Yes,Bank transfer (automatic)
24447,4723-BEGSG,Two year,No,Credit card (automatic)
24448,4724-WXVWF,Month-to-month,Yes,Electronic check
24449,4726-DLWQN,Month-to-month,Yes,Bank transfer (automatic)
24450,4727-MCYZG,Month-to-month,No,Mailed check
24451,4729-XKASR,Month-to-month,No,Electronic check
24452,4730-AWNAU,One year,No,Credit card (automatic)
24453,4732-RRJZC,Month-to-month,No,Mailed check
24454,4735-ASGMA,Month-to-month,Yes,Electronic check
24455,4735-BJKOU,Two year,No,Mailed check
24456,4737-AQCPU,Two year,No,Credit card (automatic)
24457,4737-HOBAX,Two year,No,Credit card (automatic)
24458,4741-WWJQZ,Month-to-month,Yes,Electronic check
24459,4742-DRORA,One year,Yes,Bank transfer (automatic)
24460,4742-TXUEX,Two year,No,Bank transfer (automatic)
24461,4745-LSPLO,Month-to-month,No,Mailed check
24462,4747-LCAQL,Month-to-month,Yes,Mailed check
24463,4749-OJKQU,Month-to-month,Yes,Electronic check
24464,4749-VFKVB,Month-to-month,Yes,Mailed check
24465,4750-UKWJK,One year,No,Mailed check
24466,4750-ZRXIU,Month-to-month,Yes,Electronic check
24467,4751-ERMAN,Two year,Yes,Bank transfer (automatic)
24468,4753-PADAS,One year,Yes,Bank transfer (automatic)
24469,4759-PXTAN,One year,Yes,Electronic check
24470,4759-TRPLW,Month-to-month,No,Electronic check
24471,4760-THGOT,Month-to-month,Yes,Electronic check
24472,4760-XOHVN,Month-to-month,No,Mailed check
24473,4763-PGDPO,Month-to-month,No,Electronic check
24474,4765-OXPPD,Month-to-month,No,Mailed check
24475,4767-HZZHQ,Month-to-month,No,Bank transfer (automatic)
24476,4770-QAZXN,Month-to-month,No,Credit card (automatic)
24477,4770-UEZOX,Month-to-month,Yes,Electronic check
24478,4774-HHGGS,Two year,No,Mailed check
24479,4776-XSKYQ,One year,No,Credit card (automatic)
24480,4778-IZARL,Two year,Yes,Credit card (automatic)
24481,4779-ZGICK,Two year,No,Mailed check
24482,4781-ZXYGU,Month-to-month,Yes,Bank transfer (automatic)
24483,4782-OSFXZ,Two year,Yes,Bank transfer (automatic)
24484,4785-FCIFB,Two year,No,Mailed check
24485,4785-NKHCX,Month-to-month,No,Bank transfer (automatic)
24486,4785-QRJHC,One year,Yes,Bank transfer (automatic)
24487,4786-UKSNZ,Month-to-month,No,Mailed check
24488,4789-KWMXN,One year,Yes,Credit card (automatic)
24489,4791-QRGMF,One year,Yes,Bank transfer (automatic)
24490,4795-KTRTH,Month-to-month,Yes,Electronic check
24491,4795-UXVCJ,One year,No,Credit card (automatic)
24492,4795-WRNVT,Month-to-month,No,Mailed check
24493,4797-AXPXK,Month-to-month,Yes,Electronic check
24494,4797-MIWUM,Month-to-month,Yes,Bank transfer (automatic)
24495,4800-CZMPC,One year,Yes,Credit card (automatic)
24496,4800-VHZKI,Month-to-month,Yes,Mailed check
24497,4801-JZAZL,Month-to-month,Yes,Electronic check
24498,4801-KFYKL,Month-to-month,No,Bank transfer (automatic)
24499,4803-AXVYP,Month-to-month,Yes,Electronic check
24500,4803-LBYPN,Month-to-month,No,Mailed check
24501,4804-NCPET,Two year,No,Mailed check
24502,4806-DXQCE,Two year,Yes,Electronic check
24503,4806-HIPDW,Month-to-month,Yes,Electronic check
24504,4806-KEXQR,Month-to-month,Yes,Electronic check
24505,4807-IZYOZ,Two year,No,Bank transfer (automatic)
24506,4808-YNLEU,One year,Yes,Bank transfer (automatic)
24507,4811-JBUVU,Month-to-month,Yes,Credit card (automatic)
24508,4813-HQMGZ,Month-to-month,Yes,Electronic check
24509,4815-GBTCD,Month-to-month,Yes,Electronic check
24510,4815-TUMEQ,One year,Yes,Mailed check
24511,4815-YOSUK,One year,Yes,Credit card (automatic)
24512,4816-JBHOV,Month-to-month,Yes,Electronic check
24513,4816-LXZYW,Month-to-month,Yes,Electronic check
24514,4816-OKWNX,One year,Yes,Bank transfer (automatic)
24515,4817-KEQSP,Two year,No,Bank transfer (automatic)
24516,4817-QRJSX,Month-to-month,Yes,Credit card (automatic)
24517,4817-VYYWS,Month-to-month,Yes,Electronic check
24518,4818-DRBQT,Month-to-month,Yes,Bank transfer (automatic)
24519,4818-QIUFN,Month-to-month,Yes,Electronic check
24520,4819-HJPIW,Month-to-month,No,Mailed check
24521,4821-SJHJV,Month-to-month,No,Electronic check
24522,4821-WQOYN,Two year,Yes,Credit card (automatic)
24523,4822-LPTYJ,Two year,Yes,Bank transfer (automatic)
24524,4822-NGOCH,Month-to-month,Yes,Electronic check
24525,4822-RVYBB,Month-to-month,Yes,Electronic check
24526,4822-YCXMX,Month-to-month,Yes,Electronic check
24527,4824-GUCBY,Month-to-month,No,Electronic check
24528,4825-FUREZ,Two year,No,Electronic check
24529,4825-XJGDM,One year,No,Credit card (automatic)
24530,4826-DXMUP,One year,Yes,Mailed check
24531,4826-TZEVA,Month-to-month,No,Credit card (automatic)
24532,4826-XTSOH,Month-to-month,Yes,Electronic check
24533,4827-DPADN,Two year,Yes,Bank transfer (automatic)
24534,4827-LTQRJ,One year,Yes,Credit card (automatic)
24535,4827-USJHP,Month-to-month,Yes,Mailed check
24536,4828-FAZPK,Month-to-month,Yes,Credit card (automatic)
24537,4829-AUOAX,Month-to-month,No,Bank transfer (automatic)
24538,4829-ZLJTK,Two year,Yes,Electronic check
24539,4830-FAXFM,Month-to-month,Yes,Credit card (automatic)
24540,4831-EOBFE,Month-to-month,No,Credit card (automatic)
24541,4832-VRBMR,One year,Yes,Bank transfer (automatic)
24542,4833-QTJNO,Month-to-month,No,Bank transfer (automatic)
24543,4835-YSJMR,Two year,Yes,Bank transfer (automatic)
24544,4836-WNFNO,Two year,No,Credit card (automatic)
24545,4837-PZTIC,Two year,No,Mailed check
24546,4837-QUSFT,One year,Yes,Bank transfer (automatic)
24547,4840-ORQXB,Month-to-month,No,Electronic check
24548,4844-JJWUY,Month-to-month,Yes,Electronic check
24549,4846-WHAFZ,Month-to-month,Yes,Electronic check
24550,4847-QNOKA,Month-to-month,Yes,Bank transfer (automatic)
24551,4847-TAJYI,Month-to-month,Yes,Electronic check
24552,4849-PYRLQ,Two year,No,Bank transfer (automatic)
24553,4851-BQDNX,One year,Yes,Electronic check
24554,4853-OITSN,Month-to-month,Yes,Electronic check
24555,4853-RULSV,Two year,Yes,Credit card (automatic)
24556,4854-CIDCF,Month-to-month,No,Electronic check
24557,4854-SSLTN,Two year,No,Mailed check
24558,4855-SNKMY,Month-to-month,Yes,Electronic check
24559,4859-ZSRDZ,Two year,Yes,Credit card (automatic)
24560,4860-IJUDE,Month-to-month,Yes,Credit card (automatic)
24561,4860-YZGZM,Month-to-month,No,Electronic check
24562,4868-AADLV,One year,Yes,Electronic check
24563,4869-EPIUS,One year,Yes,Electronic check
24564,4871-JTKJF,Month-to-month,Yes,Electronic check
24565,4872-JCVCA,Two year,Yes,Bank transfer (automatic)
24566,4872-VXRIL,One year,Yes,Bank transfer (automatic)
24567,4873-ILOLJ,Month-to-month,Yes,Electronic check
24568,4877-EVATK,Month-to-month,No,Mailed check
24569,4877-TSOFF,One year,Yes,Bank transfer (automatic)
24570,4878-BUNFV,Two year,No,Mailed check
24571,4879-GZLFH,Month-to-month,Yes,Electronic check
24572,4881-GQJTW,Month-to-month,No,Credit card (automatic)
24573,4881-JVQOD,Month-to-month,Yes,Bank transfer (automatic)
24574,4883-KCPZJ,Two year,No,Credit card (automatic)
24575,4883-QICIH,Month-to-month,Yes,Bank transfer (automatic)
24576,4884-LEVMQ,Two year,Yes,Bank transfer (automatic)
24577,4884-TVUQF,Two year,No,Credit card (automatic)
24578,4884-ZTHVF,Month-to-month,Yes,Electronic check
24579,4890-VMUAV,One year,No,Electronic check
24580,4891-NLUBA,Two year,Yes,Bank transfer (automatic)
24581,4892-VLANZ,Month-to-month,No,Mailed check
24582,4893-GYUJU,One year,Yes,Mailed check
24583,4895-TMWIR,Month-to-month,No,Mailed check
24584,4896-CPRPF,Two year,No,Bank transfer (automatic)
24585,4897-QSUYC,Month-to-month,Yes,Mailed check
24586,4900-MSOMT,Two year,No,Bank transfer (automatic)
24587,4902-OHLSK,Month-to-month,No,Electronic check
24588,4903-CNOZC,One year,No,Credit card (automatic)
24589,4903-UYAVB,Month-to-month,No,Mailed check
24590,4905-JEFDW,One year,Yes,Electronic check
24591,4906-ZHGPK,One year,Yes,Electronic check
24592,4908-XAXAY,One year,Yes,Bank transfer (automatic)
24593,4909-JOUPP,Two year,No,Credit card (automatic)
24594,4910-AQFFX,Month-to-month,Yes,Bank transfer (automatic)
24595,4910-GMJOT,Month-to-month,Yes,Electronic check
24596,4911-BANWH,Month-to-month,Yes,Credit card (automatic)
24597,4912-PIGUY,Month-to-month,Yes,Electronic check
24598,4913-EHYUI,One year,Yes,Bank transfer (automatic)
24599,4915-BFSXL,Two year,No,Credit card (automatic)
24600,4918-FYJNT,Month-to-month,No,Electronic check
24601,4918-QLLIW,Month-to-month,No,Credit card (automatic)
24602,4919-IKATY,Month-to-month,Yes,Electronic check
24603,4919-MOAVT,Month-to-month,No,Electronic check
24604,4922-CVPDX,Two year,Yes,Credit card (automatic)
24605,4923-ADWXJ,Month-to-month,Yes,Bank transfer (automatic)
24606,4925-LMHOK,Month-to-month,Yes,Credit card (automatic)
24607,4926-UMJZD,Month-to-month,Yes,Mailed check
24608,4927-WWOOZ,Month-to-month,Yes,Electronic check
24609,4929-BSTRX,Month-to-month,Yes,Mailed check
24610,4929-ROART,Month-to-month,No,Mailed check
24611,4929-XIHVW,Month-to-month,Yes,Credit card (automatic)
24612,4931-TRZWN,Month-to-month,Yes,Electronic check
24613,4933-BSAIP,Two year,No,Mailed check
24614,4933-IKULF,One year,No,Mailed check
24615,4936-YPJNK,Month-to-month,Yes,Mailed check
24616,4937-QPZPO,One year,Yes,Electronic check
24617,4939-KYYPY,Month-to-month,No,Electronic check
24618,4940-KHCWD,Two year,No,Bank transfer (automatic)
24619,4942-VZZOM,One year,Yes,Credit card (automatic)
24620,4945-RVMTE,Month-to-month,Yes,Bank transfer (automatic)
24621,4946-EDSEW,Month-to-month,Yes,Mailed check
24622,4947-DSMXK,Month-to-month,Yes,Bank transfer (automatic)
24623,4948-WBBKL,Month-to-month,Yes,Bank transfer (automatic)
24624,4950-BDEUX,Month-to-month,No,Electronic check
24625,4950-HKQTE,Two year,No,Mailed check
24626,4951-UKAAQ,Month-to-month,Yes,Electronic check
24627,4952-YSOGZ,Month-to-month,Yes,Electronic check
24628,4955-VCWBI,One year,No,Mailed check
24629,4957-SREEC,Two year,No,Credit card (automatic)
24630,4957-TIALW,One year,No,Credit card (automatic)
24631,4957-TREIR,Month-to-month,Yes,Credit card (automatic)
24632,4958-GZWIY,Month-to-month,No,Electronic check
24633,4958-XCBDQ,Month-to-month,Yes,Electronic check
24634,4959-JOSRX,Month-to-month,Yes,Credit card (automatic)
24635,4962-CHQPW,One year,No,Mailed check
24636,4967-WPNCF,Two year,Yes,Bank transfer (automatic)
24637,4971-PUYQO,Month-to-month,Yes,Mailed check
24638,4973-MGTON,Two year,Yes,Credit card (automatic)
24639,4973-RLZVI,One year,No,Credit card (automatic)
24640,4976-LNFVV,Month-to-month,Yes,Credit card (automatic)
24641,4979-HPRFL,Two year,No,Bank transfer (automatic)
24642,4980-URKXC,One year,No,Bank transfer (automatic)
24643,4981-FLTMF,Month-to-month,No,Bank transfer (automatic)
24644,4983-CCWMC,Month-to-month,Yes,Mailed check
24645,4983-CLMLV,Month-to-month,Yes,Credit card (automatic)
24646,4986-MXSFP,Month-to-month,Yes,Mailed check
24647,4987-GQWPO,Month-to-month,No,Credit card (automatic)
24648,4988-IQIGL,Month-to-month,Yes,Electronic check
24649,4989-LIXVT,Month-to-month,Yes,Electronic check
24650,4990-ALDGW,Two year,No,Mailed check
24651,4992-LTJNE,Two year,No,Bank transfer (automatic)
24652,4993-JCRGJ,Month-to-month,Yes,Mailed check
24653,4994-OBRSZ,Two year,No,Bank transfer (automatic)
24654,4998-IKFSE,Month-to-month,No,Electronic check
24655,4999-IEZLT,One year,No,Credit card (automatic)
24656,5002-GCQFH,Month-to-month,Yes,Bank transfer (automatic)
24657,5003-OKNNK,One year,No,Credit card (automatic)
24658,5003-XZWWO,Two year,No,Credit card (automatic)
24659,5006-MXVRN,Two year,No,Credit card (automatic)
24660,5010-IPEAQ,Two year,No,Credit card (automatic)
24661,5012-YSPJJ,Month-to-month,No,Mailed check
24662,5013-SBUIH,Two year,Yes,Electronic check
24663,5014-GSOUQ,Two year,No,Mailed check
24664,5014-WUQMG,One year,Yes,Electronic check
24665,5016-ETTFF,Month-to-month,No,Mailed check
24666,5016-IBERQ,Month-to-month,No,Electronic check
24667,5016-LIPDW,One year,No,Mailed check
24668,5018-GWURO,Month-to-month,Yes,Bank transfer (automatic)
24669,5018-HEKFO,Month-to-month,Yes,Mailed check
24670,5018-LXQQG,Month-to-month,No,Bank transfer (automatic)
24671,5019-GQVCR,Month-to-month,Yes,Electronic check
24672,5020-ZSTTY,One year,No,Bank transfer (automatic)
24673,5022-JNQEQ,Month-to-month,Yes,Electronic check
24674,5022-KVDQT,Month-to-month,Yes,Electronic check
24675,5025-GOOKI,Month-to-month,Yes,Credit card (automatic)
24676,5027-QPKTE,Month-to-month,Yes,Electronic check
24677,5027-XWQHA,Month-to-month,No,Electronic check
24678,5027-YOCXN,One year,No,Credit card (automatic)
24679,5028-GZLDO,Month-to-month,No,Credit card (automatic)
24680,5028-HTLJB,Month-to-month,No,Mailed check
24681,5032-MIYKT,Month-to-month,Yes,Mailed check
24682,5032-USPKF,One year,No,Bank transfer (automatic)
24683,5035-BVCXS,Month-to-month,Yes,Mailed check
24684,5035-PGZXH,One year,Yes,Electronic check
24685,5038-ETMLM,Two year,Yes,Bank transfer (automatic)
24686,5039-LZRQT,One year,No,Mailed check
24687,5043-TRZWM,Month-to-month,No,Electronic check
24688,5044-LRQAQ,Month-to-month,Yes,Bank transfer (automatic)
24689,5044-XDPYX,Two year,No,Mailed check
24690,5046-NUHWD,Month-to-month,Yes,Electronic check
24691,5047-LHVLY,Month-to-month,Yes,Mailed check
24692,5049-GLYVG,Month-to-month,No,Mailed check
24693,5049-MUBWG,One year,No,Bank transfer (automatic)
24694,5052-PNLOS,Month-to-month,Yes,Bank transfer (automatic)
24695,5054-IEXZT,Month-to-month,Yes,Electronic check
24696,5055-BRMNE,Two year,No,Credit card (automatic)
24697,5055-MGMGF,Month-to-month,Yes,Electronic check
24698,5056-FIMPT,One year,Yes,Credit card (automatic)
24699,5057-LCOUI,Month-to-month,Yes,Electronic check
24700,5057-RKGLH,Two year,No,Mailed check
24701,5060-TQUQN,Month-to-month,Yes,Bank transfer (automatic)
24702,5061-PBXFW,Month-to-month,No,Bank transfer (automatic)
24703,5062-CJJKH,One year,No,Mailed check
24704,5063-IUOKK,Two year,No,Mailed check
24705,5066-GFJMM,Month-to-month,Yes,Mailed check
24706,5067-DGXLL,Month-to-month,No,Mailed check
24707,5067-WJEUN,Two year,Yes,Bank transfer (automatic)
24708,5067-XJQFU,One year,Yes,Electronic check
24709,5071-FBJFS,Month-to-month,No,Electronic check
24710,5073-RZGBK,One year,Yes,Bank transfer (automatic)
24711,5073-WXOYN,Month-to-month,Yes,Electronic check
24712,5074-FBGHB,One year,Yes,Credit card (automatic)
24713,5075-JSDKI,Two year,No,Electronic check
24714,5076-YVXCM,Month-to-month,No,Bank transfer (automatic)
24715,5077-DXTCG,Month-to-month,Yes,Electronic check
24716,5081-NWSUP,One year,No,Mailed check
24717,5084-OOVCJ,Month-to-month,Yes,Credit card (automatic)
24718,5087-SUURX,Month-to-month,Yes,Electronic check
24719,5088-QZLRL,Month-to-month,No,Electronic check
24720,5089-IFSDP,Two year,Yes,Bank transfer (automatic)
24721,5090-EMGTC,Two year,Yes,Mailed check
24722,5091-HFAZW,Month-to-month,Yes,Electronic check
24723,5092-STPKP,Month-to-month,No,Credit card (automatic)
24724,5093-FEGLU,Two year,No,Bank transfer (automatic)
24725,5095-AESKG,Month-to-month,Yes,Credit card (automatic)
24726,5095-ETBRJ,Two year,No,Mailed check
24727,5099-BAILX,Month-to-month,Yes,Bank transfer (automatic)
24728,5103-MHMHY,Month-to-month,No,Mailed check
24729,5108-ADXWO,Month-to-month,Yes,Electronic check
24730,5110-CHOPY,Two year,No,Electronic check
24731,5115-GZDEL,Two year,No,Credit card (automatic)
24732,5115-SQAAU,Two year,Yes,Bank transfer (automatic)
24733,5117-IFGPS,Month-to-month,Yes,Electronic check
24734,5117-ZSMHQ,Two year,No,Bank transfer (automatic)
24735,5118-MUEYH,Month-to-month,Yes,Credit card (automatic)
24736,5119-KEPFY,Month-to-month,Yes,Bank transfer (automatic)
24737,5119-NZPTV,Month-to-month,No,Electronic check
24738,5120-ZBLAI,One year,No,Bank transfer (automatic)
24739,5122-CYFXA,Month-to-month,Yes,Electronic check
24740,5124-EOGYE,Two year,No,Mailed check
24741,5125-CNDSP,One year,Yes,Bank transfer (automatic)
24742,5126-RCXYW,Two year,No,Credit card (automatic)
24743,5127-BZENZ,One year,No,Bank transfer (automatic)
24744,5129-HHMZC,Two year,No,Credit card (automatic)
24745,5129-JLPIS,Month-to-month,Yes,Electronic check
24746,5130-IEKQT,Month-to-month,No,Mailed check
24747,5130-YPIRV,Two year,Yes,Credit card (automatic)
24748,5131-PONJI,Month-to-month,Yes,Credit card (automatic)
24749,5133-POWUA,Month-to-month,Yes,Mailed check
24750,5133-VRSAB,Month-to-month,No,Mailed check
24751,5134-IKDAY,Month-to-month,Yes,Electronic check
24752,5135-GRQJV,Two year,Yes,Mailed check
24753,5135-RDDQL,Two year,Yes,Bank transfer (automatic)
24754,5136-GFPMB,Month-to-month,No,Credit card (automatic)
24755,5136-KCKGI,One year,Yes,Mailed check
24756,5136-RGMZO,Month-to-month,Yes,Electronic check
24757,5138-WVKYJ,Month-to-month,No,Electronic check
24758,5140-FOMCQ,One year,Yes,Credit card (automatic)
24759,5141-ZUVBH,Month-to-month,No,Bank transfer (automatic)
24760,5143-EGQFK,Month-to-month,Yes,Electronic check
24761,5143-WMWOG,Month-to-month,No,Electronic check
24762,5144-PQCDZ,Month-to-month,Yes,Mailed check
24763,5144-TVGLP,Month-to-month,No,Electronic check
24764,5146-CBVOE,Month-to-month,No,Bank transfer (automatic)
24765,5146-YYFRZ,Two year,No,Bank transfer (automatic)
24766,5148-HKFIR,Two year,No,Mailed check
24767,5148-ORICT,Two year,Yes,Mailed check
24768,5149-CUZUJ,One year,No,Bank transfer (automatic)
24769,5149-QYTTU,One year,Yes,Credit card (automatic)
24770,5149-TGWDZ,One year,Yes,Mailed check
24771,5150-ITWWB,Month-to-month,Yes,Electronic check
24772,5150-LJNSR,One year,No,Bank transfer (automatic)
24773,5151-HQRDG,Month-to-month,Yes,Mailed check
24774,5153-LXKDT,Two year,Yes,Electronic check
24775,5153-RTHKF,Month-to-month,No,Electronic check
24776,5154-VEKBL,Month-to-month,No,Mailed check
24777,5155-AZQPB,Month-to-month,No,Mailed check
24778,5156-UMKOW,Month-to-month,No,Mailed check
24779,5158-RIVOP,Two year,No,Credit card (automatic)
24780,5159-YFPKQ,Month-to-month,Yes,Electronic check
24781,5160-UXJED,One year,No,Mailed check
24782,5161-UBZXI,Two year,Yes,Credit card (automatic)
24783,5161-XEUVX,Two year,No,Mailed check
24784,5167-GBFRE,Month-to-month,Yes,Bank transfer (automatic)
24785,5167-ZFFMM,Month-to-month,Yes,Credit card (automatic)
24786,5168-MQQCA,One year,Yes,Bank transfer (automatic)
24787,5168-MSWXT,Month-to-month,Yes,Electronic check
24788,5170-PTRKA,One year,Yes,Credit card (automatic)
24789,5171-EPLKN,Two year,No,Credit card (automatic)
24790,5172-MIGPM,Month-to-month,No,Mailed check
24791,5172-RKOCB,Two year,Yes,Credit card (automatic)
24792,5173-WXOQV,Month-to-month,Yes,Mailed check
24793,5173-ZXXXL,One year,No,Mailed check
24794,5174-ITUMV,One year,Yes,Electronic check
24795,5174-RNGBH,Month-to-month,No,Mailed check
24796,5175-AOBHI,Month-to-month,Yes,Mailed check
24797,5175-WLYXL,Month-to-month,Yes,Mailed check
24798,5176-LDKUH,One year,No,Electronic check
24799,5176-LMJXE,Two year,Yes,Mailed check
24800,5176-OLSKT,Two year,No,Bank transfer (automatic)
24801,5177-RVZNU,One year,No,Bank transfer (automatic)
24802,5178-LMXOP,Month-to-month,Yes,Electronic check
24803,5180-UCIIQ,Month-to-month,No,Mailed check
24804,5181-OABFK,Two year,Yes,Credit card (automatic)
24805,5183-KLYEM,Two year,Yes,Credit card (automatic)
24806,5183-SNMJQ,Month-to-month,Yes,Credit card (automatic)
24807,5186-EJEGL,Month-to-month,Yes,Mailed check
24808,5186-PEIZU,Month-to-month,No,Bank transfer (automatic)
24809,5186-SAMNZ,Month-to-month,Yes,Bank transfer (automatic)
24810,5188-HGMLP,Month-to-month,No,Bank transfer (automatic)
24811,5192-EBGOV,Month-to-month,Yes,Electronic check
24812,5193-QLVZB,Two year,Yes,Bank transfer (automatic)
24813,5195-KPUNQ,One year,Yes,Mailed check
24814,5196-SGOAK,Month-to-month,Yes,Electronic check
24815,5196-WPYOW,One year,No,Mailed check
24816,5197-LQXXH,Two year,Yes,Credit card (automatic)
24817,5197-PYEPU,One year,Yes,Credit card (automatic)
24818,5197-YPYBZ,Two year,No,Credit card (automatic)
24819,5198-EFNBM,One year,Yes,Electronic check
24820,5198-HQAEN,One year,Yes,Electronic check
24821,5199-FPUSP,One year,No,Credit card (automatic)
24822,5201-CBWYG,One year,No,Bank transfer (automatic)
24823,5201-FRKKS,Month-to-month,No,Bank transfer (automatic)
24824,5201-USSQZ,Month-to-month,No,Credit card (automatic)
24825,5202-IVJNU,Month-to-month,No,Credit card (automatic)
24826,5203-XEHAX,One year,No,Electronic check
24827,5204-HMGYF,One year,Yes,Mailed check
24828,5204-QZXPU,Month-to-month,Yes,Electronic check
24829,5206-HPJKM,Month-to-month,Yes,Credit card (automatic)
24830,5206-XZZQI,Month-to-month,Yes,Mailed check
24831,5207-PLSTK,Month-to-month,Yes,Mailed check
24832,5208-FVQKB,Two year,No,Mailed check
24833,5208-HFSBT,Month-to-month,Yes,Credit card (automatic)
24834,5213-TWWJU,Month-to-month,No,Electronic check
24835,5214-CHIWJ,One year,No,Mailed check
24836,5214-NLTIT,Two year,Yes,Credit card (automatic)
24837,5215-LNLDJ,Month-to-month,Yes,Electronic check
24838,5216-WASFJ,Month-to-month,Yes,Electronic check
24839,5219-YIPTK,Month-to-month,Yes,Electronic check
24840,5220-AGAAX,Two year,Yes,Bank transfer (automatic)
24841,5222-IMUKT,Month-to-month,No,Electronic check
24842,5222-JCXZT,Month-to-month,No,Mailed check
24843,5223-UZAVK,One year,Yes,Credit card (automatic)
24844,5226-NOZFC,Month-to-month,Yes,Electronic check
24845,5227-JSCFE,Two year,No,Credit card (automatic)
24846,5228-EXCET,Month-to-month,Yes,Electronic check
24847,5229-DTFYB,Two year,Yes,Bank transfer (automatic)
24848,5229-PRWKT,Month-to-month,Yes,Electronic check
24849,5231-FIQPA,Two year,Yes,Mailed check
24850,5232-NXPAY,Two year,No,Mailed check
24851,5233-AOZUF,Month-to-month,Yes,Electronic check
24852,5233-GEEAX,Month-to-month,Yes,Electronic check
24853,5236-PERKL,Two year,Yes,Bank transfer (automatic)
24854,5236-XMZJY,Month-to-month,No,Bank transfer (automatic)
24855,5240-CAOYT,Month-to-month,Yes,Bank transfer (automatic)
24856,5240-IJOQT,Month-to-month,Yes,Electronic check
24857,5242-UOWHD,Two year,No,Mailed check
24858,5243-SAOTC,Month-to-month,Yes,Bank transfer (automatic)
24859,5244-IRFIH,Month-to-month,Yes,Electronic check
24860,5245-VDBUR,One year,No,Mailed check
24861,5248-KWLAR,Two year,No,Electronic check
24862,5248-RPYWW,Two year,Yes,Bank transfer (automatic)
24863,5248-YGIJN,Two year,Yes,Credit card (automatic)
24864,5249-QYHEX,Two year,Yes,Mailed check
24865,5256-SKJGO,Two year,Yes,Electronic check
24866,5260-UMPWX,Month-to-month,Yes,Credit card (automatic)
24867,5261-QSHQM,Month-to-month,Yes,Electronic check
24868,5266-PFRQK,One year,Yes,Credit card (automatic)
24869,5268-DSMNQ,One year,Yes,Credit card (automatic)
24870,5269-NRGDP,One year,No,Electronic check
24871,5271-DBYSJ,Month-to-month,Yes,Credit card (automatic)
24872,5271-YNWVR,Two year,Yes,Electronic check
24873,5274-XHAKY,Month-to-month,Yes,Bank transfer (automatic)
24874,5275-PMFUT,Two year,Yes,Credit card (automatic)
24875,5275-SQEIZ,Month-to-month,Yes,Mailed check
24876,5276-KQWHG,Month-to-month,Yes,Electronic check
24877,5277-ZLOOR,Month-to-month,Yes,Electronic check
24878,5278-PNYOX,Two year,No,Credit card (automatic)
24879,5281-BUZGT,Month-to-month,Yes,Electronic check
24880,5285-MVEHD,One year,Yes,Credit card (automatic)
24881,5286-YHCVC,Two year,Yes,Bank transfer (automatic)
24882,5287-QWLKY,Month-to-month,Yes,Credit card (automatic)
24883,5288-AHOUP,Month-to-month,Yes,Electronic check
24884,5293-WXJAK,Month-to-month,Yes,Bank transfer (automatic)
24885,5294-CDGWY,One year,No,Electronic check
24886,5294-DMSFH,Month-to-month,Yes,Credit card (automatic)
24887,5294-IMHHT,One year,No,Bank transfer (automatic)
24888,5295-PCJOO,Month-to-month,Yes,Electronic check
24889,5296-BFCYD,Two year,Yes,Mailed check
24890,5296-PSYVW,Two year,No,Electronic check
24891,5297-MDOIR,One year,Yes,Credit card (automatic)
24892,5298-GSTLM,One year,Yes,Bank transfer (automatic)
24893,5299-RULOA,Month-to-month,Yes,Electronic check
24894,5299-SJCZT,Month-to-month,Yes,Bank transfer (automatic)
24895,5301-GAUUY,Month-to-month,Yes,Bank transfer (automatic)
24896,5302-BDJNT,Month-to-month,No,Electronic check
24897,5304-EFJLP,Two year,Yes,Bank transfer (automatic)
24898,5306-BVTKJ,One year,Yes,Credit card (automatic)
24899,5307-DZCVC,Month-to-month,Yes,Credit card (automatic)
24900,5307-UVGNB,Month-to-month,Yes,Bank transfer (automatic)
24901,5309-TAIKL,Month-to-month,No,Bank transfer (automatic)
24902,5310-NOOVA,Two year,No,Electronic check
24903,5311-IHLEI,Month-to-month,Yes,Bank transfer (automatic)
24904,5312-IRCFR,One year,Yes,Electronic check
24905,5312-TSZVC,One year,No,Mailed check
24906,5312-UXESG,Month-to-month,No,Bank transfer (automatic)
24907,5313-FPXWG,One year,Yes,Bank transfer (automatic)
24908,5315-CKEQK,One year,Yes,Electronic check
24909,5317-FLPJF,Two year,Yes,Bank transfer (automatic)
24910,5318-IXUZF,Month-to-month,Yes,Bank transfer (automatic)
24911,5318-YKDPV,Two year,Yes,Credit card (automatic)
24912,5320-BRKGK,Two year,No,Mailed check
24913,5321-NTRKC,Two year,No,Bank transfer (automatic)
24914,5322-TEUJK,Two year,No,Bank transfer (automatic)
24915,5322-ZSMZY,Two year,No,Mailed check
24916,5324-KTGCG,One year,No,Electronic check
24917,5325-UWTWJ,Month-to-month,Yes,Credit card (automatic)
24918,5327-CNLUQ,Two year,Yes,Bank transfer (automatic)
24919,5327-XOKKY,Two year,Yes,Credit card (automatic)
24920,5329-KRDTM,Two year,No,Credit card (automatic)
24921,5331-RGMTT,Month-to-month,Yes,Credit card (automatic)
24922,5334-AFQJB,Two year,Yes,Credit card (automatic)
24923,5334-JLAXU,Month-to-month,Yes,Credit card (automatic)
24924,5336-UFNZP,One year,Yes,Electronic check
24925,5337-IIWKZ,Month-to-month,Yes,Electronic check
24926,5338-YHWYT,Two year,No,Credit card (automatic)
24927,5339-PXDVH,Month-to-month,No,Electronic check
24928,5339-TJFEK,Month-to-month,Yes,Electronic check
24929,5343-SGUBI,One year,Yes,Mailed check
24930,5345-BMKWB,Month-to-month,No,Mailed check
24931,5346-BZCHP,Two year,No,Mailed check
24932,5348-CAGXB,Month-to-month,Yes,Electronic check
24933,5349-AZPEW,Month-to-month,No,Mailed check
24934,5349-IECLD,Month-to-month,No,Electronic check
24935,5351-QESIO,Month-to-month,No,Mailed check
24936,5353-WILCI,Month-to-month,No,Electronic check
24937,5356-CSVSQ,Month-to-month,No,Electronic check
24938,5356-KZCKT,Two year,Yes,Credit card (automatic)
24939,5356-RHIPP,Month-to-month,Yes,Mailed check
24940,5357-TZHPP,Month-to-month,Yes,Credit card (automatic)
24941,5360-LJCNJ,Two year,Yes,Bank transfer (automatic)
24942,5360-XGYAZ,Two year,Yes,Bank transfer (automatic)
24943,5364-EVNIB,Month-to-month,Yes,Electronic check
24944,5364-XYIRR,Month-to-month,Yes,Electronic check
24945,5365-LLFYV,Month-to-month,Yes,Mailed check
24946,5366-IJEQJ,Month-to-month,Yes,Electronic check
24947,5366-OBVMR,Month-to-month,Yes,Mailed check
24948,5370-IIVVL,One year,Yes,Credit card (automatic)
24949,5371-VYLSX,Month-to-month,Yes,Electronic check
24950,5372-FBKBN,Month-to-month,No,Mailed check
24951,5373-SFODM,Month-to-month,Yes,Credit card (automatic)
24952,5375-XLDOF,Two year,Yes,Bank transfer (automatic)
24953,5376-DEQCP,Month-to-month,Yes,Electronic check
24954,5376-PCKNB,One year,Yes,Credit card (automatic)
24955,5377-NDTOU,Two year,No,Mailed check
24956,5378-IKEEG,Month-to-month,Yes,Electronic check
24957,5380-AFSSK,Month-to-month,Yes,Mailed check
24958,5380-WJKOV,Month-to-month,Yes,Electronic check
24959,5380-XPJNZ,One year,No,Mailed check
24960,5382-SOYZL,Month-to-month,Yes,Electronic check
24961,5382-TEMLV,Month-to-month,Yes,Bank transfer (automatic)
24962,5383-MMTWC,Month-to-month,Yes,Electronic check
24963,5384-ZTTWP,Month-to-month,No,Mailed check
24964,5385-SUIRI,Month-to-month,Yes,Electronic check
24965,5386-THSLQ,One year,No,Bank transfer (automatic)
24966,5387-ASZNZ,One year,Yes,Credit card (automatic)
24967,5389-FFVKB,Month-to-month,Yes,Credit card (automatic)
24968,5392-AKEMH,Month-to-month,Yes,Electronic check
24969,5393-HJZSM,Month-to-month,No,Bank transfer (automatic)
24970,5393-RXQSZ,Month-to-month,No,Electronic check
24971,5394-MEITZ,Two year,Yes,Bank transfer (automatic)
24972,5394-SVGJV,Month-to-month,No,Bank transfer (automatic)
24973,5396-IZEPB,Month-to-month,No,Credit card (automatic)
24974,5397-NSKQG,Two year,No,Credit card (automatic)
24975,5397-TUPSH,One year,Yes,Bank transfer (automatic)
24976,5399-ZIMKF,Month-to-month,Yes,Electronic check
24977,5402-HTOTQ,Month-to-month,No,Electronic check
24978,5404-GGUKR,Month-to-month,Yes,Electronic check
24979,5405-ZMYXQ,Month-to-month,Yes,Credit card (automatic)
24980,5406-KGRMX,Two year,No,Electronic check
24981,5414-OFQCB,Two year,Yes,Credit card (automatic)
24982,5419-CONWX,Month-to-month,Yes,Credit card (automatic)
24983,5419-JKZNQ,Month-to-month,No,Mailed check
24984,5419-JPRRN,Month-to-month,Yes,Electronic check
24985,5419-KLXBN,Month-to-month,Yes,Bank transfer (automatic)
24986,5423-BHIXO,Month-to-month,Yes,Electronic check
24987,5424-RLQLC,Month-to-month,Yes,Mailed check
24988,5429-LWCMV,Month-to-month,Yes,Electronic check
24989,5433-KYGHE,Month-to-month,Yes,Mailed check
24990,5438-QMDDL,Month-to-month,Yes,Mailed check
24991,5439-WIKXB,Month-to-month,Yes,Electronic check
24992,5440-FLBQG,Two year,Yes,Bank transfer (automatic)
24993,5440-VHLUL,One year,Yes,Bank transfer (automatic)
24994,5442-BHQNG,Month-to-month,No,Electronic check
24995,5442-BXVND,Month-to-month,No,Bank transfer (automatic)
24996,5442-PPTJY,Two year,No,Mailed check
24997,5442-UTCVD,Month-to-month,No,Electronic check
24998,5442-XSDCW,Month-to-month,Yes,Bank transfer (automatic)
24999,5443-SCMKX,One year,Yes,Electronic check
25000,5445-GLVOT,Month-to-month,Yes,Electronic check
25001,5445-PZWGX,One year,No,Electronic check
25002,5445-UTODQ,Month-to-month,Yes,Electronic check
25003,5446-DKWYW,One year,Yes,Electronic check
25004,5447-VYTKW,Month-to-month,No,Mailed check
25005,5447-WZAFP,One year,Yes,Mailed check
25006,5448-VWNAM,Month-to-month,Yes,Mailed check
25007,5449-FIBXJ,Month-to-month,No,Electronic check
25008,5451-MHQOF,One year,Yes,Mailed check
25009,5451-YHYPW,Two year,Yes,Credit card (automatic)
25010,5453-AXEPF,Month-to-month,Yes,Bank transfer (automatic)
25011,5453-YBTWV,Two year,Yes,Credit card (automatic)
25012,5456-ITGIC,Two year,Yes,Credit card (automatic)
25013,5457-COLHT,Two year,No,Bank transfer (automatic)
25014,5458-CQJTA,Two year,Yes,Bank transfer (automatic)
25015,5461-QKNTN,Month-to-month,Yes,Electronic check
25016,5465-BUBFA,Two year,No,Bank transfer (automatic)
25017,5468-BPMMO,Month-to-month,No,Electronic check
25018,5469-CTCWN,One year,Yes,Electronic check
25019,5469-NUJUR,Two year,Yes,Mailed check
25020,5472-CVMDX,Two year,No,Mailed check
25021,5473-KHBPS,One year,Yes,Credit card (automatic)
25022,5474-LAMUQ,One year,No,Mailed check
25023,5478-JJVZK,Month-to-month,Yes,Mailed check
25024,5480-HPRRX,Month-to-month,No,Electronic check
25025,5480-TBGPH,Month-to-month,Yes,Credit card (automatic)
25026,5480-XTFFL,Two year,No,Mailed check
25027,5481-NTDOH,One year,Yes,Credit card (automatic)
25028,5482-NUPNA,Month-to-month,Yes,Mailed check
25029,5482-PLVPE,Month-to-month,No,Electronic check
25030,5482-VXSXJ,Month-to-month,Yes,Mailed check
25031,5485-ITNPC,Two year,Yes,Bank transfer (automatic)
25032,5485-WUYWF,Month-to-month,No,Bank transfer (automatic)
25033,5493-SDRDQ,Month-to-month,Yes,Mailed check
25034,5494-HECPR,Month-to-month,Yes,Electronic check
25035,5494-WOZRZ,Two year,Yes,Credit card (automatic)
25036,5495-GPSRW,Two year,Yes,Mailed check
25037,5498-IBWPI,One year,Yes,Credit card (automatic)
25038,5498-TXHLF,Month-to-month,No,Electronic check
25039,5499-ECUTN,One year,Yes,Credit card (automatic)
25040,5501-TVMGM,Month-to-month,Yes,Electronic check
25041,5502-RLUYV,Month-to-month,Yes,Electronic check
25042,5504-WSIUR,One year,Yes,Bank transfer (automatic)
25043,5505-OVWQW,One year,No,Mailed check
25044,5510-BOIUJ,Month-to-month,No,Mailed check
25045,5512-IDZEI,One year,No,Electronic check
25046,5514-YQENT,Two year,Yes,Electronic check
25047,5515-AKOAJ,Month-to-month,Yes,Electronic check
25048,5515-IDEJJ,Month-to-month,No,Mailed check
25049,5515-RUGKN,Month-to-month,Yes,Credit card (automatic)
25050,5519-NPHVG,Month-to-month,Yes,Electronic check
25051,5519-TEEUH,One year,Yes,Mailed check
25052,5519-YLDGW,Month-to-month,Yes,Electronic check
25053,5520-FVEWJ,Month-to-month,Yes,Electronic check
25054,5522-JBWMO,Month-to-month,No,Electronic check
25055,5522-NYKPB,Month-to-month,No,Electronic check
25056,5524-KHNJP,One year,No,Credit card (automatic)
25057,5527-ACHSO,Month-to-month,No,Mailed check
25058,5529-GIBVH,Two year,No,Mailed check
25059,5533-NHFRF,Month-to-month,Yes,Electronic check
25060,5533-RJFTJ,Month-to-month,Yes,Bank transfer (automatic)
25061,5536-RTPWK,Month-to-month,Yes,Bank transfer (automatic)
25062,5536-SLHPM,Month-to-month,Yes,Electronic check
25063,5537-UXXVS,Month-to-month,No,Bank transfer (automatic)
25064,5539-HIVAK,Month-to-month,No,Mailed check
25065,5539-TMZLF,Month-to-month,Yes,Electronic check
25066,5542-DHSXL,Month-to-month,No,Mailed check
25067,5542-NKVRU,Two year,Yes,Bank transfer (automatic)
25068,5542-TBBWB,Month-to-month,Yes,Electronic check
25069,5543-QDCRY,Month-to-month,Yes,Electronic check
25070,5546-BYZSM,Month-to-month,No,Electronic check
25071,5546-QUERU,One year,Yes,Mailed check
25072,5549-ZGHFB,Two year,No,Mailed check
25073,5550-VFRLC,Month-to-month,Yes,Electronic check
25074,5552-ZNFSJ,Month-to-month,No,Electronic check
25075,5553-AOINX,One year,Yes,Electronic check
25076,5555-RNPGT,Month-to-month,No,Credit card (automatic)
25077,5561-NWEVX,Month-to-month,No,Electronic check
25078,5562-BETPV,One year,No,Mailed check
25079,5562-YJQGT,Month-to-month,No,Credit card (automatic)
25080,5564-NEMQO,Month-to-month,Yes,Bank transfer (automatic)
25081,5565-FILXA,Month-to-month,Yes,Electronic check
25082,5566-SOEZD,One year,Yes,Credit card (automatic)
25083,5567-GZKQY,Two year,No,Credit card (automatic)
25084,5567-WSELE,Month-to-month,Yes,Electronic check
25085,5568-DMXZS,Month-to-month,Yes,Electronic check
25086,5569-IDSEY,One year,Yes,Bank transfer (automatic)
25087,5569-KGJHX,Month-to-month,Yes,Bank transfer (automatic)
25088,5569-OUICF,Month-to-month,Yes,Credit card (automatic)
25089,5570-PTWEH,Month-to-month,Yes,Credit card (automatic)
25090,5572-ZDXHY,Month-to-month,Yes,Mailed check
25091,5574-NXZIU,Two year,No,Credit card (automatic)
25092,5575-GNVDE,One year,No,Mailed check
25093,5575-TPIZQ,Month-to-month,Yes,Credit card (automatic)
25094,5577-OTWWW,Month-to-month,No,Bank transfer (automatic)
25095,5578-NKCXI,One year,No,Credit card (automatic)
25096,5583-EJXRD,Two year,Yes,Credit card (automatic)
25097,5583-SXDAG,Month-to-month,No,Electronic check
25098,5590-BYNII,Month-to-month,Yes,Electronic check
25099,5590-YRFJT,Month-to-month,Yes,Electronic check
25100,5590-ZSKRV,Month-to-month,No,Mailed check
25101,5593-SUAOO,One year,No,Bank transfer (automatic)
25102,5597-GLBUC,Month-to-month,Yes,Electronic check
25103,5598-IKHQQ,Two year,No,Credit card (automatic)
25104,5599-HVLTW,Month-to-month,Yes,Bank transfer (automatic)
25105,5600-KTXFM,Month-to-month,No,Mailed check
25106,5600-PDUJF,Month-to-month,Yes,Credit card (automatic)
25107,5602-BVFMK,One year,No,Mailed check
25108,5605-IYGFG,Month-to-month,Yes,Bank transfer (automatic)
25109,5605-XNWEN,Two year,Yes,Bank transfer (automatic)
25110,5606-AMZBO,Month-to-month,Yes,Credit card (automatic)
25111,5609-CEBID,Month-to-month,Yes,Electronic check
25112,5609-IMCGG,Month-to-month,Yes,Credit card (automatic)
25113,5614-DNZCE,Two year,Yes,Credit card (automatic)
25114,5616-PRTNT,Month-to-month,Yes,Electronic check
25115,5619-PTMIK,Month-to-month,No,Electronic check
25116,5619-XZZKR,One year,No,Mailed check
25117,5622-UEJFI,Two year,Yes,Credit card (automatic)
25118,5624-BQSSA,Month-to-month,No,Mailed check
25119,5624-RYAMH,Month-to-month,Yes,Electronic check
25120,5626-MGTUK,Month-to-month,Yes,Bank transfer (automatic)
25121,5627-TVBPP,One year,Yes,Credit card (automatic)
25122,5628-FCGYG,Month-to-month,Yes,Electronic check
25123,5628-RKIFK,Month-to-month,No,Credit card (automatic)
25124,5630-AHZIL,Month-to-month,Yes,Bank transfer (automatic)
25125,5630-IXDXV,Month-to-month,Yes,Electronic check
25126,5639-NTUPK,Month-to-month,Yes,Credit card (automatic)
25127,5640-CAXOA,One year,Yes,Credit card (automatic)
25128,5641-DMBFJ,Two year,Yes,Electronic check
25129,5642-MHDQT,One year,Yes,Bank transfer (automatic)
25130,5644-PDMZC,Month-to-month,No,Electronic check
25131,5647-FXOTP,Month-to-month,Yes,Electronic check
25132,5647-URDKA,Two year,No,Mailed check
25133,5649-ANRML,Month-to-month,Yes,Credit card (automatic)
25134,5649-RXQTV,Month-to-month,Yes,Electronic check
25135,5649-TJHOV,Month-to-month,No,Bank transfer (automatic)
25136,5649-VUKMC,One year,No,Mailed check
25137,5650-VDUDS,Month-to-month,Yes,Mailed check
25138,5650-YLIBA,Month-to-month,Yes,Electronic check
25139,5651-CPDND,Month-to-month,No,Mailed check
25140,5651-CRHKQ,One year,Yes,Bank transfer (automatic)
25141,5651-WYIPH,Month-to-month,Yes,Credit card (automatic)
25142,5651-YLPRD,Month-to-month,Yes,Electronic check
25143,5652-MSDEY,Month-to-month,Yes,Mailed check
25144,5655-JSMZM,Month-to-month,Yes,Electronic check
25145,5656-JAMLX,Two year,No,Bank transfer (automatic)
25146,5656-MJEFC,Two year,No,Credit card (automatic)
25147,5663-QBGIS,Two year,No,Bank transfer (automatic)
25148,5666-CYCYZ,Month-to-month,Yes,Electronic check
25149,5666-MBJPT,Two year,Yes,Bank transfer (automatic)
25150,5668-MEISB,Two year,No,Credit card (automatic)
25151,5669-SRAIP,Month-to-month,No,Electronic check
25152,5671-RQRLP,Two year,Yes,Credit card (automatic)
25153,5671-UUNXD,One year,Yes,Electronic check
25154,5673-FSSMF,Month-to-month,Yes,Electronic check
25155,5673-TIYIB,Month-to-month,Yes,Credit card (automatic)
25156,5676-CFLYY,Two year,Yes,Credit card (automatic)
25157,5678-VFNEQ,One year,Yes,Credit card (automatic)
25158,5680-LQOGP,Two year,Yes,Credit card (automatic)
25159,5681-LLOEI,One year,Yes,Credit card (automatic)
25160,5684-FJVYR,Two year,Yes,Bank transfer (automatic)
25161,5685-IIXLY,Month-to-month,Yes,Electronic check
25162,5686-CMAWK,One year,No,Electronic check
25163,5687-DKDTV,Month-to-month,No,Mailed check
25164,5688-KZTSN,Month-to-month,Yes,Electronic check
25165,5692-FPTAH,Month-to-month,Yes,Mailed check
25166,5692-ICXLW,Month-to-month,Yes,Electronic check
25167,5693-PIPCS,Two year,Yes,Credit card (automatic)
25168,5696-CEIQJ,Two year,No,Bank transfer (automatic)
25169,5696-EXCYS,Two year,No,Credit card (automatic)
25170,5696-JVVQY,Two year,Yes,Credit card (automatic)
25171,5696-QURRL,Month-to-month,Yes,Mailed check
25172,5697-GOMBF,Month-to-month,Yes,Electronic check
25173,5698-BQJOH,Month-to-month,No,Electronic check
25174,5699-BNCAS,Two year,Yes,Mailed check
25175,5701-GUXDC,One year,No,Credit card (automatic)
25176,5701-SVCWR,Month-to-month,No,Mailed check
25177,5701-YVSVF,Month-to-month,Yes,Electronic check
25178,5701-ZIKJE,Month-to-month,Yes,Mailed check
25179,5702-KVQRD,Two year,Yes,Electronic check
25180,5702-SKUOB,Month-to-month,No,Mailed check
25181,5707-ORNDZ,Month-to-month,No,Electronic check
25182,5707-ZMDJP,Two year,Yes,Mailed check
25183,5708-EVONK,Month-to-month,Yes,Bank transfer (automatic)
25184,5709-LVOEQ,Two year,No,Mailed check
25185,5712-AHQNN,Month-to-month,Yes,Electronic check
25186,5712-PTIWW,Month-to-month,Yes,Electronic check
25187,5712-VBOXD,Month-to-month,Yes,Credit card (automatic)
25188,5716-EZXZN,Two year,Yes,Credit card (automatic)
25189,5716-LIBJC,One year,Yes,Credit card (automatic)
25190,5724-BIDBU,One year,Yes,Electronic check
25191,5726-CVNYA,Two year,Yes,Mailed check
25192,5727-MYATE,Two year,Yes,Credit card (automatic)
25193,5729-KLZAR,Month-to-month,No,Electronic check
25194,5730-DBDSI,Two year,No,Bank transfer (automatic)
25195,5730-RIITO,Month-to-month,Yes,Credit card (automatic)
25196,5732-IKGQH,One year,Yes,Bank transfer (automatic)
25197,5734-EJKXG,One year,Yes,Electronic check
25198,5736-YEJAX,Two year,Yes,Credit card (automatic)
25199,5740-YHGTW,Month-to-month,Yes,Credit card (automatic)
25200,5743-KHMNA,Two year,No,Bank transfer (automatic)
25201,5747-PMBSQ,Month-to-month,Yes,Mailed check
25202,5748-RNCJT,Two year,Yes,Bank transfer (automatic)
25203,5751-USDBL,Two year,No,Mailed check
25204,5753-QQWPW,One year,Yes,Electronic check
25205,5756-JYOJT,One year,No,Credit card (automatic)
25206,5756-OZRIO,One year,No,Bank transfer (automatic)
25207,5759-RCVCB,Month-to-month,No,Credit card (automatic)
25208,5760-FXFVO,Month-to-month,Yes,Electronic check
25209,5760-IFJOZ,Month-to-month,No,Mailed check
25210,5760-WRAHC,Month-to-month,Yes,Mailed check
25211,5762-TJXGK,Two year,Yes,Bank transfer (automatic)
25212,5766-FTRTS,Two year,No,Mailed check
25213,5766-XQXMQ,Month-to-month,Yes,Bank transfer (automatic)
25214,5766-ZJYBB,Month-to-month,No,Mailed check
25215,5774-QPLTF,One year,Yes,Mailed check
25216,5774-XZTQC,Month-to-month,No,Mailed check
25217,5777-KJIRB,One year,Yes,Mailed check
25218,5777-ZPQNC,One year,No,Electronic check
25219,5778-BVOFB,Month-to-month,Yes,Bank transfer (automatic)
25220,5780-INQIK,Month-to-month,No,Electronic check
25221,5781-BKHOP,Two year,No,Bank transfer (automatic)
25222,5781-RFZRP,Two year,No,Credit card (automatic)
25223,5787-KXGIY,Two year,No,Credit card (automatic)
25224,5788-YPOEG,Two year,No,Mailed check
25225,5789-LDFXO,One year,No,Electronic check
25226,5791-KAJFD,One year,Yes,Bank transfer (automatic)
25227,5792-JALQC,Two year,No,Bank transfer (automatic)
25228,5793-YOLJN,Two year,No,Mailed check
25229,5795-BKOYE,One year,No,Bank transfer (automatic)
25230,5795-KTGUD,Two year,Yes,Bank transfer (automatic)
25231,5797-APWZC,Month-to-month,No,Electronic check
25232,5799-JRCZO,Two year,No,Credit card (automatic)
25233,5802-ADBRC,One year,Yes,Mailed check
25234,5803-NQJZO,Two year,Yes,Bank transfer (automatic)
25235,5804-HYIEZ,Month-to-month,Yes,Electronic check
25236,5804-JMYIO,Two year,No,Mailed check
25237,5804-LEPIM,Month-to-month,Yes,Electronic check
25238,5808-TOTXO,One year,Yes,Credit card (automatic)
25239,5811-IWXYM,One year,No,Bank transfer (automatic)
25240,5813-UECBU,Month-to-month,Yes,Credit card (automatic)
25241,5815-HGGHV,One year,Yes,Mailed check
25242,5816-JMLGY,Two year,Yes,Bank transfer (automatic)
25243,5816-QVHRX,Month-to-month,No,Credit card (automatic)
25244,5816-SCGFC,Month-to-month,Yes,Mailed check
25245,5820-PTRYM,One year,Yes,Credit card (automatic)
25246,5821-MMEIL,Two year,No,Bank transfer (automatic)
25247,5825-XJOCM,One year,Yes,Bank transfer (automatic)
25248,5827-MWCZK,Month-to-month,Yes,Credit card (automatic)
25249,5828-AVIPD,One year,Yes,Electronic check
25250,5828-DWPIL,Month-to-month,Yes,Electronic check
25251,5829-NVSQN,One year,Yes,Bank transfer (automatic)
25252,5832-EXGTT,Month-to-month,Yes,Mailed check
25253,5832-TRLPB,One year,Yes,Bank transfer (automatic)
25254,5832-XKAES,Month-to-month,Yes,Credit card (automatic)
25255,5834-ASPWA,Month-to-month,Yes,Electronic check
25256,5835-BEQEU,Month-to-month,Yes,Electronic check
25257,5837-LXSDN,One year,Yes,Credit card (automatic)
25258,5839-SUYVZ,Month-to-month,Yes,Credit card (automatic)
25259,5840-NVDCG,Two year,No,Bank transfer (automatic)
25260,5842-POCOP,Month-to-month,Yes,Mailed check
25261,5843-TTHGI,Month-to-month,Yes,Mailed check
25262,5844-QVTAT,One year,Yes,Mailed check
25263,5845-BZZIB,Two year,No,Mailed check
25264,5846-ABOBJ,Two year,No,Bank transfer (automatic)
25265,5846-NEQVZ,Two year,Yes,Credit card (automatic)
25266,5846-QFDFI,Month-to-month,No,Credit card (automatic)
25267,5847-MXBEO,One year,No,Mailed check
25268,5848-FHRFC,Two year,No,Bank transfer (automatic)
25269,5849-ASHZJ,One year,No,Credit card (automatic)
25270,5850-BDWCY,Month-to-month,No,Mailed check
25271,5854-KSRBJ,Two year,No,Mailed check
25272,5855-EIBDE,Two year,No,Credit card (automatic)
25273,5857-TYBCJ,Month-to-month,Yes,Electronic check
25274,5857-XRECV,One year,No,Bank transfer (automatic)
25275,5858-EAFCZ,Month-to-month,No,Mailed check
25276,5859-HZYLF,Two year,Yes,Credit card (automatic)
25277,5862-BRIXZ,Two year,Yes,Bank transfer (automatic)
25278,5863-OOKCL,Month-to-month,No,Mailed check
25279,5868-CZJDR,Month-to-month,Yes,Mailed check
25280,5868-YTYKS,Month-to-month,Yes,Mailed check
25281,5868-YWPDW,Month-to-month,Yes,Electronic check
25282,5871-DGTXZ,One year,No,Mailed check
25283,5872-OEQNH,One year,Yes,Electronic check
25284,5875-YPQFJ,Month-to-month,Yes,Electronic check
25285,5876-HZVZM,Month-to-month,No,Credit card (automatic)
25286,5876-QMYLD,One year,No,Mailed check
25287,5879-HMFFH,Two year,No,Bank transfer (automatic)
25288,5879-SESNB,Month-to-month,No,Electronic check
25289,5882-CMAZQ,Month-to-month,No,Electronic check
25290,5883-GTGVD,Month-to-month,Yes,Electronic check
25291,5884-FBCTL,Two year,No,Bank transfer (automatic)
25292,5884-GCYMI,Month-to-month,No,Mailed check
25293,5886-VLQVU,Month-to-month,Yes,Bank transfer (automatic)
25294,5887-IKKYO,Two year,No,Bank transfer (automatic)
25295,5889-JTMUL,Month-to-month,Yes,Electronic check
25296,5889-LFOLL,Month-to-month,Yes,Electronic check
25297,5893-KCLGT,Two year,Yes,Mailed check
25298,5893-PYOLZ,Two year,Yes,Credit card (automatic)
25299,5895-QSXOD,Month-to-month,No,Mailed check
25300,5896-NPFWW,Month-to-month,Yes,Electronic check
25301,5897-ZYEKH,One year,Yes,Electronic check
25302,5898-IGSLP,Month-to-month,No,Electronic check
25303,5899-MQZZL,Month-to-month,Yes,Mailed check
25304,5899-OUVKV,Month-to-month,Yes,Electronic check
25305,5902-WBLSE,Two year,Yes,Credit card (automatic)
25306,5906-BFOZT,Month-to-month,Yes,Mailed check
25307,5906-CVLHP,One year,Yes,Credit card (automatic)
25308,5906-DVAPM,One year,Yes,Credit card (automatic)
25309,5908-QMGOE,Month-to-month,Yes,Credit card (automatic)
25310,5909-ECHUI,Month-to-month,Yes,Electronic check
25311,5913-INRQV,One year,No,Mailed check
25312,5914-DVBWJ,Month-to-month,Yes,Electronic check
25313,5914-GXMDA,One year,No,Mailed check
25314,5914-XRFQB,Two year,Yes,Bank transfer (automatic)
25315,5915-ANOEI,Two year,No,Mailed check
25316,5915-DGNVC,One year,No,Electronic check
25317,5916-QEWPT,Month-to-month,No,Credit card (automatic)
25318,5917-HBSDW,Month-to-month,No,Electronic check
25319,5917-RYRMG,One year,No,Credit card (automatic)
25320,5918-VUKWP,One year,No,Bank transfer (automatic)
25321,5919-TMRGD,Month-to-month,Yes,Electronic check
25322,5919-VCZYM,Month-to-month,No,Mailed check
25323,5921-NGYRH,Month-to-month,Yes,Mailed check
25324,5922-ABDVO,Month-to-month,No,Mailed check
25325,5923-GXUOC,Month-to-month,Yes,Electronic check
25326,5924-IFQTT,Month-to-month,Yes,Electronic check
25327,5924-SNGKP,One year,Yes,Credit card (automatic)
25328,5928-QLDHB,Month-to-month,Yes,Electronic check
25329,5930-GBIWP,Two year,Yes,Credit card (automatic)
25330,5931-FLJJF,Month-to-month,Yes,Mailed check
25331,5934-RMPOV,Month-to-month,Yes,Electronic check
25332,5934-TSSAU,Month-to-month,Yes,Credit card (automatic)
25333,5935-FCCNB,Month-to-month,Yes,Electronic check
25334,5937-EORGB,Month-to-month,Yes,Electronic check
25335,5939-SXWHM,Two year,No,Bank transfer (automatic)
25336,5939-XAIXZ,Month-to-month,Yes,Mailed check
25337,5940-AHUHD,Month-to-month,No,Mailed check
25338,5940-NFXKV,Month-to-month,Yes,Electronic check
25339,5944-UGLLK,One year,No,Credit card (automatic)
25340,5945-AZYHT,One year,Yes,Electronic check
25341,5947-SGKCL,Month-to-month,Yes,Bank transfer (automatic)
25342,5948-UJZLF,Month-to-month,No,Mailed check
25343,5949-EBSQK,Month-to-month,No,Credit card (automatic)
25344,5949-HGVJL,Month-to-month,Yes,Electronic check
25345,5949-XIKAE,Month-to-month,Yes,Electronic check
25346,5950-AAAGJ,Month-to-month,No,Bank transfer (automatic)
25347,5951-AOFIH,Month-to-month,Yes,Credit card (automatic)
25348,5954-BDFSG,Two year,Yes,Credit card (automatic)
25349,5955-EPOAZ,Month-to-month,Yes,Mailed check
25350,5955-ERIHD,Month-to-month,Yes,Electronic check
25351,5956-VKDTT,Month-to-month,Yes,Electronic check
25352,5956-YHHRX,Month-to-month,Yes,Electronic check
25353,5959-BELXA,Month-to-month,Yes,Credit card (automatic)
25354,5960-MVTUK,Month-to-month,Yes,Electronic check
25355,5960-WPXQM,Month-to-month,Yes,Electronic check
25356,5961-VUSRV,One year,Yes,Bank transfer (automatic)
25357,5965-GGPRW,Two year,No,Bank transfer (automatic)
25358,5966-EMAZU,One year,Yes,Mailed check
25359,5968-HYJRZ,Two year,No,Mailed check
25360,5968-VXZLG,Month-to-month,Yes,Bank transfer (automatic)
25361,5968-XQIVE,One year,Yes,Electronic check
25362,5970-GHJAW,Two year,No,Credit card (automatic)
25363,5973-EJGDP,Month-to-month,Yes,Electronic check
25364,5975-BAICR,One year,Yes,Credit card (automatic)
25365,5976-JCJRH,Month-to-month,Yes,Electronic check
25366,5977-CKHON,Month-to-month,Yes,Bank transfer (automatic)
25367,5980-BDHPY,Two year,Yes,Bank transfer (automatic)
25368,5980-NOPLP,Month-to-month,Yes,Electronic check
25369,5981-ITEMU,Month-to-month,Yes,Bank transfer (automatic)
25370,5981-ZVXOT,One year,Yes,Electronic check
25371,5982-FPVQN,Month-to-month,Yes,Electronic check
25372,5982-PSMKW,Two year,Yes,Credit card (automatic)
25373,5982-XMDEX,Two year,No,Bank transfer (automatic)
25374,5985-BEHZK,One year,No,Credit card (automatic)
25375,5985-TBABQ,One year,No,Mailed check
25376,5986-WWXDV,One year,No,Bank transfer (automatic)
25377,5989-AXPUC,Two year,No,Mailed check
25378,5989-OMNJE,One year,No,Electronic check
25379,5989-PGKJB,Month-to-month,Yes,Electronic check
25380,5993-BQHEA,One year,No,Credit card (automatic)
25381,5993-JSUWV,Two year,Yes,Bank transfer (automatic)
25382,5995-LFTLE,Two year,Yes,Credit card (automatic)
25383,5995-OIGLP,Month-to-month,No,Mailed check
25384,5995-SNNEW,Month-to-month,Yes,Electronic check
25385,5995-WWKKG,One year,Yes,Electronic check
25386,5996-DAOQL,Month-to-month,Yes,Mailed check
25387,5996-EBTKM,Two year,Yes,Bank transfer (automatic)
25388,5996-NRVXR,One year,Yes,Credit card (automatic)
25389,5997-OPVFA,Two year,Yes,Bank transfer (automatic)
25390,5998-DZLYR,Two year,Yes,Bank transfer (automatic)
25391,5998-VVEJY,Month-to-month,Yes,Electronic check
25392,5999-LCXAO,Month-to-month,No,Mailed check
25393,6000-APYLU,Month-to-month,Yes,Electronic check
25394,6000-UKLWI,Two year,No,Mailed check
25395,6005-OBZPH,Month-to-month,Yes,Electronic check
25396,6007-TCTST,Two year,Yes,Bank transfer (automatic)
25397,6008-NAIXK,One year,Yes,Electronic check
25398,6010-DDPPW,Two year,No,Bank transfer (automatic)
25399,6013-BHCAW,Two year,Yes,Bank transfer (automatic)
25400,6015-VVHHE,Month-to-month,Yes,Credit card (automatic)
25401,6016-LVTJQ,Month-to-month,No,Mailed check
25402,6016-NXBNJ,One year,Yes,Mailed check
25403,6017-PPLPX,Month-to-month,Yes,Electronic check
25404,6022-KOUQO,Month-to-month,No,Bank transfer (automatic)
25405,6022-UGGSO,Month-to-month,Yes,Electronic check
25406,6023-GSSXW,Two year,Yes,Credit card (automatic)
25407,6023-YEBUP,Month-to-month,Yes,Electronic check
25408,6024-RUGGH,Two year,Yes,Bank transfer (automatic)
25409,6029-CSMJE,Month-to-month,Yes,Mailed check
25410,6029-WTIPC,Month-to-month,Yes,Electronic check
25411,6030-REHUX,Month-to-month,Yes,Electronic check
25412,6032-IGALN,Month-to-month,Yes,Mailed check
25413,6032-KRXXO,Month-to-month,Yes,Electronic check
25414,6034-YMTOB,Month-to-month,Yes,Mailed check
25415,6034-ZRYCV,Two year,Yes,Electronic check
25416,6035-BXTTY,Month-to-month,No,Bank transfer (automatic)
25417,6035-RIIOM,Two year,Yes,Bank transfer (automatic)
25418,6036-TTFYU,Month-to-month,No,Mailed check
25419,6038-GCYEC,Month-to-month,Yes,Credit card (automatic)
25420,6040-CGACY,Month-to-month,No,Mailed check
25421,6047-SUHPR,One year,No,Electronic check
25422,6047-YHPVI,Month-to-month,Yes,Electronic check
25423,6048-NJXHX,Two year,Yes,Electronic check
25424,6048-QBXKL,Month-to-month,Yes,Credit card (automatic)
25425,6048-UWKAL,Two year,No,Credit card (automatic)
25426,6050-FFXES,Two year,No,Bank transfer (automatic)
25427,6050-IJRHS,One year,Yes,Electronic check
25428,6051-PTVNS,One year,No,Credit card (automatic)
25429,6060-DRTNL,Month-to-month,Yes,Mailed check
25430,6060-QBMGV,Two year,No,Credit card (automatic)
25431,6061-GWWAV,One year,No,Mailed check
25432,6061-PQHMK,One year,No,Credit card (automatic)
25433,6064-PUPMC,One year,No,Credit card (automatic)
25434,6064-ZATLR,Two year,No,Bank transfer (automatic)
25435,6067-NGCEU,Month-to-month,Yes,Credit card (automatic)
25436,6072-NUQCB,One year,No,Bank transfer (automatic)
25437,6075-QMNRR,Month-to-month,Yes,Bank transfer (automatic)
25438,6075-SLNIL,Month-to-month,Yes,Credit card (automatic)
25439,6077-BDPXA,Month-to-month,Yes,Electronic check
25440,6078-VESFR,Month-to-month,No,Bank transfer (automatic)
25441,6080-LNESI,Two year,No,Mailed check
25442,6080-TCMYC,Month-to-month,Yes,Electronic check
25443,6082-GLJIX,Month-to-month,No,Mailed check
25444,6082-OQFBA,One year,No,Mailed check
25445,6086-ESGRL,Month-to-month,No,Credit card (automatic)
25446,6087-MVHJH,Month-to-month,Yes,Electronic check
25447,6087-YPWHO,Two year,No,Mailed check
25448,6088-BXMRG,Month-to-month,Yes,Electronic check
25449,6092-QZVPP,Month-to-month,Yes,Credit card (automatic)
25450,6094-ZIVKX,One year,Yes,Credit card (automatic)
25451,6096-EGVTU,One year,No,Mailed check
25452,6097-EQISJ,One year,Yes,Credit card (automatic)
25453,6100-FJZDG,One year,Yes,Bank transfer (automatic)
25454,6100-QQHEB,Month-to-month,Yes,Electronic check
25455,6101-IMRMM,Month-to-month,No,Mailed check
25456,6103-BOCOU,Month-to-month,Yes,Electronic check
25457,6103-LIANB,Two year,Yes,Credit card (automatic)
25458,6103-QCKFX,Month-to-month,No,Bank transfer (automatic)
25459,6108-OQZDQ,Month-to-month,Yes,Electronic check
25460,6110-OHIHY,Month-to-month,No,Electronic check
25461,6112-KTHFQ,Month-to-month,Yes,Mailed check
25462,6114-TCFID,One year,No,Credit card (automatic)
25463,6115-ZTBFQ,Two year,No,Bank transfer (automatic)
25464,6116-RFVHN,Month-to-month,Yes,Electronic check
25465,6119-SPUDB,Two year,No,Mailed check
25466,6120-RJKLU,Two year,Yes,Credit card (automatic)
25467,6121-TNHBO,One year,No,Bank transfer (automatic)
25468,6121-VZNQB,Month-to-month,Yes,Mailed check
25469,6122-EFVKN,Two year,No,Mailed check
25470,6122-LJADA,Two year,Yes,Credit card (automatic)
25471,6124-ACRHJ,Month-to-month,No,Mailed check
25472,6127-ISGTU,Month-to-month,Yes,Electronic check
25473,6127-IYJOZ,Month-to-month,Yes,Mailed check
25474,6128-AQBMT,Month-to-month,Yes,Electronic check
25475,6128-CZOMY,Month-to-month,Yes,Electronic check
25476,6128-DAFVY,Month-to-month,Yes,Credit card (automatic)
25477,6131-FOYAS,Month-to-month,Yes,Electronic check
25478,6131-IUNXN,Month-to-month,No,Mailed check
25479,6131-JLWZM,Month-to-month,Yes,Mailed check
25480,6133-OZILE,Month-to-month,Yes,Electronic check
25481,6134-KWTBV,Two year,No,Bank transfer (automatic)
25482,6135-OZQVA,Month-to-month,Yes,Electronic check
25483,6137-MFAJN,Month-to-month,Yes,Electronic check
25484,6137-NICCO,Month-to-month,Yes,Mailed check
25485,6139-ZZRBQ,Two year,Yes,Bank transfer (automatic)
25486,6140-QNRQQ,Month-to-month,Yes,Mailed check
25487,6141-OOXUQ,Month-to-month,No,Mailed check
25488,6142-VSJQO,Month-to-month,Yes,Bank transfer (automatic)
25489,6143-JQKEA,Month-to-month,Yes,Credit card (automatic)
25490,6145-NNPNO,Month-to-month,No,Bank transfer (automatic)
25491,6147-CBCRA,Month-to-month,No,Mailed check
25492,6152-ONASV,One year,No,Bank transfer (automatic)
25493,6156-UZDLF,One year,Yes,Credit card (automatic)
25494,6158-DWPZT,One year,No,Bank transfer (automatic)
25495,6158-HDPXZ,Month-to-month,No,Mailed check
25496,6161-ERDGD,One year,No,Electronic check
25497,6161-UUUTA,Month-to-month,Yes,Electronic check
25498,6164-HAQTX,Two year,No,Bank transfer (automatic)
25499,6164-HXUGH,Month-to-month,No,Mailed check
25500,6166-ILMNY,Month-to-month,No,Bank transfer (automatic)
25501,6166-YIPFO,Two year,Yes,Electronic check
25502,6168-WFVVF,Month-to-month,Yes,Electronic check
25503,6168-YBYNP,Month-to-month,Yes,Electronic check
25504,6169-PGNCD,Two year,Yes,Credit card (automatic)
25505,6169-PPETC,Two year,No,Bank transfer (automatic)
25506,6171-ZTVYB,Month-to-month,No,Bank transfer (automatic)
25507,6172-FECYY,Month-to-month,No,Electronic check
25508,6173-GOLSU,Month-to-month,Yes,Credit card (automatic)
25509,6173-ITPWD,Month-to-month,Yes,Bank transfer (automatic)
25510,6174-NRBTZ,One year,Yes,Bank transfer (automatic)
25511,6175-IRFIT,Month-to-month,No,Mailed check
25512,6176-YJWAS,Two year,Yes,Credit card (automatic)
25513,6177-PEVRA,Two year,No,Credit card (automatic)
25514,6178-KFNHS,Month-to-month,Yes,Electronic check
25515,6179-GJPSO,Month-to-month,Yes,Credit card (automatic)
25516,6180-YBIQI,Month-to-month,No,Mailed check
25517,6181-AXXYF,Two year,No,Credit card (automatic)
25518,6184-DYUOB,Month-to-month,Yes,Mailed check
25519,6185-TASNN,Month-to-month,No,Electronic check
25520,6188-UXBBR,One year,Yes,Credit card (automatic)
25521,6194-HBGQN,One year,Yes,Credit card (automatic)
25522,6195-MELTI,One year,Yes,Mailed check
25523,6196-HBOBZ,Two year,Yes,Electronic check
25524,6198-PNNSZ,One year,No,Bank transfer (automatic)
25525,6198-RTPMF,Month-to-month,No,Electronic check
25526,6198-ZFIOJ,Month-to-month,No,Electronic check
25527,6199-IPCAO,Two year,No,Mailed check
25528,6199-IWKGC,One year,No,Electronic check
25529,6202-DYYFX,One year,Yes,Credit card (automatic)
25530,6202-JVYEU,One year,Yes,Electronic check
25531,6203-HBZPA,Two year,No,Credit card (automatic)
25532,6204-IEUXJ,Month-to-month,No,Credit card (automatic)
25533,6207-WIOLX,Month-to-month,Yes,Credit card (automatic)
25534,6210-KBBPI,Month-to-month,Yes,Credit card (automatic)
25535,6211-WHMYA,Month-to-month,Yes,Electronic check
25536,6211-WWLTF,Two year,No,Credit card (automatic)
25537,6212-ATMLK,Month-to-month,Yes,Electronic check
25538,6214-EDAKZ,Month-to-month,No,Electronic check
25539,6215-NQCPY,Month-to-month,Yes,Electronic check
25540,6217-KDYWC,Two year,Yes,Mailed check
25541,6217-TOWGS,Month-to-month,Yes,Bank transfer (automatic)
25542,6218-KNUBD,Month-to-month,No,Electronic check
25543,6221-AVQYL,Month-to-month,Yes,Credit card (automatic)
25544,6223-DHJGV,One year,Yes,Mailed check
25545,6227-FBDXH,One year,No,Bank transfer (automatic)
25546,6227-HWPWX,Month-to-month,No,Bank transfer (automatic)
25547,6229-LSCKB,Month-to-month,Yes,Electronic check
25548,6229-UOLQL,One year,Yes,Mailed check
25549,6230-BSUXY,Month-to-month,Yes,Electronic check
25550,6231-WFGFH,Month-to-month,Yes,Mailed check
25551,6233-HXJMX,Month-to-month,Yes,Credit card (automatic)
25552,6234-PFPXL,Month-to-month,No,Credit card (automatic)
25553,6234-RAAPL,Two year,No,Bank transfer (automatic)
25554,6235-VDHOM,Month-to-month,No,Electronic check
25555,6240-EURKS,Month-to-month,Yes,Electronic check
25556,6242-FEGFD,Two year,No,Mailed check
25557,6242-MBHPK,Month-to-month,Yes,Electronic check
25558,6242-SGYTS,One year,Yes,Credit card (automatic)
25559,6243-OZGFH,Month-to-month,Yes,Electronic check
25560,6244-BESBM,Two year,Yes,Credit card (automatic)
25561,6248-BSHKG,One year,No,Mailed check
25562,6248-TKCQV,Two year,Yes,Bank transfer (automatic)
25563,6250-CGGUN,One year,No,Electronic check
25564,6252-DFGTK,One year,No,Credit card (automatic)
25565,6253-GNHWH,Two year,No,Mailed check
25566,6253-WRFHY,One year,Yes,Electronic check
25567,6257-DTAYD,Two year,Yes,Credit card (automatic)
25568,6257-RJOHI,Month-to-month,Yes,Mailed check
25569,6258-NGCNG,Month-to-month,No,Mailed check
25570,6258-PVZWJ,Two year,Yes,Credit card (automatic)
25571,6259-WJQLC,Month-to-month,Yes,Credit card (automatic)
25572,6260-ONULR,Month-to-month,Yes,Mailed check
25573,6260-XLACS,One year,No,Mailed check
25574,6261-LHRTG,Month-to-month,Yes,Credit card (automatic)
25575,6261-RCVNS,One year,No,Credit card (automatic)
25576,6265-FRMTQ,Two year,No,Bank transfer (automatic)
25577,6265-SXWBU,One year,No,Credit card (automatic)
25578,6266-QHOJZ,One year,Yes,Electronic check
25579,6267-DCFFZ,Month-to-month,Yes,Electronic check
25580,6270-OMFIW,One year,Yes,Electronic check
25581,6275-YDUVO,Month-to-month,Yes,Mailed check
25582,6278-FEPBZ,Month-to-month,No,Mailed check
25583,6281-FKEWS,One year,Yes,Electronic check
25584,6283-GITPX,Two year,Yes,Credit card (automatic)
25585,6284-AHOOQ,Month-to-month,Yes,Bank transfer (automatic)
25586,6284-KMNUF,One year,Yes,Electronic check
25587,6285-FTQBF,Two year,No,Credit card (automatic)
25588,6286-SUUWT,Month-to-month,No,Mailed check
25589,6286-ZHAOK,Month-to-month,Yes,Bank transfer (automatic)
25590,6288-CHQJB,Two year,No,Bank transfer (automatic)
25591,6288-LBEAR,Month-to-month,Yes,Mailed check
25592,6289-CPNLD,One year,Yes,Mailed check
25593,6292-TOSSS,Two year,No,Bank transfer (automatic)
25594,6295-OSINB,Two year,Yes,Electronic check
25595,6296-DDOOR,One year,No,Electronic check
25596,6297-NOOPG,Two year,Yes,Electronic check
25597,6298-QDFNH,Month-to-month,Yes,Electronic check
25598,6300-BWMJX,Month-to-month,No,Electronic check
25599,6302-JGYRJ,One year,Yes,Mailed check
25600,6303-KFWSL,One year,Yes,Electronic check
25601,6304-IJFSQ,Month-to-month,Yes,Mailed check
25602,6305-YLBMM,One year,Yes,Bank transfer (automatic)
25603,6308-CQRBU,Two year,No,Electronic check
25604,6311-UEUME,Month-to-month,Yes,Electronic check
25605,6313-GIDIT,Month-to-month,Yes,Electronic check
25606,6317-YPKDH,Month-to-month,No,Bank transfer (automatic)
25607,6319-IEJWJ,Month-to-month,Yes,Electronic check
25608,6319-QSUSR,Month-to-month,No,Credit card (automatic)
25609,6322-HRPFA,Month-to-month,No,Credit card (automatic)
25610,6322-PJJDJ,Two year,Yes,Electronic check
25611,6323-AYBRX,Two year,No,Mailed check
25612,6326-MTTXK,Month-to-month,No,Electronic check
25613,6328-ZPBGN,Month-to-month,Yes,Bank transfer (automatic)
25614,6330-JKLPC,Month-to-month,Yes,Bank transfer (automatic)
25615,6331-EWIEB,Month-to-month,Yes,Electronic check
25616,6331-LWDTQ,Month-to-month,Yes,Credit card (automatic)
25617,6332-FBZRI,One year,Yes,Credit card (automatic)
25618,6333-YDVLT,One year,Yes,Credit card (automatic)
25619,6338-AVWCY,Month-to-month,Yes,Mailed check
25620,6339-DKLMK,Month-to-month,Yes,Electronic check
25621,6339-RZCBJ,Two year,No,Credit card (automatic)
25622,6339-TBELP,Two year,Yes,Credit card (automatic)
25623,6339-YPSAH,Month-to-month,Yes,Electronic check
25624,6340-DACFT,Two year,No,Credit card (automatic)
25625,6341-AEVKX,One year,Yes,Electronic check
25626,6341-JVQGF,One year,Yes,Mailed check
25627,6344-SFJVH,Month-to-month,No,Credit card (automatic)
25628,6345-FZOQH,Two year,No,Mailed check
25629,6345-HOVES,Month-to-month,Yes,Bank transfer (automatic)
25630,6345-ULYRW,One year,No,Mailed check
25631,6347-DCUIK,Month-to-month,Yes,Mailed check
25632,6348-SNFUS,Two year,Yes,Credit card (automatic)
25633,6349-JDHQP,Two year,No,Credit card (automatic)
25634,6350-XFYGW,Month-to-month,Yes,Electronic check
25635,6351-SCJKT,Month-to-month,No,Mailed check
25636,6352-GIGGQ,One year,Yes,Bank transfer (automatic)
25637,6352-TWCAU,Month-to-month,Yes,Electronic check
25638,6353-BRMMA,Month-to-month,Yes,Bank transfer (automatic)
25639,6356-ELRKD,Month-to-month,Yes,Electronic check
25640,6357-JJPQT,Month-to-month,Yes,Electronic check
25641,6358-LYNGM,Month-to-month,Yes,Electronic check
25642,6360-SVNWV,Month-to-month,Yes,Credit card (automatic)
25643,6362-QHAFM,One year,Yes,Electronic check
25644,6365-HITVU,Two year,No,Credit card (automatic)
25645,6365-MTGZX,Month-to-month,Yes,Electronic check
25646,6366-XIVKZ,Month-to-month,Yes,Mailed check
25647,6366-ZGQGL,Month-to-month,No,Bank transfer (automatic)
25648,6368-NWMCE,Month-to-month,No,Credit card (automatic)
25649,6368-TZZDT,Two year,No,Credit card (automatic)
25650,6369-MCAKO,Two year,Yes,Bank transfer (automatic)
25651,6370-ZVHDV,Two year,No,Bank transfer (automatic)
25652,6371-NZYEG,Two year,No,Mailed check
25653,6372-RFVNS,Month-to-month,No,Electronic check
25654,6374-AFWOX,Two year,No,Mailed check
25655,6374-NTQLP,Two year,Yes,Credit card (automatic)
25656,6376-GAHQE,Month-to-month,No,Electronic check
25657,6377-KSLXC,Month-to-month,No,Mailed check
25658,6377-WHAOX,Month-to-month,Yes,Electronic check
25659,6379-RXJRQ,Month-to-month,Yes,Electronic check
25660,6380-ARCEH,Month-to-month,No,Mailed check
25661,6383-ZTSIW,One year,No,Mailed check
25662,6384-VMJHP,Two year,Yes,Credit card (automatic)
25663,6386-SZZKH,Two year,Yes,Bank transfer (automatic)
25664,6388-TABGU,One year,No,Bank transfer (automatic)
25665,6390-DSAZX,Month-to-month,Yes,Mailed check
25666,6393-WRYZE,Month-to-month,Yes,Electronic check
25667,6394-HHHZM,Month-to-month,No,Mailed check
25668,6394-MFYNG,Month-to-month,Yes,Bank transfer (automatic)
25669,6397-JNZZG,Month-to-month,No,Credit card (automatic)
25670,6400-BWQKW,Month-to-month,Yes,Electronic check
25671,6402-EJMWF,Month-to-month,Yes,Mailed check
25672,6402-SSEJG,One year,No,Electronic check
25673,6402-ZFPPI,Month-to-month,Yes,Mailed check
25674,6407-GSJNL,Two year,No,Bank transfer (automatic)
25675,6407-UTSLV,Month-to-month,Yes,Bank transfer (automatic)
25676,6408-OTUBZ,One year,Yes,Bank transfer (automatic)
25677,6408-WHTEF,Two year,Yes,Mailed check
25678,6410-LEFEN,Month-to-month,No,Electronic check
25679,6413-XKKPU,Month-to-month,Yes,Electronic check
25680,6416-JNVRK,One year,No,Credit card (automatic)
25681,6416-TVAIH,Month-to-month,Yes,Electronic check
25682,6416-YJTTB,Month-to-month,Yes,Bank transfer (automatic)
25683,6418-HNFED,Two year,Yes,Credit card (automatic)
25684,6418-PIQSP,Two year,No,Mailed check
25685,6419-ZTTLE,One year,Yes,Electronic check
25686,6421-SZVEM,One year,Yes,Bank transfer (automatic)
25687,6424-ELEYH,Month-to-month,Yes,Credit card (automatic)
25688,6425-JWTDV,Two year,No,Mailed check
25689,6425-YQLLO,One year,Yes,Credit card (automatic)
25690,6427-FEFIG,Two year,No,Credit card (automatic)
25691,6429-SHBCB,Month-to-month,No,Mailed check
25692,6432-TWQLB,Month-to-month,Yes,Electronic check
25693,6434-TTGJP,Two year,No,Credit card (automatic)
25694,6435-SRWBJ,Month-to-month,Yes,Electronic check
25695,6435-VWCCY,Two year,Yes,Credit card (automatic)
25696,6437-UDQJM,Two year,Yes,Credit card (automatic)
25697,6437-UKHMV,Month-to-month,Yes,Electronic check
25698,6439-GTPCA,Month-to-month,Yes,Electronic check
25699,6439-LAJXL,Month-to-month,Yes,Mailed check
25700,6439-PKTRR,Two year,No,Electronic check
25701,6440-DKQGE,One year,No,Credit card (automatic)
25702,6445-TNRXS,Two year,Yes,Bank transfer (automatic)
25703,6447-EGDIV,One year,No,Mailed check
25704,6447-GORXK,Month-to-month,No,Credit card (automatic)
25705,6457-GIRWB,Month-to-month,Yes,Electronic check
25706,6457-USBER,Month-to-month,Yes,Electronic check
25707,6458-CYIDZ,Month-to-month,No,Electronic check
25708,6461-PPAXN,One year,Yes,Bank transfer (automatic)
25709,6461-SZMCV,Two year,No,Bank transfer (automatic)
25710,6463-HHXJR,Two year,No,Bank transfer (automatic)
25711,6463-MVYRY,Two year,No,Bank transfer (automatic)
25712,6464-KEXXH,Month-to-month,Yes,Credit card (automatic)
25713,6465-GSRCL,One year,Yes,Bank transfer (automatic)
25714,6467-CHFZW,Month-to-month,Yes,Electronic check
25715,6469-MRVET,One year,Yes,Electronic check
25716,6469-QJKZW,Month-to-month,No,Electronic check
25717,6473-ULUHT,Month-to-month,No,Electronic check
25718,6474-FVJLC,Month-to-month,Yes,Electronic check
25719,6475-VHUIZ,Month-to-month,No,Electronic check
25720,6476-EPYZR,Month-to-month,No,Mailed check
25721,6476-YHMGA,Month-to-month,No,Bank transfer (automatic)
25722,6478-HRRCZ,One year,No,Mailed check
25723,6479-OAUSD,One year,No,Credit card (automatic)
25724,6479-SZPLM,Two year,No,Credit card (automatic)
25725,6479-VDGRK,Two year,No,Bank transfer (automatic)
25726,6480-YAGIY,One year,No,Credit card (automatic)
25727,6481-ESCNL,Month-to-month,No,Bank transfer (automatic)
25728,6481-LXPWL,One year,Yes,Credit card (automatic)
25729,6481-OGDOO,One year,Yes,Credit card (automatic)
25730,6483-OATDN,Month-to-month,Yes,Credit card (automatic)
25731,6484-LATFU,Two year,No,Mailed check
25732,6485-QXWWE,Two year,No,Bank transfer (automatic)
25733,6486-LHTMA,One year,Yes,Electronic check
25734,6490-FGZAT,Month-to-month,No,Mailed check
25735,6496-JDSSB,Month-to-month,Yes,Bank transfer (automatic)
25736,6496-SLWHQ,Month-to-month,Yes,Electronic check
25737,6497-TILVL,Month-to-month,No,Mailed check
25738,6500-JVEGC,One year,No,Bank transfer (automatic)
25739,6502-HCJTI,Month-to-month,Yes,Credit card (automatic)
25740,6502-KUGLL,Month-to-month,No,Bank transfer (automatic)
25741,6502-MJQAE,Month-to-month,Yes,Electronic check
25742,6504-VBLFL,Two year,No,Electronic check
25743,6505-OZNPG,Two year,Yes,Mailed check
25744,6506-EYCNH,Month-to-month,Yes,Bank transfer (automatic)
25745,6507-DTJZV,Month-to-month,No,Credit card (automatic)
25746,6507-ZJSUR,Month-to-month,Yes,Electronic check
25747,6508-NJYRO,One year,No,Mailed check
25748,6509-TSGWN,Month-to-month,No,Mailed check
25749,6510-UPNKS,One year,No,Credit card (automatic)
25750,6513-EECDB,Month-to-month,Yes,Electronic check
25751,6516-NKQBO,Two year,No,Credit card (automatic)
25752,6518-KZXCB,Two year,No,Mailed check
25753,6518-LGAOV,Month-to-month,Yes,Electronic check
25754,6518-PPLMZ,Two year,Yes,Mailed check
25755,6519-CFDBX,Month-to-month,Yes,Electronic check
25756,6519-ZHPXP,Two year,Yes,Bank transfer (automatic)
25757,6521-YYTYI,Month-to-month,Yes,Electronic check
25758,6522-OIQSX,Two year,Yes,Credit card (automatic)
25759,6522-YRBXD,Month-to-month,Yes,Electronic check
25760,6527-PZFPV,One year,Yes,Credit card (automatic)
25761,6532-YLWSI,One year,No,Bank transfer (automatic)
25762,6537-OTKMY,One year,No,Electronic check
25763,6537-QLGEX,Month-to-month,Yes,Electronic check
25764,6538-POCHL,Month-to-month,Yes,Credit card (automatic)
25765,6542-LWGXJ,Month-to-month,No,Mailed check
25766,6543-CPZMK,Month-to-month,Yes,Electronic check
25767,6543-JXSOO,One year,Yes,Mailed check
25768,6543-XRMYR,Month-to-month,Yes,Electronic check
25769,6546-OPBBH,One year,Yes,Mailed check
25770,6549-BTYPG,Two year,No,Credit card (automatic)
25771,6549-NNDYT,Month-to-month,Yes,Bank transfer (automatic)
25772,6549-YMFAW,Month-to-month,Yes,Mailed check
25773,6551-GNYDG,Month-to-month,Yes,Bank transfer (automatic)
25774,6551-VLJMV,Two year,No,Credit card (automatic)
25775,6551-ZCOTS,One year,Yes,Bank transfer (automatic)
25776,6556-DBKZF,Two year,No,Electronic check
25777,6557-BZXLQ,Month-to-month,No,Electronic check
25778,6559-ILWKJ,Two year,No,Electronic check
25779,6559-PDZLR,Month-to-month,Yes,Electronic check
25780,6559-RAKOZ,One year,Yes,Electronic check
25781,6563-VNPMN,Month-to-month,Yes,Bank transfer (automatic)
25782,6563-VRERX,One year,No,Mailed check
25783,6567-HOOPW,Month-to-month,Yes,Electronic check
25784,6568-POCUI,Two year,Yes,Credit card (automatic)
25785,6569-KTMDU,Month-to-month,No,Mailed check
25786,6572-ADKRS,Month-to-month,Yes,Credit card (automatic)
25787,6574-MCOEH,One year,Yes,Electronic check
25788,6575-SUVOI,Month-to-month,Yes,Credit card (automatic)
25789,6576-FBXOJ,One year,No,Electronic check
25790,6578-KRMAW,Month-to-month,Yes,Credit card (automatic)
25791,6579-JPICP,Month-to-month,No,Mailed check
25792,6581-NQCBA,Month-to-month,Yes,Electronic check
25793,6582-OIVSP,Month-to-month,No,Mailed check
25794,6582-PLFUU,Two year,No,Credit card (automatic)
25795,6583-KQJLK,Month-to-month,Yes,Electronic check
25796,6583-QGCSI,Month-to-month,Yes,Electronic check
25797,6583-SZVGP,Two year,Yes,Bank transfer (automatic)
25798,6584-VQMYT,One year,No,Mailed check
25799,6585-WCEWR,Two year,No,Electronic check
25800,6586-MYGKD,Two year,Yes,Credit card (automatic)
25801,6586-PSJOX,One year,No,Credit card (automatic)
25802,6591-QGOYB,Month-to-month,Yes,Bank transfer (automatic)
25803,6595-COKXZ,Month-to-month,Yes,Mailed check
25804,6595-YGXIT,Month-to-month,Yes,Electronic check
25805,6598-KELSS,One year,Yes,Bank transfer (automatic)
25806,6598-RFFVI,One year,No,Credit card (automatic)
25807,6599-CEBNN,Month-to-month,Yes,Credit card (automatic)
25808,6599-GZWCM,One year,Yes,Mailed check
25809,6599-RCLCJ,Month-to-month,Yes,Electronic check
25810,6599-SFQVE,Month-to-month,Yes,Electronic check
25811,6603-QWSPR,Two year,Yes,Bank transfer (automatic)
25812,6603-YRDCJ,Two year,Yes,Mailed check
25813,6608-QQLVK,Month-to-month,Yes,Electronic check
25814,6609-MXJHJ,Two year,Yes,Mailed check
25815,6614-FHDBO,Two year,No,Bank transfer (automatic)
25816,6614-VBEGU,Month-to-month,Yes,Bank transfer (automatic)
25817,6614-YOLAC,Two year,No,Mailed check
25818,6614-YWYSC,Two year,No,Bank transfer (automatic)
25819,6615-NGGZJ,Month-to-month,Yes,Electronic check
25820,6615-ZGEDR,Month-to-month,No,Mailed check
25821,6616-AALSR,Two year,Yes,Credit card (automatic)
25822,6617-WLBQC,One year,No,Credit card (automatic)
25823,6618-RYATB,Month-to-month,Yes,Mailed check
25824,6619-RPLQZ,Two year,No,Mailed check
25825,6620-HVDUJ,Month-to-month,No,Bank transfer (automatic)
25826,6620-JDYNW,Month-to-month,Yes,Mailed check
25827,6621-NRZAK,Two year,No,Credit card (automatic)
25828,6621-YOBKI,Month-to-month,No,Mailed check
25829,6624-JDRDS,Month-to-month,No,Bank transfer (automatic)
25830,6625-FLENO,Two year,No,Mailed check
25831,6625-IUTTT,Two year,No,Bank transfer (automatic)
25832,6625-UTXEW,Month-to-month,Yes,Electronic check
25833,6627-CFOSN,Month-to-month,Yes,Bank transfer (automatic)
25834,6629-CZTTH,Month-to-month,Yes,Mailed check
25835,6629-LADHQ,Month-to-month,No,Mailed check
25836,6630-UJZMY,Month-to-month,Yes,Electronic check
25837,6631-HMANX,Two year,Yes,Credit card (automatic)
25838,6633-MPWBS,Month-to-month,Yes,Electronic check
25839,6633-SYEUS,Month-to-month,No,Bank transfer (automatic)
25840,6635-CPNUN,Month-to-month,No,Credit card (automatic)
25841,6635-MYYYZ,One year,No,Bank transfer (automatic)
25842,6637-KYRCV,Month-to-month,Yes,Electronic check
25843,6641-XRPSU,Month-to-month,Yes,Credit card (automatic)
25844,6645-MXQJT,Month-to-month,No,Electronic check
25845,6646-JPPHA,Month-to-month,No,Electronic check
25846,6646-QVXLR,One year,Yes,Electronic check
25847,6646-VRFOL,Month-to-month,Yes,Electronic check
25848,6647-ZEDXT,One year,No,Credit card (automatic)
25849,6648-INWPS,Month-to-month,No,Electronic check
25850,6650-BWFRT,Two year,Yes,Credit card (automatic)
25851,6650-VJONK,Month-to-month,Yes,Bank transfer (automatic)
25852,6651-AZVTJ,Month-to-month,Yes,Electronic check
25853,6651-RLGGM,Two year,No,Mailed check
25854,6652-YFFJO,Month-to-month,Yes,Electronic check
25855,6653-CBBOM,Month-to-month,Yes,Electronic check
25856,6654-QGBZZ,Month-to-month,No,Mailed check
25857,6655-LHBYW,One year,No,Credit card (automatic)
25858,6656-GULJQ,Two year,Yes,Credit card (automatic)
25859,6656-JWRQX,Month-to-month,No,Mailed check
25860,6661-EIPZC,Month-to-month,Yes,Credit card (automatic)
25861,6661-HBGWL,Month-to-month,Yes,Bank transfer (automatic)
25862,6663-JOCQO,One year,Yes,Bank transfer (automatic)
25863,6664-FPDAC,One year,Yes,Electronic check
25864,6668-CNMFP,One year,Yes,Bank transfer (automatic)
25865,6670-MFRPK,Two year,Yes,Credit card (automatic)
25866,6671-NGWON,Month-to-month,No,Mailed check
25867,6674-KVJHG,One year,No,Electronic check
25868,6680-NENYN,Two year,Yes,Electronic check
25869,6680-WKXRZ,Month-to-month,No,Bank transfer (automatic)
25870,6681-ZSEXG,Two year,No,Credit card (automatic)
25871,6682-QJDGB,Month-to-month,Yes,Mailed check
25872,6682-VCIXC,One year,Yes,Bank transfer (automatic)
25873,6683-VLCTZ,Month-to-month,Yes,Electronic check
25874,6685-GBWJZ,One year,No,Credit card (automatic)
25875,6685-XSHHU,Two year,Yes,Bank transfer (automatic)
25876,6686-YPGHK,Month-to-month,No,Mailed check
25877,6688-UZPWD,Month-to-month,Yes,Electronic check
25878,6689-KXGBO,Month-to-month,No,Electronic check
25879,6689-TCZHQ,Month-to-month,No,Electronic check
25880,6689-VRRTK,One year,Yes,Credit card (automatic)
25881,6691-CCIHA,Two year,Yes,Electronic check
25882,6692-UDPJC,Month-to-month,Yes,Electronic check
25883,6692-YQHXC,Month-to-month,Yes,Credit card (automatic)
25884,6693-DJWTY,One year,No,Credit card (automatic)
25885,6693-FRIRW,Month-to-month,No,Credit card (automatic)
25886,6695-AMZUF,Two year,No,Credit card (automatic)
25887,6695-FRVEC,Two year,Yes,Bank transfer (automatic)
25888,6696-YDAYZ,Two year,No,Mailed check
25889,6698-OXETB,Two year,No,Mailed check
25890,6701-DHKWQ,Two year,No,Credit card (automatic)
25891,6701-YVNQG,Two year,Yes,Credit card (automatic)
25892,6702-OHFWR,Month-to-month,Yes,Electronic check
25893,6704-UTUKK,Month-to-month,Yes,Electronic check
25894,6705-LNMDD,Month-to-month,No,Mailed check
25895,6705-LXORM,Month-to-month,No,Electronic check
25896,6710-HSJRD,Month-to-month,Yes,Electronic check
25897,6711-FLDFB,Month-to-month,Yes,Electronic check
25898,6711-VTNRE,Month-to-month,Yes,Electronic check
25899,6712-OAWRH,Month-to-month,Yes,Electronic check
25900,6713-OKOMC,Month-to-month,No,Mailed check
25901,6715-OFDBP,Month-to-month,Yes,Electronic check
25902,6718-BDGHG,One year,Yes,Bank transfer (automatic)
25903,6719-FGEDO,Two year,Yes,Bank transfer (automatic)
25904,6719-OXYBR,Month-to-month,No,Electronic check
25905,6723-CEGQI,Two year,No,Mailed check
25906,6723-WSNTY,One year,Yes,Credit card (automatic)
25907,6725-TPKJO,Two year,No,Mailed check
25908,6726-NNFWD,Two year,No,Credit card (automatic)
25909,6726-WEXXK,One year,Yes,Electronic check
25910,6727-IOTLZ,Two year,No,Mailed check
25911,6728-CZFEI,One year,No,Mailed check
25912,6728-DKUCO,One year,Yes,Electronic check
25913,6728-VOIFY,One year,Yes,Electronic check
25914,6728-WYQBC,Month-to-month,No,Bank transfer (automatic)
25915,6729-FZWSY,One year,Yes,Mailed check
25916,6729-GDNGC,Month-to-month,No,Bank transfer (automatic)
25917,6732-FZUGP,One year,No,Credit card (automatic)
25918,6732-VAILE,Two year,Yes,Credit card (automatic)
25919,6733-LRIZX,Two year,Yes,Electronic check
25920,6734-CKRSM,Month-to-month,No,Mailed check
25921,6734-FQAJX,Two year,Yes,Electronic check
25922,6734-GMPVK,Month-to-month,No,Electronic check
25923,6734-JDTTV,Two year,Yes,Credit card (automatic)
25924,6734-PSBAW,Two year,Yes,Bank transfer (automatic)
25925,6736-DHUQI,One year,No,Bank transfer (automatic)
25926,6738-ISCBM,One year,Yes,Electronic check
25927,6741-EGCBI,Month-to-month,Yes,Credit card (automatic)
25928,6741-QRLUP,Two year,Yes,Credit card (automatic)
25929,6743-HHQPF,Month-to-month,Yes,Credit card (automatic)
25930,6745-JEFZB,Month-to-month,Yes,Credit card (automatic)
25931,6746-WAUWT,One year,Yes,Credit card (automatic)
25932,6749-UTDVX,Two year,Yes,Electronic check
25933,6752-APNJL,Month-to-month,No,Mailed check
25934,6754-LZUKA,Two year,No,Bank transfer (automatic)
25935,6754-WKSHP,One year,No,Bank transfer (automatic)
25936,6762-NSODU,Two year,No,Credit card (automatic)
25937,6762-QVYJO,Two year,No,Mailed check
25938,6765-MBQNU,One year,No,Mailed check
25939,6766-HFKLA,Two year,No,Bank transfer (automatic)
25940,6769-DCQLI,One year,Yes,Bank transfer (automatic)
25941,6769-DYBQN,Month-to-month,No,Electronic check
25942,6770-UAYGJ,Two year,No,Mailed check
25943,6770-XUAGN,Month-to-month,Yes,Electronic check
25944,6771-XWBDM,Month-to-month,Yes,Credit card (automatic)
25945,6772-KSATR,Month-to-month,Yes,Electronic check
25946,6772-WFQRD,One year,Yes,Bank transfer (automatic)
25947,6773-LQTVT,Month-to-month,Yes,Mailed check
25948,6776-TLWOI,Month-to-month,No,Mailed check
25949,6777-TGHTM,One year,Yes,Credit card (automatic)
25950,6778-EICRF,One year,No,Mailed check
25951,6778-JFCMK,One year,Yes,Mailed check
25952,6778-YSNIH,Month-to-month,Yes,Electronic check
25953,6784-XYJAE,One year,No,Electronic check
25954,6786-OBWQR,Month-to-month,Yes,Electronic check
25955,6789-HJBWG,Month-to-month,Yes,Electronic check
25956,6791-YBNAK,Month-to-month,No,Credit card (automatic)
25957,6794-HKIAJ,Month-to-month,No,Bank transfer (automatic)
25958,6797-LNAQX,Two year,No,Bank transfer (automatic)
25959,6797-UCJHZ,One year,No,Credit card (automatic)
25960,6804-GDMOI,Two year,Yes,Electronic check
25961,6806-YDEUL,Month-to-month,No,Bank transfer (automatic)
25962,6807-SIWJI,One year,Yes,Electronic check
25963,6810-VCAEX,One year,No,Credit card (automatic)
25964,6813-GZQCG,Two year,Yes,Credit card (automatic)
25965,6814-ZPWFQ,One year,No,Bank transfer (automatic)
25966,6815-ABQFQ,One year,Yes,Electronic check
25967,6817-WTYHE,Month-to-month,No,Bank transfer (automatic)
25968,6818-DJXAA,Month-to-month,Yes,Electronic check
25969,6818-WOBHJ,Month-to-month,Yes,Bank transfer (automatic)
25970,6821-BUXUX,Month-to-month,Yes,Electronic check
25971,6821-JPCDC,One year,Yes,Electronic check
25972,6823-SIDFQ,One year,No,Credit card (automatic)
25973,6825-UYPFK,Month-to-month,No,Bank transfer (automatic)
25974,6827-IEAUQ,One year,No,Mailed check
25975,6828-HMKWP,Two year,No,Bank transfer (automatic)
25976,6833-JMZYP,Month-to-month,Yes,Credit card (automatic)
25977,6834-NXDCA,Month-to-month,Yes,Electronic check
25978,6837-BJYDQ,One year,No,Mailed check
25979,6837-HAEVO,Two year,Yes,Electronic check
25980,6838-HVLXG,Month-to-month,No,Mailed check
25981,6838-YAUVY,Two year,Yes,Bank transfer (automatic)
25982,6839-ITVZJ,Month-to-month,Yes,Electronic check
25983,6840-RESVB,One year,Yes,Mailed check
25984,6844-DZKRF,Month-to-month,Yes,Credit card (automatic)
25985,6845-RGTYS,Month-to-month,Yes,Electronic check
25986,6847-KJLTS,Month-to-month,Yes,Bank transfer (automatic)
25987,6848-HJTXY,Two year,No,Credit card (automatic)
25988,6848-YLDFR,One year,Yes,Credit card (automatic)
25989,6849-OYAMU,One year,No,Bank transfer (automatic)
25990,6849-WLEYG,Month-to-month,No,Mailed check
25991,6851-WEFYX,Month-to-month,Yes,Electronic check
25992,6854-EXGSF,Month-to-month,Yes,Bank transfer (automatic)
25993,6855-VLGOS,Two year,No,Electronic check
25994,6856-RAURS,Month-to-month,Yes,Mailed check
25995,6857-TKDJV,Two year,No,Bank transfer (automatic)
25996,6857-VWJDT,Month-to-month,No,Mailed check
25997,6859-QNXIQ,Two year,Yes,Bank transfer (automatic)
25998,6859-RKMZJ,Month-to-month,Yes,Bank transfer (automatic)
25999,6860-YRJZP,Month-to-month,Yes,Electronic check
26000,6861-OKBCE,Month-to-month,No,Credit card (automatic)
26001,6861-XWTWQ,Month-to-month,Yes,Electronic check
26002,6862-CQUMB,Month-to-month,Yes,Credit card (automatic)
26003,6865-JZNKO,Month-to-month,Yes,Bank transfer (automatic)
26004,6867-ACCZI,Two year,Yes,Mailed check
26005,6869-FGJJC,One year,No,Credit card (automatic)
26006,6870-ECSHE,One year,No,Mailed check
26007,6870-ZWMNX,Two year,No,Credit card (automatic)
26008,6872-HXFNF,One year,No,Bank transfer (automatic)
26009,6873-UDNLD,Month-to-month,No,Electronic check
26010,6874-SGLHU,One year,Yes,Bank transfer (automatic)
26011,6876-ADESB,Month-to-month,No,Electronic check
26012,6877-LGWXO,Month-to-month,No,Electronic check
26013,6877-TJMBR,Month-to-month,Yes,Electronic check
26014,6878-GGDWG,Month-to-month,No,Bank transfer (automatic)
26015,6885-PKOAM,Two year,No,Credit card (automatic)
26016,6888-SBYAI,Month-to-month,Yes,Mailed check
26017,6890-PFRQX,Month-to-month,No,Mailed check
26018,6891-JPYFF,Month-to-month,Yes,Credit card (automatic)
26019,6892-BOGQE,Two year,Yes,Bank transfer (automatic)
26020,6892-EZDTG,Month-to-month,Yes,Electronic check
26021,6892-XPFPU,Month-to-month,Yes,Electronic check
26022,6893-ODYYE,One year,Yes,Credit card (automatic)
26023,6894-LFHLY,Month-to-month,Yes,Electronic check
26024,6896-SRVYQ,Month-to-month,No,Electronic check
26025,6897-RWMUB,Two year,Yes,Bank transfer (automatic)
26026,6897-UUBNU,Month-to-month,No,Mailed check
26027,6898-MDLZW,Month-to-month,Yes,Mailed check
26028,6898-RBTLU,Two year,No,Bank transfer (automatic)
26029,6899-PPEEA,Month-to-month,Yes,Electronic check
26030,6900-PXRMS,Month-to-month,No,Electronic check
26031,6900-RBKER,Two year,Yes,Credit card (automatic)
26032,6901-GOGZG,Two year,Yes,Electronic check
26033,6904-JLBGY,Two year,Yes,Credit card (automatic)
26034,6905-NIQIN,Month-to-month,No,Mailed check
26035,6906-ANDWJ,Month-to-month,Yes,Bank transfer (automatic)
26036,6906-MPARY,One year,Yes,Credit card (automatic)
26037,6907-CQGPN,Month-to-month,No,Electronic check
26038,6907-FLBER,Month-to-month,No,Electronic check
26039,6907-NZZIJ,Month-to-month,Yes,Electronic check
26040,6908-VVYHM,Month-to-month,Yes,Electronic check
26041,6910-HADCM,Month-to-month,No,Electronic check
26042,6916-HIJSE,Two year,Yes,Bank transfer (automatic)
26043,6917-FIJHC,Two year,Yes,Mailed check
26044,6917-IAYHD,Month-to-month,No,Mailed check
26045,6917-YACBP,Month-to-month,Yes,Electronic check
26046,6918-UMQCG,Month-to-month,No,Electronic check
26047,6919-ELBGL,Two year,Yes,Bank transfer (automatic)
26048,6921-OZMFH,Month-to-month,Yes,Mailed check
26049,6922-NCEDI,One year,Yes,Mailed check
26050,6923-AQONU,Two year,No,Mailed check
26051,6923-EFPNL,Month-to-month,No,Credit card (automatic)
26052,6923-JHPMP,Month-to-month,Yes,Electronic check
26053,6924-TDGMT,One year,Yes,Mailed check
26054,6925-BAYGL,Two year,No,Credit card (automatic)
26055,6927-WTFIV,Month-to-month,No,Credit card (automatic)
26056,6928-ONTRW,Two year,No,Credit card (automatic)
26057,6933-FHBZC,One year,Yes,Mailed check
26058,6933-VLYFX,One year,No,Electronic check
26059,6937-GCDGQ,One year,Yes,Bank transfer (automatic)
26060,6941-KXRRV,One year,Yes,Bank transfer (automatic)
26061,6941-PMGEP,Month-to-month,Yes,Electronic check
26062,6942-LBFDP,Month-to-month,Yes,Mailed check
26063,6946-LMSQS,One year,Yes,Electronic check
26064,6950-TWMYB,Two year,Yes,Bank transfer (automatic)
26065,6952-OMNWB,Month-to-month,Yes,Credit card (automatic)
26066,6953-PBDIN,Two year,No,Bank transfer (automatic)
26067,6954-OOYZZ,Month-to-month,Yes,Bank transfer (automatic)
26068,6956-SMUCM,Month-to-month,Yes,Credit card (automatic)
26069,6959-GQEGV,Month-to-month,Yes,Electronic check
26070,6959-UWKHF,Month-to-month,Yes,Electronic check
26071,6960-HVYXR,Month-to-month,No,Electronic check
26072,6961-MJKBO,Two year,No,Bank transfer (automatic)
26073,6961-VCPMC,Month-to-month,Yes,Electronic check
26074,6963-EZQEE,Two year,Yes,Credit card (automatic)
26075,6963-KQYQB,Two year,No,Mailed check
26076,6967-PEJLL,One year,Yes,Electronic check
26077,6967-QIQRV,One year,No,Electronic check
26078,6968-GMKPR,Month-to-month,Yes,Electronic check
26079,6968-MHOMU,One year,Yes,Credit card (automatic)
26080,6968-URWQU,One year,Yes,Mailed check
26081,6969-MVBAI,Month-to-month,Yes,Electronic check
26082,6972-SNKKW,Month-to-month,No,Mailed check
26083,6974-DAFLI,One year,No,Electronic check
26084,6976-BWGLQ,Two year,No,Bank transfer (automatic)
26085,6979-TNDEU,Month-to-month,No,Mailed check
26086,6979-ZNSFF,Month-to-month,Yes,Electronic check
26087,6980-CDGFC,One year,Yes,Bank transfer (automatic)
26088,6980-IMXXE,Two year,No,Bank transfer (automatic)
26089,6981-TDRFT,One year,Yes,Electronic check
26090,6982-SSHFK,Month-to-month,No,Mailed check
26091,6982-UQZLY,Month-to-month,Yes,Mailed check
26092,6985-HAYWX,Month-to-month,No,Bank transfer (automatic)
26093,6986-IJDHX,Month-to-month,Yes,Mailed check
26094,6986-IXNDM,Month-to-month,Yes,Electronic check
26095,6987-XQSJT,Month-to-month,Yes,Electronic check
26096,6988-CJEYV,Month-to-month,No,Electronic check
26097,6990-YNRIO,Two year,No,Bank transfer (automatic)
26098,6992-TKNYO,One year,No,Credit card (automatic)
26099,6993-OHLXR,Month-to-month,No,Electronic check
26100,6993-YCOBK,Two year,Yes,Electronic check
26101,6993-YGFJV,Two year,Yes,Bank transfer (automatic)
26102,6994-FGRHH,One year,Yes,Electronic check
26103,6994-KERXL,Month-to-month,Yes,Electronic check
26104,6994-ORCWG,One year,Yes,Mailed check
26105,6996-KNSML,Month-to-month,Yes,Electronic check
26106,6997-UVGOX,Two year,No,Bank transfer (automatic)
26107,6999-CHVCF,Two year,Yes,Bank transfer (automatic)
26108,7000-WCEVQ,Month-to-month,Yes,Mailed check
26109,7005-CCBKV,Month-to-month,Yes,Electronic check
26110,7005-CYUIL,Two year,Yes,Electronic check
26111,7008-LZVOZ,Two year,Yes,Credit card (automatic)
26112,7009-LGECI,Month-to-month,Yes,Bank transfer (automatic)
26113,7009-PCARS,One year,No,Bank transfer (automatic)
26114,7010-BRBUU,Two year,No,Credit card (automatic)
26115,7010-ZMVBF,Month-to-month,No,Mailed check
26116,7011-CVEUC,Month-to-month,Yes,Credit card (automatic)
26117,7013-PSXHK,One year,Yes,Mailed check
26118,7014-ZZXAW,Two year,Yes,Credit card (automatic)
26119,7016-BPGEU,Month-to-month,Yes,Credit card (automatic)
26120,7016-NVRIC,One year,No,Bank transfer (automatic)
26121,7017-VFHAY,Two year,No,Credit card (automatic)
26122,7017-VFULY,Month-to-month,No,Bank transfer (automatic)
26123,7018-FPXHH,Two year,Yes,Bank transfer (automatic)
26124,7018-WBJNK,Month-to-month,Yes,Credit card (automatic)
26125,7020-OZKXZ,Month-to-month,No,Credit card (automatic)
26126,7021-XSNYE,Two year,No,Credit card (automatic)
26127,7024-OHCCK,Month-to-month,Yes,Electronic check
26128,7025-IWFHT,One year,Yes,Electronic check
26129,7025-WCBNE,Two year,No,Bank transfer (automatic)
26130,7026-YMSBE,One year,No,Mailed check
26131,7028-DVOIQ,Month-to-month,Yes,Electronic check
26132,7029-IJEJK,One year,No,Bank transfer (automatic)
26133,7029-RPUAV,Month-to-month,Yes,Credit card (automatic)
26134,7030-FZTFM,Two year,No,Credit card (automatic)
26135,7030-NJVDP,Month-to-month,Yes,Electronic check
26136,7032-LMBHI,One year,No,Bank transfer (automatic)
26137,7033-CLAMM,Two year,No,Bank transfer (automatic)
26138,7036-TYDEC,Two year,No,Electronic check
26139,7036-ZZKBD,Month-to-month,Yes,Credit card (automatic)
26140,7037-MTYVW,Two year,Yes,Bank transfer (automatic)
26141,7041-TXQJH,Month-to-month,Yes,Credit card (automatic)
26142,7044-YAACC,Month-to-month,Yes,Electronic check
26143,7047-FWEYA,One year,Yes,Electronic check
26144,7047-YXDMZ,Month-to-month,No,Mailed check
26145,7048-GXDAY,Month-to-month,Yes,Electronic check
26146,7049-GKVZY,One year,No,Credit card (automatic)
26147,7054-DMVAS,Two year,Yes,Bank transfer (automatic)
26148,7054-ENNGU,Month-to-month,No,Mailed check
26149,7054-LGEQW,Month-to-month,No,Mailed check
26150,7055-HNEOJ,Month-to-month,Yes,Mailed check
26151,7055-JCGNI,Two year,Yes,Credit card (automatic)
26152,7055-VKGDA,One year,Yes,Credit card (automatic)
26153,7056-IMHCC,Month-to-month,Yes,Electronic check
26154,7061-OVMIM,One year,No,Bank transfer (automatic)
26155,7064-FRRSW,One year,Yes,Electronic check
26156,7064-JHXCE,Two year,No,Credit card (automatic)
26157,7065-YUNRY,Month-to-month,Yes,Mailed check
26158,7067-KSAZT,One year,Yes,Electronic check
26159,7072-MBHEV,Month-to-month,Yes,Credit card (automatic)
26160,7073-QETQY,One year,Yes,Electronic check
26161,7074-IEVOJ,Month-to-month,Yes,Electronic check
26162,7074-STDCN,Month-to-month,Yes,Electronic check
26163,7075-BNDVQ,Month-to-month,No,Mailed check
26164,7077-XJMET,Month-to-month,Yes,Electronic check
26165,7078-NVFAM,Month-to-month,Yes,Electronic check
26166,7079-QRCBC,Month-to-month,Yes,Electronic check
26167,7080-TNUWP,One year,Yes,Bank transfer (automatic)
26168,7083-MIOPC,Two year,No,Credit card (automatic)
26169,7083-YNSKY,Month-to-month,Yes,Credit card (automatic)
26170,7088-FBAWU,Month-to-month,No,Mailed check
26171,7089-IVVAZ,Month-to-month,Yes,Bank transfer (automatic)
26172,7089-RKVSZ,One year,No,Mailed check
26173,7089-XXAYG,One year,Yes,Credit card (automatic)
26174,7094-MSZAO,Month-to-month,Yes,Credit card (automatic)
26175,7096-UCLNH,Month-to-month,No,Mailed check
26176,7096-ZNBZI,Two year,No,Credit card (automatic)
26177,7100-FQPRV,One year,Yes,Credit card (automatic)
26178,7101-HRBLJ,Two year,Yes,Bank transfer (automatic)
26179,7102-JJVTX,One year,No,Mailed check
26180,7103-IPXPJ,One year,No,Electronic check
26181,7103-ZGVNT,One year,No,Credit card (automatic)
26182,7105-BENQF,One year,No,Mailed check
26183,7105-MXJLL,One year,No,Mailed check
26184,7107-UBYKY,Month-to-month,Yes,Electronic check
26185,7108-DGVUU,One year,No,Bank transfer (automatic)
26186,7109-CQYUZ,Two year,Yes,Mailed check
26187,7109-MFBYV,Month-to-month,No,Electronic check
26188,7110-BDTWG,Two year,Yes,Electronic check
26189,7112-OPOTK,Month-to-month,No,Electronic check
26190,7113-HIPFI,Two year,No,Mailed check
26191,7114-AEOZE,Two year,No,Bank transfer (automatic)
26192,7115-IRDHS,Two year,No,Bank transfer (automatic)
26193,7120-RFMVS,Month-to-month,No,Electronic check
26194,7123-WQUHX,One year,No,Bank transfer (automatic)
26195,7124-UGSUR,One year,Yes,Credit card (automatic)
26196,7126-RBHSD,Month-to-month,No,Electronic check
26197,7128-GGCNO,Month-to-month,No,Bank transfer (automatic)
26198,7129-ACFOG,Month-to-month,Yes,Electronic check
26199,7129-AZJDE,One year,Yes,Bank transfer (automatic)
26200,7129-CAKJW,Month-to-month,No,Bank transfer (automatic)
26201,7130-CTCUS,Month-to-month,Yes,Bank transfer (automatic)
26202,7130-VTEWQ,Month-to-month,Yes,Electronic check
26203,7130-YXBRO,Month-to-month,Yes,Bank transfer (automatic)
26204,7131-ZQZNK,Two year,No,Credit card (automatic)
26205,7133-VBDCG,Month-to-month,Yes,Bank transfer (automatic)
26206,7134-HBPBS,Two year,Yes,Bank transfer (automatic)
26207,7134-MJPDY,One year,Yes,Credit card (automatic)
26208,7136-IHZJA,Month-to-month,Yes,Mailed check
26209,7136-RVDTZ,One year,Yes,Electronic check
26210,7137-NAXML,One year,No,Bank transfer (automatic)
26211,7137-RYLPP,Month-to-month,Yes,Electronic check
26212,7138-GIRSH,Two year,No,Bank transfer (automatic)
26213,7139-JZFVG,Two year,No,Bank transfer (automatic)
26214,7140-ADSMJ,Month-to-month,Yes,Credit card (automatic)
26215,7142-HVGBG,Month-to-month,Yes,Electronic check
26216,7143-BQIBA,Month-to-month,No,Bank transfer (automatic)
26217,7145-FEJWU,Month-to-month,Yes,Electronic check
26218,7147-AYBAA,Month-to-month,Yes,Mailed check
26219,7148-XZPHA,Month-to-month,No,Electronic check
26220,7153-CHRBV,One year,Yes,Mailed check
26221,7153-OANIO,Month-to-month,No,Electronic check
26222,7156-MHUGY,Month-to-month,Yes,Electronic check
26223,7156-MXBJE,One year,No,Credit card (automatic)
26224,7157-SMCFK,Two year,No,Mailed check
26225,7159-FVYPK,Month-to-month,Yes,Bank transfer (automatic)
26226,7159-NOKYQ,Two year,Yes,Electronic check
26227,7161-DFHUF,Two year,No,Mailed check
26228,7162-WPHPM,Two year,No,Credit card (automatic)
26229,7163-OCEQI,One year,Yes,Mailed check
26230,7164-BPTUT,Two year,No,Mailed check
26231,7167-PCEYD,Two year,Yes,Mailed check
26232,7168-HDQHG,Month-to-month,No,Bank transfer (automatic)
26233,7169-YWAMK,Two year,No,Bank transfer (automatic)
26234,7173-TETGO,Two year,No,Bank transfer (automatic)
26235,7175-NTIXE,Month-to-month,Yes,Credit card (automatic)
26236,7176-WIONM,Month-to-month,Yes,Bank transfer (automatic)
26237,7176-WRTNX,Two year,Yes,Bank transfer (automatic)
26238,7180-PISOG,Month-to-month,Yes,Electronic check
26239,7181-BQYBV,Month-to-month,Yes,Electronic check
26240,7181-OQCUT,Month-to-month,No,Mailed check
26241,7182-OVLBJ,Two year,Yes,Bank transfer (automatic)
26242,7184-LRUUR,One year,No,Bank transfer (automatic)
26243,7188-CBBBA,One year,Yes,Electronic check
26244,7190-XHTWJ,One year,No,Mailed check
26245,7191-ADRGF,Two year,No,Bank transfer (automatic)
26246,7196-LIWRH,Two year,No,Mailed check
26247,7197-VOJMM,Two year,Yes,Credit card (automatic)
26248,7198-GLXTC,Month-to-month,No,Electronic check
26249,7203-OYKCT,One year,Yes,Electronic check
26250,7205-BAIAD,Two year,Yes,Bank transfer (automatic)
26251,7206-GZCDC,Month-to-month,Yes,Electronic check
26252,7206-PQBBZ,Month-to-month,Yes,Electronic check
26253,7207-RMRDB,Month-to-month,Yes,Electronic check
26254,7208-PSIHR,Two year,Yes,Bank transfer (automatic)
26255,7209-JCUDS,Month-to-month,Yes,Electronic check
26256,7216-EWTRS,Month-to-month,Yes,Electronic check
26257,7216-KAOID,One year,No,Bank transfer (automatic)
26258,7217-JYHOQ,Month-to-month,Yes,Credit card (automatic)
26259,7218-HKQFK,Month-to-month,Yes,Electronic check
26260,7219-TLZHO,Month-to-month,No,Mailed check
26261,7225-CBZPL,Month-to-month,Yes,Electronic check
26262,7225-IILWY,Two year,No,Mailed check
26263,7228-OMTPN,Month-to-month,Yes,Electronic check
26264,7228-PAQPD,One year,No,Credit card (automatic)
26265,7233-DRTRF,Month-to-month,Yes,Electronic check
26266,7233-IOQNP,Month-to-month,No,Bank transfer (automatic)
26267,7233-PAHHL,Two year,Yes,Mailed check
26268,7234-FECYN,Month-to-month,No,Electronic check
26269,7234-KMNRQ,Month-to-month,No,Mailed check
26270,7235-NXZCP,Month-to-month,Yes,Mailed check
26271,7239-HZZCX,Month-to-month,No,Mailed check
26272,7240-ETPTR,Month-to-month,Yes,Electronic check
26273,7240-FQLHE,Month-to-month,No,Bank transfer (automatic)
26274,7241-AJHFS,Month-to-month,No,Bank transfer (automatic)
26275,7242-EDTYC,Two year,No,Bank transfer (automatic)
26276,7242-QZLXF,Month-to-month,Yes,Electronic check
26277,7243-LCGGZ,Month-to-month,No,Mailed check
26278,7244-KXYZN,One year,No,Credit card (automatic)
26279,7244-QWYHG,One year,Yes,Bank transfer (automatic)
26280,7245-JMTTQ,One year,Yes,Electronic check
26281,7245-NIIWQ,Month-to-month,Yes,Electronic check
26282,7246-ZGQDF,Month-to-month,No,Electronic check
26283,7247-XOZPB,One year,No,Bank transfer (automatic)
26284,7248-VZQLC,Month-to-month,Yes,Bank transfer (automatic)
26285,7249-WBIYX,Month-to-month,Yes,Electronic check
26286,7250-EQKIY,Month-to-month,No,Mailed check
26287,7251-LJBQN,One year,Yes,Credit card (automatic)
26288,7251-XFOIL,Month-to-month,No,Mailed check
26289,7252-NTGSS,Month-to-month,No,Mailed check
26290,7253-UVNDW,Two year,No,Credit card (automatic)
26291,7254-IQWOZ,Month-to-month,Yes,Electronic check
26292,7255-SSFBC,Two year,Yes,Bank transfer (automatic)
26293,7266-GSSJX,Month-to-month,Yes,Electronic check
26294,7267-FRMJW,Two year,No,Mailed check
26295,7268-IGMFD,Month-to-month,No,Bank transfer (automatic)
26296,7268-WNTCP,Two year,No,Bank transfer (automatic)
26297,7269-JISCY,One year,No,Bank transfer (automatic)
26298,7270-BDIOA,Month-to-month,Yes,Electronic check
26299,7271-AJDTL,Month-to-month,Yes,Credit card (automatic)
26300,7272-QDCKA,One year,No,Electronic check
26301,7273-TEFQD,Month-to-month,Yes,Electronic check
26302,7274-CGTOD,Two year,Yes,Bank transfer (automatic)
26303,7274-RTAPZ,Month-to-month,Yes,Electronic check
26304,7277-KAMWT,Two year,No,Credit card (automatic)
26305,7277-OZCGZ,Month-to-month,Yes,Electronic check
26306,7278-CKDNC,Month-to-month,Yes,Electronic check
26307,7279-BUYWN,Month-to-month,Yes,Electronic check
26308,7279-NMVJC,One year,No,Bank transfer (automatic)
26309,7284-BUYEC,Month-to-month,Yes,Credit card (automatic)
26310,7284-ZZLOH,Two year,No,Credit card (automatic)
26311,7285-KLOTR,One year,No,Electronic check
26312,7291-CDTMJ,Month-to-month,Yes,Bank transfer (automatic)
26313,7293-LSCDV,Two year,Yes,Credit card (automatic)
26314,7294-TMAOP,Month-to-month,No,Electronic check
26315,7295-JOMMD,Month-to-month,Yes,Bank transfer (automatic)
26316,7296-PIXQY,Month-to-month,No,Electronic check
26317,7297-DVYGA,One year,Yes,Bank transfer (automatic)
26318,7298-IZWLY,Month-to-month,Yes,Mailed check
26319,7299-GNVPL,Month-to-month,No,Mailed check
26320,7301-ABVAD,Two year,No,Bank transfer (automatic)
26321,7302-ZHMHP,Month-to-month,No,Mailed check
26322,7305-ZWMAJ,One year,No,Credit card (automatic)
26323,7306-YDSOI,Two year,Yes,Bank transfer (automatic)
26324,7310-EGVHZ,Month-to-month,No,Bank transfer (automatic)
26325,7311-MQJCH,One year,No,Electronic check
26326,7312-XSBAT,Month-to-month,No,Electronic check
26327,7314-OXENN,Month-to-month,Yes,Electronic check
26328,7315-WYOAW,Month-to-month,No,Electronic check
26329,7317-GGVPB,Two year,Yes,Credit card (automatic)
26330,7318-EIVKO,Month-to-month,Yes,Electronic check
26331,7319-VENRZ,Month-to-month,No,Bank transfer (automatic)
26332,7319-ZNRTR,One year,No,Electronic check
26333,7321-KKSDU,Two year,No,Mailed check
26334,7321-PKUYW,Month-to-month,No,Electronic check
26335,7321-VGNKU,Month-to-month,Yes,Electronic check
26336,7321-ZNSLA,Two year,No,Mailed check
26337,7322-OCWHC,Two year,Yes,Bank transfer (automatic)
26338,7325-ENZFI,One year,Yes,Bank transfer (automatic)
26339,7326-RIGQZ,Month-to-month,Yes,Electronic check
26340,7328-OWMOM,One year,No,Credit card (automatic)
26341,7328-ZJAJO,Two year,No,Credit card (automatic)
26342,7330-WZLNC,Month-to-month,Yes,Electronic check
26343,7336-RLLRH,One year,No,Mailed check
26344,7337-CINUD,Two year,No,Bank transfer (automatic)
26345,7338-ERIVA,One year,No,Bank transfer (automatic)
26346,7339-POGZN,Month-to-month,No,Electronic check
26347,7340-KEFQE,Two year,No,Bank transfer (automatic)
26348,7341-LXCAF,Month-to-month,Yes,Electronic check
26349,7343-EOBEU,Month-to-month,Yes,Mailed check
26350,7346-MEDWM,Month-to-month,Yes,Electronic check
26351,7349-ALMUX,Two year,No,Bank transfer (automatic)
26352,7351-KYHQH,Month-to-month,Yes,Electronic check
26353,7351-MHQVU,Month-to-month,No,Credit card (automatic)
26354,7353-YOWFP,One year,No,Mailed check
26355,7354-OIJLX,Month-to-month,Yes,Electronic check
26356,7356-AYNJP,One year,No,Electronic check
26357,7356-IWLFW,Month-to-month,Yes,Bank transfer (automatic)
26358,7359-PTSXY,Month-to-month,No,Electronic check
26359,7359-SSBJK,Two year,Yes,Credit card (automatic)
26360,7359-WWYJV,Two year,No,Credit card (automatic)
26361,7361-YPXFS,Month-to-month,No,Bank transfer (automatic)
26362,7363-QTBIW,Month-to-month,Yes,Electronic check
26363,7365-BVCJH,Month-to-month,Yes,Electronic check
26364,7369-TRPFD,One year,No,Mailed check
26365,7375-WMVMT,Two year,Yes,Credit card (automatic)
26366,7377-DMMRI,Month-to-month,Yes,Electronic check
26367,7379-FNIUJ,Month-to-month,No,Electronic check
26368,7379-POKDZ,Month-to-month,Yes,Electronic check
26369,7382-DFJTU,Month-to-month,No,Credit card (automatic)
26370,7384-GHBPI,Month-to-month,Yes,Electronic check
26371,7389-KBFIT,Month-to-month,Yes,Mailed check
26372,7392-YYPYJ,Month-to-month,Yes,Electronic check
26373,7394-FKDNK,Month-to-month,No,Electronic check
26374,7394-LWLYN,Month-to-month,Yes,Electronic check
26375,7395-IGJOS,Month-to-month,No,Bank transfer (automatic)
26376,7395-XWZOY,Month-to-month,Yes,Credit card (automatic)
26377,7396-VJUZB,Month-to-month,No,Mailed check
26378,7398-HPYZQ,Two year,No,Bank transfer (automatic)
26379,7398-LXGYX,Month-to-month,Yes,Credit card (automatic)
26380,7398-SKNQZ,Month-to-month,No,Electronic check
26381,7399-QHBJS,Two year,No,Credit card (automatic)
26382,7401-JIXNM,Two year,No,Credit card (automatic)
26383,7401-RUBNK,Month-to-month,No,Electronic check
26384,7402-EYFXX,Month-to-month,Yes,Electronic check
26385,7402-PWYJJ,One year,Yes,Electronic check
26386,7404-JLKQG,Month-to-month,No,Electronic check
26387,7407-SUJIZ,Month-to-month,No,Mailed check
26388,7408-OFWXJ,Two year,No,Credit card (automatic)
26389,7409-JURKQ,One year,Yes,Bank transfer (automatic)
26390,7409-KIUTL,Month-to-month,Yes,Electronic check
26391,7410-KTVFV,Month-to-month,Yes,Mailed check
26392,7410-OIEDU,Month-to-month,Yes,Mailed check
26393,7410-YTJIK,Month-to-month,No,Mailed check
26394,7416-CKTEP,Two year,Yes,Bank transfer (automatic)
26395,7421-ZLUPA,Month-to-month,Yes,Mailed check
26396,7422-WNBTY,Month-to-month,Yes,Electronic check
26397,7426-GSWPO,Month-to-month,Yes,Bank transfer (automatic)
26398,7426-RHZGU,Month-to-month,Yes,Bank transfer (automatic)
26399,7426-WEIJX,Month-to-month,Yes,Electronic check
26400,7427-AUFPY,Two year,No,Credit card (automatic)
26401,7432-FFVAR,One year,No,Bank transfer (automatic)
26402,7434-SHXLS,Month-to-month,No,Mailed check
26403,7435-ZNUYY,One year,No,Mailed check
26404,7439-DKZTW,Month-to-month,Yes,Electronic check
26405,7442-YGZFK,Month-to-month,Yes,Credit card (automatic)
26406,7445-WMRBW,One year,Yes,Bank transfer (automatic)
26407,7446-KQISO,Two year,Yes,Bank transfer (automatic)
26408,7446-SFAOA,One year,Yes,Bank transfer (automatic)
26409,7446-YPODE,Month-to-month,No,Bank transfer (automatic)
26410,7449-HVPIV,Month-to-month,Yes,Credit card (automatic)
26411,7450-NWRTR,Month-to-month,Yes,Electronic check
26412,7452-FOLON,One year,No,Bank transfer (automatic)
26413,7459-IMVYU,Month-to-month,No,Electronic check
26414,7459-RRWQZ,Month-to-month,Yes,Bank transfer (automatic)
26415,7460-ITWWP,Month-to-month,Yes,Electronic check
26416,7463-IFMQU,Two year,No,Bank transfer (automatic)
26417,7465-ZZRVX,Month-to-month,Yes,Electronic check
26418,7469-LKBCI,Two year,No,Credit card (automatic)
26419,7470-DYNOE,One year,Yes,Electronic check
26420,7470-MCQTK,Month-to-month,Yes,Bank transfer (automatic)
26421,7471-MQPOS,One year,Yes,Bank transfer (automatic)
26422,7471-WNSUF,One year,No,Bank transfer (automatic)
26423,7472-EQOAV,One year,Yes,Bank transfer (automatic)
26424,7473-ZBDSN,Two year,No,Mailed check
26425,7479-NITWS,Month-to-month,Yes,Credit card (automatic)
26426,7480-QNVZJ,Month-to-month,Yes,Electronic check
26427,7480-SPLEF,Two year,Yes,Bank transfer (automatic)
26428,7481-ATQQS,Month-to-month,Yes,Credit card (automatic)
26429,7483-IQWIB,Month-to-month,Yes,Electronic check
26430,7486-KSRVI,One year,Yes,Electronic check
26431,7488-MXJIV,Month-to-month,Yes,Electronic check
26432,7492-TAFJD,Two year,No,Mailed check
26433,7493-GVFIO,Two year,No,Credit card (automatic)
26434,7493-TPUWZ,Month-to-month,Yes,Electronic check
26435,7495-OOKFY,Month-to-month,Yes,Credit card (automatic)
26436,7501-IWUNG,Two year,Yes,Bank transfer (automatic)
26437,7501-VTYLJ,Month-to-month,No,Mailed check
26438,7502-BNYGS,Month-to-month,Yes,Credit card (automatic)
26439,7503-EPSZW,Two year,Yes,Mailed check
26440,7503-MIOGA,Two year,Yes,Bank transfer (automatic)
26441,7503-QQRVF,Month-to-month,Yes,Credit card (automatic)
26442,7503-ZGUZJ,Month-to-month,Yes,Mailed check
26443,7504-UWHNB,Month-to-month,No,Electronic check
26444,7508-DQAKK,Two year,Yes,Credit card (automatic)
26445,7508-KBIMB,One year,Yes,Credit card (automatic)
26446,7508-MYBOG,Month-to-month,Yes,Electronic check
26447,7508-SMHXL,Month-to-month,No,Credit card (automatic)
26448,7511-YMXVQ,Month-to-month,Yes,Electronic check
26449,7515-LODFU,Two year,No,Credit card (automatic)
26450,7516-GMHUV,Two year,Yes,Credit card (automatic)
26451,7517-LDMPS,Month-to-month,Yes,Electronic check
26452,7517-SAWMO,Month-to-month,Yes,Electronic check
26453,7519-JTWQH,Two year,Yes,Bank transfer (automatic)
26454,7520-HQWJU,Month-to-month,Yes,Bank transfer (automatic)
26455,7521-AFHAB,Month-to-month,No,Mailed check
26456,7521-YXVZY,Month-to-month,No,Mailed check
26457,7524-VRLPL,Two year,No,Credit card (automatic)
26458,7526-BEZQB,Month-to-month,Yes,Electronic check
26459,7526-IVLYU,Month-to-month,Yes,Mailed check
26460,7527-QNRUS,Two year,Yes,Mailed check
26461,7529-ZDFXI,Month-to-month,Yes,Electronic check
26462,7530-HDYDS,Month-to-month,Yes,Credit card (automatic)
26463,7531-GQHME,Month-to-month,No,Credit card (automatic)
26464,7534-BFESC,Month-to-month,Yes,Electronic check
26465,7537-CBQUZ,Month-to-month,Yes,Bank transfer (automatic)
26466,7537-RBWEA,Month-to-month,Yes,Mailed check
26467,7538-GWHML,Month-to-month,No,Electronic check
26468,7541-YLXCL,One year,Yes,Mailed check
26469,7542-CYDDM,Month-to-month,No,Mailed check
26470,7544-ZVIKX,One year,Yes,Bank transfer (automatic)
26471,7547-EKNFS,Month-to-month,Yes,Bank transfer (automatic)
26472,7548-SEPYI,Month-to-month,Yes,Electronic check
26473,7549-MYGPK,Month-to-month,Yes,Electronic check
26474,7550-WIQVA,One year,Yes,Electronic check
26475,7551-DACSP,Month-to-month,Yes,Mailed check
26476,7551-JOHTI,Month-to-month,No,Mailed check
26477,7552-KEYGT,Two year,No,Bank transfer (automatic)
26478,7554-AKDQF,Month-to-month,No,Mailed check
26479,7554-NEWDD,Two year,No,Bank transfer (automatic)
26480,7558-IMLMT,Two year,Yes,Mailed check
26481,7560-QJAVJ,Two year,No,Bank transfer (automatic)
26482,7560-QRBXH,One year,No,Mailed check
26483,7562-GSUHK,Month-to-month,Yes,Credit card (automatic)
26484,7562-UXTPG,Month-to-month,Yes,Mailed check
26485,7563-BIUPC,Month-to-month,Yes,Electronic check
26486,7564-GHCVB,Two year,No,Bank transfer (automatic)
26487,7566-DSRLQ,Two year,Yes,Electronic check
26488,7567-ECMCM,Month-to-month,Yes,Credit card (automatic)
26489,7568-PODML,Month-to-month,Yes,Mailed check
26490,7569-NMZYQ,Two year,Yes,Bank transfer (automatic)
26491,7570-WELNY,Two year,Yes,Bank transfer (automatic)
26492,7571-YXDAD,Month-to-month,No,Credit card (automatic)
26493,7572-KPVKK,Two year,Yes,Electronic check
26494,7576-ASEJU,One year,Yes,Credit card (automatic)
26495,7576-JMYWV,Month-to-month,Yes,Electronic check
26496,7576-OYWBN,Month-to-month,Yes,Electronic check
26497,7577-SWIFR,Month-to-month,Yes,Electronic check
26498,7579-KKLOE,Two year,Yes,Mailed check
26499,7579-OOPEC,Month-to-month,No,Credit card (automatic)
26500,7580-UGXNC,Month-to-month,No,Mailed check
26501,7581-EBBOU,One year,Yes,Credit card (automatic)
26502,7586-ZATGZ,Month-to-month,Yes,Electronic check
26503,7587-AOVVU,Month-to-month,No,Electronic check
26504,7587-RZNME,Month-to-month,Yes,Electronic check
26505,7590-VHVEG,Month-to-month,Yes,Electronic check
26506,7593-JNWRU,Month-to-month,Yes,Bank transfer (automatic)
26507,7593-XFKDI,Month-to-month,No,Mailed check
26508,7594-LZNWR,Month-to-month,No,Credit card (automatic)
26509,7594-RQHXR,Month-to-month,Yes,Electronic check
26510,7595-EHCDL,Month-to-month,No,Credit card (automatic)
26511,7595-EUIVN,Month-to-month,No,Electronic check
26512,7596-IIWYC,Two year,Yes,Bank transfer (automatic)
26513,7596-LDUXP,One year,Yes,Credit card (automatic)
26514,7596-ZYWBB,Two year,Yes,Mailed check
26515,7598-UAASY,Month-to-month,No,Electronic check
26516,7599-FKVXZ,Month-to-month,Yes,Bank transfer (automatic)
26517,7599-NTMDP,Two year,No,Bank transfer (automatic)
26518,7601-DHFWZ,Two year,No,Credit card (automatic)
26519,7601-GNDYK,Two year,No,Mailed check
26520,7601-WFVZV,Month-to-month,No,Mailed check
26521,7602-DBTOU,Two year,No,Mailed check
26522,7602-MVRMB,Two year,Yes,Bank transfer (automatic)
26523,7603-USHJS,Month-to-month,Yes,Credit card (automatic)
26524,7605-BDWDC,Two year,Yes,Bank transfer (automatic)
26525,7605-SNLQG,Month-to-month,Yes,Credit card (automatic)
26526,7606-BPHHN,Two year,Yes,Credit card (automatic)
26527,7607-QKKTJ,One year,Yes,Credit card (automatic)
26528,7608-RGIRO,Two year,Yes,Mailed check
26529,7609-NRNCA,One year,No,Mailed check
26530,7609-YBPXG,Two year,No,Bank transfer (automatic)
26531,7610-TVOPG,Month-to-month,Yes,Electronic check
26532,7611-YKYTC,Month-to-month,No,Bank transfer (automatic)
26533,7613-LLQFO,Month-to-month,Yes,Electronic check
26534,7614-QVWQL,One year,Yes,Bank transfer (automatic)
26535,7615-ESMYF,Month-to-month,No,Electronic check
26536,7617-EYGLW,Month-to-month,No,Electronic check
26537,7619-ODSGN,Month-to-month,No,Electronic check
26538,7619-PLRLP,One year,No,Bank transfer (automatic)
26539,7621-VPNET,Month-to-month,Yes,Credit card (automatic)
26540,7622-FWGEW,Two year,Yes,Bank transfer (automatic)
26541,7622-NXQZR,Month-to-month,Yes,Credit card (automatic)
26542,7623-HKYRK,Month-to-month,No,Mailed check
26543,7623-TRNQN,Month-to-month,Yes,Mailed check
26544,7625-XCQRH,Month-to-month,Yes,Electronic check
26545,7627-JKIAZ,Month-to-month,Yes,Credit card (automatic)
26546,7629-WFGLW,One year,No,Electronic check
26547,7629-WIXZF,One year,Yes,Electronic check
26548,7632-MNYOY,One year,No,Credit card (automatic)
26549,7632-YUTXB,One year,No,Mailed check
26550,7633-MVPUY,Two year,Yes,Electronic check
26551,7634-HLQJR,Two year,No,Credit card (automatic)
26552,7634-WSWDB,Month-to-month,Yes,Electronic check
26553,7636-OWBPG,Month-to-month,Yes,Credit card (automatic)
26554,7636-PEPNS,One year,Yes,Mailed check
26555,7636-XUHWW,Month-to-month,Yes,Credit card (automatic)
26556,7638-QVMVY,Month-to-month,Yes,Electronic check
26557,7639-LIAYI,Two year,Yes,Credit card (automatic)
26558,7639-OPLNG,Two year,Yes,Bank transfer (automatic)
26559,7639-SUPCW,Month-to-month,Yes,Credit card (automatic)
26560,7641-EUYET,Month-to-month,Yes,Electronic check
26561,7641-TQFHN,Two year,No,Mailed check
26562,7643-RCHXS,Two year,No,Electronic check
26563,7644-OMVMY,Two year,No,Mailed check
26564,7647-GYYKX,Two year,Yes,Bank transfer (automatic)
26565,7649-PHJVR,One year,No,Mailed check
26566,7649-SIJJF,Two year,Yes,Mailed check
26567,7654-YWJUF,One year,Yes,Bank transfer (automatic)
26568,7657-DYEPJ,One year,Yes,Credit card (automatic)
26569,7658-UYUQS,Month-to-month,No,Bank transfer (automatic)
26570,7660-HDPJV,Month-to-month,Yes,Electronic check
26571,7661-CPURM,One year,Yes,Credit card (automatic)
26572,7663-CUXZB,Two year,No,Electronic check
26573,7663-RGWBC,Month-to-month,Yes,Mailed check
26574,7663-YJHSN,Two year,Yes,Bank transfer (automatic)
26575,7663-ZTEGJ,One year,No,Credit card (automatic)
26576,7665-NKLAV,Two year,No,Credit card (automatic)
26577,7665-TOALD,Month-to-month,Yes,Electronic check
26578,7665-VIGUD,One year,No,Mailed check
26579,7666-WKRON,Two year,Yes,Electronic check
26580,7668-XCFYV,Month-to-month,Yes,Electronic check
26581,7669-LCRSD,Month-to-month,Yes,Mailed check
26582,7670-ZBPOQ,One year,Yes,Bank transfer (automatic)
26583,7672-VFMXZ,Month-to-month,No,Electronic check
26584,7673-BQGKU,Two year,No,Bank transfer (automatic)
26585,7673-LPRNY,One year,Yes,Electronic check
26586,7674-YTAFD,One year,Yes,Bank transfer (automatic)
26587,7675-OZCZG,Month-to-month,No,Electronic check
26588,7677-SJJJK,One year,No,Credit card (automatic)
26589,7682-AZNDK,Month-to-month,Yes,Electronic check
26590,7683-CBDKJ,Month-to-month,Yes,Electronic check
26591,7684-XSZIY,Two year,No,Bank transfer (automatic)
26592,7688-AWMDX,Two year,No,Bank transfer (automatic)
26593,7690-KPNCU,One year,Yes,Credit card (automatic)
26594,7691-KGKGP,Month-to-month,No,Credit card (automatic)
26595,7691-XVTZH,Two year,Yes,Bank transfer (automatic)
26596,7693-LCKZL,Month-to-month,Yes,Electronic check
26597,7693-QPEFS,Month-to-month,Yes,Bank transfer (automatic)
26598,7694-VLBWQ,One year,No,Electronic check
26599,7695-PKLCZ,Two year,No,Credit card (automatic)
26600,7696-AMHOD,One year,No,Credit card (automatic)
26601,7696-CFTAT,Two year,No,Bank transfer (automatic)
26602,7698-YFGEZ,Month-to-month,No,Mailed check
26603,7703-ZEKEF,Month-to-month,Yes,Electronic check
26604,7706-DZNKK,Month-to-month,Yes,Credit card (automatic)
26605,7706-YLMQA,One year,No,Bank transfer (automatic)
26606,7707-PYBBH,Month-to-month,Yes,Mailed check
26607,7710-JSYOA,Two year,Yes,Bank transfer (automatic)
26608,7711-GQBZC,Two year,No,Bank transfer (automatic)
26609,7711-YIJWC,One year,No,Bank transfer (automatic)
26610,7714-YXSMB,Month-to-month,Yes,Bank transfer (automatic)
26611,7716-YTYHG,One year,Yes,Mailed check
26612,7717-BICXI,Two year,No,Mailed check
26613,7718-RXDGG,Month-to-month,Yes,Bank transfer (automatic)
26614,7718-UPSKJ,One year,Yes,Credit card (automatic)
26615,7721-DVEKZ,Month-to-month,No,Mailed check
26616,7721-JXEAW,Month-to-month,Yes,Bank transfer (automatic)
26617,7722-CVFXN,One year,Yes,Electronic check
26618,7722-VJRQD,Two year,No,Bank transfer (automatic)
26619,7727-SHVZV,Month-to-month,No,Bank transfer (automatic)
26620,7729-JTEEC,Month-to-month,Yes,Electronic check
26621,7729-XBTWX,Two year,Yes,Mailed check
26622,7730-CLDSV,Two year,Yes,Bank transfer (automatic)
26623,7730-IUTDZ,Month-to-month,Yes,Electronic check
26624,7733-UDMTP,Month-to-month,Yes,Electronic check
26625,7734-DBOAI,Month-to-month,No,Electronic check
26626,7739-LAXOG,Month-to-month,Yes,Bank transfer (automatic)
26627,7740-BTPUX,Two year,Yes,Electronic check
26628,7740-KKCXF,Month-to-month,Yes,Credit card (automatic)
26629,7742-MYPGI,Month-to-month,Yes,Mailed check
26630,7743-EXURX,Month-to-month,Yes,Electronic check
26631,7746-AWNQW,Month-to-month,Yes,Mailed check
26632,7746-QYVCO,One year,Yes,Mailed check
26633,7748-UMTRK,Month-to-month,Yes,Electronic check
26634,7750-EYXWZ,One year,No,Electronic check
26635,7752-XUSCI,Month-to-month,Yes,Electronic check
26636,7753-USQYQ,One year,Yes,Electronic check
26637,7754-IXRMC,Month-to-month,No,Mailed check
26638,7758-UJWYS,Two year,Yes,Electronic check
26639,7758-XKCBS,Month-to-month,Yes,Electronic check
26640,7760-OYPDY,Month-to-month,Yes,Electronic check
26641,7762-ONLJY,One year,No,Mailed check
26642,7762-URZQH,Two year,Yes,Credit card (automatic)
26643,7764-BDPEE,Month-to-month,No,Mailed check
26644,7765-LWVVH,Two year,Yes,Electronic check
26645,7766-CLTIC,Month-to-month,Yes,Mailed check
26646,7767-UXAGJ,Month-to-month,Yes,Electronic check
26647,7771-CFQRQ,Two year,No,Bank transfer (automatic)
26648,7771-ZONAT,Two year,No,Bank transfer (automatic)
26649,7774-OJSXI,One year,Yes,Electronic check
26650,7776-QGYJC,Month-to-month,Yes,Bank transfer (automatic)
26651,7776-QWNFX,Month-to-month,Yes,Bank transfer (automatic)
26652,7777-UNYHB,Month-to-month,Yes,Credit card (automatic)
26653,7779-LGOVN,Month-to-month,Yes,Electronic check
26654,7779-ORAEL,Two year,No,Credit card (automatic)
26655,7780-OTDSO,Month-to-month,Yes,Electronic check
26656,7781-EWARA,One year,No,Electronic check
26657,7781-HVGMK,Two year,Yes,Credit card (automatic)
26658,7783-YKGDV,Month-to-month,Yes,Bank transfer (automatic)
26659,7785-RDVIG,Month-to-month,No,Mailed check
26660,7786-WBJYI,Month-to-month,No,Bank transfer (automatic)
26661,7787-BNTZM,Month-to-month,No,Bank transfer (automatic)
26662,7789-CRUVC,Month-to-month,Yes,Credit card (automatic)
26663,7789-HKSBS,One year,Yes,Bank transfer (automatic)
26664,7794-JASDG,Month-to-month,Yes,Mailed check
26665,7795-CFOCW,One year,No,Bank transfer (automatic)
26666,7797-EJMDP,Month-to-month,No,Bank transfer (automatic)
26667,7798-JVXYM,Month-to-month,Yes,Electronic check
26668,7799-DSEWS,Month-to-month,Yes,Electronic check
26669,7799-LGRDP,Two year,Yes,Credit card (automatic)
26670,7801-CEDNV,One year,No,Credit card (automatic)
26671,7801-KICAO,Month-to-month,Yes,Electronic check
26672,7802-EFKNY,Month-to-month,Yes,Electronic check
26673,7803-XOCCZ,Month-to-month,Yes,Bank transfer (automatic)
26674,7808-DVWEP,Month-to-month,No,Bank transfer (automatic)
26675,7811-JIVPF,Month-to-month,No,Credit card (automatic)
26676,7812-FZHPE,Month-to-month,No,Mailed check
26677,7813-TKCVO,One year,No,Mailed check
26678,7813-ZGGAW,Month-to-month,Yes,Bank transfer (automatic)
26679,7814-LEEVE,Month-to-month,Yes,Bank transfer (automatic)
26680,7815-PDTHL,Two year,Yes,Mailed check
26681,7816-VGHTO,Two year,No,Mailed check
26682,7817-BOQPW,Month-to-month,Yes,Electronic check
26683,7817-OMJNA,One year,No,Bank transfer (automatic)
26684,7820-ZYGNY,One year,No,Credit card (automatic)
26685,7821-DPRQE,Month-to-month,Yes,Electronic check
26686,7823-JSOAG,Month-to-month,No,Electronic check
26687,7824-PANSQ,Month-to-month,No,Bank transfer (automatic)
26688,7825-ECJRF,Month-to-month,Yes,Electronic check
26689,7825-GKXMW,Month-to-month,No,Electronic check
26690,7826-VVKWT,Two year,Yes,Electronic check
26691,7831-QGOXH,Month-to-month,Yes,Electronic check
26692,7833-PKIHD,One year,Yes,Bank transfer (automatic)
26693,7838-LAZFO,One year,No,Bank transfer (automatic)
26694,7839-NUIAA,Month-to-month,No,Electronic check
26695,7839-QRKXN,Month-to-month,Yes,Mailed check
26696,7841-FCRQD,One year,Yes,Credit card (automatic)
26697,7841-TZDMQ,Month-to-month,Yes,Credit card (automatic)
26698,7845-URHJN,Month-to-month,No,Bank transfer (automatic)
26699,7850-THJMU,Two year,No,Credit card (automatic)
26700,7850-VWJUU,Month-to-month,Yes,Bank transfer (automatic)
26701,7851-FLGGQ,Month-to-month,Yes,Mailed check
26702,7851-WZEKY,Month-to-month,Yes,Electronic check
26703,7852-LECYP,Month-to-month,No,Credit card (automatic)
26704,7853-GVUDZ,Month-to-month,Yes,Credit card (automatic)
26705,7853-OETYL,Month-to-month,Yes,Electronic check
26706,7853-WNZSY,Month-to-month,Yes,Credit card (automatic)
26707,7854-EDSSA,Month-to-month,No,Electronic check
26708,7854-EKTJL,Month-to-month,Yes,Electronic check
26709,7854-FOKSF,Month-to-month,No,Electronic check
26710,7855-DIWPO,Month-to-month,Yes,Electronic check
26711,7856-GANIL,One year,Yes,Bank transfer (automatic)
26712,7858-GTZSP,Month-to-month,Yes,Electronic check
26713,7860-KSUGX,Two year,No,Credit card (automatic)
26714,7860-UXCRM,Two year,No,Credit card (automatic)
26715,7861-UVUFT,Month-to-month,Yes,Electronic check
26716,7868-BGSZA,One year,Yes,Electronic check
26717,7868-TMWMZ,Two year,Yes,Bank transfer (automatic)
26718,7869-ZYDST,Month-to-month,Yes,Credit card (automatic)
26719,7872-BAAZR,One year,No,Bank transfer (automatic)
26720,7872-RDDLZ,Month-to-month,No,Electronic check
26721,7873-CVMAW,Two year,No,Credit card (automatic)
26722,7874-ECPQJ,Month-to-month,Yes,Bank transfer (automatic)
26723,7876-AEHIG,One year,No,Bank transfer (automatic)
26724,7876-BEUTG,Month-to-month,Yes,Mailed check
26725,7876-DNYAP,Two year,No,Credit card (automatic)
26726,7878-JGDKK,Month-to-month,No,Mailed check
26727,7878-RTCZG,Month-to-month,No,Mailed check
26728,7879-CGSFV,One year,Yes,Mailed check
26729,7880-XSOJX,Month-to-month,No,Mailed check
26730,7881-EVUAD,Month-to-month,Yes,Electronic check
26731,7881-INRLC,Month-to-month,Yes,Credit card (automatic)
26732,7883-ROJOC,Month-to-month,No,Mailed check
26733,7890-VYYWG,Month-to-month,Yes,Mailed check
26734,7892-POOKP,Month-to-month,Yes,Electronic check
26735,7892-QVYKW,Month-to-month,No,Electronic check
26736,7893-IXHRQ,Month-to-month,No,Electronic check
26737,7895-VONWT,Month-to-month,Yes,Electronic check
26738,7898-PDWQE,Two year,No,Credit card (automatic)
26739,7901-HXJVA,Month-to-month,No,Electronic check
26740,7901-IIDQV,One year,No,Bank transfer (automatic)
26741,7901-TBKJX,Month-to-month,Yes,Electronic check
26742,7903-CMPEY,Month-to-month,Yes,Electronic check
26743,7905-NJMXS,Month-to-month,No,Electronic check
26744,7905-TVXTA,Month-to-month,Yes,Electronic check
26745,7908-QCBCA,Month-to-month,Yes,Mailed check
26746,7909-FIOIY,Month-to-month,Yes,Mailed check
26747,7912-SYRQT,Month-to-month,Yes,Bank transfer (automatic)
26748,7916-VCCPB,Month-to-month,No,Bank transfer (automatic)
26749,7919-ZODZZ,One year,Yes,Mailed check
26750,7921-BEPCI,Two year,No,Bank transfer (automatic)
26751,7921-LMDFQ,One year,Yes,Bank transfer (automatic)
26752,7923-IYJWY,Two year,Yes,Credit card (automatic)
26753,7924-GJZFI,Month-to-month,Yes,Electronic check
26754,7925-PNRGI,Month-to-month,No,Mailed check
26755,7926-IJOOU,Month-to-month,No,Credit card (automatic)
26756,7927-AUXBZ,Month-to-month,No,Electronic check
26757,7928-VJYAB,Month-to-month,No,Electronic check
26758,7929-DMBCV,Month-to-month,Yes,Mailed check
26759,7929-SKFGK,Two year,No,Credit card (automatic)
26760,7931-PXHFC,One year,Yes,Mailed check
26761,7932-WPTDS,Month-to-month,Yes,Electronic check
26762,7938-OUHIO,Month-to-month,Yes,Electronic check
26763,7940-UQQUG,One year,Yes,Bank transfer (automatic)
26764,7941-RCJOW,Two year,Yes,Credit card (automatic)
26765,7943-RQCHR,Month-to-month,Yes,Electronic check
26766,7945-HLKEA,One year,No,Electronic check
26767,7945-PRBVF,Two year,No,Bank transfer (automatic)
26768,7950-XWOVN,Month-to-month,No,Mailed check
26769,7951-QKZPL,Two year,Yes,Mailed check
26770,7951-VRDVK,One year,No,Bank transfer (automatic)
26771,7952-OBOYL,Month-to-month,Yes,Mailed check
26772,7954-MLBUN,Two year,No,Bank transfer (automatic)
26773,7956-XQWGU,Month-to-month,Yes,Credit card (automatic)
26774,7957-RYHQD,Month-to-month,Yes,Credit card (automatic)
26775,7963-GQRMY,Month-to-month,No,Mailed check
26776,7963-SHNDT,Two year,No,Mailed check
26777,7964-VEXDG,Month-to-month,No,Electronic check
26778,7964-YESJC,Month-to-month,No,Mailed check
26779,7964-ZRKKG,One year,Yes,Bank transfer (automatic)
26780,7966-YOTQW,Month-to-month,Yes,Credit card (automatic)
26781,7967-HYCDE,Month-to-month,No,Bank transfer (automatic)
26782,7968-QUXNS,Month-to-month,No,Mailed check
26783,7969-AULMZ,Month-to-month,Yes,Electronic check
26784,7969-FFOWG,Two year,No,Mailed check
26785,7971-HLVXI,Two year,Yes,Credit card (automatic)
26786,7973-DZRKH,Two year,Yes,Credit card (automatic)
26787,7975-JMZNT,Two year,No,Bank transfer (automatic)
26788,7975-TZMLR,One year,Yes,Electronic check
26789,7976-CICYS,Month-to-month,Yes,Credit card (automatic)
26790,7977-HXJKU,Two year,No,Mailed check
26791,7978-DKUQH,Month-to-month,Yes,Electronic check
26792,7979-CORPM,Month-to-month,Yes,Credit card (automatic)
26793,7980-MHFLQ,Two year,No,Mailed check
26794,7982-VCELR,Month-to-month,Yes,Credit card (automatic)
26795,7989-AWGEH,Month-to-month,Yes,Electronic check
26796,7989-CHGTL,Month-to-month,Yes,Mailed check
26797,7989-VCQOH,Month-to-month,No,Electronic check
26798,7993-NQLJE,Month-to-month,No,Mailed check
26799,7993-PYKOF,Month-to-month,No,Electronic check
26800,7994-UYIVZ,Month-to-month,Yes,Bank transfer (automatic)
26801,7994-XIRTR,One year,No,Bank transfer (automatic)
26802,7995-ZHHNZ,One year,No,Credit card (automatic)
26803,7996-BPXHY,Two year,Yes,Bank transfer (automatic)
26804,7996-MHXLW,Two year,Yes,Credit card (automatic)
26805,7997-EASSD,One year,Yes,Credit card (automatic)
26806,7998-WNZEM,Two year,No,Bank transfer (automatic)
26807,7998-ZLXWN,Month-to-month,No,Credit card (automatic)
26808,8000-REIQB,Month-to-month,Yes,Electronic check
26809,8003-EWNDZ,Month-to-month,Yes,Electronic check
26810,8006-PYCSW,Month-to-month,No,Mailed check
26811,8007-YYPWD,Two year,No,Bank transfer (automatic)
26812,8008-ESFLK,One year,No,Electronic check
26813,8008-HAWED,Month-to-month,Yes,Electronic check
26814,8008-OTEZX,One year,No,Mailed check
26815,8010-EZLOU,Month-to-month,Yes,Electronic check
26816,8012-SOUDQ,Month-to-month,Yes,Electronic check
26817,8015-IHCGW,Two year,Yes,Electronic check
26818,8016-NCFVO,Month-to-month,Yes,Electronic check
26819,8016-ZMGMO,One year,Yes,Bank transfer (automatic)
26820,8017-LXHFA,Month-to-month,Yes,Electronic check
26821,8017-UVSZU,Month-to-month,No,Credit card (automatic)
26822,8019-ENHXU,Month-to-month,Yes,Electronic check
26823,8020-BWHYL,Month-to-month,Yes,Credit card (automatic)
26824,8022-BECSI,One year,No,Mailed check
26825,8023-QHAIO,Month-to-month,Yes,Bank transfer (automatic)
26826,8024-XNAFQ,Two year,Yes,Bank transfer (automatic)
26827,8028-PNXHQ,Two year,Yes,Bank transfer (automatic)
26828,8029-XYPWT,Two year,Yes,Bank transfer (automatic)
26829,8033-ATFAS,Month-to-month,Yes,Mailed check
26830,8033-VCZGH,One year,Yes,Electronic check
26831,8034-RYTVV,One year,Yes,Credit card (automatic)
26832,8035-BUYVG,One year,Yes,Electronic check
26833,8035-PWSEV,Month-to-month,Yes,Electronic check
26834,8039-ACLPL,Two year,No,Credit card (automatic)
26835,8039-EQPIM,Two year,No,Bank transfer (automatic)
26836,8040-MNRTF,Month-to-month,No,Mailed check
26837,8041-TMEID,Two year,No,Credit card (automatic)
26838,8042-JVNFH,Month-to-month,Yes,Mailed check
26839,8042-RNLKO,One year,No,Bank transfer (automatic)
26840,8043-PNYSD,Two year,No,Mailed check
26841,8044-BGWPI,Month-to-month,Yes,Electronic check
26842,8046-DNVTL,Two year,Yes,Credit card (automatic)
26843,8048-DSDFQ,Month-to-month,No,Mailed check
26844,8049-WJCLQ,Month-to-month,No,Mailed check
26845,8050-DVOJX,Two year,No,Credit card (automatic)
26846,8050-WYBND,One year,Yes,Credit card (automatic)
26847,8050-XGRVL,One year,No,Credit card (automatic)
26848,8051-HJRLT,Month-to-month,Yes,Electronic check
26849,8053-WWDRO,Month-to-month,No,Bank transfer (automatic)
26850,8058-DMYRU,Month-to-month,Yes,Electronic check
26851,8058-INTPH,Month-to-month,Yes,Electronic check
26852,8058-JMEQO,Month-to-month,Yes,Electronic check
26853,8059-UDZFY,Month-to-month,Yes,Bank transfer (automatic)
26854,8060-HIWJJ,Two year,No,Credit card (automatic)
26855,8062-YBDOE,Month-to-month,Yes,Electronic check
26856,8063-GBATB,Month-to-month,Yes,Electronic check
26857,8063-RJYNF,Month-to-month,Yes,Electronic check
26858,8064-RAVOH,Month-to-month,Yes,Electronic check
26859,8065-BVEPF,Month-to-month,Yes,Bank transfer (automatic)
26860,8065-QBYTO,One year,Yes,Credit card (automatic)
26861,8065-YKXKD,Month-to-month,Yes,Electronic check
26862,8066-POXGX,Month-to-month,Yes,Electronic check
26863,8067-NIOYM,Two year,Yes,Credit card (automatic)
26864,8069-RHUXK,Two year,No,Credit card (automatic)
26865,8069-YQQAJ,Month-to-month,Yes,Mailed check
26866,8070-AAWZP,Month-to-month,No,Mailed check
26867,8071-SBTRN,Two year,Yes,Mailed check
26868,8073-IJDCM,Month-to-month,Yes,Mailed check
26869,8075-GXIUB,One year,No,Credit card (automatic)
26870,8076-FEZKJ,One year,No,Mailed check
26871,8079-XRJRS,One year,No,Electronic check
26872,8080-DDEMJ,Month-to-month,No,Electronic check
26873,8080-POTJR,One year,Yes,Credit card (automatic)
26874,8082-GHXOP,Month-to-month,No,Mailed check
26875,8083-YTZES,Month-to-month,Yes,Electronic check
26876,8084-OIVBS,One year,No,Mailed check
26877,8085-MSNLK,Two year,No,Mailed check
26878,8086-OVPWV,Month-to-month,Yes,Electronic check
26879,8087-LGYHQ,Month-to-month,Yes,Electronic check
26880,8089-UZWLX,Two year,No,Bank transfer (automatic)
26881,8091-TTVAX,One year,No,Credit card (automatic)
26882,8092-NLTGF,Two year,No,Bank transfer (automatic)
26883,8095-WANWK,Month-to-month,No,Mailed check
26884,8096-LOIST,Month-to-month,Yes,Electronic check
26885,8097-OMULG,One year,No,Credit card (automatic)
26886,8097-VBQTZ,Month-to-month,Yes,Mailed check
26887,8098-LLAZX,Month-to-month,Yes,Electronic check
26888,8098-TDCBU,Two year,No,Electronic check
26889,8099-MZPUJ,Two year,No,Credit card (automatic)
26890,8100-HZZLJ,Month-to-month,Yes,Electronic check
26891,8100-PNJMH,Two year,Yes,Credit card (automatic)
26892,8104-OSKWT,Month-to-month,Yes,Electronic check
26893,8106-GWQOK,Two year,Yes,Bank transfer (automatic)
26894,8107-KNCIM,Month-to-month,Yes,Electronic check
26895,8107-RZLNV,Two year,Yes,Bank transfer (automatic)
26896,8108-UXRQN,Month-to-month,No,Electronic check
26897,8109-YUOHE,One year,No,Mailed check
26898,8111-BKVDS,Month-to-month,No,Bank transfer (automatic)
26899,8111-RKSPX,Month-to-month,Yes,Bank transfer (automatic)
26900,8111-SLLHI,Month-to-month,Yes,Electronic check
26901,8118-LSUEL,Month-to-month,Yes,Electronic check
26902,8118-TJAFG,Month-to-month,Yes,Electronic check
26903,8120-JDCAM,Month-to-month,Yes,Mailed check
26904,8123-QBNAZ,Month-to-month,Yes,Credit card (automatic)
26905,8124-NZVGJ,One year,Yes,Mailed check
26906,8125-QPFJD,Two year,Yes,Bank transfer (automatic)
26907,8128-YVJRG,Month-to-month,Yes,Mailed check
26908,8129-GMVGI,Two year,No,Mailed check
26909,8132-YPVBX,Month-to-month,Yes,Mailed check
26910,8133-ANHHJ,One year,No,Bank transfer (automatic)
26911,8138-EALND,Month-to-month,No,Mailed check
26912,8143-ETQTI,Two year,Yes,Mailed check
26913,8144-DGHXP,Two year,No,Electronic check
26914,8146-QQKZH,Two year,No,Bank transfer (automatic)
26915,8148-BPLZQ,Month-to-month,Yes,Electronic check
26916,8148-NLEGT,Two year,No,Electronic check
26917,8148-WOCMK,Two year,No,Credit card (automatic)
26918,8149-AIQCG,Month-to-month,Yes,Credit card (automatic)
26919,8149-RSOUN,Month-to-month,Yes,Electronic check
26920,8150-QUDFX,Month-to-month,No,Mailed check
26921,8152-UOBNY,One year,Yes,Electronic check
26922,8152-VETUR,Two year,Yes,Credit card (automatic)
26923,8155-IBNHG,Month-to-month,Yes,Credit card (automatic)
26924,8158-WPEZG,Month-to-month,Yes,Electronic check
26925,8160-HOWOX,Month-to-month,Yes,Electronic check
26926,8161-QYMTT,Month-to-month,Yes,Electronic check
26927,8164-OCKUJ,Two year,No,Mailed check
26928,8165-CBKXO,Two year,Yes,Credit card (automatic)
26929,8165-ZJRNM,Two year,No,Bank transfer (automatic)
26930,8166-ORCHU,One year,Yes,Electronic check
26931,8166-ZZTFS,Two year,Yes,Bank transfer (automatic)
26932,8167-GJLRN,Month-to-month,No,Electronic check
26933,8168-UQWWF,Month-to-month,Yes,Bank transfer (automatic)
26934,8169-SAEJD,Two year,No,Credit card (automatic)
26935,8173-RXAYP,Two year,No,Mailed check
26936,8174-LNWMW,Two year,No,Credit card (automatic)
26937,8174-TBVCF,Two year,Yes,Credit card (automatic)
26938,8178-EYZUO,Month-to-month,Yes,Electronic check
26939,8180-AKMJV,Month-to-month,Yes,Credit card (automatic)
26940,8181-YHCMF,Two year,No,Credit card (automatic)
26941,8182-BJDSI,Month-to-month,Yes,Electronic check
26942,8182-PNAGI,Month-to-month,No,Bank transfer (automatic)
26943,8183-ONMXC,Month-to-month,No,Electronic check
26944,8184-WMOFI,One year,No,Credit card (automatic)
26945,8185-UPYBR,Month-to-month,Yes,Electronic check
26946,8189-DUKMV,One year,No,Bank transfer (automatic)
26947,8189-HBVRW,Month-to-month,No,Electronic check
26948,8189-XRIKE,Month-to-month,No,Electronic check
26949,8190-ZTQFB,One year,Yes,Electronic check
26950,8191-XWSZG,One year,No,Mailed check
26951,8194-PEEBY,One year,No,Mailed check
26952,8197-BFWVU,Two year,Yes,Bank transfer (automatic)
26953,8198-RKSZG,Month-to-month,No,Credit card (automatic)
26954,8199-ZLLSA,One year,Yes,Bank transfer (automatic)
26955,8200-KLNYW,One year,No,Mailed check
26956,8200-LGKSR,Two year,No,Electronic check
26957,8201-AAXCB,Month-to-month,No,Electronic check
26958,8203-XJZRC,Month-to-month,No,Mailed check
26959,8204-TIFGJ,Month-to-month,Yes,Bank transfer (automatic)
26960,8204-YJCLA,Two year,Yes,Bank transfer (automatic)
26961,8205-MQUGY,Month-to-month,Yes,Electronic check
26962,8205-OTCHB,One year,Yes,Bank transfer (automatic)
26963,8205-VSLRB,Two year,No,Credit card (automatic)
26964,8207-DMRVL,Two year,No,Bank transfer (automatic)
26965,8207-VVMYB,Two year,Yes,Bank transfer (automatic)
26966,8208-EUMTE,Two year,No,Mailed check
26967,8212-CRQXP,Month-to-month,Yes,Credit card (automatic)
26968,8212-DJRCH,Month-to-month,Yes,Mailed check
26969,8213-TAZPM,One year,Yes,Bank transfer (automatic)
26970,8215-NGSPE,Two year,No,Mailed check
26971,8216-AZUUZ,Two year,Yes,Electronic check
26972,8217-QYOHV,Month-to-month,Yes,Mailed check
26973,8218-FFJDS,Two year,Yes,Bank transfer (automatic)
26974,8219-VYBVI,Two year,No,Mailed check
26975,8220-OCUFY,One year,Yes,Electronic check
26976,8221-EQDGL,Month-to-month,No,Mailed check
26977,8221-HVAYI,Two year,Yes,Credit card (automatic)
26978,8224-DWCKX,Month-to-month,Yes,Credit card (automatic)
26979,8224-IVVPA,Month-to-month,Yes,Mailed check
26980,8224-KDLKN,Two year,No,Bank transfer (automatic)
26981,8224-UAXBZ,One year,Yes,Electronic check
26982,8225-BTJAU,Month-to-month,Yes,Electronic check
26983,8226-BXGES,One year,No,Bank transfer (automatic)
26984,8229-BUJHX,Two year,No,Bank transfer (automatic)
26985,8229-MYEJZ,Month-to-month,No,Electronic check
26986,8229-TNIQA,Month-to-month,Yes,Mailed check
26987,8231-BSWXX,One year,Yes,Credit card (automatic)
26988,8232-CTLKO,Two year,Yes,Electronic check
26989,8232-UTFOZ,Two year,No,Credit card (automatic)
26990,8234-GSZYK,Two year,No,Bank transfer (automatic)
26991,8237-ULIXL,Two year,No,Credit card (automatic)
26992,8241-JUIQO,One year,No,Bank transfer (automatic)
26993,8242-JSVBO,Month-to-month,Yes,Bank transfer (automatic)
26994,8242-PDSGJ,Two year,Yes,Credit card (automatic)
26995,8242-SOQUO,Month-to-month,Yes,Electronic check
26996,8245-UMPYT,Month-to-month,Yes,Electronic check
26997,8246-SHFGA,Month-to-month,No,Credit card (automatic)
26998,8249-THVEC,One year,No,Mailed check
26999,8250-ZNGGW,Month-to-month,No,Credit card (automatic)
27000,8257-RZAHR,Month-to-month,Yes,Bank transfer (automatic)
27001,8258-GSTJK,Month-to-month,Yes,Electronic check
27002,8259-DZLIZ,One year,Yes,Bank transfer (automatic)
27003,8259-NFJTV,Month-to-month,No,Mailed check
27004,8260-NGFNY,Month-to-month,No,Mailed check
27005,8261-GWDBQ,Two year,Yes,Bank transfer (automatic)
27006,8262-COGGB,Month-to-month,Yes,Mailed check
27007,8263-JQAIK,Month-to-month,Yes,Mailed check
27008,8263-OKETD,Month-to-month,Yes,Credit card (automatic)
27009,8263-QMNTJ,Two year,Yes,Electronic check
27010,8265-HKSOW,Two year,No,Credit card (automatic)
27011,8266-VBFQL,Month-to-month,Yes,Electronic check
27012,8267-KFGYD,Month-to-month,Yes,Mailed check
27013,8267-ZNYVZ,One year,Yes,Electronic check
27014,8268-YDIXR,One year,Yes,Electronic check
27015,8270-RKSAP,Month-to-month,Yes,Electronic check
27016,8272-ONJLV,One year,No,Electronic check
27017,8276-MQBYC,Month-to-month,Yes,Electronic check
27018,8277-RVRSV,One year,No,Credit card (automatic)
27019,8280-MQRQN,Month-to-month,Yes,Mailed check
27020,8285-ABVLB,Two year,No,Credit card (automatic)
27021,8286-AFUYI,Month-to-month,No,Electronic check
27022,8290-YWKHZ,Month-to-month,Yes,Electronic check
27023,8292-FRFZQ,One year,No,Bank transfer (automatic)
27024,8292-ITGYJ,Two year,Yes,Bank transfer (automatic)
27025,8292-TYSPY,Month-to-month,Yes,Credit card (automatic)
27026,8294-UIMBA,One year,Yes,Bank transfer (automatic)
27027,8295-FHIVV,Month-to-month,Yes,Mailed check
27028,8295-KMENE,Two year,Yes,Mailed check
27029,8305-VHZBZ,Month-to-month,Yes,Mailed check
27030,8309-IEYJD,Month-to-month,Yes,Mailed check
27031,8309-PPCED,Two year,Yes,Bank transfer (automatic)
27032,8311-UEUAB,Two year,Yes,Electronic check
27033,8313-AFGBW,Two year,No,Electronic check
27034,8313-KTIHG,Month-to-month,Yes,Electronic check
27035,8313-NDOIA,Month-to-month,Yes,Electronic check
27036,8314-DPQHL,One year,No,Mailed check
27037,8314-HTWVE,Two year,No,Mailed check
27038,8316-BBQAY,Two year,No,Credit card (automatic)
27039,8317-BVKSO,Month-to-month,Yes,Electronic check
27040,8318-LCNBW,One year,No,Credit card (automatic)
27041,8319-QBEHW,One year,Yes,Bank transfer (automatic)
27042,8325-QRPZR,Month-to-month,Yes,Electronic check
27043,8327-LZKAS,One year,Yes,Electronic check
27044,8327-WKMIE,One year,No,Credit card (automatic)
27045,8328-SKJNO,One year,No,Bank transfer (automatic)
27046,8329-GWVPJ,Month-to-month,Yes,Bank transfer (automatic)
27047,8329-IBCTI,Month-to-month,No,Mailed check
27048,8329-UTMVM,One year,Yes,Bank transfer (automatic)
27049,8331-ZXFOE,One year,Yes,Credit card (automatic)
27050,8332-OSJDW,One year,No,Mailed check
27051,8336-TAVKX,Two year,No,Bank transfer (automatic)
27052,8337-MSSXB,Month-to-month,Yes,Electronic check
27053,8337-UPOAQ,Month-to-month,Yes,Electronic check
27054,8338-QIUNR,Two year,Yes,Credit card (automatic)
27055,8344-WFMFH,Month-to-month,Yes,Electronic check
27056,8345-MVDYC,Two year,No,Bank transfer (automatic)
27057,8347-GDTMP,Two year,No,Credit card (automatic)
27058,8348-HFYIV,Month-to-month,Yes,Electronic check
27059,8348-JLBUG,One year,No,Credit card (automatic)
27060,8350-NYMVI,Month-to-month,No,Bank transfer (automatic)
27061,8356-WUAOJ,Month-to-month,Yes,Electronic check
27062,8357-EQXFO,Month-to-month,Yes,Electronic check
27063,8361-LBRDI,Two year,No,Credit card (automatic)
27064,8361-LTMKD,Month-to-month,Yes,Mailed check
27065,8364-TRMMK,Month-to-month,Yes,Mailed check
27066,8372-JUXUI,Month-to-month,Yes,Electronic check
27067,8374-UULRV,Two year,No,Credit card (automatic)
27068,8374-XGEJJ,Month-to-month,Yes,Electronic check
27069,8375-DKEBR,Month-to-month,Yes,Electronic check
27070,8375-KVTHK,One year,Yes,Electronic check
27071,8378-LKJAF,Month-to-month,Yes,Credit card (automatic)
27072,8380-MQINP,Two year,No,Mailed check
27073,8380-PEFPE,Month-to-month,Yes,Electronic check
27074,8382-SHQEH,Month-to-month,Yes,Electronic check
27075,8383-SGHJU,One year,No,Electronic check
27076,8384-FZBJK,Month-to-month,Yes,Electronic check
27077,8387-MOJJT,Month-to-month,Yes,Credit card (automatic)
27078,8387-UGUSU,Month-to-month,No,Mailed check
27079,8388-DMKAE,Two year,No,Mailed check
27080,8388-FYNPZ,Month-to-month,No,Electronic check
27081,8390-FESFV,Two year,No,Bank transfer (automatic)
27082,8393-DLHGA,Month-to-month,Yes,Electronic check
27083,8393-JMVMB,Month-to-month,No,Mailed check
27084,8395-ETZKQ,One year,No,Bank transfer (automatic)
27085,8397-MVTAZ,Month-to-month,Yes,Electronic check
27086,8398-TBIYD,Two year,Yes,Bank transfer (automatic)
27087,8399-YNDCH,Month-to-month,Yes,Bank transfer (automatic)
27088,8400-WZICQ,Month-to-month,No,Electronic check
27089,8401-EMUWF,Month-to-month,Yes,Bank transfer (automatic)
27090,8402-EIVQS,One year,Yes,Credit card (automatic)
27091,8402-OOOHJ,Two year,No,Mailed check
27092,8404-FYDIB,Month-to-month,Yes,Credit card (automatic)
27093,8404-GFGCZ,Month-to-month,No,Electronic check
27094,8404-VIOMB,Two year,Yes,Bank transfer (automatic)
27095,8404-VLQFB,Month-to-month,Yes,Electronic check
27096,8405-IGQFX,One year,Yes,Credit card (automatic)
27097,8406-LNMHF,One year,Yes,Credit card (automatic)
27098,8409-WQJUX,One year,No,Electronic check
27099,8410-BGQXN,Month-to-month,No,Mailed check
27100,8413-VONUO,Month-to-month,No,Electronic check
27101,8413-YNHNV,Two year,No,Mailed check
27102,8414-MYSHR,Month-to-month,Yes,Electronic check
27103,8414-OOEEL,Two year,Yes,Credit card (automatic)
27104,8417-FMLZI,Month-to-month,Yes,Credit card (automatic)
27105,8417-GSODA,One year,No,Bank transfer (automatic)
27106,8421-WZOOW,Month-to-month,Yes,Credit card (automatic)
27107,8429-XIBUM,Month-to-month,Yes,Bank transfer (automatic)
27108,8430-TWCBX,One year,No,Credit card (automatic)
27109,8433-WPJTV,One year,Yes,Bank transfer (automatic)
27110,8433-WXGNA,Month-to-month,Yes,Electronic check
27111,8434-PNQZX,Two year,Yes,Credit card (automatic)
27112,8434-VGEQQ,Two year,No,Credit card (automatic)
27113,8436-BJUMM,Month-to-month,Yes,Electronic check
27114,8439-LTUGF,Month-to-month,Yes,Credit card (automatic)
27115,8441-SHIPE,Two year,Yes,Bank transfer (automatic)
27116,8443-WVPSS,Month-to-month,Yes,Electronic check
27117,8443-ZRDBZ,Month-to-month,Yes,Electronic check
27118,8444-WRIDW,Month-to-month,Yes,Credit card (automatic)
27119,8445-DNBAE,Month-to-month,Yes,Electronic check
27120,8450-JOVAH,Month-to-month,No,Mailed check
27121,8450-LUGUK,Two year,Yes,Bank transfer (automatic)
27122,8450-UYIBU,Month-to-month,Yes,Electronic check
27123,8454-AATJP,Two year,No,Credit card (automatic)
27124,8455-HIRAQ,Month-to-month,No,Mailed check
27125,8456-QDAVC,Month-to-month,Yes,Bank transfer (automatic)
27126,8457-XIGKN,Month-to-month,Yes,Credit card (automatic)
27127,8461-EFQYM,One year,Yes,Electronic check
27128,8464-EETCQ,Two year,No,Credit card (automatic)
27129,8465-SBRXP,Two year,Yes,Bank transfer (automatic)
27130,8466-PZBLH,Two year,No,Bank transfer (automatic)
27131,8467-WYNSR,Month-to-month,No,Mailed check
27132,8468-EHYJA,Month-to-month,Yes,Electronic check
27133,8468-FZTOE,Two year,Yes,Electronic check
27134,8469-SNFFH,One year,No,Bank transfer (automatic)
27135,8473-VUVJN,Month-to-month,Yes,Electronic check
27136,8474-UMLNT,Month-to-month,No,Bank transfer (automatic)
27137,8480-PPONV,Two year,No,Bank transfer (automatic)
27138,8481-YYXWG,Month-to-month,Yes,Electronic check
27139,8485-GJCDN,Month-to-month,Yes,Mailed check
27140,8486-AYEQH,Month-to-month,Yes,Electronic check
27141,8490-BXHEO,Month-to-month,Yes,Credit card (automatic)
27142,8495-LJDFO,Month-to-month,Yes,Bank transfer (automatic)
27143,8495-PRWFH,Month-to-month,No,Electronic check
27144,8496-DMZUK,One year,No,Bank transfer (automatic)
27145,8496-EJAUI,Month-to-month,Yes,Credit card (automatic)
27146,8498-XXGWA,Month-to-month,Yes,Mailed check
27147,8499-BRXTD,One year,No,Mailed check
27148,8510-AWCXC,Month-to-month,Yes,Electronic check
27149,8510-BBWMU,One year,Yes,Mailed check
27150,8510-TMWYB,Two year,Yes,Bank transfer (automatic)
27151,8512-WIWYV,One year,No,Credit card (automatic)
27152,8513-OLYGY,Two year,No,Credit card (automatic)
27153,8514-VZHEB,Two year,No,Mailed check
27154,8515-OCTJS,Two year,No,Credit card (automatic)
27155,8519-IMDHU,Month-to-month,Yes,Bank transfer (automatic)
27156,8519-QJGJD,Month-to-month,No,Electronic check
27157,8532-UEFWH,Two year,No,Mailed check
27158,8535-SFUTN,Month-to-month,Yes,Electronic check
27159,8540-ZQGEA,Two year,No,Credit card (automatic)
27160,8541-QVFKM,Month-to-month,Yes,Electronic check
27161,8543-MSDMF,Month-to-month,Yes,Electronic check
27162,8544-GOQSH,Month-to-month,Yes,Credit card (automatic)
27163,8544-JNBOX,Two year,Yes,Mailed check
27164,8547-NSBBO,Month-to-month,Yes,Mailed check
27165,8548-AWOFC,Month-to-month,No,Electronic check
27166,8550-XSXUQ,One year,Yes,Credit card (automatic)
27167,8552-OBVRU,Month-to-month,Yes,Electronic check
27168,8559-CIZFV,One year,No,Mailed check
27169,8559-WNQZS,Two year,No,Mailed check
27170,8561-NMTBD,One year,Yes,Credit card (automatic)
27171,8562-GHPPI,Month-to-month,No,Credit card (automatic)
27172,8563-IIOXK,One year,Yes,Electronic check
27173,8563-OYMQY,Month-to-month,Yes,Credit card (automatic)
27174,8564-LDKFL,One year,Yes,Bank transfer (automatic)
27175,8565-CLBZW,Month-to-month,Yes,Mailed check
27176,8565-HBFNN,One year,Yes,Credit card (automatic)
27177,8565-WUXZU,Two year,Yes,Credit card (automatic)
27178,8566-YPRGL,Month-to-month,Yes,Mailed check
27179,8570-KLJYJ,One year,No,Mailed check
27180,8571-ZCMCX,Two year,Yes,Credit card (automatic)
27181,8573-CGOCC,Month-to-month,No,Credit card (automatic)
27182,8573-JGCZW,One year,Yes,Bank transfer (automatic)
27183,8577-QSOCG,Two year,Yes,Mailed check
27184,8580-AECUZ,Month-to-month,Yes,Electronic check
27185,8580-QVLOC,Two year,No,Credit card (automatic)
27186,8582-KRHPJ,Month-to-month,Yes,Mailed check
27187,8584-KMVXD,Month-to-month,No,Electronic check
27188,8587-XYZSF,Two year,No,Bank transfer (automatic)
27189,8590-OHDIW,One year,No,Mailed check
27190,8590-YFFQO,Two year,No,Credit card (automatic)
27191,8591-NXRCV,Month-to-month,Yes,Bank transfer (automatic)
27192,8591-TKMZH,Two year,Yes,Mailed check
27193,8592-PLTMQ,One year,No,Mailed check
27194,8593-WHYHV,Month-to-month,Yes,Electronic check
27195,8595-SIZNC,One year,No,Bank transfer (automatic)
27196,8597-CTXVJ,One year,No,Bank transfer (automatic)
27197,8597-CWYHH,One year,No,Mailed check
27198,8601-QACRS,Month-to-month,Yes,Mailed check
27199,8603-IJWDN,Month-to-month,Yes,Electronic check
27200,8605-ITULD,Month-to-month,No,Mailed check
27201,8606-CIQUL,Two year,Yes,Credit card (automatic)
27202,8606-OEGQZ,Two year,No,Credit card (automatic)
27203,8608-OZTLB,One year,No,Electronic check
27204,8610-WFCJF,Month-to-month,Yes,Electronic check
27205,8610-ZIKJJ,One year,No,Mailed check
27206,8612-GXIDD,Two year,Yes,Bank transfer (automatic)
27207,8614-VGMMV,Month-to-month,Yes,Electronic check
27208,8617-ENBDS,Month-to-month,Yes,Credit card (automatic)
27209,8619-IJNDK,Two year,No,Credit card (automatic)
27210,8620-RJPZN,Month-to-month,No,Electronic check
27211,8621-MNIHH,Month-to-month,Yes,Electronic check
27212,8622-ZLFKO,Month-to-month,Yes,Electronic check
27213,8623-TMRBY,Month-to-month,Yes,Electronic check
27214,8623-ULFNQ,Month-to-month,Yes,Electronic check
27215,8624-GIOUT,Month-to-month,Yes,Credit card (automatic)
27216,8625-AZYZY,Month-to-month,Yes,Electronic check
27217,8626-PTQGE,Two year,Yes,Bank transfer (automatic)
27218,8626-XHBIE,Two year,Yes,Mailed check
27219,8627-EHGIP,One year,Yes,Mailed check
27220,8627-ZYGSZ,One year,Yes,Electronic check
27221,8628-MFKAX,Two year,Yes,Credit card (automatic)
27222,8630-FJLIB,Month-to-month,Yes,Electronic check
27223,8630-QSGXK,Two year,Yes,Bank transfer (automatic)
27224,8631-NBHFZ,Two year,No,Credit card (automatic)
27225,8631-WUXGY,Month-to-month,Yes,Electronic check
27226,8631-XVRZL,One year,Yes,Mailed check
27227,8634-CILSZ,One year,Yes,Bank transfer (automatic)
27228,8634-MPHTR,Month-to-month,Yes,Electronic check
27229,8637-XJIVR,Month-to-month,Yes,Electronic check
27230,8639-NHQEI,Two year,Yes,Bank transfer (automatic)
27231,8640-SDGKB,Month-to-month,Yes,Electronic check
27232,8642-GVWRF,Month-to-month,No,Bank transfer (automatic)
27233,8644-XLFBW,Month-to-month,Yes,Electronic check
27234,8644-XYTSV,Month-to-month,Yes,Bank transfer (automatic)
27235,8645-KOMJQ,Two year,Yes,Bank transfer (automatic)
27236,8645-KWHJO,Month-to-month,Yes,Electronic check
27237,8646-JCOMS,One year,Yes,Bank transfer (automatic)
27238,8647-SDTWQ,Month-to-month,Yes,Electronic check
27239,8648-PFRMP,Month-to-month,Yes,Electronic check
27240,8650-RHRKE,Month-to-month,Yes,Electronic check
27241,8651-ENBZX,One year,Yes,Electronic check
27242,8652-YHIYU,One year,Yes,Credit card (automatic)
27243,8654-DHAOW,Month-to-month,No,Mailed check
27244,8659-HDIYE,Month-to-month,No,Credit card (automatic)
27245,8659-IOOPU,Two year,No,Electronic check
27246,8660-BUETV,Month-to-month,No,Mailed check
27247,8661-BOYNW,Two year,Yes,Credit card (automatic)
27248,8663-UPDGF,Month-to-month,Yes,Bank transfer (automatic)
27249,8665-UTDHZ,Month-to-month,No,Electronic check
27250,8668-KNZTI,One year,No,Electronic check
27251,8670-ERCJH,Two year,No,Bank transfer (automatic)
27252,8670-MEFCP,Two year,Yes,Credit card (automatic)
27253,8671-KKKOS,Month-to-month,No,Electronic check
27254,8672-OAUPW,One year,No,Credit card (automatic)
27255,8676-OOQEJ,Month-to-month,No,Electronic check
27256,8676-TRMJS,Month-to-month,No,Mailed check
27257,8677-HDZEE,Month-to-month,Yes,Bank transfer (automatic)
27258,8679-JOEVF,Month-to-month,No,Electronic check
27259,8679-LZBMD,One year,Yes,Bank transfer (automatic)
27260,8680-CGLTP,One year,Yes,Electronic check
27261,8681-ICONS,Month-to-month,Yes,Mailed check
27262,8685-WHQPW,Month-to-month,Yes,Bank transfer (automatic)
27263,8687-BAFGU,Month-to-month,No,Electronic check
27264,8690-UPCZI,One year,No,Bank transfer (automatic)
27265,8690-ZVLCL,Two year,No,Credit card (automatic)
27266,8695-ARGXZ,Month-to-month,Yes,Electronic check
27267,8695-WDYEA,Month-to-month,No,Mailed check
27268,8696-JKZNU,Month-to-month,Yes,Electronic check
27269,8699-ASUFO,Month-to-month,Yes,Mailed check
27270,8701-DGLVH,Two year,No,Mailed check
27271,8705-DWKTI,Month-to-month,Yes,Credit card (automatic)
27272,8705-WZCYL,Month-to-month,Yes,Electronic check
27273,8706-HRADD,Month-to-month,Yes,Mailed check
27274,8707-HOEDG,Two year,Yes,Electronic check
27275,8707-RMEZH,One year,No,Credit card (automatic)
27276,8708-XPXHZ,Month-to-month,Yes,Electronic check
27277,8709-KRDVL,Month-to-month,Yes,Electronic check
27278,8710-YGLWG,Month-to-month,Yes,Mailed check
27279,8711-LOBKY,Two year,No,Mailed check
27280,8713-IGZSO,Month-to-month,No,Mailed check
27281,8714-CTZJW,Month-to-month,Yes,Credit card (automatic)
27282,8714-EUHJO,Month-to-month,Yes,Electronic check
27283,8715-KKTFG,One year,Yes,Bank transfer (automatic)
27284,8717-VCTXJ,One year,Yes,Mailed check
27285,8718-PTMEZ,Month-to-month,Yes,Electronic check
27286,8720-RQSBJ,Month-to-month,No,Electronic check
27287,8722-NGNBH,Month-to-month,No,Mailed check
27288,8722-PRFDV,Two year,No,Credit card (automatic)
27289,8725-JEDFD,Month-to-month,Yes,Mailed check
27290,8727-JQFHV,Two year,No,Mailed check
27291,8727-XDPUD,Two year,No,Credit card (automatic)
27292,8728-SKJLR,Month-to-month,Yes,Electronic check
27293,8731-WBBMB,Month-to-month,No,Bank transfer (automatic)
27294,8734-DKSTZ,Month-to-month,No,Electronic check
27295,8734-FNWVH,Month-to-month,No,Bank transfer (automatic)
27296,8735-DCXNF,Month-to-month,Yes,Credit card (automatic)
27297,8735-IJJEG,Month-to-month,No,Credit card (automatic)
27298,8735-NBLWT,Month-to-month,No,Mailed check
27299,8735-SDUFN,Two year,No,Bank transfer (automatic)
27300,8738-JOKAR,One year,Yes,Mailed check
27301,8739-QOTTN,Month-to-month,No,Mailed check
27302,8739-WWKDU,Month-to-month,Yes,Electronic check
27303,8739-XNIKG,Month-to-month,Yes,Electronic check
27304,8740-CRYFY,Month-to-month,Yes,Electronic check
27305,8740-XLHDR,Month-to-month,Yes,Mailed check
27306,8741-LQOBK,Month-to-month,No,Bank transfer (automatic)
27307,8745-PVESG,One year,Yes,Credit card (automatic)
27308,8746-BFOAJ,One year,No,Bank transfer (automatic)
27309,8746-OQQRW,Month-to-month,No,Mailed check
27310,8747-UDCOI,Two year,No,Bank transfer (automatic)
27311,8748-HFWBO,One year,No,Mailed check
27312,8749-CLJXC,Month-to-month,No,Mailed check
27313,8749-JMNKX,Month-to-month,Yes,Bank transfer (automatic)
27314,8749-TZYEC,Two year,No,Credit card (automatic)
27315,8750-QWZAJ,Two year,No,Bank transfer (automatic)
27316,8751-EDEKA,Month-to-month,No,Credit card (automatic)
27317,8752-GHJFU,One year,Yes,Electronic check
27318,8752-IMQOS,One year,No,Mailed check
27319,8752-STIVR,Month-to-month,Yes,Electronic check
27320,8755-IWJHN,Month-to-month,Yes,Bank transfer (automatic)
27321,8755-OGKNA,Two year,No,Bank transfer (automatic)
27322,8756-RDDLT,Month-to-month,No,Electronic check
27323,8757-TFHHJ,Month-to-month,Yes,Credit card (automatic)
27324,8760-ZRHKE,One year,No,Electronic check
27325,8761-NSOBC,Month-to-month,No,Electronic check
27326,8763-KIAFH,One year,Yes,Mailed check
27327,8766-PAFNE,Two year,Yes,Credit card (automatic)
27328,8769-KKTPH,One year,Yes,Credit card (automatic)
27329,8773-HHUOZ,Month-to-month,Yes,Mailed check
27330,8774-GSBUN,Two year,No,Mailed check
27331,8775-CEBBJ,Month-to-month,Yes,Bank transfer (automatic)
27332,8775-ERLNB,Month-to-month,No,Electronic check
27333,8775-LHDJH,Month-to-month,Yes,Electronic check
27334,8777-MBMTS,Two year,Yes,Credit card (automatic)
27335,8777-PVYGU,One year,Yes,Mailed check
27336,8778-LMWTJ,Month-to-month,Yes,Electronic check
27337,8779-QRDMV,Month-to-month,Yes,Electronic check
27338,8779-YIQQA,One year,No,Mailed check
27339,8780-IHCRN,Two year,No,Credit card (automatic)
27340,8780-IXSTS,Month-to-month,Yes,Electronic check
27341,8780-RSYYU,Month-to-month,Yes,Credit card (automatic)
27342,8780-YRMTT,Two year,Yes,Mailed check
27343,8782-LKFPK,Month-to-month,Yes,Mailed check
27344,8782-NUUOL,One year,No,Mailed check
27345,8784-CGILN,Month-to-month,Yes,Bank transfer (automatic)
27346,8785-CJSHH,Month-to-month,Yes,Electronic check
27347,8785-EPNCG,Month-to-month,No,Credit card (automatic)
27348,8788-DOXSU,One year,Yes,Bank transfer (automatic)
27349,8791-GFXLZ,Month-to-month,Yes,Bank transfer (automatic)
27350,8792-AOROI,Two year,No,Mailed check
27351,8799-OXZMD,Month-to-month,Yes,Mailed check
27352,8800-JOOCF,Month-to-month,Yes,Electronic check
27353,8800-ZKRFW,Month-to-month,Yes,Electronic check
27354,8802-UNOJF,Month-to-month,Yes,Mailed check
27355,8805-JNRAZ,Month-to-month,No,Mailed check
27356,8806-EAGWC,Month-to-month,No,Mailed check
27357,8807-ARQET,Month-to-month,Yes,Electronic check
27358,8807-OPMBM,Two year,Yes,Credit card (automatic)
27359,8808-ELEHO,Month-to-month,Yes,Electronic check
27360,8809-RIHDD,Two year,Yes,Electronic check
27361,8809-XKHMD,Two year,Yes,Bank transfer (automatic)
27362,8812-ZRHFP,One year,No,Electronic check
27363,8815-LMFLX,Month-to-month,Yes,Bank transfer (automatic)
27364,8816-VXNZD,Month-to-month,Yes,Electronic check
27365,8818-DOPVL,Month-to-month,Yes,Electronic check
27366,8818-XYFCQ,Month-to-month,Yes,Credit card (automatic)
27367,8819-IMISP,Month-to-month,Yes,Electronic check
27368,8819-WFGGJ,Two year,Yes,Bank transfer (automatic)
27369,8819-ZBYNA,Two year,Yes,Credit card (automatic)
27370,8821-KVZKQ,One year,Yes,Bank transfer (automatic)
27371,8821-XNHVZ,Month-to-month,Yes,Mailed check
27372,8822-KNBHV,One year,Yes,Credit card (automatic)
27373,8823-RLPWL,Two year,Yes,Credit card (automatic)
27374,8824-RWFXJ,Month-to-month,Yes,Mailed check
27375,8835-VSDSE,Month-to-month,Yes,Electronic check
27376,8837-VVWLQ,Month-to-month,No,Electronic check
27377,8838-GPHZP,Two year,Yes,Mailed check
27378,8840-DQLGN,Month-to-month,Yes,Bank transfer (automatic)
27379,8844-TONUD,Month-to-month,Yes,Mailed check
27380,8845-LWKGE,One year,Yes,Electronic check
27381,8847-GEOOQ,Month-to-month,Yes,Bank transfer (automatic)
27382,8849-AYPTR,Month-to-month,No,Electronic check
27383,8849-GYOKR,One year,No,Bank transfer (automatic)
27384,8849-PRIQJ,One year,Yes,Electronic check
27385,8851-RAGOV,Month-to-month,Yes,Mailed check
27386,8853-TZDGH,Two year,Yes,Bank transfer (automatic)
27387,8854-CCVSQ,Month-to-month,Yes,Electronic check
27388,8857-CUPFQ,Two year,No,Mailed check
27389,8859-AXJZP,Two year,Yes,Mailed check
27390,8859-DZTGQ,Two year,No,Mailed check
27391,8859-YSTWS,One year,No,Bank transfer (automatic)
27392,8861-HGGKB,Month-to-month,No,Electronic check
27393,8865-TNMNX,One year,No,Mailed check
27394,8868-GAGIO,Month-to-month,Yes,Mailed check
27395,8868-WOZGU,Month-to-month,Yes,Electronic check
27396,8869-LIHMK,Two year,Yes,Bank transfer (automatic)
27397,8869-TORSS,One year,Yes,Credit card (automatic)
27398,8871-JLMHM,Two year,No,Credit card (automatic)
27399,8873-GLDMH,Month-to-month,Yes,Mailed check
27400,8873-TMKGR,One year,No,Mailed check
27401,8874-EJNSR,Two year,No,Mailed check
27402,8875-AKBYH,Month-to-month,Yes,Electronic check
27403,8878-HMWBV,Month-to-month,Yes,Electronic check
27404,8878-RYUKI,Month-to-month,Yes,Electronic check
27405,8879-XUAHX,Two year,Yes,Electronic check
27406,8879-ZKJOF,One year,Yes,Bank transfer (automatic)
27407,8882-TLVRW,Two year,No,Mailed check
27408,8883-ANODQ,Two year,Yes,Credit card (automatic)
27409,8883-GRDWQ,One year,No,Mailed check
27410,8884-ADFVN,Month-to-month,Yes,Electronic check
27411,8884-FEEWR,One year,No,Bank transfer (automatic)
27412,8884-MRNSU,One year,No,Bank transfer (automatic)
27413,8885-QSQBX,Month-to-month,No,Bank transfer (automatic)
27414,8887-IPQNC,Month-to-month,Yes,Mailed check
27415,8894-JVDCV,One year,Yes,Credit card (automatic)
27416,8896-BQTTI,Month-to-month,Yes,Mailed check
27417,8896-RAZCR,Two year,No,Mailed check
27418,8898-KASCD,One year,No,Mailed check
27419,8901-HJXTF,Month-to-month,No,Mailed check
27420,8901-UPRHR,Two year,Yes,Bank transfer (automatic)
27421,8902-ZEOVF,One year,No,Mailed check
27422,8903-WMRNW,Month-to-month,No,Electronic check
27423,8903-XEBGX,Month-to-month,Yes,Electronic check
27424,8904-OPDCK,Month-to-month,Yes,Bank transfer (automatic)
27425,8905-IAZPF,One year,Yes,Credit card (automatic)
27426,8908-NMQTX,Two year,Yes,Bank transfer (automatic)
27427,8908-SLFCJ,Two year,Yes,Credit card (automatic)
27428,8909-BOLNL,One year,No,Mailed check
27429,8910-ICHIU,One year,Yes,Credit card (automatic)
27430,8910-LEDAG,Month-to-month,No,Credit card (automatic)
27431,8914-RBTSB,Month-to-month,No,Electronic check
27432,8915-NNTRC,Two year,Yes,Credit card (automatic)
27433,8917-FAEMR,Two year,No,Mailed check
27434,8917-SZTTJ,Two year,No,Credit card (automatic)
27435,8919-FYFQZ,Month-to-month,Yes,Electronic check
27436,8920-NAVAY,One year,Yes,Bank transfer (automatic)
27437,8922-LIEGH,Month-to-month,Yes,Electronic check
27438,8922-NPKBJ,Two year,No,Mailed check
27439,8929-KSWIH,Two year,No,Bank transfer (automatic)
27440,8930-XOTDP,Month-to-month,No,Mailed check
27441,8931-GJJIQ,Month-to-month,Yes,Electronic check
27442,8932-CZHRQ,One year,No,Credit card (automatic)
27443,8937-RDTHP,Month-to-month,Yes,Mailed check
27444,8938-UMKPI,Month-to-month,Yes,Electronic check
27445,8942-DBMHZ,Month-to-month,No,Mailed check
27446,8943-URTMR,Month-to-month,Yes,Mailed check
27447,8944-AILEF,Month-to-month,Yes,Credit card (automatic)
27448,8945-GRKHX,Month-to-month,No,Electronic check
27449,8945-MUQUF,One year,Yes,Electronic check
27450,8946-BFWSG,Two year,No,Mailed check
27451,8947-YRTDV,One year,No,Mailed check
27452,8949-JTMAY,Month-to-month,Yes,Credit card (automatic)
27453,8950-MTZNV,Month-to-month,Yes,Mailed check
27454,8952-WCVCD,One year,Yes,Bank transfer (automatic)
27455,8957-THMOA,Two year,No,Credit card (automatic)
27456,8958-JPTRR,One year,No,Electronic check
27457,8961-QDZZJ,One year,Yes,Electronic check
27458,8963-JLGJT,Month-to-month,No,Mailed check
27459,8963-MQVYN,Month-to-month,Yes,Electronic check
27460,8966-KZXXA,Two year,No,Credit card (automatic)
27461,8966-OIQHG,One year,No,Bank transfer (automatic)
27462,8966-SNIZF,Two year,No,Bank transfer (automatic)
27463,8967-SZQAS,Month-to-month,No,Electronic check
27464,8969-PRHFK,One year,No,Mailed check
27465,8970-ANWXO,One year,Yes,Mailed check
27466,8972-HJWNV,Month-to-month,Yes,Electronic check
27467,8974-OVACP,Month-to-month,No,Mailed check
27468,8975-SKGRX,Two year,Yes,Bank transfer (automatic)
27469,8976-OQHGT,Month-to-month,No,Mailed check
27470,8979-CAMGB,One year,No,Electronic check
27471,8980-WQFWL,Month-to-month,Yes,Electronic check
27472,8981-FJGLA,Month-to-month,Yes,Mailed check
27473,8982-NHAVY,One year,Yes,Bank transfer (automatic)
27474,8984-EYLLL,Two year,Yes,Electronic check
27475,8984-HPEMB,Two year,Yes,Electronic check
27476,8985-OOPOS,One year,No,Credit card (automatic)
27477,8988-ECPJR,Month-to-month,Yes,Mailed check
27478,8990-YOZLV,Two year,Yes,Mailed check
27479,8990-ZXLSU,Month-to-month,No,Electronic check
27480,8992-CEUEN,Month-to-month,No,Electronic check
27481,8992-JQYUN,Month-to-month,Yes,Electronic check
27482,8992-OBVDG,Month-to-month,No,Mailed check
27483,8992-VONJD,Month-to-month,Yes,Electronic check
27484,8993-IZEUX,Month-to-month,No,Bank transfer (automatic)
27485,8993-PHFWD,Month-to-month,No,Electronic check
27486,8996-ZROXE,One year,Yes,Electronic check
27487,8999-BOHSE,Month-to-month,No,Bank transfer (automatic)
27488,8999-EXMNO,Two year,No,Mailed check
27489,8999-XXGNS,One year,Yes,Credit card (automatic)
27490,8999-YPYBV,Two year,Yes,Mailed check
27491,9000-PLFUZ,Two year,Yes,Credit card (automatic)
27492,9003-CPATH,Month-to-month,No,Electronic check
27493,9013-AQORL,Month-to-month,No,Credit card (automatic)
27494,9018-PCIOK,Two year,Yes,Mailed check
27495,9019-QVLZD,Month-to-month,No,Electronic check
27496,9025-AOMKI,Month-to-month,Yes,Bank transfer (automatic)
27497,9025-ZRPVR,Month-to-month,Yes,Mailed check
27498,9026-LHEVG,Month-to-month,No,Electronic check
27499,9026-RNUJS,Month-to-month,No,Electronic check
27500,9027-TMATR,Two year,Yes,Electronic check
27501,9027-YFHQJ,Month-to-month,Yes,Bank transfer (automatic)
27502,9028-LIHRP,Two year,No,Credit card (automatic)
27503,9029-FEGVJ,Month-to-month,No,Mailed check
27504,9030-QGZNL,Two year,No,Mailed check
27505,9031-ZVQPT,Two year,Yes,Electronic check
27506,9033-EOXWV,One year,No,Mailed check
27507,9036-CSKBW,One year,No,Bank transfer (automatic)
27508,9039-RBEEE,Month-to-month,Yes,Credit card (automatic)
27509,9039-ZVJDC,Month-to-month,Yes,Mailed check
27510,9040-KZVWO,One year,No,Bank transfer (automatic)
27511,9046-DQMTP,Month-to-month,No,Bank transfer (automatic)
27512,9046-JBFWA,Month-to-month,No,Mailed check
27513,9048-JVYVF,Month-to-month,Yes,Electronic check
27514,9050-IKDZA,Month-to-month,No,Mailed check
27515,9050-QLROH,Month-to-month,Yes,Credit card (automatic)
27516,9052-DHNKM,One year,No,Electronic check
27517,9052-VKDUW,Month-to-month,Yes,Credit card (automatic)
27518,9053-EJUNL,Month-to-month,Yes,Electronic check
27519,9053-JZFKV,Two year,No,Credit card (automatic)
27520,9054-FOWNV,Month-to-month,Yes,Electronic check
27521,9055-MOJJJ,One year,No,Mailed check
27522,9057-MSWCO,Month-to-month,No,Credit card (automatic)
27523,9057-SIHCH,Month-to-month,Yes,Electronic check
27524,9058-CBREO,Month-to-month,No,Mailed check
27525,9058-HRZSV,Month-to-month,No,Electronic check
27526,9058-MJLZC,Month-to-month,Yes,Electronic check
27527,9060-HJJRW,One year,Yes,Credit card (automatic)
27528,9061-TIHDA,Month-to-month,Yes,Electronic check
27529,9063-ZGTUY,Month-to-month,Yes,Mailed check
27530,9065-ZCPQX,Two year,No,Bank transfer (automatic)
27531,9066-QRSDU,One year,Yes,Electronic check
27532,9067-SQTNS,One year,No,Bank transfer (automatic)
27533,9067-YGSCA,One year,No,Credit card (automatic)
27534,9068-FHQHD,Two year,No,Bank transfer (automatic)
27535,9068-VPWQQ,Two year,No,Credit card (automatic)
27536,9069-LGEUL,Month-to-month,Yes,Bank transfer (automatic)
27537,9070-BCKQP,Two year,Yes,Credit card (automatic)
27538,9073-ZZIAY,Two year,No,Electronic check
27539,9074-KGVOX,Month-to-month,Yes,Credit card (automatic)
27540,9076-AXYIK,Two year,No,Electronic check
27541,9079-LWTFD,Month-to-month,No,Mailed check
27542,9079-YEXQJ,Month-to-month,No,Electronic check
27543,9081-WWXKP,Two year,No,Credit card (automatic)
27544,9084-OAYKL,Two year,No,Mailed check
27545,9086-YJYXS,One year,No,Bank transfer (automatic)
27546,9087-EYCPR,Two year,No,Mailed check
27547,9089-UOWJG,Month-to-month,Yes,Credit card (automatic)
27548,9090-SGQXL,Month-to-month,Yes,Electronic check
27549,9091-WTUUY,Two year,No,Mailed check
27550,9092-GDZKO,Month-to-month,Yes,Credit card (automatic)
27551,9093-FPDLG,Month-to-month,Yes,Electronic check
27552,9094-AZPHK,Month-to-month,Yes,Electronic check
27553,9095-HFAFX,Month-to-month,Yes,Credit card (automatic)
27554,9097-ZUBYC,Month-to-month,No,Bank transfer (automatic)
27555,9099-FTUHS,Month-to-month,No,Electronic check
27556,9101-BWFSS,One year,No,Electronic check
27557,9101-NTIXF,Month-to-month,No,Mailed check
27558,9102-IAYHT,Month-to-month,Yes,Electronic check
27559,9102-OXKFY,Two year,No,Credit card (automatic)
27560,9103-CXVOK,Month-to-month,No,Electronic check
27561,9103-TCIHJ,Month-to-month,Yes,Mailed check
27562,9107-UKCKY,One year,Yes,Electronic check
27563,9108-EJFJP,Month-to-month,Yes,Mailed check
27564,9108-EQPNQ,Two year,No,Credit card (automatic)
27565,9110-HSGTV,Two year,Yes,Credit card (automatic)
27566,9112-WSNPU,Month-to-month,No,Electronic check
27567,9114-AAFQH,One year,Yes,Electronic check
27568,9114-DPSIA,Two year,No,Credit card (automatic)
27569,9114-VEPUF,One year,No,Electronic check
27570,9115-YQHGA,Month-to-month,Yes,Electronic check
27571,9117-SHLZX,Month-to-month,Yes,Mailed check
27572,9121-PHQSR,Month-to-month,Yes,Credit card (automatic)
27573,9122-UMROB,Month-to-month,No,Mailed check
27574,9124-LHCJQ,Month-to-month,Yes,Mailed check
27575,9127-FHJBZ,Two year,Yes,Electronic check
27576,9127-QRZMH,One year,Yes,Bank transfer (automatic)
27577,9128-CPXKI,Two year,No,Electronic check
27578,9129-UXERG,Month-to-month,Yes,Credit card (automatic)
27579,9133-AYJZG,Month-to-month,Yes,Credit card (automatic)
27580,9134-CEQMF,Month-to-month,Yes,Electronic check
27581,9134-WYRVP,One year,No,Mailed check
27582,9135-HSWOC,Two year,Yes,Bank transfer (automatic)
27583,9135-MGVPY,Two year,Yes,Mailed check
27584,9136-ALYBR,Month-to-month,Yes,Mailed check
27585,9137-NOQKA,Month-to-month,No,Electronic check
27586,9137-UIYPG,Month-to-month,Yes,Electronic check
27587,9138-EFSMO,One year,No,Bank transfer (automatic)
27588,9139-TWBAS,One year,No,Bank transfer (automatic)
27589,9139-WQQDY,One year,No,Mailed check
27590,9140-CZQZZ,Two year,Yes,Bank transfer (automatic)
27591,9142-KZXOP,Month-to-month,No,Credit card (automatic)
27592,9142-XMYJH,Month-to-month,No,Credit card (automatic)
27593,9143-CANJF,Month-to-month,No,Electronic check
27594,9146-JRIOX,Month-to-month,No,Mailed check
27595,9150-HEPMB,One year,No,Mailed check
27596,9150-KPBJQ,Two year,No,Credit card (automatic)
27597,9152-AMKAK,Two year,Yes,Mailed check
27598,9153-BTBVV,Two year,No,Bank transfer (automatic)
27599,9154-QDGTH,One year,Yes,Credit card (automatic)
27600,9158-VCTQB,Month-to-month,Yes,Bank transfer (automatic)
27601,9163-GHAYE,Month-to-month,No,Electronic check
27602,9167-APMXZ,Month-to-month,Yes,Bank transfer (automatic)
27603,9168-INPSZ,Month-to-month,No,Electronic check
27604,9169-BSVIN,Month-to-month,No,Bank transfer (automatic)
27605,9170-ARBTB,One year,No,Credit card (automatic)
27606,9170-CCKOU,Month-to-month,No,Credit card (automatic)
27607,9170-GYZJC,Month-to-month,No,Credit card (automatic)
27608,9172-ANCRX,Month-to-month,Yes,Electronic check
27609,9172-JITSM,Month-to-month,Yes,Electronic check
27610,9173-IVZVP,Two year,No,Mailed check
27611,9174-FKWZE,Month-to-month,Yes,Electronic check
27612,9174-IHETN,Two year,No,Credit card (automatic)
27613,9178-JHUVJ,Two year,Yes,Bank transfer (automatic)
27614,9184-GALIL,Month-to-month,No,Mailed check
27615,9185-TQCVP,Month-to-month,Yes,Electronic check
27616,9189-JWSHV,Month-to-month,Yes,Electronic check
27617,9190-MFJLN,Month-to-month,Yes,Credit card (automatic)
27618,9191-MYQKX,Month-to-month,Yes,Bank transfer (automatic)
27619,9194-GFVOI,Two year,No,Credit card (automatic)
27620,9199-PWQVC,One year,Yes,Credit card (automatic)
27621,9200-NLNPD,One year,Yes,Bank transfer (automatic)
27622,9206-GVPEQ,Month-to-month,Yes,Electronic check
27623,9207-ZPANB,One year,No,Electronic check
27624,9208-OLGAQ,Month-to-month,Yes,Electronic check
27625,9209-NWPGU,One year,No,Electronic check
27626,9210-IAHGH,Month-to-month,Yes,Credit card (automatic)
27627,9214-EKVXR,Month-to-month,Yes,Mailed check
27628,9220-CXRSC,Two year,No,Credit card (automatic)
27629,9220-ZNKJI,Two year,No,Credit card (automatic)
27630,9221-OTIVJ,Month-to-month,Yes,Electronic check
27631,9223-UCPVT,Month-to-month,No,Electronic check
27632,9224-VTYID,Two year,Yes,Mailed check
27633,9225-BZLNZ,Two year,Yes,Electronic check
27634,9227-LUNBG,Month-to-month,No,Electronic check
27635,9227-UAQFT,Two year,No,Mailed check
27636,9227-YBAXE,Two year,Yes,Bank transfer (automatic)
27637,9229-RQABD,One year,No,Mailed check
27638,9231-ZJYAM,Month-to-month,Yes,Electronic check
27639,9233-PSYHO,One year,Yes,Bank transfer (automatic)
27640,9236-NDUCW,Two year,No,Mailed check
27641,9237-HQITU,Month-to-month,Yes,Electronic check
27642,9239-GZHZE,Two year,Yes,Credit card (automatic)
27643,9239-ZBZZV,Month-to-month,Yes,Electronic check
27644,9242-TKFSV,Two year,Yes,Credit card (automatic)
27645,9244-ZVAPM,Month-to-month,No,Mailed check
27646,9248-OJYKK,Month-to-month,Yes,Electronic check
27647,9249-FXSCK,One year,Yes,Credit card (automatic)
27648,9250-WYPLL,Month-to-month,No,Electronic check
27649,9251-AWQGT,Two year,No,Mailed check
27650,9251-WNSOD,One year,No,Mailed check
27651,9253-QXKBE,Month-to-month,Yes,Electronic check
27652,9253-VIFJQ,One year,No,Credit card (automatic)
27653,9254-RBFON,One year,No,Bank transfer (automatic)
27654,9256-JTBNZ,Month-to-month,No,Bank transfer (automatic)
27655,9257-AZMTZ,Two year,No,Bank transfer (automatic)
27656,9258-CNWAC,Two year,No,Credit card (automatic)
27657,9259-PACGQ,Month-to-month,No,Electronic check
27658,9261-WDCAF,Month-to-month,No,Mailed check
27659,9269-CQOOL,Month-to-month,Yes,Credit card (automatic)
27660,9272-LSVYH,Month-to-month,No,Mailed check
27661,9274-CNFMO,Month-to-month,No,Electronic check
27662,9274-UARKJ,Month-to-month,Yes,Bank transfer (automatic)
27663,9277-JOOMO,Month-to-month,No,Mailed check
27664,9278-VZKCD,Month-to-month,Yes,Electronic check
27665,9279-CJEOJ,Month-to-month,Yes,Bank transfer (automatic)
27666,9281-CEDRU,Two year,No,Bank transfer (automatic)
27667,9281-OFDMF,Month-to-month,No,Electronic check
27668,9281-PKKZE,Month-to-month,Yes,Electronic check
27669,9282-IZGQK,Month-to-month,Yes,Electronic check
27670,9283-LZQOH,Month-to-month,Yes,Credit card (automatic)
27671,9286-BHDQG,Two year,No,Credit card (automatic)
27672,9286-DOJGF,Month-to-month,Yes,Bank transfer (automatic)
27673,9289-LBQVU,One year,Yes,Mailed check
27674,9290-SHCMB,Month-to-month,Yes,Electronic check
27675,9294-TDIPC,Month-to-month,No,Mailed check
27676,9297-EONCV,Two year,Yes,Bank transfer (automatic)
27677,9297-FVVDH,Two year,Yes,Electronic check
27678,9298-WGMRW,Two year,Yes,Bank transfer (automatic)
27679,9300-AGZNL,Month-to-month,Yes,Electronic check
27680,9300-RENDD,Month-to-month,Yes,Electronic check
27681,9305-CDSKC,Month-to-month,Yes,Electronic check
27682,9306-CPCBC,Month-to-month,Yes,Electronic check
27683,9308-ANMVE,Month-to-month,Yes,Electronic check
27684,9309-BZGNT,One year,Yes,Credit card (automatic)
27685,9313-CDOGY,Month-to-month,No,Electronic check
27686,9313-QOLTZ,Month-to-month,No,Mailed check
27687,9314-IJWSQ,Month-to-month,Yes,Electronic check
27688,9314-QDMDW,One year,Yes,Electronic check
27689,9317-WZPGV,Month-to-month,Yes,Bank transfer (automatic)
27690,9318-NKNFC,Month-to-month,Yes,Mailed check
27691,9323-HGFWY,One year,Yes,Credit card (automatic)
27692,9327-QSDED,Month-to-month,No,Mailed check
27693,9330-DHBFL,One year,Yes,Mailed check
27694,9330-IJWIO,Month-to-month,Yes,Electronic check
27695,9330-VOFSZ,Two year,Yes,Credit card (automatic)
27696,9332-GYWLO,Month-to-month,No,Electronic check
27697,9334-GWGOW,Month-to-month,Yes,Electronic check
27698,9337-SRRNI,Two year,Yes,Credit card (automatic)
27699,9339-FIIJL,Two year,No,Bank transfer (automatic)
27700,9342-VNIMQ,Month-to-month,Yes,Bank transfer (automatic)
27701,9347-AERRL,One year,No,Credit card (automatic)
27702,9348-ROUAI,Two year,No,Credit card (automatic)
27703,9348-YVOMK,Month-to-month,Yes,Credit card (automatic)
27704,9350-VLHMB,Month-to-month,Yes,Bank transfer (automatic)
27705,9350-ZXYJC,Two year,Yes,Credit card (automatic)
27706,9351-HXDMR,Two year,Yes,Credit card (automatic)
27707,9351-LZYGF,Month-to-month,Yes,Credit card (automatic)
27708,9355-NPPFS,Month-to-month,Yes,Electronic check
27709,9356-AXGMP,One year,Yes,Electronic check
27710,9357-UJRUN,One year,Yes,Electronic check
27711,9359-JANWS,Two year,No,Credit card (automatic)
27712,9359-UGBTK,One year,Yes,Bank transfer (automatic)
27713,9360-AHGNL,One year,Yes,Mailed check
27714,9360-OMDZZ,Month-to-month,Yes,Electronic check
27715,9361-YNQWJ,One year,Yes,Bank transfer (automatic)
27716,9362-MWODR,Month-to-month,Yes,Credit card (automatic)
27717,9364-YKUVW,Month-to-month,Yes,Mailed check
27718,9365-CSLBQ,Two year,No,Mailed check
27719,9365-SRSZE,Month-to-month,Yes,Electronic check
27720,9367-OIUXP,Month-to-month,No,Mailed check
27721,9367-TCUYN,Month-to-month,No,Mailed check
27722,9367-WXLCH,Month-to-month,No,Bank transfer (automatic)
27723,9369-XFEHK,Month-to-month,Yes,Bank transfer (automatic)
27724,9371-BITHB,Two year,No,Mailed check
27725,9372-TXXPS,Two year,No,Bank transfer (automatic)
27726,9373-WSLOY,Month-to-month,Yes,Electronic check
27727,9374-YOLBJ,Month-to-month,No,Electronic check
27728,9375-MHRRS,Month-to-month,No,Mailed check
27729,9378-FXTIZ,One year,Yes,Credit card (automatic)
27730,9381-NDKME,Month-to-month,Yes,Credit card (automatic)
27731,9385-EHGDO,Two year,Yes,Mailed check
27732,9385-NXKDA,Two year,Yes,Credit card (automatic)
27733,9386-LDCZR,One year,Yes,Credit card (automatic)
27734,9388-ZEYVT,One year,No,Electronic check
27735,9389-ACWBI,Month-to-month,No,Credit card (automatic)
27736,9391-DXGGG,One year,No,Credit card (automatic)
27737,9391-EOYLI,Month-to-month,Yes,Electronic check
27738,9391-LMANN,One year,No,Electronic check
27739,9391-TTOYH,Month-to-month,Yes,Mailed check
27740,9391-YZEJW,One year,Yes,Bank transfer (automatic)
27741,9392-XBGTD,Two year,No,Mailed check
27742,9396-ZSFLL,Month-to-month,No,Mailed check
27743,9397-TZSHA,Two year,No,Credit card (automatic)
27744,9398-MMQTO,Month-to-month,No,Credit card (automatic)
27745,9399-APLBT,Month-to-month,Yes,Electronic check
27746,9402-CXWPL,One year,No,Electronic check
27747,9402-ORRAH,Month-to-month,Yes,Electronic check
27748,9402-ROUMJ,One year,Yes,Bank transfer (automatic)
27749,9405-GPBBG,Two year,Yes,Credit card (automatic)
27750,9408-HRXRK,Month-to-month,Yes,Electronic check
27751,9408-SSNVZ,Month-to-month,Yes,Electronic check
27752,9411-TPQQV,One year,Yes,Bank transfer (automatic)
27753,9412-ARGBX,Two year,Yes,Mailed check
27754,9412-GHEEC,Month-to-month,No,Bank transfer (automatic)
27755,9415-DPEWS,Month-to-month,Yes,Electronic check
27756,9415-TPKRV,Month-to-month,No,Electronic check
27757,9415-ZNBSX,Two year,Yes,Bank transfer (automatic)
27758,9418-RUKPH,Two year,Yes,Mailed check
27759,9419-IPPBE,One year,Yes,Electronic check
27760,9420-LOJKX,Month-to-month,Yes,Credit card (automatic)
27761,9424-CMPOG,Two year,No,Mailed check
27762,9426-SXNHE,Month-to-month,No,Bank transfer (automatic)
27763,9430-FRQOC,Month-to-month,Yes,Mailed check
27764,9430-NKQLY,Two year,Yes,Credit card (automatic)
27765,9432-RUVSL,Two year,Yes,Credit card (automatic)
27766,9432-VOFYX,Month-to-month,Yes,Electronic check
27767,9435-JMLSX,Two year,Yes,Bank transfer (automatic)
27768,9436-ZBZCT,Month-to-month,Yes,Electronic check
27769,9441-QHEVC,Month-to-month,No,Mailed check
27770,9442-JTWDL,One year,No,Credit card (automatic)
27771,9443-JUBUO,Two year,Yes,Credit card (automatic)
27772,9444-JTXHZ,Month-to-month,No,Electronic check
27773,9445-SZLCH,Month-to-month,Yes,Bank transfer (automatic)
27774,9445-ZUEQE,Month-to-month,Yes,Credit card (automatic)
27775,9447-YPTBX,One year,Yes,Bank transfer (automatic)
27776,9448-REEVD,Month-to-month,No,Credit card (automatic)
27777,9450-TRJUU,Month-to-month,No,Electronic check
27778,9451-LPGOO,Month-to-month,Yes,Electronic check
27779,9451-WLYRI,One year,No,Credit card (automatic)
27780,9453-PATOS,Two year,No,Mailed check
27781,9462-MJUAW,Month-to-month,No,Mailed check
27782,9465-RWMXL,Month-to-month,Yes,Electronic check
27783,9467-ROOLM,Month-to-month,No,Mailed check
27784,9469-WEJBT,Month-to-month,Yes,Electronic check
27785,9470-RTWDV,One year,Yes,Credit card (automatic)
27786,9470-XCCEM,Month-to-month,Yes,Bank transfer (automatic)
27787,9470-YFUYI,One year,Yes,Bank transfer (automatic)
27788,9473-CBZOP,One year,No,Mailed check
27789,9474-PHLYD,Month-to-month,Yes,Electronic check
27790,9475-NNDGC,One year,Yes,Bank transfer (automatic)
27791,9477-LGWQI,Two year,Yes,Credit card (automatic)
27792,9479-HYNYL,Two year,Yes,Credit card (automatic)
27793,9480-BQJEI,One year,Yes,Bank transfer (automatic)
27794,9481-IEBZY,Month-to-month,Yes,Credit card (automatic)
27795,9481-SFCQY,Month-to-month,Yes,Credit card (automatic)
27796,9481-WHGWY,Two year,No,Credit card (automatic)
27797,9483-GCPWE,One year,No,Mailed check
27798,9488-FVZCC,Two year,Yes,Bank transfer (automatic)
27799,9488-FYQAU,Two year,Yes,Bank transfer (automatic)
27800,9488-HGMJH,Month-to-month,Yes,Electronic check
27801,9489-DEDVP,Two year,Yes,Credit card (automatic)
27802,9489-JMTTN,Two year,No,Credit card (automatic)
27803,9489-UTFKA,Month-to-month,No,Bank transfer (automatic)
27804,9490-DFPMD,Month-to-month,Yes,Electronic check
27805,9492-TOKRI,Month-to-month,Yes,Credit card (automatic)
27806,9494-BDNNC,One year,No,Electronic check
27807,9494-MRNYX,Month-to-month,No,Electronic check
27808,9495-REDIY,One year,Yes,Credit card (automatic)
27809,9495-SKLKD,Month-to-month,Yes,Bank transfer (automatic)
27810,9496-IVVRP,Month-to-month,No,Bank transfer (automatic)
27811,9497-QCMMS,Month-to-month,Yes,Electronic check
27812,9498-FIMXL,One year,Yes,Mailed check
27813,9499-XPZXM,Two year,No,Bank transfer (automatic)
27814,9500-IWPXQ,One year,Yes,Electronic check
27815,9500-LTVBP,Month-to-month,No,Credit card (automatic)
27816,9500-WBGRP,Two year,Yes,Mailed check
27817,9501-UKKNL,Month-to-month,Yes,Electronic check
27818,9503-XJUME,One year,No,Credit card (automatic)
27819,9504-DSHWM,Month-to-month,No,Bank transfer (automatic)
27820,9504-YAZWB,Two year,No,Mailed check
27821,9505-SQFSW,Month-to-month,No,Mailed check
27822,9506-UXUSK,Month-to-month,Yes,Electronic check
27823,9507-EXLTT,Month-to-month,Yes,Bank transfer (automatic)
27824,9507-HSMMZ,Two year,No,Mailed check
27825,9508-ILZDG,Month-to-month,Yes,Electronic check
27826,9509-MPYOD,One year,No,Mailed check
27827,9512-PHSMG,Month-to-month,Yes,Mailed check
27828,9512-UIBFX,Month-to-month,No,Mailed check
27829,9513-DXHDA,One year,No,Electronic check
27830,9514-JDSKI,Month-to-month,No,Electronic check
27831,9518-IMLHK,Month-to-month,Yes,Bank transfer (automatic)
27832,9518-RWHZL,One year,Yes,Credit card (automatic)
27833,9518-XXBXE,Month-to-month,No,Electronic check
27834,9522-BNTHX,Month-to-month,Yes,Electronic check
27835,9522-ZSINC,One year,Yes,Electronic check
27836,9524-EGPJC,Month-to-month,Yes,Electronic check
27837,9526-BIHHD,Month-to-month,No,Mailed check
27838,9526-JAWYF,Month-to-month,No,Electronic check
27839,9529-OFXHY,Month-to-month,Yes,Bank transfer (automatic)
27840,9530-EHPOH,Month-to-month,No,Electronic check
27841,9530-GRMJG,Two year,Yes,Electronic check
27842,9531-NSBMR,One year,Yes,Bank transfer (automatic)
27843,9534-NSXEM,One year,Yes,Credit card (automatic)
27844,9537-JALFH,Two year,No,Bank transfer (automatic)
27845,9537-VHDTA,Month-to-month,No,Mailed check
27846,9540-JYROE,Month-to-month,Yes,Mailed check
27847,9541-PWTWO,Two year,Yes,Bank transfer (automatic)
27848,9541-ZPSEA,Two year,No,Credit card (automatic)
27849,9544-PYPSJ,Month-to-month,Yes,Credit card (automatic)
27850,9546-CQJSU,Month-to-month,Yes,Electronic check
27851,9546-KDTRB,Month-to-month,No,Bank transfer (automatic)
27852,9547-ITEFG,Month-to-month,Yes,Credit card (automatic)
27853,9548-LERKT,Two year,No,Mailed check
27854,9548-LIGTA,Two year,Yes,Mailed check
27855,9548-ZMVTX,Two year,No,Bank transfer (automatic)
27856,9552-TGUZV,Month-to-month,Yes,Mailed check
27857,9553-DLCLU,Two year,No,Credit card (automatic)
27858,9554-DFKIC,Month-to-month,Yes,Bank transfer (automatic)
27859,9555-SAHUZ,Month-to-month,No,Electronic check
27860,9558-IHEZX,Two year,Yes,Credit card (automatic)
27861,9560-ARGQJ,Month-to-month,Yes,Electronic check
27862,9560-BBZXK,Two year,No,Bank transfer (automatic)
27863,9564-KCLHR,Month-to-month,No,Mailed check
27864,9565-AXSMR,Two year,No,Mailed check
27865,9565-DJPIB,Month-to-month,No,Mailed check
27866,9565-FLVCG,Two year,Yes,Mailed check
27867,9565-JSNFM,One year,Yes,Bank transfer (automatic)
27868,9570-KYEUA,Two year,No,Credit card (automatic)
27869,9571-EDEBV,One year,Yes,Credit card (automatic)
27870,9572-MTILT,Month-to-month,Yes,Electronic check
27871,9572-WUKSB,Month-to-month,Yes,Electronic check
27872,9574-BOSMD,Two year,No,Bank transfer (automatic)
27873,9574-RKJIF,Month-to-month,Yes,Electronic check
27874,9575-IWCAZ,One year,No,Mailed check
27875,9576-ANLXO,Month-to-month,Yes,Bank transfer (automatic)
27876,9576-SYUHJ,Month-to-month,Yes,Electronic check
27877,9577-WJVCQ,Month-to-month,No,Mailed check
27878,9578-FOMUK,Month-to-month,Yes,Electronic check
27879,9578-VRMNM,Month-to-month,Yes,Credit card (automatic)
27880,9581-GVBXT,One year,No,Mailed check
27881,9584-EXCDZ,Month-to-month,No,Bank transfer (automatic)
27882,9585-KKMFD,Two year,Yes,Mailed check
27883,9586-JGQKH,Two year,Yes,Bank transfer (automatic)
27884,9588-OZDMQ,Month-to-month,Yes,Electronic check
27885,9588-YRFHY,Two year,Yes,Credit card (automatic)
27886,9589-ABEPT,Two year,Yes,Mailed check
27887,9591-YVTEB,Month-to-month,Yes,Electronic check
27888,9592-ERDKV,One year,No,Mailed check
27889,9593-CVZKR,Two year,Yes,Mailed check
27890,9600-NAXZN,Month-to-month,Yes,Electronic check
27891,9600-UDOPK,Month-to-month,Yes,Credit card (automatic)
27892,9601-BRXPO,Month-to-month,Yes,Bank transfer (automatic)
27893,9602-WCXPI,One year,No,Credit card (automatic)
27894,9603-OAIHC,Month-to-month,Yes,Electronic check
27895,9605-WGJVW,Month-to-month,Yes,Electronic check
27896,9606-PBKBQ,Month-to-month,Yes,Electronic check
27897,9609-BENEA,One year,Yes,Electronic check
27898,9610-WCESF,Two year,No,Electronic check
27899,9611-CTWIH,Month-to-month,Yes,Electronic check
27900,9614-RMGHA,Month-to-month,Yes,Bank transfer (automatic)
27901,9617-INGJY,Month-to-month,Yes,Mailed check
27902,9617-UDPEU,One year,Yes,Mailed check
27903,9618-LFJRU,Month-to-month,No,Credit card (automatic)
27904,9619-GSATL,One year,No,Electronic check
27905,9620-ENEJV,Month-to-month,No,Credit card (automatic)
27906,9620-QJREV,One year,No,Credit card (automatic)
27907,9621-OUPYD,One year,Yes,Bank transfer (automatic)
27908,9624-EGDEQ,Two year,No,Mailed check
27909,9625-QNLUX,Two year,Yes,Credit card (automatic)
27910,9625-QSTYE,Month-to-month,Yes,Electronic check
27911,9625-RZFUK,Two year,No,Mailed check
27912,9626-VFRGG,Month-to-month,Yes,Bank transfer (automatic)
27913,9626-WEQRM,Month-to-month,Yes,Mailed check
27914,9629-NHXFW,Month-to-month,Yes,Mailed check
27915,9631-RXVJM,Two year,No,Mailed check
27916,9631-XEYKE,Month-to-month,No,Bank transfer (automatic)
27917,9633-DENPU,Month-to-month,Yes,Bank transfer (automatic)
27918,9633-XQABV,Month-to-month,Yes,Electronic check
27919,9637-CDTKZ,Two year,Yes,Credit card (automatic)
27920,9637-EIHEQ,Month-to-month,Yes,Electronic check
27921,9638-JIQYA,Month-to-month,Yes,Credit card (automatic)
27922,9639-BUJXT,One year,No,Mailed check
27923,9640-ZSLDC,One year,No,Credit card (automatic)
27924,9643-AVVWI,Month-to-month,Yes,Electronic check
27925,9643-YBLUR,Month-to-month,Yes,Credit card (automatic)
27926,9644-KVCNC,One year,Yes,Bank transfer (automatic)
27927,9644-UMGQA,Month-to-month,Yes,Electronic check
27928,9646-NMHXE,Two year,No,Mailed check
27929,9647-ERGBE,Month-to-month,Yes,Electronic check
27930,9648-BCHKM,Two year,Yes,Credit card (automatic)
27931,9650-VBUOG,Two year,No,Credit card (automatic)
27932,9651-GTSAQ,One year,Yes,Bank transfer (automatic)
27933,9658-WYUFB,Month-to-month,Yes,Electronic check
27934,9659-QEQSY,Month-to-month,Yes,Electronic check
27935,9659-ZTWSM,One year,Yes,Bank transfer (automatic)
27936,9661-ACXBS,Month-to-month,Yes,Electronic check
27937,9661-JALZV,Two year,Yes,Credit card (automatic)
27938,9661-MHUMO,Month-to-month,Yes,Credit card (automatic)
27939,9667-EQRXU,Month-to-month,Yes,Electronic check
27940,9667-TKTVZ,Month-to-month,Yes,Mailed check
27941,9668-PUGNU,Two year,Yes,Electronic check
27942,9670-BPNXF,One year,Yes,Credit card (automatic)
27943,9674-EHPPG,Two year,No,Credit card (automatic)
27944,9675-ICXCT,Two year,Yes,Electronic check
27945,9677-AVKED,One year,Yes,Electronic check
27946,9680-NIAUV,Two year,No,Credit card (automatic)
27947,9681-KYGYB,Month-to-month,Yes,Electronic check
27948,9681-OXGVC,Month-to-month,Yes,Electronic check
27949,9685-WKZGT,Month-to-month,Yes,Electronic check
27950,9688-YGXVR,Month-to-month,Yes,Credit card (automatic)
27951,9689-PTNPG,Month-to-month,Yes,Electronic check
27952,9691-HKOVS,One year,Yes,Electronic check
27953,9692-TUSXH,Month-to-month,Yes,Electronic check
27954,9693-XMUOB,Month-to-month,Yes,Electronic check
27955,9695-IDRZR,Two year,Yes,Credit card (automatic)
27956,9696-RMYBA,Month-to-month,Yes,Mailed check
27957,9699-UBQFS,Month-to-month,Yes,Electronic check
27958,9700-ISPUP,Month-to-month,Yes,Electronic check
27959,9700-ZCLOT,Month-to-month,No,Mailed check
27960,9701-CDXHR,Month-to-month,No,Mailed check
27961,9702-AIUJO,One year,Yes,Bank transfer (automatic)
27962,9705-IOVQQ,One year,No,Electronic check
27963,9705-ZJBCG,One year,No,Bank transfer (automatic)
27964,9708-HPXWZ,Month-to-month,No,Credit card (automatic)
27965,9708-KFDBY,Month-to-month,No,Credit card (automatic)
27966,9710-NJERN,Two year,No,Mailed check
27967,9710-ZUSHQ,Month-to-month,Yes,Bank transfer (automatic)
27968,9711-FJTBX,One year,Yes,Mailed check
27969,9714-EDSUC,Month-to-month,Yes,Mailed check
27970,9715-SBVSU,Two year,Yes,Bank transfer (automatic)
27971,9715-WZCLW,Two year,Yes,Electronic check
27972,9717-IOAAF,Two year,Yes,Credit card (automatic)
27973,9717-QEBGU,Month-to-month,Yes,Electronic check
27974,9720-JJJOR,One year,Yes,Bank transfer (automatic)
27975,9722-UJOJR,Month-to-month,Yes,Electronic check
27976,9725-SCPZG,Month-to-month,Yes,Electronic check
27977,9728-FTTVZ,Month-to-month,Yes,Electronic check
27978,9730-DRTMJ,One year,Yes,Credit card (automatic)
27979,9732-EQMWY,Month-to-month,No,Electronic check
27980,9732-KPKBW,Month-to-month,Yes,Electronic check
27981,9732-OUYRN,One year,No,Credit card (automatic)
27982,9734-UYXQI,Month-to-month,Yes,Electronic check
27983,9734-YWGEX,Month-to-month,No,Credit card (automatic)
27984,9738-QLWTP,One year,No,Electronic check
27985,9739-JLPQJ,Two year,No,Credit card (automatic)
27986,9741-YLNTD,Month-to-month,Yes,Bank transfer (automatic)
27987,9742-XOKTS,One year,No,Electronic check
27988,9743-DQKQW,Month-to-month,No,Electronic check
27989,9746-MDMBK,One year,Yes,Bank transfer (automatic)
27990,9746-UGFAC,One year,No,Bank transfer (automatic)
27991,9746-YKGXB,One year,No,Bank transfer (automatic)
27992,9747-DDZOS,Month-to-month,No,Bank transfer (automatic)
27993,9750-BOOHV,One year,No,Mailed check
27994,9752-ZNQUT,Month-to-month,Yes,Electronic check
27995,9753-OYLBX,Month-to-month,No,Mailed check
27996,9754-CLVZW,Month-to-month,No,Credit card (automatic)
27997,9755-JHNMN,Two year,No,Bank transfer (automatic)
27998,9758-MFWGD,One year,No,Bank transfer (automatic)
27999,9761-XUJWD,Month-to-month,Yes,Bank transfer (automatic)
28000,9762-YAQAA,One year,No,Credit card (automatic)
28001,9763-GRSKD,Month-to-month,Yes,Mailed check
28002,9763-PDTKK,Month-to-month,Yes,Bank transfer (automatic)
28003,9764-REAFF,Two year,No,Bank transfer (automatic)
28004,9766-HGEDE,One year,No,Mailed check
28005,9767-FFLEM,Month-to-month,Yes,Credit card (automatic)
28006,9769-TSBZE,Two year,No,Electronic check
28007,9770-KXGQU,One year,No,Mailed check
28008,9770-LXDBK,Month-to-month,No,Mailed check
28009,9773-PEQBZ,Month-to-month,No,Electronic check
28010,9774-NRNAU,Month-to-month,Yes,Bank transfer (automatic)
28011,9776-CLUJA,Month-to-month,Yes,Electronic check
28012,9776-OJUZI,Month-to-month,Yes,Bank transfer (automatic)
28013,9777-IQHWP,Two year,No,Bank transfer (automatic)
28014,9777-WJJPR,Month-to-month,No,Credit card (automatic)
28015,9778-OGKQZ,Two year,Yes,Credit card (automatic)
28016,9779-DPNEJ,Month-to-month,Yes,Electronic check
28017,9780-FKVVF,Month-to-month,Yes,Bank transfer (automatic)
28018,9782-LGXMC,Month-to-month,No,Bank transfer (automatic)
28019,9786-IJYDL,Two year,Yes,Mailed check
28020,9786-YWNHU,Two year,No,Mailed check
28021,9787-XVQIU,Month-to-month,Yes,Electronic check
28022,9788-HNGUT,Two year,Yes,Credit card (automatic)
28023,9788-YTFGE,Month-to-month,Yes,Mailed check
28024,9793-WECQC,Month-to-month,No,Mailed check
28025,9795-NREXC,Two year,Yes,Credit card (automatic)
28026,9795-SHUHB,Two year,Yes,Credit card (automatic)
28027,9795-VOWON,One year,Yes,Credit card (automatic)
28028,9796-BPKIW,Month-to-month,Yes,Credit card (automatic)
28029,9796-MVYXX,Two year,No,Mailed check
28030,9798-DRYDS,One year,Yes,Mailed check
28031,9798-OPFEM,Two year,Yes,Electronic check
28032,9799-CAYJJ,Month-to-month,Yes,Electronic check
28033,9800-ONTFE,Month-to-month,Yes,Bank transfer (automatic)
28034,9800-OUIGR,Two year,No,Credit card (automatic)
28035,9801-GDWGV,Month-to-month,Yes,Electronic check
28036,9801-NOSHQ,One year,No,Mailed check
28037,9802-CAQUT,Two year,No,Credit card (automatic)
28038,9803-FTJCG,One year,Yes,Credit card (automatic)
28039,9804-ICWBG,Month-to-month,Yes,Electronic check
28040,9805-FILKB,One year,Yes,Bank transfer (automatic)
28041,9809-IMGCQ,Month-to-month,Yes,Electronic check
28042,9812-GHVRI,Month-to-month,No,Bank transfer (automatic)
28043,9814-AOUDH,Two year,No,Credit card (automatic)
28044,9817-APLHW,Month-to-month,No,Electronic check
28045,9818-XQCUV,Month-to-month,No,Mailed check
28046,9819-FBNSV,Month-to-month,Yes,Bank transfer (automatic)
28047,9820-RMCQV,Month-to-month,No,Credit card (automatic)
28048,9821-BESNZ,One year,Yes,Electronic check
28049,9821-POOTN,Month-to-month,Yes,Electronic check
28050,9822-BIIGN,Month-to-month,No,Electronic check
28051,9822-OAOVB,Month-to-month,Yes,Electronic check
28052,9822-WMWVG,Month-to-month,Yes,Electronic check
28053,9823-EALYC,Two year,Yes,Bank transfer (automatic)
28054,9824-BEMCV,Month-to-month,Yes,Electronic check
28055,9824-QCJPK,One year,No,Mailed check
28056,9825-YCXWZ,One year,Yes,Bank transfer (automatic)
28057,9828-AOQLM,Month-to-month,Yes,Electronic check
28058,9828-QHFBK,Month-to-month,Yes,Electronic check
28059,9830-ECLEN,One year,No,Mailed check
28060,9831-BPFRI,One year,Yes,Electronic check
28061,9833-TGFHX,One year,No,Electronic check
28062,9835-ZIITK,One year,Yes,Electronic check
28063,9837-BMCLM,Month-to-month,Yes,Electronic check
28064,9837-FWLCH,Month-to-month,Yes,Electronic check
28065,9838-BFCQT,Two year,No,Mailed check
28066,9839-ETQOE,Month-to-month,Yes,Electronic check
28067,9840-DVNDC,Month-to-month,Yes,Credit card (automatic)
28068,9840-EFJQB,Month-to-month,No,Electronic check
28069,9842-EFSYY,Month-to-month,Yes,Mailed check
28070,9844-FELAJ,One year,Yes,Electronic check
28071,9845-PEEKO,Two year,Yes,Credit card (automatic)
28072,9845-QOMAD,One year,No,Mailed check
28073,9846-GKXAS,Month-to-month,Yes,Bank transfer (automatic)
28074,9847-HNVGP,One year,No,Mailed check
28075,9848-JQJTX,Two year,Yes,Bank transfer (automatic)
28076,9850-OWRHQ,Month-to-month,Yes,Credit card (automatic)
28077,9851-KIELU,Month-to-month,Yes,Electronic check
28078,9851-QXEEQ,Month-to-month,Yes,Electronic check
28079,9853-JFZDU,Month-to-month,No,Electronic check
28080,9860-LISIZ,Month-to-month,No,Mailed check
28081,9861-PDSZP,Two year,Yes,Credit card (automatic)
28082,9862-KJTYK,Month-to-month,Yes,Credit card (automatic)
28083,9863-JZAIC,Month-to-month,No,Mailed check
28084,9866-OCCKE,Two year,Yes,Mailed check
28085,9866-QEVEE,Month-to-month,Yes,Bank transfer (automatic)
28086,9867-JCZSP,One year,No,Mailed check
28087,9867-NNXLC,Month-to-month,Yes,Mailed check
28088,9867-XOBQA,Two year,No,Mailed check
28089,9871-ELEYA,Two year,No,Credit card (automatic)
28090,9873-MNDKV,Month-to-month,Yes,Mailed check
28091,9874-QLCLH,Month-to-month,Yes,Electronic check
28092,9878-TNQGW,Month-to-month,Yes,Electronic check
28093,9880-TDQAC,Two year,Yes,Electronic check
28094,9881-VCZEP,Month-to-month,No,Electronic check
28095,9885-AIBVB,Month-to-month,Yes,Electronic check
28096,9885-CSMWE,Month-to-month,No,Electronic check
28097,9885-MFVSU,Two year,Yes,Credit card (automatic)
28098,9888-ZCUMM,Two year,Yes,Bank transfer (automatic)
28099,9889-TMAHG,Month-to-month,No,Credit card (automatic)
28100,9891-NQDBD,One year,No,Mailed check
28101,9894-EZEWG,Month-to-month,Yes,Credit card (automatic)
28102,9894-QMIMJ,One year,No,Bank transfer (automatic)
28103,9895-VFOXH,Month-to-month,No,Mailed check
28104,9896-UYMIE,One year,Yes,Bank transfer (automatic)
28105,9897-KXHCM,Month-to-month,Yes,Electronic check
28106,9898-KZQDZ,Month-to-month,Yes,Credit card (automatic)
28107,9903-LYSAB,Month-to-month,Yes,Electronic check
28108,9904-EHEVJ,Month-to-month,Yes,Mailed check
28109,9906-NHHVC,Two year,Yes,Bank transfer (automatic)
28110,9907-SWKKF,Month-to-month,No,Mailed check
28111,9909-DFRJA,One year,Yes,Bank transfer (automatic)
28112,9909-IDLEK,Month-to-month,No,Mailed check
28113,9912-GVSEQ,Month-to-month,Yes,Electronic check
28114,9912-OMZDS,One year,Yes,Electronic check
28115,9916-AYHTC,Two year,No,Credit card (automatic)
28116,9917-KWRBE,One year,Yes,Credit card (automatic)
28117,9919-FZDED,Two year,Yes,Credit card (automatic)
28118,9919-KNPOO,Month-to-month,Yes,Electronic check
28119,9919-YLNNG,Month-to-month,Yes,Bank transfer (automatic)
28120,9921-EZKBY,Month-to-month,Yes,Bank transfer (automatic)
28121,9921-QFQUL,Month-to-month,No,Mailed check
28122,9921-ZVRHG,Month-to-month,Yes,Electronic check
28123,9924-JPRMC,Two year,Yes,Electronic check
28124,9926-PJHDQ,Two year,Yes,Bank transfer (automatic)
28125,9927-DSWDF,Month-to-month,Yes,Electronic check
28126,9928-BZVLZ,Two year,No,Mailed check
28127,9929-PLVPA,Month-to-month,No,Credit card (automatic)
28128,9931-DCEZH,One year,Yes,Credit card (automatic)
28129,9931-KGHOA,Month-to-month,No,Bank transfer (automatic)
28130,9932-WBWIK,Month-to-month,No,Mailed check
28131,9933-QRGTX,Two year,Yes,Electronic check
28132,9938-EKRGF,Month-to-month,No,Mailed check
28133,9938-PRCVK,Two year,No,Bank transfer (automatic)
28134,9938-TKDGL,Two year,Yes,Electronic check
28135,9938-ZREHM,One year,No,Mailed check
28136,9940-HPQPG,Month-to-month,No,Bank transfer (automatic)
28137,9940-RHLFB,Month-to-month,No,Electronic check
28138,9943-VSZUV,Month-to-month,Yes,Mailed check
28139,9944-AEXBM,Month-to-month,Yes,Bank transfer (automatic)
28140,9944-HKVVB,Month-to-month,Yes,Electronic check
28141,9945-PSVIP,Two year,Yes,Mailed check
28142,9947-OTFQU,Month-to-month,Yes,Electronic check
28143,9948-YPTDG,Month-to-month,Yes,Electronic check
28144,9950-MTGYX,Two year,Yes,Credit card (automatic)
28145,9953-ZMKSM,Two year,No,Mailed check
28146,9955-QOPOY,One year,Yes,Credit card (automatic)
28147,9957-YODKZ,Month-to-month,Yes,Electronic check
28148,9958-MEKUC,Two year,No,Credit card (automatic)
28149,9959-WOFKT,Two year,No,Bank transfer (automatic)
28150,9961-JBNMK,Month-to-month,Yes,Bank transfer (automatic)
28151,9962-BFPDU,Month-to-month,No,Mailed check
28152,9964-WBQDJ,Two year,Yes,Credit card (automatic)
28153,9965-YOKZB,Month-to-month,Yes,Electronic check
28154,9967-ATRFS,Month-to-month,No,Mailed check
28155,9968-FFVVH,One year,No,Bank transfer (automatic)
28156,9970-QBCDA,Month-to-month,No,Credit card (automatic)
28157,9971-ZWPBF,Month-to-month,Yes,Electronic check
28158,9972-EWRJS,Two year,Yes,Bank transfer (automatic)
28159,9972-NKTFD,Month-to-month,No,Bank transfer (automatic)
28160,9972-VAFJJ,One year,Yes,Electronic check
28161,9974-JFBHQ,Month-to-month,Yes,Credit card (automatic)
28162,9975-GPKZU,Two year,No,Credit card (automatic)
28163,9975-SKRNR,Month-to-month,No,Mailed check
28164,9978-HYCIN,One year,Yes,Bank transfer (automatic)
28165,9979-RGMZT,One year,Yes,Mailed check
28166,9985-MWVIX,Month-to-month,Yes,Mailed check
28167,9986-BONCE,Month-to-month,No,Bank transfer (automatic)
28168,9987-LUTYD,One year,No,Mailed check
28169,9992-RRAMN,Month-to-month,Yes,Electronic check
28170,9992-UJOEL,Month-to-month,Yes,Mailed check
28171,9993-LHIEB,Two year,No,Mailed check
28172,9995-HOTOH,Two year,No,Electronic check
