ServiceID,CustomerID,PhoneService,MultipleLines,InternetService,OnlineSecurity,OnlineBackup,DeviceProtection,TechSupport,StreamingTV,StreamingMovies
14087,0002-ORFBO,Yes,No,DSL,No,Yes,No,Yes,Yes,No
14088,0003-MKNFE,Yes,Yes,DSL,No,No,No,No,No,Yes
14089,0004-TLHLJ,Yes,No,Fiber optic,No,No,Yes,No,No,No
14090,0011-IGKFF,Yes,No,Fiber optic,No,Yes,Yes,No,Yes,Yes
14091,0013-EXCHZ,Yes,No,Fiber optic,No,No,No,Yes,Yes,No
14092,0013-MHZWF,Yes,No,DSL,No,No,No,Yes,Yes,Yes
14093,0013-SMEOE,Yes,No,Fiber optic,Yes,Yes,Yes,Yes,Yes,Yes
14094,0014-BMAQU,Yes,Yes,Fiber optic,Yes,No,No,Yes,No,No
14095,0015-UOCOJ,Yes,No,DSL,Yes,No,No,No,No,No
14096,0016-QLJIS,Yes,Yes,DSL,Yes,Yes,Yes,Yes,Yes,Yes
14097,0017-DINOC,No,No phone service,DSL,Yes,No,No,Yes,Yes,No
14098,0017-IUDMW,Yes,Yes,Fiber optic,Yes,Yes,Yes,Yes,Yes,Yes
14099,0018-NYROU,Yes,No,Fiber optic,No,No,No,No,No,No
14100,0019-EFAEP,Yes,Yes,Fiber optic,Yes,Yes,Yes,No,Yes,No
14101,0019-GFNTW,No,No phone service,DSL,Yes,Yes,Yes,Yes,No,No
14102,0020-INWCK,Yes,Yes,Fiber optic,No,Yes,Yes,No,No,Yes
14103,0020-JDNXP,No,No phone service,DSL,Yes,No,Yes,Yes,Yes,Yes
14104,0021-IKXGC,Yes,Yes,Fiber optic,No,No,No,No,No,No
14105,0022-TCJCI,Yes,No,DSL,Yes,No,Yes,No,No,Yes
14106,0023-HGHWL,No,No phone service,DSL,No,No,No,No,No,No
14107,0023-UYUPN,Yes,Yes,No,No internet service,No internet service,No internet service,No internet service,No internet service,No internet service
14108,0023-XUOPT,Yes,Yes,Fiber optic,No,Yes,Yes,No,Yes,No
14109,0027-KWYKW,Yes,Yes,Fiber optic,No,No,No,No,Yes,No
14110,0030-FNXPP,Yes,No,No,No internet service,No internet service,No internet service,No internet service,No internet service,No internet service
14111,0031-PVLZI,Yes,No,No,No internet service,No internet service,No internet service,No internet service,No internet service,No internet service
14112,0032-PGELS,No,No phone service,DSL,Yes,No,No,No,No,No
14113,0036-IHMOT,Yes,No,Fiber optic,No,Yes,Yes,Yes,Yes,Yes
14114,0040-HALCW,Yes,No,No,No internet service,No internet service,No internet service,No internet service,No internet service,No internet service
14115,0042-JVWOJ,Yes,No,No,No internet service,No internet service,No internet service,No internet service,No internet service,No internet service
14116,0042-RLHYP,Yes,No,No,No internet service,No internet service,No internet service,No internet service,No internet service,No internet service
14117,0048-LUMLS,Yes,No,Fiber optic,No,No,No,No,Yes,Yes
14118,0048-PIHNL,Yes,No,No,No internet service,No internet service,No internet service,No internet service,No internet service,No internet service
14119,0052-DCKON,Yes,Yes,Fiber optic,Yes,Yes,Yes,Yes,Yes,Yes
14120,0052-YNYOT,Yes,No,No,No internet service,No internet service,No internet service,No internet service,No internet service,No internet service
14121,0056-EPFBG,No,No phone service,DSL,Yes,No,Yes,Yes,No,No
14122,0057-QBUQH,Yes,Yes,No,No internet service,No internet service,No internet service,No internet service,No internet service,No internet service
14123,0058-EVZWM,Yes,Yes,Fiber optic,Yes,No,No,No,Yes,No
14124,0060-FUALY,Yes,Yes,Fiber optic,Yes,Yes,No,No,Yes,No
14125,0064-SUDOG,Yes,No,No,No internet service,No internet service,No internet service,No internet service,No internet service,No internet service
14126,0064-YIJGF,Yes,Yes,Fiber optic,No,No,No,No,No,No
14127,0067-DKWBL,Yes,No,DSL,Yes,No,No,No,No,No
14128,0068-FIGTF,Yes,No,DSL,No,Yes,Yes,Yes,Yes,Yes
14129,0071-NDAFP,Yes,Yes,No,No internet service,No internet service,No internet service,No internet service,No internet service,No internet service
14130,0074-HDKDG,Yes,No,DSL,Yes,Yes,Yes,No,No,No
14131,0076-LVEPS,No,No phone service,DSL,Yes,Yes,Yes,Yes,No,No
14132,0078-XZMHT,Yes,Yes,DSL,No,Yes,Yes,Yes,Yes,Yes
14133,0080-EMYVY,Yes,No,DSL,No,Yes,No,No,No,No
14134,0080-OROZO,Yes,No,Fiber optic,No,No,Yes,Yes,Yes,Yes
14135,0082-LDZUE,Yes,No,DSL,No,No,No,No,No,No
14136,0082-OQIQY,Yes,No,Fiber optic,No,No,No,Yes,Yes,Yes
14137,0083-PIVIK,Yes,Yes,DSL,Yes,Yes,Yes,Yes,Yes,No
14138,0089-IIQKO,Yes,Yes,Fiber optic,No,No,No,Yes,Yes,Yes
14139,0093-EXYQL,Yes,No,Fiber optic,No,No,No,No,Yes,Yes
14140,0093-XWZFY,Yes,Yes,Fiber optic,No,Yes,Yes,No,Yes,Yes
14141,0094-OIFMO,Yes,No,Fiber optic,No,Yes,No,No,Yes,Yes
14142,0096-BXERS,Yes,Yes,DSL,No,No,No,No,No,No
14143,0096-FCPUF,Yes,Yes,DSL,Yes,No,No,No,No,Yes
14144,0098-BOWSO,Yes,No,No,No internet service,No internet service,No internet service,No internet service,No internet service,No internet service
14145,0100-DUVFC,Yes,Yes,Fiber optic,No,Yes,Yes,No,Yes,Yes
14146,0103-CSITQ,Yes,Yes,Fiber optic,No,Yes,Yes,Yes,Yes,Yes
14147,0104-PPXDV,Yes,No,DSL,No,No,Yes,No,No,No
14148,0106-GHRQR,Yes,Yes,DSL,No,Yes,Yes,No,No,Yes
14149,0106-UGRDO,Yes,Yes,Fiber optic,Yes,Yes,Yes,Yes,Yes,Yes
14150,0107-WESLM,Yes,No,No,No internet service,No internet service,No internet service,No internet service,No internet service,No internet service
14151,0107-YHINA,Yes,Yes,Fiber optic,No,No,Yes,No,Yes,Yes
14152,0111-KLBQG,Yes,No,Fiber optic,No,Yes,No,No,Yes,Yes
14153,0112-QAWRZ,Yes,Yes,Fiber optic,No,No,Yes,No,Yes,No
14154,0112-QWPNC,Yes,Yes,DSL,Yes,No,Yes,Yes,Yes,Yes
14155,0114-IGABW,No,No phone service,DSL,No,Yes,Yes,Yes,Yes,Yes
14156,0114-PEGZZ,Yes,Yes,Fiber optic,No,Yes,Yes,No,Yes,Yes
14157,0114-RSRRW,Yes,No,No,No internet service,No internet service,No internet service,No internet service,No internet service,No internet service
14158,0115-TFERT,Yes,Yes,Fiber optic,No,Yes,Yes,Yes,Yes,Yes
14159,0117-LFRMW,No,No phone service,DSL,Yes,Yes,Yes,No,No,No
14160,0118-JPNOY,Yes,No,Fiber optic,Yes,No,No,No,Yes,No
14161,0121-SNYRK,No,No phone service,DSL,Yes,No,No,Yes,No,No
14162,0122-OAHPZ,Yes,Yes,Fiber optic,No,No,No,No,No,No
14163,0123-CRBRT,Yes,Yes,DSL,Yes,Yes,Yes,Yes,Yes,Yes
14164,0125-LZQXK,Yes,No,Fiber optic,No,No,Yes,Yes,Yes,Yes
14165,0128-MKWSG,No,No phone service,DSL,Yes,No,No,Yes,No,Yes
14166,0129-KPTWJ,Yes,No,Fiber optic,No,No,Yes,No,Yes,Yes
14167,0129-QMPDR,Yes,No,No,No internet service,No internet service,No internet service,No internet service,No internet service,No internet service
14168,0130-SXOUN,Yes,Yes,Fiber optic,No,Yes,No,No,No,Yes
14169,0133-BMFZO,Yes,No,Fiber optic,Yes,Yes,No,Yes,No,No
14170,0134-XWXCE,Yes,No,DSL,No,No,Yes,Yes,Yes,Yes
14171,0135-NMXAP,Yes,Yes,Fiber optic,No,Yes,No,No,Yes,No
14172,0136-IFMYD,Yes,Yes,Fiber optic,No,Yes,Yes,Yes,Yes,Yes
14173,0137-OCGAB,Yes,Yes,Fiber optic,No,Yes,No,No,No,No
14174,0137-UDEUO,Yes,No,No,No internet service,No internet service,No internet service,No internet service,No internet service,No internet service
14175,0139-IVFJG,Yes,No,Fiber optic,Yes,Yes,No,No,Yes,No
14176,0141-YEAYS,Yes,Yes,Fiber optic,No,Yes,Yes,No,No,No
14177,0142-GVYSN,Yes,No,No,No internet service,No internet service,No internet service,No internet service,No internet service,No internet service
14178,0147-ESWWR,Yes,Yes,Fiber optic,No,No,No,Yes,Yes,Yes
14179,0148-DCDOS,Yes,Yes,Fiber optic,No,No,No,No,Yes,Yes
14180,0151-ONTOV,Yes,No,Fiber optic,No,No,No,No,No,No
14181,0156-FVPTA,Yes,No,DSL,Yes,No,No,Yes,No,No
14182,0164-APGRB,Yes,Yes,Fiber optic,Yes,Yes,Yes,Yes,Yes,Yes
14183,0164-XAIRP,Yes,No,No,No internet service,No internet service,No internet service,No internet service,No internet service,No internet service
14184,0168-XZKBB,Yes,Yes,Fiber optic,No,No,No,No,Yes,No
14185,0174-QRVVY,Yes,Yes,No,No internet service,No internet service,No internet service,No internet service,No internet service,No internet service
14186,0177-PXBAT,Yes,Yes,Fiber optic,Yes,No,Yes,Yes,Yes,Yes
14187,0178-CIIKR,Yes,No,No,No internet service,No internet service,No internet service,No internet service,No internet service,No internet service
14188,0178-SZBHO,Yes,Yes,Fiber optic,No,Yes,No,No,Yes,No
14189,0181-RITDD,Yes,No,Fiber optic,Yes,Yes,Yes,Yes,Yes,Yes
14190,0186-CAERR,Yes,Yes,Fiber optic,Yes,Yes,Yes,Yes,Yes,Yes
14191,0187-QSXOE,Yes,No,Fiber optic,No,No,No,No,Yes,Yes
14192,0187-WZNAB,Yes,No,Fiber optic,Yes,No,No,No,No,No
14193,0188-GWFLE,Yes,No,No,No internet service,No internet service,No internet service,No internet service,No internet service,No internet service
14194,0191-EQUUH,No,No phone service,DSL,Yes,No,No,Yes,No,No
14195,0191-ZHSKZ,Yes,No,DSL,Yes,Yes,No,No,Yes,Yes
14196,0193-ESZXP,Yes,No,Fiber optic,Yes,Yes,No,Yes,Yes,Yes
14197,0195-IESCP,Yes,Yes,Fiber optic,No,No,No,No,No,Yes
14198,0196-JTUQI,Yes,Yes,Fiber optic,No,No,No,No,No,No
14199,0196-VULGZ,Yes,Yes,Fiber optic,No,No,No,No,No,Yes
14200,0197-PNKNK,Yes,Yes,Fiber optic,Yes,No,Yes,No,No,No
14201,0201-MIBOL,Yes,Yes,Fiber optic,Yes,No,No,No,Yes,Yes
14202,0201-OAMXR,Yes,Yes,Fiber optic,Yes,Yes,Yes,Yes,Yes,Yes
14203,0203-HHYIJ,Yes,Yes,No,No internet service,No internet service,No internet service,No internet service,No internet service,No internet service
14204,0206-OYVOC,Yes,No,No,No internet service,No internet service,No internet service,No internet service,No internet service,No internet service
14205,0206-TBWLC,Yes,Yes,Fiber optic,Yes,Yes,Yes,Yes,Yes,Yes
14206,0207-MDKNV,Yes,No,Fiber optic,Yes,No,Yes,Yes,Yes,Yes
14207,0208-BPQEJ,Yes,No,No,No internet service,No internet service,No internet service,No internet service,No internet service,No internet service
14208,0212-ISBBF,No,No phone service,DSL,No,Yes,No,No,Yes,Yes
14209,0214-JHPFW,No,No phone service,DSL,No,Yes,Yes,Yes,Yes,Yes
14210,0215-BQKGS,Yes,No,Fiber optic,Yes,Yes,Yes,No,No,No
14211,0218-QNVAS,Yes,Yes,Fiber optic,No,Yes,No,No,Yes,Yes
14212,0219-QAERP,Yes,No,No,No internet service,No internet service,No internet service,No internet service,No internet service,No internet service
14213,0219-YTZUE,Yes,Yes,Fiber optic,No,Yes,Yes,No,No,No
14214,0220-EBGCE,Yes,No,Fiber optic,No,No,Yes,No,No,Yes
14215,0221-NAUXK,Yes,No,No,No internet service,No internet service,No internet service,No internet service,No internet service,No internet service
14216,0221-WMXNQ,Yes,No,Fiber optic,Yes,No,No,No,No,No
14217,0222-CNVPT,No,No phone service,DSL,Yes,No,No,No,Yes,Yes
14218,0224-HJAPT,Yes,Yes,DSL,No,No,No,No,No,No
14219,0224-NIJLP,Yes,No,No,No internet service,No internet service,No internet service,No internet service,No internet service,No internet service
14220,0224-RLWWD,Yes,No,DSL,No,No,No,No,No,No
14221,0225-ZORZP,Yes,No,Fiber optic,No,Yes,No,No,No,Yes
14222,0228-MAUWC,Yes,Yes,DSL,No,No,Yes,Yes,No,No
14223,0229-LFJAF,Yes,Yes,DSL,Yes,Yes,Yes,Yes,No,No
14224,0230-UBYPQ,No,No phone service,DSL,Yes,No,No,Yes,No,No
14225,0230-WEQUW,No,No phone service,DSL,Yes,Yes,Yes,Yes,Yes,No
14226,0231-LXVAP,Yes,No,Fiber optic,No,No,No,Yes,No,No
14227,0233-FTHAV,Yes,Yes,Fiber optic,No,No,Yes,No,No,No
14228,0234-TEVTT,No,No phone service,DSL,Yes,No,Yes,No,No,Yes
14229,0235-KGSLC,Yes,No,Fiber optic,No,No,Yes,No,Yes,No
14230,0236-HFWSV,Yes,Yes,Fiber optic,No,No,No,No,Yes,Yes
14231,0237-YFUTL,Yes,Yes,Fiber optic,Yes,Yes,No,Yes,Yes,Yes
14232,0238-WHBIQ,Yes,Yes,DSL,Yes,Yes,Yes,Yes,Yes,Yes
14233,0239-OXEXL,Yes,Yes,Fiber optic,Yes,Yes,No,No,No,No
14234,0244-LGNFY,Yes,Yes,DSL,Yes,Yes,Yes,Yes,Yes,Yes
14235,0247-SLUJI,Yes,No,No,No internet service,No internet service,No internet service,No internet service,No internet service,No internet service
14236,0248-IPDFW,Yes,Yes,DSL,No,No,No,No,No,No
14237,0248-PGHBZ,Yes,No,Fiber optic,Yes,Yes,No,Yes,Yes,No
14238,0253-ZTEOB,Yes,Yes,DSL,No,Yes,No,Yes,Yes,Yes
14239,0254-FNMCI,Yes,No,Fiber optic,Yes,Yes,Yes,Yes,Yes,Yes
14240,0254-KCJGT,Yes,Yes,DSL,Yes,Yes,Yes,Yes,No,Yes
14241,0254-WWRKD,Yes,No,DSL,No,Yes,No,No,No,No
14242,0256-LTHVJ,Yes,No,Fiber optic,No,No,No,No,No,Yes
14243,0257-KXZGU,Yes,Yes,DSL,No,Yes,Yes,No,No,No
14244,0257-ZESQC,Yes,No,Fiber optic,Yes,No,No,No,No,No
14245,0258-NOKBL,Yes,No,Fiber optic,No,Yes,Yes,No,No,Yes
14246,0259-GBZSH,Yes,Yes,Fiber optic,No,No,No,No,Yes,No
14247,0260-ZDLGK,Yes,No,DSL,No,No,Yes,Yes,Yes,Yes
14248,0263-FJTQO,Yes,Yes,DSL,Yes,No,No,Yes,Yes,No
14249,0264-CNITK,Yes,No,No,No internet service,No internet service,No internet service,No internet service,No internet service,No internet service
14250,0265-EDXBD,Yes,Yes,Fiber optic,No,No,No,No,No,No
14251,0265-PSUAE,Yes,No,Fiber optic,Yes,No,Yes,No,Yes,Yes
14252,0266-CLZKZ,Yes,Yes,Fiber optic,No,No,Yes,Yes,Yes,Yes
14253,0266-GMEAO,Yes,Yes,Fiber optic,Yes,Yes,Yes,Yes,Yes,Yes
14254,0268-QKIWO,Yes,No,No,No internet service,No internet service,No internet service,No internet service,No internet service,No internet service
14255,0269-XFESX,Yes,Yes,No,No internet service,No internet service,No internet service,No internet service,No internet service,No internet service
14256,0270-THENM,Yes,Yes,DSL,Yes,Yes,Yes,Yes,No,No
14257,0274-JKUJR,No,No phone service,DSL,Yes,Yes,Yes,No,Yes,Yes
14258,0277-BKSQP,Yes,No,DSL,No,No,No,No,Yes,No
14259,0277-ORXQS,No,No phone service,DSL,No,No,No,Yes,Yes,Yes
14260,0278-YXOOG,Yes,No,No,No internet service,No internet service,No internet service,No internet service,No internet service,No internet service
14261,0280-XJGEX,Yes,Yes,Fiber optic,No,Yes,Yes,No,Yes,Yes
14262,0281-CNTZX,Yes,No,No,No internet service,No internet service,No internet service,No internet service,No internet service,No internet service
14263,0282-NVSJS,No,No phone service,DSL,No,No,No,Yes,No,No
14264,0285-INHLN,Yes,No,DSL,Yes,Yes,No,No,No,No
14265,0289-IVARM,Yes,No,DSL,Yes,Yes,Yes,No,No,No
14266,0292-WEGCH,Yes,Yes,DSL,No,Yes,Yes,Yes,Yes,Yes
14267,0295-PPHDO,Yes,Yes,Fiber optic,No,No,No,No,Yes,Yes
14268,0295-QVKPB,Yes,No,DSL,No,No,Yes,Yes,Yes,No
14269,0297-RBCSG,Yes,No,DSL,No,Yes,No,Yes,No,Yes
14270,0298-XACET,No,No phone service,DSL,No,Yes,Yes,Yes,Yes,No
14271,0301-FIDRB,No,No phone service,DSL,Yes,Yes,Yes,Yes,Yes,Yes
14272,0301-KOBTQ,Yes,No,No,No internet service,No internet service,No internet service,No internet service,No internet service,No internet service
14273,0302-JOIVN,Yes,No,Fiber optic,No,Yes,Yes,No,Yes,Yes
14274,0303-UNCIP,Yes,Yes,DSL,No,No,Yes,No,No,Yes
14275,0303-WMMRN,Yes,No,No,No internet service,No internet service,No internet service,No internet service,No internet service,No internet service
14276,0305-SQECB,No,No phone service,DSL,Yes,No,No,Yes,No,No
14277,0306-JAELE,Yes,No,Fiber optic,No,No,No,Yes,Yes,Yes
14278,0307-BCOPK,Yes,No,No,No internet service,No internet service,No internet service,No internet service,No internet service,No internet service
14279,0308-GIQJT,Yes,Yes,Fiber optic,No,Yes,No,Yes,Yes,Yes
14280,0308-IVGOK,No,No phone service,DSL,No,Yes,Yes,Yes,No,No
14281,0310-MVLET,Yes,Yes,Fiber optic,No,Yes,No,No,Yes,Yes
14282,0310-SUCIN,Yes,No,DSL,Yes,Yes,Yes,Yes,Yes,Yes
14283,0310-VQXAM,Yes,No,No,No internet service,No internet service,No internet service,No internet service,No internet service,No internet service
14284,0311-QYWSS,Yes,No,DSL,Yes,No,No,No,No,No
14285,0311-UNPFF,Yes,No,Fiber optic,No,No,No,No,Yes,Yes
14286,0314-TKOSI,Yes,No,DSL,Yes,Yes,No,No,No,No
14287,0315-LVCRK,Yes,No,Fiber optic,No,No,Yes,No,No,Yes
14288,0318-QUUOB,Yes,No,Fiber optic,No,No,No,No,Yes,No
14289,0318-ZOPWS,Yes,No,No,No internet service,No internet service,No internet service,No internet service,No internet service,No internet service
14290,0319-QZTCO,Yes,No,DSL,No,Yes,No,No,Yes,No
14291,0320-DWVTU,Yes,No,Fiber optic,Yes,Yes,Yes,Yes,No,Yes
14292,0320-JDNQG,Yes,No,Fiber optic,Yes,No,No,Yes,Yes,Yes
14293,0322-CHQRU,Yes,No,DSL,No,No,No,No,No,No
14294,0322-YINQP,Yes,No,DSL,Yes,No,No,No,No,No
14295,0323-XWWTN,Yes,Yes,No,No internet service,No internet service,No internet service,No internet service,No internet service,No internet service
14296,0324-BRPCJ,Yes,Yes,Fiber optic,No,Yes,No,No,Yes,Yes
14297,0325-XBFAC,Yes,No,Fiber optic,No,No,Yes,No,Yes,Yes
14298,0326-VDYXE,Yes,Yes,Fiber optic,No,No,Yes,No,Yes,Yes
14299,0327-WFZSY,Yes,Yes,Fiber optic,No,No,Yes,No,Yes,Yes
14300,0328-GRPMV,Yes,No,Fiber optic,No,No,No,No,No,No
14301,0329-GTIAJ,Yes,No,Fiber optic,No,Yes,No,Yes,Yes,Yes
14302,0330-BGYZE,Yes,Yes,Fiber optic,No,Yes,Yes,No,Yes,Yes
14303,0330-IVZHA,Yes,No,Fiber optic,No,No,No,No,No,No
14304,0334-GDDSO,Yes,Yes,Fiber optic,No,Yes,No,No,No,No
14305,0334-ZFJSR,Yes,Yes,DSL,Yes,Yes,No,Yes,No,No
14306,0336-KXKFK,No,No phone service,DSL,Yes,No,Yes,Yes,Yes,Yes
14307,0336-PIKEI,Yes,No,DSL,Yes,Yes,Yes,Yes,Yes,No
14308,0337-CNPZE,Yes,Yes,Fiber optic,No,Yes,Yes,No,Yes,Yes
14309,0343-QLUZP,No,No phone service,DSL,Yes,Yes,Yes,No,No,No
14310,0345-HKJVM,Yes,No,Fiber optic,No,No,No,No,Yes,Yes
14311,0345-XMMUG,Yes,Yes,Fiber optic,No,Yes,Yes,Yes,Yes,Yes
14312,0347-UBKUZ,Yes,No,No,No internet service,No internet service,No internet service,No internet service,No internet service,No internet service
14313,0348-SDKOL,Yes,Yes,Fiber optic,No,No,Yes,Yes,Yes,Yes
14314,0354-VXMJC,Yes,No,No,No internet service,No internet service,No internet service,No internet service,No internet service,No internet service
14315,0354-WYROK,Yes,No,Fiber optic,No,No,Yes,Yes,Yes,Yes
14316,0356-ERHVT,Yes,No,DSL,No,No,No,No,No,No
14317,0356-OBMAC,Yes,Yes,Fiber optic,No,Yes,Yes,Yes,Yes,No
14318,0357-NVCRI,Yes,No,No,No internet service,No internet service,No internet service,No internet service,No internet service,No internet service
14319,0361-HJRDX,No,No phone service,DSL,Yes,Yes,Yes,Yes,Yes,Yes
14320,0362-RAOQO,Yes,No,No,No internet service,No internet service,No internet service,No internet service,No internet service,No internet service
14321,0362-ZBZWJ,Yes,Yes,Fiber optic,No,No,No,No,No,Yes
14322,0363-QJVFX,Yes,Yes,Fiber optic,Yes,Yes,No,Yes,Yes,Yes
14323,0363-SVHYR,Yes,Yes,DSL,Yes,Yes,Yes,Yes,Yes,Yes
14324,0365-BZUWY,Yes,Yes,Fiber optic,No,Yes,Yes,No,Yes,Yes
14325,0365-GXEZS,Yes,No,Fiber optic,No,No,Yes,Yes,No,No
14326,0365-TRTPY,Yes,Yes,Fiber optic,Yes,Yes,Yes,No,No,No
14327,0366-NQSHS,Yes,No,No,No internet service,No internet service,No internet service,No internet service,No internet service,No internet service
14328,0369-ZGOVK,Yes,No,Fiber optic,No,No,No,No,No,No
14329,0373-AIVNJ,No,No phone service,DSL,Yes,Yes,Yes,No,No,No
14330,0374-AACSZ,Yes,No,DSL,Yes,No,No,No,No,No
14331,0374-FIUCA,Yes,No,No,No internet service,No internet service,No internet service,No internet service,No internet service,No internet service
14332,0374-IOEGQ,Yes,No,DSL,No,No,No,No,No,No
14333,0375-HVGXO,No,No phone service,DSL,No,No,No,No,Yes,No
14334,0376-OIWME,Yes,No,Fiber optic,Yes,No,No,No,Yes,Yes
14335,0376-YMCJC,Yes,Yes,Fiber optic,No,No,No,Yes,Yes,No
14336,0377-JBKKT,Yes,No,DSL,Yes,Yes,No,Yes,No,No
14337,0378-CJKPV,Yes,Yes,Fiber optic,Yes,Yes,Yes,Yes,Yes,Yes
14338,0378-NHQXU,Yes,Yes,Fiber optic,No,No,Yes,No,Yes,No
14339,0378-TOVMS,Yes,No,Fiber optic,No,No,No,Yes,No,Yes
14340,0378-XSZPU,Yes,No,DSL,Yes,Yes,Yes,No,No,No
14341,0379-DJQHR,Yes,No,DSL,Yes,Yes,Yes,No,Yes,Yes
14342,0380-NEAVX,Yes,No,Fiber optic,No,Yes,Yes,No,Yes,Yes
14343,0380-ZCSBI,Yes,No,No,No internet service,No internet service,No internet service,No internet service,No internet service,No internet service
14344,0383-CLDDA,Yes,Yes,DSL,Yes,No,Yes,Yes,Yes,Yes
14345,0384-LPITE,No,No phone service,DSL,Yes,Yes,Yes,No,Yes,Yes
14346,0384-RVBPI,Yes,No,DSL,Yes,No,Yes,No,No,Yes
14347,0386-CWRGM,Yes,No,No,No internet service,No internet service,No internet service,No internet service,No internet service,No internet service
14348,0388-EOPEX,Yes,No,Fiber optic,Yes,No,No,No,No,No
14349,0390-DCFDQ,Yes,No,Fiber optic,No,No,No,No,No,No
14350,0392-BZIUW,Yes,Yes,Fiber optic,Yes,No,Yes,No,Yes,Yes
14351,0394-YONDK,Yes,Yes,No,No internet service,No internet service,No internet service,No internet service,No internet service,No internet service
14352,0396-HUJBP,Yes,No,No,No internet service,No internet service,No internet service,No internet service,No internet service,No internet service
14353,0396-UKGAI,Yes,No,DSL,No,Yes,No,Yes,No,No
14354,0396-YCHWO,Yes,Yes,Fiber optic,No,No,No,No,Yes,Yes
14355,0397-GZBBC,Yes,Yes,Fiber optic,No,No,No,No,Yes,Yes
14356,0397-ZXWQF,Yes,No,No,No internet service,No internet service,No internet service,No internet service,No internet service,No internet service
14357,0401-WDBXM,Yes,Yes,Fiber optic,Yes,No,Yes,No,Yes,Yes
14358,0402-CQAJN,Yes,Yes,Fiber optic,No,Yes,Yes,No,Yes,Yes
14359,0402-OAMEN,Yes,Yes,No,No internet service,No internet service,No internet service,No internet service,No internet service,No internet service
14360,0404-AHASP,Yes,No,No,No internet service,No internet service,No internet service,No internet service,No internet service,No internet service
14361,0404-SWRVG,Yes,Yes,Fiber optic,No,No,No,No,No,No
14362,0406-BPDVR,Yes,Yes,Fiber optic,No,Yes,No,No,Yes,Yes
14363,0407-BDJKB,Yes,Yes,Fiber optic,No,Yes,Yes,No,Yes,No
14364,0409-WTMPL,Yes,Yes,Fiber optic,Yes,Yes,Yes,No,Yes,Yes
14365,0410-IPFTY,Yes,No,Fiber optic,No,Yes,No,No,No,Yes
14366,0411-EZJZE,Yes,Yes,DSL,No,No,No,No,Yes,No
14367,0412-UCCNP,Yes,No,DSL,Yes,No,Yes,Yes,No,No
14368,0415-MOSGF,Yes,No,DSL,No,No,No,No,No,No
14369,0419-YAAPX,Yes,No,Fiber optic,No,Yes,No,No,Yes,No
14370,0420-BWTPW,No,No phone service,DSL,No,No,No,No,No,No
14371,0420-HLGXF,Yes,Yes,Fiber optic,No,No,Yes,No,Yes,Yes
14372,0420-TXVSG,Yes,Yes,DSL,Yes,Yes,Yes,No,No,No
14373,0422-OHQHQ,Yes,No,No,No internet service,No internet service,No internet service,No internet service,No internet service,No internet service
14374,0422-UXFAP,Yes,Yes,Fiber optic,No,No,Yes,No,Yes,Yes
14375,0423-UDIJQ,Yes,No,DSL,No,No,No,Yes,No,No
14376,0426-TIRNE,Yes,No,No,No internet service,No internet service,No internet service,No internet service,No internet service,No internet service
14377,0428-AXXLJ,Yes,No,No,No internet service,No internet service,No internet service,No internet service,No internet service,No internet service
14378,0428-IKYCP,Yes,No,Fiber optic,No,No,Yes,No,Yes,No
14379,0430-IHCDJ,Yes,Yes,DSL,No,No,No,No,No,No
14380,0431-APWVY,Yes,No,Fiber optic,No,No,No,No,Yes,Yes
14381,0432-CAJZV,Yes,No,Fiber optic,No,No,No,No,Yes,Yes
14382,0434-CSFON,Yes,Yes,Fiber optic,No,No,Yes,No,Yes,Yes
14383,0436-TWFFZ,Yes,Yes,DSL,Yes,No,Yes,Yes,Yes,Yes
14384,0439-IFYUN,Yes,No,Fiber optic,No,Yes,No,No,No,No
14385,0440-EKDCF,Yes,No,DSL,No,Yes,Yes,Yes,No,No
14386,0440-MOGPM,Yes,Yes,DSL,No,Yes,Yes,No,Yes,Yes
14387,0440-QEXBZ,Yes,Yes,DSL,No,No,No,No,No,No
14388,0440-UEDAI,Yes,No,Fiber optic,No,Yes,Yes,Yes,No,Yes
14389,0442-TDYUO,Yes,No,No,No internet service,No internet service,No internet service,No internet service,No internet service,No internet service
14390,0442-ZXKVS,Yes,Yes,Fiber optic,Yes,Yes,Yes,Yes,Yes,Yes
14391,0447-BEMNG,No,No phone service,DSL,Yes,No,Yes,No,No,Yes
14392,0447-RXSGD,Yes,Yes,Fiber optic,No,Yes,No,No,Yes,Yes
14393,0454-OKRCT,Yes,No,Fiber optic,No,Yes,No,Yes,No,No
14394,0455-ENTCR,Yes,Yes,DSL,Yes,Yes,No,Yes,Yes,Yes
14395,0455-XFASS,Yes,No,Fiber optic,No,No,No,No,No,No
14396,0458-HEUZG,No,No phone service,DSL,No,No,Yes,Yes,No,No
14397,0459-SPZHJ,Yes,Yes,DSL,Yes,Yes,Yes,No,Yes,Yes
14398,0461-CVKMU,Yes,No,Fiber optic,No,Yes,Yes,Yes,No,No
14399,0463-TXOAK,Yes,Yes,No,No internet service,No internet service,No internet service,No internet service,No internet service,No internet service
14400,0463-WZZKO,Yes,No,No,No internet service,No internet service,No internet service,No internet service,No internet service,No internet service
14401,0463-ZSDNT,Yes,No,DSL,No,No,No,No,No,Yes
14402,0464-WJTKO,Yes,No,No,No internet service,No internet service,No internet service,No internet service,No internet service,No internet service
14403,0468-YRPXN,Yes,No,Fiber optic,No,No,Yes,Yes,Yes,Yes
14404,0471-ARVMX,Yes,Yes,Fiber optic,Yes,No,Yes,No,Yes,Yes
14405,0471-LVHGK,Yes,Yes,DSL,No,No,Yes,No,Yes,Yes
14406,0475-RIJEP,Yes,Yes,Fiber optic,No,Yes,No,No,No,No
14407,0479-HMSWA,Yes,No,Fiber optic,No,Yes,Yes,Yes,Yes,Yes
14408,0480-BIXDE,Yes,No,Fiber optic,No,No,Yes,No,Yes,Yes
14409,0480-KYJVA,Yes,Yes,No,No internet service,No internet service,No internet service,No internet service,No internet service,No internet service
14410,0481-SUMCB,Yes,Yes,Fiber optic,No,No,Yes,No,Yes,Yes
14411,0484-FFVBJ,Yes,No,DSL,No,No,No,No,Yes,Yes
14412,0484-JPBRU,Yes,Yes,No,No internet service,No internet service,No internet service,No internet service,No internet service,No internet service
14413,0485-ZBSLN,Yes,Yes,No,No internet service,No internet service,No internet service,No internet service,No internet service,No internet service
14414,0486-HECZI,Yes,Yes,Fiber optic,Yes,Yes,No,No,Yes,No
14415,0486-LGCCH,Yes,No,No,No internet service,No internet service,No internet service,No internet service,No internet service,No internet service
14416,0487-CRLZF,Yes,No,DSL,No,No,Yes,Yes,Yes,Yes
14417,0487-RPVUM,Yes,Yes,Fiber optic,Yes,No,Yes,Yes,Yes,No
14418,0487-VVUVK,Yes,No,No,No internet service,No internet service,No internet service,No internet service,No internet service,No internet service
14419,0488-GSLFR,Yes,No,Fiber optic,No,No,No,No,No,No
14420,0489-WMEMG,Yes,No,DSL,No,No,No,Yes,No,No
14421,0491-KAPQG,Yes,Yes,Fiber optic,No,No,No,No,No,No
14422,0495-RVCBF,Yes,No,Fiber optic,No,No,No,No,No,Yes
14423,0495-ZBNGW,Yes,Yes,Fiber optic,No,No,Yes,No,No,No
14424,0496-AHOOK,Yes,No,DSL,Yes,No,No,Yes,Yes,Yes
14425,0504-HHAPI,Yes,Yes,Fiber optic,No,No,Yes,No,No,Yes
14426,0505-SPOOW,Yes,No,No,No internet service,No internet service,No internet service,No internet service,No internet service,No internet service
14427,0506-LVNGN,Yes,No,Fiber optic,No,No,Yes,No,No,No
14428,0506-YLVKJ,Yes,No,No,No internet service,No internet service,No internet service,No internet service,No internet service,No internet service
14429,0508-OOLTO,Yes,No,Fiber optic,No,No,No,No,No,No
14430,0508-SQWPL,Yes,No,No,No internet service,No internet service,No internet service,No internet service,No internet service,No internet service
14431,0511-JTEOY,Yes,No,Fiber optic,No,No,No,No,No,No
14432,0512-FLFDW,Yes,Yes,Fiber optic,No,No,Yes,No,Yes,Yes
14433,0513-RBGPE,Yes,Yes,DSL,Yes,No,Yes,Yes,No,No
14434,0515-YPMCW,Yes,No,Fiber optic,No,No,No,No,No,No
14435,0516-OOHAR,Yes,No,Fiber optic,No,Yes,Yes,No,Yes,Yes
14436,0516-QREYC,Yes,No,No,No internet service,No internet service,No internet service,No internet service,No internet service,No internet service
14437,0516-UXRMT,Yes,Yes,Fiber optic,Yes,Yes,Yes,No,No,No
14438,0516-VRYBW,Yes,No,No,No internet service,No internet service,No internet service,No internet service,No internet service,No internet service
14439,0516-WJVXC,Yes,No,DSL,Yes,No,No,Yes,No,No
14440,0519-DRGTI,Yes,No,No,No internet service,No internet service,No internet service,No internet service,No internet service,No internet service
14441,0519-XUZJU,Yes,No,Fiber optic,No,No,No,No,No,No
14442,0520-FDVVT,Yes,No,Fiber optic,No,Yes,Yes,No,Yes,Yes
14443,0523-VNGTF,No,No phone service,DSL,No,Yes,Yes,Yes,Yes,No
14444,0524-IAVZO,Yes,Yes,Fiber optic,No,No,No,No,No,Yes
14445,0526-SXDJP,No,No phone service,DSL,Yes,Yes,Yes,No,No,No
14446,0529-ONKER,Yes,Yes,Fiber optic,No,No,No,No,No,No
14447,0530-IJVDB,Yes,Yes,Fiber optic,Yes,Yes,Yes,Yes,Yes,Yes
14448,0531-XBKMM,Yes,Yes,DSL,Yes,Yes,No,Yes,No,No
14449,0531-ZZJWQ,Yes,Yes,Fiber optic,No,No,No,No,No,No
14450,0533-BNWKF,Yes,Yes,Fiber optic,No,Yes,Yes,No,No,No
14451,0533-UCAAU,Yes,Yes,DSL,No,Yes,Yes,No,Yes,No
14452,0536-ACXIP,Yes,Yes,Fiber optic,Yes,Yes,Yes,No,Yes,Yes
14453,0536-BGFMZ,Yes,No,No,No internet service,No internet service,No internet service,No internet service,No internet service,No internet service
14454,0536-ESJEP,Yes,No,DSL,Yes,Yes,No,No,Yes,Yes
14455,0537-QYZZN,Yes,Yes,Fiber optic,Yes,No,No,No,No,No
14456,0541-FITGH,Yes,No,DSL,Yes,No,No,No,No,Yes
14457,0547-HURJB,Yes,No,No,No internet service,No internet service,No internet service,No internet service,No internet service,No internet service
14458,0549-CYCQN,Yes,Yes,Fiber optic,No,Yes,No,No,No,No
14459,0550-DCXLH,Yes,No,DSL,No,Yes,No,Yes,Yes,Yes
14460,0556-FJEGU,Yes,No,DSL,No,Yes,Yes,Yes,Yes,No
14461,0557-ASKVU,Yes,No,DSL,No,No,Yes,Yes,No,No
14462,0559-CKHUS,Yes,No,No,No internet service,No internet service,No internet service,No internet service,No internet service,No internet service
14463,0562-FGDCR,Yes,Yes,DSL,Yes,Yes,No,Yes,Yes,No
14464,0562-HKHML,Yes,Yes,No,No internet service,No internet service,No internet service,No internet service,No internet service,No internet service
14465,0562-KBDVM,No,No phone service,DSL,Yes,Yes,Yes,Yes,No,No
14466,0564-JJHGS,Yes,Yes,Fiber optic,No,No,No,No,Yes,Yes
14467,0564-MUUQK,Yes,Yes,Fiber optic,No,No,Yes,Yes,No,Yes
14468,0565-IYCGT,Yes,Yes,DSL,Yes,Yes,Yes,Yes,No,Yes
14469,0565-JUPYD,Yes,Yes,Fiber optic,Yes,Yes,Yes,Yes,Yes,No
14470,0567-GGCAC,Yes,No,DSL,Yes,Yes,Yes,No,No,No
14471,0567-XRHCU,No,No phone service,DSL,Yes,No,Yes,No,No,Yes
14472,0568-ONFPC,Yes,Yes,No,No internet service,No internet service,No internet service,No internet service,No internet service,No internet service
14473,0570-BFQHT,Yes,No,Fiber optic,No,Yes,Yes,No,No,No
14474,0572-ZJKLT,Yes,Yes,Fiber optic,Yes,No,Yes,Yes,No,Yes
14475,0575-CUQOV,Yes,No,Fiber optic,No,Yes,Yes,No,Yes,Yes
14476,0576-WNXXC,Yes,Yes,Fiber optic,No,Yes,Yes,No,No,Yes
14477,0577-WHMEV,Yes,Yes,Fiber optic,Yes,Yes,Yes,No,No,No
14478,0578-SKVMF,Yes,No,Fiber optic,No,Yes,No,No,No,Yes
14479,0580-PIQHM,Yes,Yes,Fiber optic,Yes,Yes,Yes,No,No,Yes
14480,0581-BXBUB,Yes,No,Fiber optic,No,Yes,No,No,No,No
14481,0581-MDMPW,Yes,Yes,Fiber optic,No,No,Yes,No,Yes,No
14482,0582-AVCLN,Yes,No,No,No internet service,No internet service,No internet service,No internet service,No internet service,No internet service
14483,0584-BJQGZ,Yes,Yes,DSL,Yes,Yes,Yes,Yes,Yes,No
14484,0585-EGDDA,Yes,No,Fiber optic,No,Yes,Yes,No,No,No
14485,0587-DMGBH,Yes,No,DSL,Yes,No,No,No,No,No
14486,0594-UFTUL,Yes,No,No,No internet service,No internet service,No internet service,No internet service,No internet service,No internet service
14487,0595-ITUDF,Yes,Yes,Fiber optic,Yes,Yes,Yes,No,No,No
14488,0596-BQCEQ,Yes,No,Fiber optic,No,Yes,Yes,No,Yes,Yes
14489,0599-XNYDO,Yes,No,Fiber optic,No,No,No,No,No,No
14490,0601-WZHJF,No,No phone service,DSL,No,No,No,No,Yes,Yes
14491,0602-DDUML,Yes,No,DSL,No,Yes,Yes,Yes,Yes,No
14492,0603-OLQDC,Yes,No,DSL,Yes,No,No,No,Yes,Yes
14493,0603-TPMIB,Yes,Yes,No,No internet service,No internet service,No internet service,No internet service,No internet service,No internet service
14494,0604-THJFP,Yes,No,DSL,No,Yes,No,Yes,Yes,Yes
14495,0607-DAAHE,Yes,No,No,No internet service,No internet service,No internet service,No internet service,No internet service,No internet service
14496,0607-MVMGC,Yes,Yes,DSL,No,Yes,Yes,No,Yes,Yes
14497,0608-JDVEC,Yes,No,No,No internet service,No internet service,No internet service,No internet service,No internet service,No internet service
14498,0611-DFXKO,Yes,No,Fiber optic,No,No,No,No,Yes,Yes
14499,0612-RTZZA,No,No phone service,DSL,No,No,No,No,No,No
14500,0613-WUXUM,Yes,No,No,No internet service,No internet service,No internet service,No internet service,No internet service,No internet service
14501,0616-ATFGB,No,No phone service,DSL,No,No,No,No,No,No
14502,0617-AQNWT,No,No phone service,DSL,Yes,No,Yes,Yes,No,Yes
14503,0617-FHSGK,Yes,Yes,Fiber optic,No,No,No,No,No,No
14504,0618-XWMSS,Yes,No,Fiber optic,Yes,No,No,No,No,No
14505,0619-OLYUR,Yes,Yes,Fiber optic,Yes,No,Yes,Yes,Yes,Yes
14506,0620-DLSLK,Yes,No,Fiber optic,No,No,No,No,Yes,No
14507,0620-XEFWH,Yes,No,No,No internet service,No internet service,No internet service,No internet service,No internet service,No internet service
14508,0621-CXBKL,Yes,No,No,No internet service,No internet service,No internet service,No internet service,No internet service,No internet service
14509,0621-HJWXJ,Yes,Yes,Fiber optic,No,Yes,No,No,No,No
14510,0621-JFHOL,No,No phone service,DSL,No,No,No,Yes,No,No
14511,0621-TSSMU,Yes,No,No,No internet service,No internet service,No internet service,No internet service,No internet service,No internet service
14512,0621-TWIEM,Yes,No,DSL,No,No,No,No,No,No
14513,0623-EJQEG,Yes,Yes,Fiber optic,Yes,No,No,Yes,No,Yes
14514,0623-GDISB,Yes,No,DSL,Yes,No,No,No,No,No
14515,0623-IIHUG,No,No phone service,DSL,Yes,No,No,No,Yes,No
14516,0625-AFOHS,Yes,No,No,No internet service,No internet service,No internet service,No internet service,No internet service,No internet service
14517,0626-QXNGV,Yes,Yes,No,No internet service,No internet service,No internet service,No internet service,No internet service,No internet service
14518,0628-CNQRM,Yes,No,DSL,Yes,No,Yes,Yes,Yes,No
14519,0634-SZPQA,Yes,Yes,Fiber optic,Yes,No,No,No,Yes,No
14520,0635-WKOLD,Yes,Yes,DSL,No,Yes,No,Yes,Yes,No
14521,0637-KVDLV,Yes,Yes,Fiber optic,No,No,No,No,No,No
14522,0637-UBJRP,Yes,No,Fiber optic,Yes,No,No,No,No,Yes
14523,0637-YLETY,Yes,Yes,Fiber optic,No,Yes,Yes,No,No,Yes
14524,0639-TSIQW,Yes,Yes,Fiber optic,Yes,Yes,Yes,No,Yes,No
14525,0640-YJTPY,Yes,No,No,No internet service,No internet service,No internet service,No internet service,No internet service,No internet service
14526,0641-EVBOJ,Yes,No,Fiber optic,Yes,No,No,Yes,No,No
14527,0643-OKLRP,Yes,Yes,Fiber optic,Yes,No,No,No,No,No
14528,0644-OQMDK,Yes,No,Fiber optic,No,No,No,No,No,No
14529,0650-BWOZN,Yes,No,Fiber optic,No,Yes,No,No,No,No
14530,0654-HMSHN,Yes,Yes,Fiber optic,No,Yes,Yes,No,Yes,Yes
14531,0654-PQKDW,Yes,No,DSL,Yes,No,Yes,Yes,Yes,No
14532,0655-RBDUG,Yes,Yes,Fiber optic,No,No,Yes,No,Yes,Yes
14533,0655-YDGFJ,Yes,No,DSL,No,No,Yes,No,No,No
14534,0657-DOGUM,Yes,Yes,DSL,Yes,No,No,Yes,No,No
14535,0661-KBKPA,Yes,Yes,DSL,No,No,Yes,Yes,Yes,Yes
14536,0661-KQHNK,Yes,No,No,No internet service,No internet service,No internet service,No internet service,No internet service,No internet service
14537,0661-WCQNQ,Yes,No,DSL,Yes,No,No,Yes,No,No
14538,0661-XEYAN,No,No phone service,DSL,No,No,No,No,No,No
14539,0665-XHDJU,Yes,Yes,Fiber optic,No,Yes,No,No,Yes,Yes
14540,0666-UXTJO,Yes,No,Fiber optic,No,No,Yes,No,Yes,No
14541,0667-NSRGI,Yes,Yes,DSL,No,No,Yes,Yes,No,Yes
14542,0668-OGMHD,No,No phone service,DSL,Yes,No,No,No,No,No
14543,0670-ANMUU,Yes,Yes,Fiber optic,Yes,No,No,Yes,No,Yes
14544,0670-KDOMA,Yes,No,No,No internet service,No internet service,No internet service,No internet service,No internet service,No internet service
14545,0673-IGUQO,Yes,No,No,No internet service,No internet service,No internet service,No internet service,No internet service,No internet service
14546,0674-DGMAQ,Yes,Yes,Fiber optic,No,Yes,Yes,No,No,Yes
14547,0674-EYYZV,Yes,No,DSL,No,No,No,No,Yes,No
14548,0674-GCDXG,Yes,Yes,DSL,Yes,No,Yes,Yes,No,Yes
14549,0675-NCDYU,Yes,Yes,Fiber optic,Yes,Yes,Yes,Yes,Yes,Yes
14550,0678-RLHVP,Yes,Yes,Fiber optic,No,Yes,Yes,No,Yes,Yes
14551,0679-IDSTG,Yes,No,Fiber optic,No,No,No,No,No,No
14552,0679-TDGAK,Yes,No,DSL,Yes,No,No,Yes,Yes,Yes
14553,0680-DFNNY,Yes,Yes,Fiber optic,No,No,Yes,No,Yes,Yes
14554,0682-USIXD,Yes,No,Fiber optic,No,No,No,Yes,Yes,No
14555,0684-AOSIH,Yes,No,Fiber optic,Yes,No,No,No,Yes,Yes
14556,0685-MLYYM,Yes,No,Fiber optic,No,No,No,No,No,No
14557,0687-ZVTHB,Yes,Yes,DSL,Yes,Yes,Yes,No,No,Yes
14558,0689-DSXGL,Yes,No,Fiber optic,No,Yes,Yes,Yes,No,No
14559,0689-NKYLF,Yes,No,Fiber optic,No,No,Yes,No,Yes,No
14560,0690-SRQID,Yes,No,No,No internet service,No internet service,No internet service,No internet service,No internet service,No internet service
14561,0691-IFBQW,Yes,Yes,Fiber optic,Yes,Yes,Yes,No,Yes,Yes
14562,0691-JVSYA,Yes,No,Fiber optic,No,No,Yes,No,Yes,Yes
14563,0691-NIKRI,Yes,Yes,Fiber optic,No,No,Yes,Yes,Yes,Yes
14564,0696-UKTOX,Yes,No,DSL,No,Yes,No,Yes,No,No
14565,0697-ZMSWS,Yes,Yes,Fiber optic,No,No,No,No,No,Yes
14566,0699-NDKJM,No,No phone service,DSL,Yes,Yes,Yes,No,Yes,Yes
14567,0701-RFGFI,Yes,Yes,Fiber optic,No,No,No,No,Yes,Yes
14568,0701-TJSEF,Yes,No,DSL,Yes,No,Yes,Yes,No,Yes
14569,0702-PGIBZ,Yes,Yes,Fiber optic,No,Yes,No,No,Yes,Yes
14570,0704-VCUMB,Yes,No,No,No internet service,No internet service,No internet service,No internet service,No internet service,No internet service
14571,0707-HOVVN,Yes,Yes,DSL,No,Yes,Yes,Yes,Yes,No
14572,0708-LGSMF,Yes,Yes,DSL,Yes,No,No,No,No,Yes
14573,0708-SJDIS,Yes,Yes,DSL,No,No,No,Yes,Yes,No
14574,0709-TVGUR,Yes,Yes,Fiber optic,No,No,No,No,No,No
14575,0716-BQNDX,Yes,Yes,Fiber optic,Yes,No,No,Yes,No,Yes
14576,0719-SYFRB,Yes,Yes,DSL,Yes,No,Yes,Yes,No,No
14577,0722-SVSFK,Yes,No,Fiber optic,No,No,Yes,Yes,Yes,Yes
14578,0722-TROQR,Yes,Yes,Fiber optic,No,No,No,No,No,No
14579,0723-DRCLG,Yes,Yes,Fiber optic,No,No,No,No,No,No
14580,0723-FDLAY,Yes,Yes,DSL,No,Yes,Yes,Yes,Yes,Yes
14581,0723-VSOBE,No,No phone service,DSL,No,No,No,No,No,Yes
14582,0725-CXOTM,Yes,Yes,DSL,Yes,No,Yes,Yes,Yes,Yes
14583,0727-BMPLR,Yes,Yes,Fiber optic,No,No,Yes,No,Yes,Yes
14584,0727-BNRLG,Yes,Yes,Fiber optic,No,Yes,Yes,Yes,Yes,No
14585,0727-IWKVK,Yes,No,Fiber optic,No,Yes,Yes,No,No,No
14586,0730-BGQGF,Yes,Yes,DSL,Yes,Yes,Yes,Yes,Yes,Yes
14587,0730-KOAVE,Yes,Yes,Fiber optic,Yes,Yes,No,No,No,Yes
14588,0731-EBJQB,Yes,No,No,No internet service,No internet service,No internet service,No internet service,No internet service,No internet service
14589,0732-OCQOC,Yes,Yes,No,No internet service,No internet service,No internet service,No internet service,No internet service,No internet service
14590,0733-VUNUW,Yes,Yes,DSL,Yes,No,No,No,No,No
14591,0734-OXWBT,Yes,No,DSL,No,No,No,Yes,Yes,Yes
14592,0739-UUAJR,No,No phone service,DSL,Yes,No,Yes,No,Yes,Yes
14593,0742-LAFQK,Yes,Yes,Fiber optic,Yes,Yes,Yes,No,No,Yes
14594,0742-MOABM,Yes,No,DSL,No,No,No,Yes,No,No
14595,0742-NXBGR,Yes,No,Fiber optic,No,Yes,Yes,No,No,No
14596,0743-HNPFG,Yes,No,DSL,Yes,Yes,No,Yes,No,Yes
14597,0743-HRVFF,No,No phone service,DSL,No,No,Yes,Yes,Yes,Yes
14598,0744-BIKKF,Yes,Yes,DSL,Yes,Yes,Yes,Yes,Yes,Yes
14599,0744-GKNGE,Yes,Yes,Fiber optic,Yes,No,No,Yes,No,No
14600,0746-JTRFU,No,No phone service,DSL,No,No,No,No,No,No
14601,0748-RDGGM,Yes,No,Fiber optic,Yes,Yes,Yes,Yes,Yes,Yes
14602,0749-IRGQE,No,No phone service,DSL,No,No,No,No,Yes,Yes
14603,0750-EBAIU,Yes,No,Fiber optic,Yes,No,Yes,No,Yes,No
14604,0750-EKNGL,Yes,No,No,No internet service,No internet service,No internet service,No internet service,No internet service,No internet service
14605,0754-EEBDC,Yes,No,No,No internet service,No internet service,No internet service,No internet service,No internet service,No internet service
14606,0754-UKWQP,Yes,No,Fiber optic,No,No,Yes,No,Yes,Yes
14607,0756-MPZRL,No,No phone service,DSL,No,No,Yes,Yes,No,No
14608,0757-WCUUZ,Yes,Yes,DSL,No,No,Yes,No,No,Yes
14609,0761-AETCS,Yes,No,No,No internet service,No internet service,No internet service,No internet service,No internet service,No internet service
14610,0769-MURVM,No,No phone service,DSL,Yes,Yes,Yes,Yes,Yes,Yes
14611,0771-CHWSK,Yes,Yes,DSL,Yes,Yes,Yes,No,No,Yes
14612,0771-WLCLA,Yes,Yes,Fiber optic,Yes,No,Yes,Yes,Yes,Yes
14613,0772-GYEQQ,Yes,No,Fiber optic,No,No,Yes,Yes,Yes,No
14614,0774-IFUVM,Yes,Yes,DSL,Yes,No,No,No,Yes,No
14615,0774-RMNUW,No,No phone service,DSL,Yes,Yes,No,Yes,Yes,Yes
14616,0778-NELLA,No,No phone service,DSL,No,No,No,No,Yes,No
14617,0780-XNZFN,Yes,No,No,No internet service,No internet service,No internet service,No internet service,No internet service,No internet service
14618,0781-LKXBR,Yes,Yes,Fiber optic,No,No,Yes,No,Yes,Yes
14619,0784-GTUUK,Yes,Yes,No,No internet service,No internet service,No internet service,No internet service,No internet service,No internet service
14620,0784-ZQJZX,Yes,No,No,No internet service,No internet service,No internet service,No internet service,No internet service,No internet service
14621,0786-IVLAW,Yes,Yes,Fiber optic,No,Yes,Yes,No,Yes,Yes
14622,0786-VSSUD,No,No phone service,DSL,No,Yes,No,No,Yes,No
14623,0787-LHDYT,Yes,No,No,No internet service,No internet service,No internet service,No internet service,No internet service,No internet service
14624,0788-DXBFY,Yes,No,No,No internet service,No internet service,No internet service,No internet service,No internet service,No internet service
14625,0793-TWELN,Yes,Yes,Fiber optic,Yes,No,No,No,No,No
14626,0794-YVSGE,Yes,No,No,No internet service,No internet service,No internet service,No internet service,No internet service,No internet service
14627,0795-GMVQO,Yes,Yes,Fiber optic,Yes,Yes,Yes,No,Yes,Yes
14628,0795-LAFGP,Yes,Yes,DSL,Yes,Yes,Yes,Yes,Yes,Yes
14629,0795-XCCTE,Yes,Yes,No,No internet service,No internet service,No internet service,No internet service,No internet service,No internet service
14630,0799-DDIHE,Yes,No,DSL,No,No,No,No,No,No
14631,0804-XBFBV,No,No phone service,DSL,No,No,No,No,No,No
14632,0804-YGEQV,Yes,Yes,No,No internet service,No internet service,No internet service,No internet service,No internet service,No internet service
14633,0807-ZABDG,Yes,No,DSL,Yes,No,No,Yes,No,No
14634,0810-BDHAW,Yes,Yes,DSL,Yes,Yes,No,No,Yes,Yes
14635,0810-DHDBD,Yes,Yes,DSL,Yes,No,Yes,Yes,Yes,No
14636,0811-GSDTP,No,No phone service,DSL,No,Yes,No,No,No,No
14637,0812-WUPTB,Yes,No,Fiber optic,No,No,No,No,No,No
14638,0813-TAXXS,Yes,Yes,DSL,No,No,Yes,No,Yes,Yes
14639,0815-MFZGM,Yes,No,Fiber optic,No,No,Yes,Yes,Yes,Yes
14640,0816-TSPHQ,Yes,No,No,No internet service,No internet service,No internet service,No internet service,No internet service,No internet service
14641,0817-HSUSE,Yes,No,DSL,No,No,Yes,Yes,Yes,Yes
14642,0818-OCPZO,Yes,Yes,Fiber optic,No,Yes,No,No,No,No
14643,0820-FNRNX,Yes,Yes,DSL,No,Yes,Yes,Yes,No,No
14644,0822-GAVAP,No,No phone service,DSL,No,No,No,No,No,Yes
14645,0822-QGCXA,Yes,Yes,DSL,No,Yes,Yes,Yes,Yes,Yes
14646,0823-HSCDJ,No,No phone service,DSL,No,Yes,No,No,Yes,Yes
14647,0824-VWDPO,Yes,Yes,Fiber optic,Yes,Yes,No,No,No,Yes
14648,0825-CPPQH,Yes,No,No,No internet service,No internet service,No internet service,No internet service,No internet service,No internet service
14649,0827-ITJPH,Yes,No,No,No internet service,No internet service,No internet service,No internet service,No internet service,No internet service
14650,0829-DDVLK,Yes,No,No,No internet service,No internet service,No internet service,No internet service,No internet service,No internet service
14651,0829-XXPLX,Yes,No,Fiber optic,Yes,No,Yes,No,Yes,No
14652,0831-JNISG,Yes,No,No,No internet service,No internet service,No internet service,No internet service,No internet service,No internet service
14653,0835-DUUIQ,Yes,No,No,No internet service,No internet service,No internet service,No internet service,No internet service,No internet service
14654,0835-JKADZ,Yes,Yes,Fiber optic,No,Yes,Yes,Yes,Yes,Yes
14655,0836-SEYLU,No,No phone service,DSL,No,No,No,Yes,Yes,No
14656,0839-JTCUD,Yes,Yes,DSL,Yes,Yes,Yes,Yes,Yes,Yes
14657,0839-QNXME,Yes,No,No,No internet service,No internet service,No internet service,No internet service,No internet service,No internet service
14658,0840-DCNZE,Yes,No,DSL,Yes,Yes,Yes,Yes,Yes,Yes
14659,0840-DFEZH,Yes,Yes,Fiber optic,No,No,No,No,No,No
14660,0841-NULXI,No,No phone service,DSL,No,No,No,No,No,Yes
14661,0842-IWYCP,Yes,No,DSL,No,No,No,No,No,No
14662,0843-WTBXE,Yes,Yes,Fiber optic,No,No,No,No,Yes,No
14663,0847-HGRML,Yes,No,No,No internet service,No internet service,No internet service,No internet service,No internet service,No internet service
14664,0848-SOMKO,No,No phone service,DSL,Yes,No,Yes,Yes,No,Yes
14665,0848-ZGQIJ,Yes,No,Fiber optic,No,Yes,No,No,Yes,Yes
14666,0851-DFJKB,Yes,No,DSL,Yes,No,Yes,Yes,No,No
14667,0853-NWIFK,Yes,No,Fiber optic,Yes,Yes,No,No,Yes,Yes
14668,0853-TWRVK,Yes,Yes,Fiber optic,Yes,Yes,Yes,Yes,No,Yes
14669,0854-UYHZD,Yes,No,No,No internet service,No internet service,No internet service,No internet service,No internet service,No internet service
14670,0856-NAOES,Yes,No,DSL,No,No,Yes,No,Yes,No
14671,0859-YGKFW,Yes,No,No,No internet service,No internet service,No internet service,No internet service,No internet service,No internet service
14672,0862-PRCBS,Yes,Yes,Fiber optic,No,Yes,No,Yes,Yes,Yes
14673,0864-FVJNJ,Yes,Yes,Fiber optic,Yes,Yes,Yes,Yes,Yes,Yes
14674,0866-QLSIR,Yes,Yes,DSL,Yes,Yes,No,Yes,No,No
14675,0867-LDTTC,Yes,No,DSL,No,No,Yes,Yes,Yes,Yes
14676,0867-MKZVY,Yes,Yes,Fiber optic,Yes,No,No,No,No,No
14677,0868-VJRDR,Yes,No,Fiber optic,Yes,Yes,No,Yes,Yes,Yes
14678,0869-PAPRP,Yes,No,Fiber optic,No,No,Yes,No,Yes,No
14679,0870-VEMYL,Yes,No,DSL,Yes,No,No,Yes,No,No
14680,0871-OPBXW,Yes,No,No,No internet service,No internet service,No internet service,No internet service,No internet service,No internet service
14681,0871-URUWO,Yes,Yes,Fiber optic,No,No,Yes,No,Yes,Yes
14682,0872-CASZJ,Yes,Yes,DSL,Yes,No,No,Yes,No,Yes
14683,0872-JCPIB,Yes,Yes,DSL,Yes,No,No,No,No,Yes
14684,0872-NXJYS,Yes,No,Fiber optic,No,No,No,No,No,Yes
14685,0875-CABNR,Yes,No,Fiber optic,No,No,Yes,No,No,Yes
14686,0876-WDUUZ,Yes,No,Fiber optic,No,No,No,Yes,No,Yes
14687,0877-SDMBN,Yes,Yes,Fiber optic,Yes,No,Yes,No,Yes,Yes
14688,0880-FVFWF,Yes,Yes,Fiber optic,Yes,Yes,No,No,No,No
14689,0880-TKATG,Yes,Yes,Fiber optic,No,No,Yes,No,Yes,Yes
14690,0883-EIBTI,Yes,No,No,No internet service,No internet service,No internet service,No internet service,No internet service,No internet service
14691,0885-HMGPY,Yes,Yes,DSL,Yes,Yes,Yes,Yes,No,No
14692,0886-QGENL,Yes,No,Fiber optic,Yes,No,Yes,No,Yes,Yes
14693,0887-HJGAR,Yes,No,DSL,No,No,No,No,No,No
14694,0887-WBJVH,Yes,No,Fiber optic,No,No,No,Yes,Yes,Yes
14695,0895-DQHEW,Yes,Yes,Fiber optic,No,Yes,Yes,No,Yes,Yes
14696,0895-LMRSF,Yes,No,DSL,No,No,No,No,Yes,Yes
14697,0895-LNKRC,Yes,No,No,No internet service,No internet service,No internet service,No internet service,No internet service,No internet service
14698,0895-UADGO,No,No phone service,DSL,Yes,No,No,Yes,No,Yes
14699,0897-FEGMU,Yes,Yes,Fiber optic,No,No,Yes,No,Yes,Yes
14700,0898-XCGTF,Yes,Yes,Fiber optic,No,No,No,No,Yes,Yes
14701,0899-LIIBW,Yes,Yes,Fiber optic,No,No,Yes,No,Yes,Yes
14702,0899-WZRSD,Yes,Yes,Fiber optic,Yes,No,No,Yes,Yes,Yes
14703,0902-RFHOF,Yes,No,No,No internet service,No internet service,No internet service,No internet service,No internet service,No internet service
14704,0902-XKXPN,Yes,No,No,No internet service,No internet service,No internet service,No internet service,No internet service,No internet service
14705,0906-QVPMS,Yes,Yes,Fiber optic,Yes,Yes,Yes,Yes,Yes,Yes
14706,0907-HQNTS,Yes,Yes,Fiber optic,Yes,Yes,Yes,Yes,Yes,Yes
14707,0909-SDHNU,No,No phone service,DSL,Yes,No,No,No,No,No
14708,0909-SELIE,Yes,Yes,DSL,Yes,Yes,Yes,Yes,No,Yes
14709,0913-XWSCN,Yes,Yes,Fiber optic,No,No,No,No,No,Yes
14710,0916-KNFAJ,Yes,Yes,DSL,Yes,No,Yes,No,No,Yes
14711,0916-QOFDP,Yes,Yes,Fiber optic,No,No,No,No,Yes,Yes
14712,0917-EZOLA,Yes,Yes,Fiber optic,No,Yes,Yes,No,Yes,Yes
14713,0921-OHLVP,Yes,Yes,Fiber optic,No,No,No,No,No,Yes
14714,0923-PNFUB,Yes,No,Fiber optic,No,Yes,No,No,Yes,No
14715,0924-BJCRC,Yes,Yes,Fiber optic,No,Yes,No,No,No,Yes
14716,0925-VYDLG,Yes,Yes,Fiber optic,No,No,No,No,No,No
14717,0927-CNGRH,Yes,No,No,No internet service,No internet service,No internet service,No internet service,No internet service,No internet service
14718,0927-LCSMG,Yes,No,Fiber optic,No,No,Yes,No,No,No
14719,0928-JMXNP,No,No phone service,DSL,No,No,Yes,No,No,No
14720,0928-XUTSN,Yes,No,Fiber optic,No,No,No,No,No,Yes
14721,0929-HYQEW,Yes,No,DSL,Yes,No,No,No,No,No
14722,0929-PECLO,Yes,Yes,Fiber optic,No,No,Yes,No,No,Yes
14723,0930-EHUZA,Yes,No,DSL,Yes,Yes,Yes,Yes,Yes,No
14724,0931-MHTEM,Yes,No,Fiber optic,Yes,Yes,No,No,Yes,Yes
14725,0932-YIXYU,Yes,No,No,No internet service,No internet service,No internet service,No internet service,No internet service,No internet service
14726,0936-NQLJU,Yes,No,No,No internet service,No internet service,No internet service,No internet service,No internet service,No internet service
14727,0939-EREMR,Yes,No,DSL,No,No,Yes,Yes,No,No
14728,0939-YAPAF,Yes,Yes,Fiber optic,No,No,Yes,No,Yes,Yes
14729,0940-OUQEC,Yes,Yes,Fiber optic,No,Yes,No,No,No,No
14730,0942-KOWSM,Yes,No,DSL,No,Yes,Yes,Yes,Yes,Yes
14731,0943-ZQPXH,Yes,No,Fiber optic,No,No,Yes,No,Yes,Yes
14732,0945-TSONX,Yes,Yes,DSL,Yes,Yes,No,Yes,Yes,Yes
14733,0946-CLJTI,Yes,Yes,Fiber optic,No,No,Yes,No,Yes,Yes
14734,0946-FKYTX,No,No phone service,DSL,No,Yes,No,No,No,No
14735,0947-IDHRQ,Yes,No,Fiber optic,No,No,No,No,Yes,No
14736,0947-MUGVO,Yes,No,Fiber optic,No,Yes,No,No,No,No
14737,0952-KMEEH,Yes,Yes,Fiber optic,Yes,No,No,No,Yes,Yes
14738,0953-LGOVU,No,No phone service,DSL,No,Yes,No,Yes,No,No
14739,0956-ACVZC,Yes,No,Fiber optic,No,No,Yes,No,Yes,Yes
14740,0956-SYCWG,Yes,No,No,No internet service,No internet service,No internet service,No internet service,No internet service,No internet service
14741,0958-YHXGP,Yes,No,Fiber optic,No,No,No,No,No,No
14742,0959-WHOKV,Yes,Yes,Fiber optic,Yes,Yes,Yes,No,No,Yes
14743,0960-HUWBM,Yes,Yes,Fiber optic,No,No,Yes,Yes,Yes,Yes
14744,0961-ZWLVI,Yes,Yes,Fiber optic,Yes,Yes,Yes,No,Yes,Yes
14745,0962-CQPWQ,Yes,No,No,No internet service,No internet service,No internet service,No internet service,No internet service,No internet service
14746,0963-ZBDRN,Yes,No,Fiber optic,No,No,No,Yes,Yes,Yes
14747,0967-BMLBD,Yes,No,No,No internet service,No internet service,No internet service,No internet service,No internet service,No internet service
14748,0968-GSIKN,Yes,No,Fiber optic,No,No,No,No,No,No
14749,0969-RGKCU,Yes,No,No,No internet service,No internet service,No internet service,No internet service,No internet service,No internet service
14750,0970-ETWGE,Yes,No,Fiber optic,No,No,No,No,Yes,Yes
14751,0970-QXPXW,Yes,No,No,No internet service,No internet service,No internet service,No internet service,No internet service,No internet service
14752,0971-QIFJK,Yes,Yes,No,No internet service,No internet service,No internet service,No internet service,No internet service,No internet service
14753,0973-KYVNF,Yes,No,DSL,Yes,Yes,Yes,No,Yes,No
14754,0975-UYDTX,Yes,Yes,DSL,Yes,Yes,Yes,Yes,Yes,Yes
14755,0975-VOOVL,No,No phone service,DSL,No,Yes,No,No,No,No
14756,0979-MOZQI,No,No phone service,DSL,No,No,No,Yes,Yes,No
14757,0979-PHULV,Yes,Yes,Fiber optic,No,No,Yes,No,Yes,Yes
14758,0980-FEXWF,Yes,No,DSL,No,No,Yes,No,No,No
14759,0980-PVMRC,No,No phone service,DSL,No,Yes,No,No,Yes,Yes
14760,0983-TATYJ,Yes,No,DSL,No,No,No,Yes,No,No
14761,0988-AADSA,Yes,Yes,DSL,Yes,Yes,Yes,Yes,No,Yes
14762,0988-JRWWP,Yes,No,DSL,No,No,No,No,Yes,No
14763,0991-BRRFB,Yes,No,DSL,Yes,No,No,No,No,No
14764,0993-OSGPT,Yes,No,DSL,No,Yes,Yes,Yes,No,No
14765,0997-YTLNY,Yes,No,DSL,No,No,No,Yes,No,No
14766,0999-QXNSA,Yes,No,DSL,No,No,No,No,No,No
14767,1000-AJSLD,Yes,No,No,No internet service,No internet service,No internet service,No internet service,No internet service,No internet service
14768,1004-NOZNR,Yes,No,Fiber optic,Yes,No,No,No,Yes,Yes
14769,1009-IRMNA,Yes,No,No,No internet service,No internet service,No internet service,No internet service,No internet service,No internet service
14770,1010-DIAUQ,Yes,No,Fiber optic,No,No,Yes,No,Yes,Yes
14771,1013-QCWAM,Yes,Yes,Fiber optic,No,Yes,No,No,Yes,Yes
14772,1015-JPFYW,Yes,No,No,No internet service,No internet service,No internet service,No internet service,No internet service,No internet service
14773,1015-OWJKI,Yes,No,No,No internet service,No internet service,No internet service,No internet service,No internet service,No internet service
14774,1016-DJTSV,Yes,No,Fiber optic,No,No,No,No,No,No
14775,1017-FBQMM,Yes,Yes,Fiber optic,No,Yes,No,Yes,Yes,Yes
14776,1020-JPQOW,Yes,Yes,Fiber optic,No,Yes,Yes,Yes,No,No
14777,1022-RKXDR,Yes,Yes,No,No internet service,No internet service,No internet service,No internet service,No internet service,No internet service
14778,1023-BQXZE,Yes,No,DSL,Yes,No,Yes,No,Yes,Yes
14779,1024-GUALD,No,No phone service,DSL,No,No,No,No,No,No
14780,1024-KPRBB,Yes,No,Fiber optic,No,No,No,No,Yes,Yes
14781,1024-VRZHF,Yes,Yes,Fiber optic,No,No,No,No,No,No
14782,1025-FALIX,Yes,No,Fiber optic,No,No,No,No,No,No
14783,1027-LKKQQ,Yes,No,DSL,Yes,No,Yes,Yes,Yes,Yes
14784,1028-FFNJK,Yes,Yes,Fiber optic,No,No,No,Yes,Yes,Yes
14785,1029-QFBEN,Yes,No,No,No internet service,No internet service,No internet service,No internet service,No internet service,No internet service
14786,1031-IIDEO,Yes,No,Fiber optic,No,No,No,No,No,No
14787,1032-MAELW,Yes,Yes,DSL,Yes,Yes,Yes,Yes,No,Yes
14788,1035-IPQPU,Yes,Yes,Fiber optic,No,Yes,Yes,No,Yes,Yes
14789,1036-GUDCL,Yes,No,DSL,Yes,Yes,No,Yes,Yes,Yes
14790,1038-RQOST,Yes,No,No,No internet service,No internet service,No internet service,No internet service,No internet service,No internet service
14791,1038-ZAGBI,Yes,No,No,No internet service,No internet service,No internet service,No internet service,No internet service,No internet service
14792,1041-RXHRA,Yes,No,Fiber optic,No,No,No,No,No,No
14793,1042-HFUCW,Yes,No,DSL,No,Yes,No,Yes,No,No
14794,1043-UXOVO,Yes,Yes,Fiber optic,Yes,Yes,Yes,Yes,Yes,Yes
14795,1043-YCUTE,Yes,Yes,No,No internet service,No internet service,No internet service,No internet service,No internet service,No internet service
14796,1045-LTCYT,Yes,No,No,No internet service,No internet service,No internet service,No internet service,No internet service,No internet service
14797,1047-NNCBF,Yes,No,Fiber optic,No,No,No,No,No,No
14798,1047-RNXZV,Yes,No,No,No internet service,No internet service,No internet service,No internet service,No internet service,No internet service
14799,1049-FYSYG,No,No phone service,DSL,No,Yes,Yes,No,No,No
14800,1051-EQPZR,Yes,No,No,No internet service,No internet service,No internet service,No internet service,No internet service,No internet service
14801,1051-GEJLJ,Yes,No,No,No internet service,No internet service,No internet service,No internet service,No internet service,No internet service
14802,1052-QJIBV,Yes,No,No,No internet service,No internet service,No internet service,No internet service,No internet service,No internet service
14803,1053-MXTTK,Yes,No,Fiber optic,Yes,Yes,Yes,Yes,Yes,Yes
14804,1057-FOGLZ,Yes,No,No,No internet service,No internet service,No internet service,No internet service,No internet service,No internet service
14805,1060-ENTOF,Yes,Yes,Fiber optic,Yes,Yes,Yes,Yes,No,Yes
14806,1061-PNTHC,Yes,Yes,Fiber optic,Yes,No,Yes,Yes,Yes,Yes
14807,1062-LHZOD,Yes,No,Fiber optic,No,No,No,No,No,No
14808,1063-DHQJF,Yes,No,Fiber optic,No,Yes,No,Yes,Yes,No
14809,1064-FBXNK,Yes,No,No,No internet service,No internet service,No internet service,No internet service,No internet service,No internet service
14810,1066-JKSGK,Yes,No,No,No internet service,No internet service,No internet service,No internet service,No internet service,No internet service
14811,1069-QJOEE,Yes,No,No,No internet service,No internet service,No internet service,No internet service,No internet service,No internet service
14812,1069-XAIEM,Yes,Yes,Fiber optic,No,No,No,No,No,Yes
14813,1073-XXCZD,Yes,Yes,No,No internet service,No internet service,No internet service,No internet service,No internet service,No internet service
14814,1074-AMIOH,Yes,No,Fiber optic,No,Yes,Yes,Yes,Yes,Yes
14815,1074-WVEVG,Yes,No,No,No internet service,No internet service,No internet service,No internet service,No internet service,No internet service
14816,1075-BGWOH,Yes,Yes,Fiber optic,No,No,Yes,No,Yes,Yes
14817,1077-HUUJM,Yes,No,Fiber optic,No,No,No,No,No,No
14818,1078-TDCRN,No,No phone service,DSL,No,Yes,No,No,No,No
14819,1080-BWSYE,Yes,Yes,No,No internet service,No internet service,No internet service,No internet service,No internet service,No internet service
14820,1084-MNSMJ,Yes,No,DSL,Yes,Yes,Yes,Yes,Yes,Yes
14821,1084-UQCHV,Yes,No,Fiber optic,No,No,No,No,No,No
14822,1085-LDWAM,Yes,No,No,No internet service,No internet service,No internet service,No internet service,No internet service,No internet service
14823,1086-LXKFY,Yes,No,Fiber optic,No,No,No,No,No,No
14824,1087-GRUYI,Yes,No,No,No internet service,No internet service,No internet service,No internet service,No internet service,No internet service
14825,1087-UDSIH,Yes,No,No,No internet service,No internet service,No internet service,No internet service,No internet service,No internet service
14826,1088-AUUZZ,Yes,Yes,DSL,Yes,Yes,No,Yes,No,Yes
14827,1088-CNNKB,Yes,Yes,DSL,Yes,Yes,Yes,Yes,No,Yes
14828,1089-HDMKP,Yes,No,DSL,No,Yes,No,Yes,No,No
14829,1089-XZWHH,Yes,No,No,No internet service,No internet service,No internet service,No internet service,No internet service,No internet service
14830,1090-ESELR,Yes,No,Fiber optic,Yes,Yes,No,Yes,Yes,Yes
14831,1090-PYKCI,Yes,Yes,Fiber optic,Yes,Yes,Yes,Yes,Yes,No
14832,1091-SOZGA,Yes,Yes,Fiber optic,No,No,Yes,No,Yes,Yes
14833,1092-GANHU,Yes,No,Fiber optic,No,No,Yes,No,No,No
14834,1092-WPIVQ,Yes,Yes,No,No internet service,No internet service,No internet service,No internet service,No internet service,No internet service
14835,1093-YSWCA,Yes,No,No,No internet service,No internet service,No internet service,No internet service,No internet service,No internet service
14836,1094-BKOSX,No,No phone service,DSL,No,Yes,Yes,Yes,No,Yes
14837,1095-JUDTC,Yes,Yes,Fiber optic,No,Yes,No,Yes,Yes,No
14838,1095-WGNGG,Yes,Yes,Fiber optic,No,Yes,No,No,Yes,Yes
14839,1096-ADRUX,Yes,Yes,Fiber optic,No,No,No,No,No,No
14840,1097-FSPVW,Yes,No,DSL,Yes,No,Yes,No,No,No
14841,1098-KFQEC,Yes,No,No,No internet service,No internet service,No internet service,No internet service,No internet service,No internet service
14842,1098-TDVUQ,Yes,No,No,No internet service,No internet service,No internet service,No internet service,No internet service,No internet service
14843,1099-BTKWT,No,No phone service,DSL,Yes,No,Yes,No,Yes,Yes
14844,1099-GODLO,Yes,No,No,No internet service,No internet service,No internet service,No internet service,No internet service,No internet service
14845,1100-DDVRV,No,No phone service,DSL,No,Yes,No,No,Yes,Yes
14846,1101-SSWAG,Yes,Yes,DSL,No,No,No,No,No,No
14847,1104-FEJAM,Yes,Yes,DSL,No,Yes,No,No,No,Yes
14848,1104-TNLZA,Yes,Yes,Fiber optic,No,Yes,No,Yes,Yes,Yes
14849,1106-HRLKZ,Yes,No,No,No internet service,No internet service,No internet service,No internet service,No internet service,No internet service
14850,1110-KYLGQ,Yes,Yes,Fiber optic,Yes,Yes,Yes,No,Yes,Yes
14851,1112-CUNAO,Yes,Yes,Fiber optic,No,Yes,No,No,No,Yes
14852,1113-IUJYX,Yes,No,Fiber optic,Yes,Yes,No,Yes,Yes,Yes
14853,1114-CENIM,Yes,Yes,DSL,No,Yes,No,No,No,No
14854,1116-DXXDF,Yes,No,Fiber optic,Yes,No,Yes,No,Yes,Yes
14855,1116-FRYVH,No,No phone service,DSL,Yes,Yes,No,Yes,No,No
14856,1120-BMWUB,Yes,No,DSL,No,Yes,No,Yes,No,No
14857,1121-QSIVB,Yes,Yes,DSL,No,Yes,No,No,Yes,Yes
14858,1122-JWTJW,Yes,No,Fiber optic,No,No,No,No,No,No
14859,1122-YJBCS,Yes,No,DSL,Yes,Yes,No,No,No,No
14860,1125-SNVCK,Yes,No,DSL,No,No,No,No,No,No
14861,1131-ALZWV,Yes,Yes,No,No internet service,No internet service,No internet service,No internet service,No internet service,No internet service
14862,1131-QQZEB,Yes,Yes,No,No internet service,No internet service,No internet service,No internet service,No internet service,No internet service
14863,1131-SUEKT,Yes,No,Fiber optic,No,Yes,No,Yes,Yes,Yes
14864,1133-KXCGE,Yes,No,No,No internet service,No internet service,No internet service,No internet service,No internet service,No internet service
14865,1134-YWTYF,Yes,No,DSL,No,Yes,No,Yes,No,No
14866,1135-HIORI,Yes,Yes,Fiber optic,No,Yes,Yes,Yes,Yes,Yes
14867,1135-LMECX,Yes,No,No,No internet service,No internet service,No internet service,No internet service,No internet service,No internet service
14868,1136-XGEQU,Yes,Yes,DSL,No,Yes,Yes,Yes,Yes,Yes
14869,1137-DGOWI,Yes,No,DSL,No,Yes,Yes,Yes,No,Yes
14870,1139-WUOAH,No,No phone service,DSL,No,No,Yes,Yes,Yes,Yes
14871,1140-UKVZG,Yes,Yes,No,No internet service,No internet service,No internet service,No internet service,No internet service,No internet service
14872,1142-IHLOO,Yes,No,Fiber optic,No,No,No,No,Yes,Yes
14873,1142-WACZW,No,No phone service,DSL,No,No,No,Yes,No,No
14874,1143-NMNQJ,Yes,Yes,Fiber optic,No,No,No,No,No,Yes
14875,1150-FTQGN,Yes,Yes,Fiber optic,Yes,Yes,No,No,Yes,No
14876,1150-WFARN,Yes,Yes,Fiber optic,Yes,No,Yes,Yes,Yes,Yes
14877,1153-GNOLC,No,No phone service,DSL,No,Yes,No,No,Yes,No
14878,1154-HYWWO,Yes,No,DSL,Yes,Yes,No,Yes,Yes,No
14879,1156-ZFYDO,Yes,No,No,No internet service,No internet service,No internet service,No internet service,No internet service,No internet service
14880,1157-BQCUW,Yes,Yes,Fiber optic,No,No,No,No,No,No
14881,1159-WFSGR,Yes,No,No,No internet service,No internet service,No internet service,No internet service,No internet service,No internet service
14882,1162-ECVII,Yes,Yes,Fiber optic,No,Yes,Yes,Yes,Yes,Yes
14883,1163-ONYEY,Yes,Yes,DSL,Yes,Yes,Yes,No,Yes,No
14884,1163-VIPRI,Yes,Yes,Fiber optic,Yes,No,Yes,Yes,Yes,Yes
14885,1166-PQLGG,Yes,No,No,No internet service,No internet service,No internet service,No internet service,No internet service,No internet service
14886,1167-OYZJF,Yes,No,No,No internet service,No internet service,No internet service,No internet service,No internet service,No internet service
14887,1169-SAOCL,Yes,Yes,Fiber optic,No,Yes,No,Yes,Yes,Yes
14888,1169-WCVAK,Yes,Yes,Fiber optic,Yes,Yes,No,Yes,No,No
14889,1170-SASML,Yes,Yes,Fiber optic,No,Yes,Yes,No,No,No
14890,1171-TYKUR,Yes,Yes,No,No internet service,No internet service,No internet service,No internet service,No internet service,No internet service
14891,1172-VIYBP,Yes,Yes,DSL,Yes,Yes,No,No,No,Yes
14892,1173-NOEYG,Yes,Yes,Fiber optic,No,No,Yes,No,No,Yes
14893,1173-XZPYF,Yes,Yes,Fiber optic,No,No,Yes,No,Yes,No
14894,1174-FGIFN,Yes,Yes,Fiber optic,No,No,No,Yes,No,Yes
14895,1177-XZBJL,Yes,Yes,DSL,Yes,Yes,No,Yes,No,No
14896,1178-PZGAB,Yes,No,No,No internet service,No internet service,No internet service,No internet service,No internet service,No internet service
14897,1179-INLAT,Yes,No,No,No internet service,No internet service,No internet service,No internet service,No internet service,No internet service
14898,1183-CANVH,Yes,No,DSL,No,No,No,Yes,Yes,No
14899,1184-PJVDB,Yes,No,Fiber optic,No,No,No,No,Yes,No
14900,1187-WILMM,Yes,Yes,DSL,Yes,Yes,Yes,Yes,Yes,Yes
14901,1193-RTSLK,Yes,No,Fiber optic,Yes,Yes,Yes,No,No,No
14902,1194-BHJYC,No,No phone service,DSL,Yes,No,Yes,Yes,Yes,Yes
14903,1194-HVAIF,Yes,Yes,Fiber optic,No,No,No,No,Yes,Yes
14904,1194-SPVSP,Yes,No,No,No internet service,No internet service,No internet service,No internet service,No internet service,No internet service
14905,1195-OIYEJ,Yes,No,Fiber optic,No,No,No,No,Yes,Yes
14906,1196-AMORA,Yes,Yes,Fiber optic,No,No,No,No,No,No
14907,1197-BVMVG,Yes,Yes,Fiber optic,No,No,No,No,No,No
14908,1200-TUZHR,Yes,Yes,Fiber optic,No,No,No,No,No,Yes
14909,1202-KKGFU,Yes,No,DSL,Yes,No,No,Yes,No,No
14910,1205-WNWPJ,Yes,No,DSL,No,No,No,Yes,Yes,No
14911,1206-EHBDD,Yes,No,Fiber optic,Yes,No,Yes,No,No,No
14912,1207-BLKSA,Yes,Yes,No,No internet service,No internet service,No internet service,No internet service,No internet service,No internet service
14913,1208-DNHLN,Yes,Yes,DSL,No,No,No,No,No,No
14914,1208-NBVFH,Yes,No,DSL,No,No,Yes,No,No,No
14915,1209-VFFOC,No,No phone service,DSL,Yes,Yes,Yes,Yes,No,Yes
14916,1212-GLHMD,Yes,No,Fiber optic,Yes,No,No,No,No,Yes
14917,1213-NGCUN,Yes,No,DSL,No,No,No,Yes,No,No
14918,1215-EXRMO,Yes,No,No,No internet service,No internet service,No internet service,No internet service,No internet service,No internet service
14919,1215-FIGMP,Yes,Yes,Fiber optic,No,Yes,No,No,Yes,No
14920,1215-VFYVK,No,No phone service,DSL,Yes,No,Yes,Yes,No,Yes
14921,1216-BGTSP,Yes,Yes,Fiber optic,Yes,No,Yes,Yes,Yes,Yes
14922,1216-JWVUX,Yes,No,Fiber optic,No,Yes,No,No,No,No
14923,1217-VASWC,Yes,No,Fiber optic,No,Yes,Yes,No,Yes,Yes
14924,1218-VKFPE,Yes,No,No,No internet service,No internet service,No internet service,No internet service,No internet service,No internet service
14925,1219-NNDDO,Yes,Yes,Fiber optic,No,No,No,No,No,No
14926,1221-GHZEP,Yes,No,DSL,Yes,No,No,Yes,No,Yes
14927,1222-KJNZD,Yes,No,No,No internet service,No internet service,No internet service,No internet service,No internet service,No internet service
14928,1222-LRYKO,Yes,Yes,No,No internet service,No internet service,No internet service,No internet service,No internet service,No internet service
14929,1223-UNPKS,Yes,No,No,No internet service,No internet service,No internet service,No internet service,No internet service,No internet service
14930,1226-IENZN,Yes,No,Fiber optic,No,No,No,No,No,Yes
14931,1226-JZNKR,Yes,No,No,No internet service,No internet service,No internet service,No internet service,No internet service,No internet service
14932,1226-UDFZR,Yes,No,DSL,No,Yes,No,No,No,No
14933,1227-UDMZR,Yes,Yes,DSL,Yes,Yes,Yes,Yes,Yes,Yes
14934,1228-FZFRV,Yes,Yes,Fiber optic,Yes,No,Yes,No,Yes,Yes
14935,1228-ZLNBX,Yes,Yes,Fiber optic,No,No,No,No,No,No
14936,1229-RCALF,Yes,Yes,Fiber optic,Yes,Yes,Yes,Yes,Yes,Yes
14937,1230-QAJDW,Yes,Yes,DSL,No,No,No,Yes,Yes,No
14938,1231-YNDEK,Yes,No,No,No internet service,No internet service,No internet service,No internet service,No internet service,No internet service
14939,1236-WFCDV,Yes,No,Fiber optic,No,No,No,No,Yes,Yes
14940,1237-WIYYZ,Yes,No,No,No internet service,No internet service,No internet service,No internet service,No internet service,No internet service
14941,1240-HCBOH,Yes,Yes,No,No internet service,No internet service,No internet service,No internet service,No internet service,No internet service
14942,1240-KNSEZ,Yes,No,No,No internet service,No internet service,No internet service,No internet service,No internet service,No internet service
14943,1241-EZFMJ,Yes,Yes,No,No internet service,No internet service,No internet service,No internet service,No internet service,No internet service
14944,1241-FPMOF,Yes,No,No,No internet service,No internet service,No internet service,No internet service,No internet service,No internet service
14945,1245-HARPS,Yes,No,No,No internet service,No internet service,No internet service,No internet service,No internet service,No internet service
14946,1247-QBVSH,Yes,No,DSL,No,Yes,No,No,No,No
14947,1248-DYXUB,Yes,Yes,No,No internet service,No internet service,No internet service,No internet service,No internet service,No internet service
14948,1251-KRREG,Yes,Yes,DSL,No,Yes,No,No,No,No
14949,1251-STYSZ,Yes,Yes,Fiber optic,Yes,No,No,No,No,No
14950,1254-IZEYF,Yes,Yes,Fiber optic,No,Yes,No,No,Yes,Yes
14951,1257-SXUXQ,Yes,No,No,No internet service,No internet service,No internet service,No internet service,No internet service,No internet service
14952,1258-YMZNM,Yes,Yes,Fiber optic,Yes,Yes,Yes,No,Yes,Yes
14953,1260-TTRXI,Yes,No,DSL,No,No,No,No,No,Yes
14954,1261-FWTTE,No,No phone service,DSL,No,No,No,No,No,Yes
14955,1262-OPMFY,Yes,No,Fiber optic,No,No,Yes,No,No,No
14956,1264-BYWMS,Yes,Yes,Fiber optic,No,No,No,No,Yes,Yes
14957,1264-FUHCX,No,No phone service,DSL,No,Yes,No,Yes,Yes,Yes
14958,1265-BCFEO,Yes,Yes,DSL,No,No,Yes,Yes,Yes,Yes
14959,1265-HVPZB,Yes,No,DSL,Yes,Yes,Yes,No,Yes,No
14960,1265-XTECC,Yes,Yes,Fiber optic,Yes,Yes,No,No,No,Yes
14961,1265-ZFOSD,Yes,Yes,DSL,Yes,Yes,Yes,Yes,No,Yes
14962,1266-NZYUI,Yes,Yes,DSL,Yes,No,Yes,Yes,No,No
14963,1268-ASBGA,Yes,Yes,Fiber optic,No,No,No,No,No,Yes
14964,1269-FOYWN,Yes,No,No,No internet service,No internet service,No internet service,No internet service,No internet service,No internet service
14965,1270-XKUCC,Yes,No,No,No internet service,No internet service,No internet service,No internet service,No internet service,No internet service
14966,1271-SJBGZ,No,No phone service,DSL,No,No,Yes,Yes,No,Yes
14967,1271-UODNO,Yes,Yes,DSL,No,No,No,Yes,No,No
14968,1272-ILHFG,Yes,No,No,No internet service,No internet service,No internet service,No internet service,No internet service,No internet service
14969,1273-MTETI,Yes,Yes,Fiber optic,No,No,Yes,No,No,Yes
14970,1282-IHQAC,No,No phone service,DSL,No,Yes,Yes,No,Yes,No
14971,1285-OKIPP,Yes,No,Fiber optic,No,No,No,No,No,Yes
14972,1291-CUOCY,Yes,Yes,Fiber optic,No,Yes,Yes,Yes,Yes,Yes
14973,1293-BSEUN,Yes,No,No,No internet service,No internet service,No internet service,No internet service,No internet service,No internet service
14974,1293-HHSHJ,Yes,No,No,No internet service,No internet service,No internet service,No internet service,No internet service,No internet service
14975,1297-VQDRP,Yes,Yes,Fiber optic,No,No,Yes,Yes,Yes,Yes
14976,1298-PHBTI,Yes,Yes,Fiber optic,No,Yes,No,Yes,No,No
14977,1299-AURJA,Yes,Yes,No,No internet service,No internet service,No internet service,No internet service,No internet service,No internet service
14978,1301-LOPVR,No,No phone service,DSL,Yes,Yes,Yes,Yes,No,Yes
14979,1302-TPUBN,Yes,No,No,No internet service,No internet service,No internet service,No internet service,No internet service,No internet service
14980,1302-UHBDD,Yes,No,Fiber optic,No,No,No,No,Yes,Yes
14981,1303-SRDOK,Yes,No,Fiber optic,No,No,No,No,No,No
14982,1304-BCCFO,Yes,No,DSL,No,No,Yes,No,Yes,Yes
14983,1304-NECVQ,Yes,Yes,Fiber optic,No,No,Yes,No,No,No
14984,1304-SEGFY,Yes,Yes,Fiber optic,No,No,Yes,No,Yes,Yes
14985,1306-RPWXZ,Yes,No,No,No internet service,No internet service,No internet service,No internet service,No internet service,No internet service
14986,1307-ATKGB,Yes,No,Fiber optic,No,Yes,Yes,No,No,Yes
14987,1307-TVUFB,Yes,Yes,Fiber optic,No,Yes,No,No,No,No
14988,1309-BXVOQ,Yes,Yes,Fiber optic,No,No,Yes,Yes,Yes,Yes
14989,1309-XGFSN,Yes,Yes,DSL,No,Yes,Yes,No,Yes,Yes
14990,1310-QRITU,Yes,Yes,DSL,No,No,No,No,No,No
14991,1319-YLZJG,Yes,No,Fiber optic,Yes,Yes,Yes,No,No,No
14992,1320-GVNHT,Yes,Yes,Fiber optic,Yes,Yes,Yes,No,Yes,Yes
14993,1320-HTRDR,Yes,Yes,Fiber optic,No,No,No,No,No,No
14994,1320-REHCS,Yes,Yes,Fiber optic,No,Yes,Yes,Yes,Yes,Yes
14995,1322-AGOQM,No,No phone service,DSL,No,Yes,No,No,No,No
14996,1323-OOEPC,Yes,Yes,Fiber optic,No,Yes,No,No,Yes,Yes
14997,1324-NLTJE,Yes,Yes,DSL,No,No,No,Yes,No,No
14998,1325-USMEC,Yes,Yes,Fiber optic,Yes,Yes,Yes,No,Yes,No
14999,1328-EUZHC,Yes,No,No,No internet service,No internet service,No internet service,No internet service,No internet service,No internet service
15000,1329-VHWNP,No,No phone service,DSL,No,No,No,No,No,No
15001,1333-PBMXB,Yes,Yes,No,No internet service,No internet service,No internet service,No internet service,No internet service,No internet service
15002,1334-FJSVR,No,No phone service,DSL,No,No,No,No,No,No
15003,1334-PDUKM,Yes,Yes,Fiber optic,No,Yes,Yes,No,No,No
15004,1335-HQMKX,Yes,Yes,Fiber optic,No,Yes,Yes,No,Yes,Yes
15005,1335-MXCSE,Yes,No,DSL,No,No,Yes,Yes,No,No
15006,1335-NTIUC,No,No phone service,DSL,No,No,No,No,No,No
15007,1336-EZFZY,Yes,No,No,No internet service,No internet service,No internet service,No internet service,No internet service,No internet service
15008,1337-BOZWO,No,No phone service,DSL,No,Yes,Yes,No,Yes,No
15009,1338-CECEE,Yes,Yes,DSL,No,Yes,Yes,No,Yes,No
15010,1342-JPNKI,Yes,Yes,Fiber optic,No,No,No,No,Yes,No
15011,1343-EHPYB,Yes,Yes,Fiber optic,No,Yes,Yes,No,Yes,Yes
15012,1345-GKDZZ,Yes,No,No,No internet service,No internet service,No internet service,No internet service,No internet service,No internet service
15013,1345-ZUKID,Yes,No,No,No internet service,No internet service,No internet service,No internet service,No internet service,No internet service
15014,1346-PJWTK,Yes,No,Fiber optic,No,Yes,Yes,Yes,No,Yes
15015,1346-UFHAX,Yes,Yes,Fiber optic,Yes,No,No,No,No,No
15016,1347-KTTTA,Yes,No,Fiber optic,No,Yes,Yes,Yes,Yes,Yes
15017,1349-WXNGG,Yes,No,No,No internet service,No internet service,No internet service,No internet service,No internet service,No internet service
15018,1352-HNSAW,Yes,Yes,Fiber optic,Yes,Yes,Yes,Yes,Yes,Yes
15019,1352-VHKAJ,Yes,Yes,DSL,No,No,No,Yes,Yes,Yes
15020,1353-GHZOS,Yes,No,DSL,Yes,No,No,No,Yes,No
15021,1353-LJWEM,Yes,No,DSL,No,Yes,Yes,Yes,No,No
15022,1354-YZFNB,Yes,No,No,No internet service,No internet service,No internet service,No internet service,No internet service,No internet service
15023,1355-KUSBG,Yes,Yes,DSL,No,No,No,No,No,No
15024,1356-MKYSK,Yes,No,DSL,Yes,No,Yes,Yes,Yes,Yes
15025,1357-BIJKI,Yes,Yes,Fiber optic,No,Yes,No,No,Yes,Yes
15026,1357-MVDOZ,Yes,No,DSL,No,No,Yes,No,Yes,No
15027,1360-JYXKQ,Yes,No,Fiber optic,No,No,Yes,Yes,Yes,Yes
15028,1360-RCYRT,No,No phone service,DSL,No,No,No,Yes,No,No
15029,1360-XFJMR,Yes,Yes,Fiber optic,No,Yes,Yes,Yes,Yes,Yes
15030,1363-TXLSL,Yes,No,Fiber optic,No,No,No,No,No,No
15031,1370-GGAWX,Yes,Yes,Fiber optic,No,Yes,Yes,No,No,Yes
15032,1371-DWPAZ,No,No phone service,DSL,Yes,Yes,Yes,Yes,Yes,No
15033,1371-OJCEK,Yes,Yes,No,No internet service,No internet service,No internet service,No internet service,No internet service,No internet service
15034,1371-WEPDS,Yes,No,DSL,No,No,No,No,No,Yes
15035,1373-ORVIZ,Yes,Yes,DSL,No,No,No,Yes,No,Yes
15036,1374-DMZUI,Yes,Yes,Fiber optic,No,No,No,No,Yes,Yes
15037,1376-HHBDV,Yes,No,DSL,Yes,No,No,No,No,No
15038,1379-FRVEB,Yes,Yes,Fiber optic,No,Yes,No,No,Yes,No
15039,1383-EZRWL,Yes,No,No,No internet service,No internet service,No internet service,No internet service,No internet service,No internet service
15040,1384-RCUXW,Yes,Yes,Fiber optic,No,Yes,No,No,No,No
15041,1385-TQOZW,Yes,No,No,No internet service,No internet service,No internet service,No internet service,No internet service,No internet service
15042,1386-ZIKUV,Yes,No,No,No internet service,No internet service,No internet service,No internet service,No internet service,No internet service
15043,1389-CXMLU,Yes,Yes,Fiber optic,No,No,Yes,No,Yes,No
15044,1389-WNUIB,Yes,Yes,DSL,Yes,No,No,No,Yes,Yes
15045,1391-UBDAR,Yes,No,Fiber optic,No,No,Yes,No,No,No
15046,1393-IMKZG,Yes,No,Fiber optic,No,No,No,Yes,Yes,Yes
15047,1394-SUIUH,Yes,No,Fiber optic,Yes,Yes,No,Yes,No,No
15048,1395-OFUWC,No,No phone service,DSL,No,Yes,No,No,No,No
15049,1395-WSWXR,Yes,No,No,No internet service,No internet service,No internet service,No internet service,No internet service,No internet service
15050,1396-QWFBJ,Yes,No,Fiber optic,No,Yes,No,No,No,No
15051,1397-XKKWR,No,No phone service,DSL,Yes,No,Yes,No,No,No
15052,1399-OUPJN,Yes,No,No,No internet service,No internet service,No internet service,No internet service,No internet service,No internet service
15053,1399-UBQIU,Yes,No,DSL,No,No,Yes,No,Yes,Yes
15054,1400-MMYXY,Yes,Yes,Fiber optic,No,Yes,Yes,No,Yes,Yes
15055,1400-WIVLL,Yes,Yes,Fiber optic,No,No,Yes,Yes,Yes,Yes
15056,1401-FTHFQ,Yes,No,No,No internet service,No internet service,No internet service,No internet service,No internet service,No internet service
15057,1402-PTHGN,Yes,No,DSL,Yes,Yes,No,Yes,No,No
15058,1403-GYAFU,Yes,No,No,No internet service,No internet service,No internet service,No internet service,No internet service,No internet service
15059,1403-LKLIK,Yes,No,No,No internet service,No internet service,No internet service,No internet service,No internet service,No internet service
15060,1406-PUQVY,Yes,No,DSL,No,Yes,No,No,No,No
15061,1407-DIGZV,Yes,No,No,No internet service,No internet service,No internet service,No internet service,No internet service,No internet service
15062,1409-PHXTF,Yes,Yes,Fiber optic,No,Yes,Yes,Yes,Yes,Yes
15063,1410-RSCMR,Yes,No,DSL,Yes,No,Yes,Yes,No,Yes
15064,1414-YADCW,Yes,No,Fiber optic,Yes,Yes,No,Yes,No,No
15065,1415-YFWLT,Yes,No,Fiber optic,No,No,No,No,Yes,Yes
15066,1421-HCERK,Yes,Yes,Fiber optic,Yes,Yes,Yes,Yes,Yes,No
15067,1422-DGUBX,Yes,Yes,Fiber optic,No,No,No,Yes,No,No
15068,1423-BMPBQ,Yes,No,No,No internet service,No internet service,No internet service,No internet service,No internet service,No internet service
15069,1427-VERSM,Yes,No,Fiber optic,No,No,Yes,Yes,Yes,Yes
15070,1428-GTBJJ,Yes,No,Fiber optic,No,Yes,No,No,No,No
15071,1428-IEDPR,Yes,Yes,Fiber optic,Yes,No,Yes,Yes,Yes,Yes
15072,1429-UYJSV,Yes,No,No,No internet service,No internet service,No internet service,No internet service,No internet service,No internet service
15073,1430-SFQSA,No,No phone service,DSL,Yes,No,No,Yes,No,No
15074,1431-AIDJQ,Yes,No,DSL,No,Yes,Yes,Yes,Yes,Yes
15075,1431-CYWMH,Yes,No,No,No internet service,No internet service,No internet service,No internet service,No internet service,No internet service
15076,1432-FPAXX,No,No phone service,DSL,No,Yes,No,No,No,No
15077,1436-ZMJAN,Yes,No,DSL,No,No,Yes,No,Yes,Yes
15078,1439-LCGVL,Yes,No,No,No internet service,No internet service,No internet service,No internet service,No internet service,No internet service
15079,1442-BQPVU,No,No phone service,DSL,No,Yes,No,No,No,No
15080,1442-OKRJE,Yes,No,Fiber optic,Yes,Yes,Yes,No,Yes,Yes
15081,1444-VVSGW,Yes,Yes,Fiber optic,Yes,Yes,Yes,Yes,Yes,Yes
15082,1447-GIQMR,Yes,No,Fiber optic,No,No,No,No,No,No
15083,1447-PJGGA,Yes,No,Fiber optic,No,No,Yes,No,Yes,Yes
15084,1448-CYWKC,Yes,Yes,Fiber optic,No,Yes,Yes,No,Yes,Yes
15085,1448-PWKYE,Yes,No,Fiber optic,No,No,No,No,No,Yes
15086,1449-XQEMT,Yes,No,No,No internet service,No internet service,No internet service,No internet service,No internet service,No internet service
15087,1450-GALXR,Yes,Yes,Fiber optic,No,No,No,Yes,Yes,Yes
15088,1450-SKCVI,Yes,No,Fiber optic,No,Yes,No,No,No,No
15089,1452-KIOVK,Yes,Yes,Fiber optic,No,Yes,No,No,Yes,No
15090,1452-UZOSF,Yes,Yes,Fiber optic,Yes,Yes,Yes,Yes,Yes,No
15091,1452-VOQCH,Yes,Yes,Fiber optic,No,No,No,No,No,No
15092,1452-XRSJV,Yes,No,DSL,Yes,No,No,No,No,No
15093,1453-RZFON,Yes,No,DSL,Yes,No,No,No,No,No
15094,1455-ESIQH,Yes,No,Fiber optic,No,No,No,No,Yes,Yes
15095,1455-HFBXA,Yes,Yes,Fiber optic,Yes,No,Yes,Yes,No,No
15096,1455-UGQVH,Yes,Yes,Fiber optic,No,No,Yes,No,Yes,Yes
15097,1456-TWCGB,Yes,No,DSL,No,Yes,No,No,No,No
15098,1459-QNFQT,No,No phone service,DSL,Yes,No,Yes,Yes,Yes,Yes
15099,1460-UZPRJ,Yes,No,No,No internet service,No internet service,No internet service,No internet service,No internet service,No internet service
15100,1465-LNTLJ,Yes,No,DSL,No,No,Yes,Yes,No,Yes
15101,1465-VINDH,Yes,Yes,Fiber optic,No,Yes,Yes,No,Yes,Yes
15102,1465-WCZVT,Yes,No,No,No internet service,No internet service,No internet service,No internet service,No internet service,No internet service
15103,1468-DEFNC,Yes,Yes,No,No internet service,No internet service,No internet service,No internet service,No internet service,No internet service
15104,1469-LBJQJ,Yes,Yes,Fiber optic,No,Yes,Yes,No,Yes,Yes
15105,1470-PSXNM,Yes,Yes,Fiber optic,No,Yes,Yes,No,Yes,No
15106,1471-GIQKQ,Yes,No,DSL,No,Yes,No,No,No,No
15107,1472-TNCWL,Yes,No,Fiber optic,No,Yes,No,No,Yes,Yes
15108,1474-JUWSM,Yes,Yes,DSL,Yes,No,No,Yes,No,Yes
15109,1475-VWVDO,Yes,No,Fiber optic,No,No,Yes,No,No,No
15110,1478-VPOAD,Yes,No,DSL,No,No,No,No,No,No
15111,1480-BKXGA,Yes,Yes,Fiber optic,Yes,Yes,Yes,Yes,Yes,Yes
15112,1480-IVEVR,Yes,Yes,Fiber optic,No,No,Yes,No,No,No
15113,1481-ZUWZA,Yes,Yes,Fiber optic,Yes,Yes,No,No,No,Yes
15114,1482-OXZSY,Yes,Yes,Fiber optic,Yes,No,No,No,Yes,Yes
15115,1485-YDHMM,Yes,Yes,Fiber optic,No,Yes,No,Yes,No,Yes
15116,1488-PBLJN,Yes,Yes,Fiber optic,Yes,Yes,Yes,Yes,Yes,Yes
15117,1488-SYSFC,Yes,No,No,No internet service,No internet service,No internet service,No internet service,No internet service,No internet service
15118,1492-KGETH,Yes,Yes,DSL,Yes,Yes,Yes,Yes,No,Yes
15119,1492-QGCLU,Yes,Yes,DSL,Yes,No,Yes,Yes,Yes,Yes
15120,1493-AMTIE,Yes,No,No,No internet service,No internet service,No internet service,No internet service,No internet service,No internet service
15121,1494-EJZDW,Yes,No,No,No internet service,No internet service,No internet service,No internet service,No internet service,No internet service
15122,1496-GGSUK,No,No phone service,DSL,No,No,No,No,No,No
15123,1498-DQNRX,Yes,No,No,No internet service,No internet service,No internet service,No internet service,No internet service,No internet service
15124,1498-NHTLT,Yes,No,DSL,Yes,Yes,Yes,Yes,Yes,Yes
15125,1501-SGHBW,Yes,No,DSL,No,No,No,No,No,No
15126,1502-XFCVR,Yes,No,Fiber optic,Yes,Yes,Yes,No,Yes,Yes
15127,1506-YJTYT,Yes,Yes,DSL,Yes,Yes,No,Yes,Yes,No
15128,1508-DFXCU,Yes,No,Fiber optic,No,No,No,No,Yes,No
15129,1513-XNPPH,Yes,No,Fiber optic,No,No,Yes,Yes,No,Yes
15130,1518-OMDIK,Yes,No,DSL,No,No,No,No,No,No
15131,1518-VOWAV,Yes,No,DSL,Yes,Yes,No,No,Yes,Yes
15132,1522-VVDMG,Yes,No,Fiber optic,No,Yes,No,Yes,Yes,No
15133,1525-LNLOJ,Yes,Yes,DSL,No,No,Yes,No,Yes,No
15134,1527-SXDPN,Yes,Yes,Fiber optic,No,No,Yes,Yes,No,Yes
15135,1530-ZTDOZ,No,No phone service,DSL,Yes,No,No,No,Yes,No
15136,1534-OULXE,Yes,No,DSL,Yes,No,No,No,No,No
15137,1535-VTJOQ,Yes,Yes,No,No internet service,No internet service,No internet service,No internet service,No internet service,No internet service
15138,1536-HBSWP,Yes,No,DSL,No,No,No,Yes,No,No
15139,1536-YHDOE,Yes,Yes,DSL,Yes,No,No,Yes,No,No
15140,1539-LNKHM,Yes,No,No,No internet service,No internet service,No internet service,No internet service,No internet service,No internet service
15141,1541-ETJZO,Yes,Yes,DSL,No,No,Yes,Yes,No,No
15142,1543-LLLFT,Yes,Yes,Fiber optic,No,Yes,Yes,Yes,Yes,No
15143,1544-JJMYL,Yes,No,DSL,Yes,No,Yes,Yes,Yes,No
15144,1545-ACTAS,Yes,No,Fiber optic,Yes,No,Yes,No,Yes,Yes
15145,1545-JFUML,Yes,Yes,Fiber optic,Yes,Yes,Yes,No,Yes,No
15146,1548-ARAGG,Yes,Yes,DSL,No,Yes,No,Yes,No,No
15147,1548-FEHVL,Yes,Yes,Fiber optic,Yes,Yes,No,No,Yes,Yes
15148,1550-EENBN,Yes,Yes,Fiber optic,Yes,Yes,No,No,Yes,Yes
15149,1550-LOAHA,Yes,No,Fiber optic,No,Yes,No,No,No,Yes
15150,1552-AAGRX,Yes,Yes,Fiber optic,Yes,No,No,Yes,Yes,Yes
15151,1552-CZCLL,Yes,No,No,No internet service,No internet service,No internet service,No internet service,No internet service,No internet service
15152,1552-TKMXS,Yes,No,No,No internet service,No internet service,No internet service,No internet service,No internet service,No internet service
15153,1555-DJEQW,Yes,Yes,Fiber optic,Yes,Yes,Yes,Yes,Yes,Yes
15154,1555-HAPSU,Yes,Yes,No,No internet service,No internet service,No internet service,No internet service,No internet service,No internet service
15155,1557-EMYVT,Yes,Yes,Fiber optic,Yes,Yes,Yes,Yes,Yes,Yes
15156,1559-DTODC,No,No phone service,DSL,No,No,No,No,No,No
15157,1561-BWHIN,Yes,No,No,No internet service,No internet service,No internet service,No internet service,No internet service,No internet service
15158,1563-IWQEX,Yes,No,No,No internet service,No internet service,No internet service,No internet service,No internet service,No internet service
15159,1564-HJUVY,Yes,No,DSL,No,Yes,No,Yes,Yes,No
15160,1564-NTYXF,Yes,Yes,Fiber optic,No,No,No,No,No,Yes
15161,1565-RHDJD,Yes,Yes,Fiber optic,No,Yes,Yes,No,No,No
15162,1567-DSCIC,Yes,Yes,Fiber optic,No,Yes,Yes,No,Yes,No
15163,1568-BEKZM,Yes,Yes,DSL,Yes,Yes,Yes,Yes,Yes,Yes
15164,1568-LJSZU,Yes,Yes,DSL,Yes,Yes,Yes,Yes,Yes,Yes
15165,1569-TTNYJ,Yes,Yes,Fiber optic,No,Yes,No,No,No,No
15166,1571-SAVHK,Yes,Yes,Fiber optic,No,No,No,Yes,Yes,Yes
15167,1573-LGXBA,Yes,No,Fiber optic,No,Yes,Yes,No,Yes,Yes
15168,1574-DYCWE,Yes,No,No,No internet service,No internet service,No internet service,No internet service,No internet service,No internet service
15169,1575-KRZZE,Yes,No,DSL,Yes,Yes,No,No,No,No
15170,1576-PFZIW,Yes,No,Fiber optic,Yes,Yes,Yes,No,Yes,Yes
15171,1577-HKTFG,Yes,No,No,No internet service,No internet service,No internet service,No internet service,No internet service,No internet service
15172,1579-KLYDT,Yes,Yes,Fiber optic,No,No,Yes,No,Yes,No
15173,1580-BMCMR,Yes,No,Fiber optic,Yes,No,No,No,No,Yes
15174,1582-RAFML,Yes,Yes,DSL,No,Yes,No,Yes,No,No
15175,1583-IHQZE,Yes,Yes,Fiber optic,No,Yes,Yes,Yes,Yes,Yes
15176,1585-MQSSU,Yes,No,DSL,No,No,No,Yes,No,No
15177,1587-FKLZB,Yes,Yes,Fiber optic,No,No,Yes,No,Yes,Yes
15178,1589-AGTLK,Yes,No,DSL,No,No,No,No,No,No
15179,1591-MQJTP,Yes,Yes,Fiber optic,Yes,No,Yes,No,No,Yes
15180,1591-NFNLQ,Yes,Yes,Fiber optic,No,No,Yes,No,No,No
15181,1591-XWLGB,Yes,No,No,No internet service,No internet service,No internet service,No internet service,No internet service,No internet service
15182,1596-BBVTG,Yes,Yes,Fiber optic,No,No,No,No,No,No
15183,1596-OQSPS,Yes,No,DSL,No,Yes,No,No,No,No
15184,1597-FZREH,Yes,No,DSL,No,No,Yes,Yes,Yes,Yes
15185,1597-LHYNC,Yes,Yes,Fiber optic,Yes,Yes,No,No,No,Yes
15186,1599-EAHXY,Yes,Yes,No,No internet service,No internet service,No internet service,No internet service,No internet service,No internet service
15187,1599-MMYRQ,Yes,No,Fiber optic,Yes,Yes,No,No,No,No
15188,1600-DILPE,Yes,No,DSL,No,No,No,No,No,No
15189,1602-IJQQE,Yes,Yes,Fiber optic,No,No,No,No,No,No
15190,1608-GMEWB,Yes,Yes,Fiber optic,No,No,No,No,Yes,Yes
15191,1612-EOHDH,Yes,No,DSL,No,No,No,No,No,No
15192,1614-JBEBI,Yes,No,No,No internet service,No internet service,No internet service,No internet service,No internet service,No internet service
15193,1618-CFHME,Yes,Yes,Fiber optic,No,No,No,No,No,No
15194,1619-YWUBB,Yes,Yes,No,No internet service,No internet service,No internet service,No internet service,No internet service,No internet service
15195,1621-YNCJH,Yes,Yes,Fiber optic,Yes,Yes,Yes,Yes,No,Yes
15196,1622-HSHSF,Yes,No,No,No internet service,No internet service,No internet service,No internet service,No internet service,No internet service
15197,1623-NLDOT,No,No phone service,DSL,No,Yes,No,Yes,No,No
15198,1624-NALOJ,Yes,Yes,Fiber optic,No,Yes,No,No,No,Yes
15199,1624-WOIWJ,Yes,No,Fiber optic,Yes,No,No,No,Yes,No
15200,1625-JAIIY,Yes,Yes,Fiber optic,No,No,No,No,Yes,No
15201,1626-ERCMM,Yes,Yes,Fiber optic,No,No,No,No,Yes,Yes
15202,1627-AFWVJ,Yes,No,No,No internet service,No internet service,No internet service,No internet service,No internet service,No internet service
15203,1628-BIZYP,Yes,No,Fiber optic,No,Yes,No,No,No,Yes
15204,1629-DQQVB,Yes,No,DSL,Yes,No,No,No,No,No
15205,1635-FJFCC,Yes,No,DSL,No,No,No,No,No,No
15206,1635-HDGFT,Yes,No,No,No internet service,No internet service,No internet service,No internet service,No internet service,No internet service
15207,1635-NZATJ,Yes,Yes,No,No internet service,No internet service,No internet service,No internet service,No internet service,No internet service
15208,1636-NTNCO,No,No phone service,DSL,No,Yes,No,No,Yes,Yes
15209,1640-PLFMP,Yes,No,Fiber optic,No,No,No,No,No,No
15210,1641-BYBTK,Yes,No,No,No internet service,No internet service,No internet service,No internet service,No internet service,No internet service
15211,1641-RQDAY,Yes,Yes,Fiber optic,No,Yes,No,No,Yes,Yes
15212,1642-HMARX,Yes,Yes,DSL,Yes,Yes,Yes,Yes,Yes,Yes
15213,1644-IRKSF,Yes,No,Fiber optic,No,No,Yes,No,Yes,Yes
15214,1656-DRSMG,Yes,Yes,Fiber optic,No,Yes,Yes,Yes,Yes,Yes
15215,1657-DYMBM,Yes,No,No,No internet service,No internet service,No internet service,No internet service,No internet service,No internet service
15216,1658-BYGOY,Yes,Yes,Fiber optic,No,No,No,No,Yes,Yes
15217,1658-TJVOA,Yes,No,Fiber optic,Yes,No,No,No,No,No
15218,1658-XUHBX,Yes,Yes,Fiber optic,No,No,Yes,No,No,Yes
15219,1660-HSOOQ,Yes,No,DSL,No,No,Yes,No,No,No
15220,1661-CZBAU,Yes,Yes,DSL,Yes,No,No,Yes,No,Yes
15221,1663-MHLHE,Yes,No,No,No internet service,No internet service,No internet service,No internet service,No internet service,No internet service
15222,1666-JXLKU,Yes,Yes,Fiber optic,No,No,Yes,No,Yes,Yes
15223,1666-JZPZT,Yes,Yes,DSL,No,No,No,No,No,No
15224,1670-SVOWZ,Yes,No,Fiber optic,No,Yes,No,Yes,No,Yes
15225,1676-MQAOA,Yes,No,DSL,Yes,Yes,Yes,Yes,Yes,No
15226,1678-FYZOW,Yes,No,Fiber optic,No,No,No,No,Yes,No
15227,1679-JRFBR,Yes,Yes,Fiber optic,Yes,Yes,Yes,No,Yes,Yes
15228,1680-VDCWW,Yes,No,No,No internet service,No internet service,No internet service,No internet service,No internet service,No internet service
15229,1682-VCOIO,Yes,No,No,No internet service,No internet service,No internet service,No internet service,No internet service,No internet service
15230,1684-FLBGS,Yes,Yes,DSL,No,Yes,No,Yes,Yes,No
15231,1685-BQULA,Yes,Yes,Fiber optic,No,Yes,Yes,No,Yes,No
15232,1685-VAYJF,Yes,No,DSL,No,No,No,No,No,No
15233,1686-STUHN,Yes,No,No,No internet service,No internet service,No internet service,No internet service,No internet service,No internet service
15234,1689-MRZQR,Yes,No,Fiber optic,No,No,No,No,Yes,No
15235,1689-YQBYY,Yes,Yes,Fiber optic,No,No,No,No,No,No
15236,1696-HXOWK,Yes,Yes,Fiber optic,Yes,Yes,No,No,Yes,No
15237,1696-MZVAU,No,No phone service,DSL,No,No,No,No,No,No
15238,1697-BCSHV,Yes,Yes,DSL,No,Yes,No,No,Yes,No
15239,1697-LYYYX,Yes,No,No,No internet service,No internet service,No internet service,No internet service,No internet service,No internet service
15240,1697-NVVGY,Yes,No,DSL,Yes,No,Yes,No,Yes,No
15241,1698-XFZCI,Yes,Yes,Fiber optic,Yes,Yes,Yes,No,Yes,Yes
15242,1699-HPSBG,Yes,No,DSL,No,No,No,Yes,Yes,No
15243,1699-TLDLZ,Yes,No,No,No internet service,No internet service,No internet service,No internet service,No internet service,No internet service
15244,1699-UOTXU,Yes,No,DSL,Yes,Yes,Yes,No,No,No
15245,1702-CCFNJ,Yes,Yes,DSL,No,Yes,No,Yes,No,No
15246,1703-MGIAB,Yes,Yes,DSL,No,No,Yes,Yes,Yes,No
15247,1704-NRWYE,Yes,No,Fiber optic,No,No,No,No,Yes,No
15248,1705-GUHPV,Yes,Yes,No,No internet service,No internet service,No internet service,No internet service,No internet service,No internet service
15249,1707-HABPF,Yes,No,Fiber optic,No,Yes,Yes,No,Yes,No
15250,1708-PBBOA,No,No phone service,DSL,Yes,Yes,Yes,Yes,No,Yes
15251,1709-EJDOX,Yes,No,No,No internet service,No internet service,No internet service,No internet service,No internet service,No internet service
15252,1710-RCXUS,Yes,Yes,Fiber optic,No,Yes,No,No,No,Yes
15253,1716-LSAMB,Yes,No,DSL,Yes,No,No,Yes,No,No
15254,1722-LDZJS,Yes,No,No,No internet service,No internet service,No internet service,No internet service,No internet service,No internet service
15255,1723-HKXJQ,Yes,Yes,Fiber optic,No,Yes,No,No,Yes,Yes
15256,1724-BQUHA,Yes,No,Fiber optic,No,No,No,No,Yes,Yes
15257,1724-IQWNM,Yes,No,No,No internet service,No internet service,No internet service,No internet service,No internet service,No internet service
15258,1725-IQNIY,Yes,No,Fiber optic,Yes,Yes,Yes,Yes,Yes,Yes
15259,1725-MIMXW,Yes,No,No,No internet service,No internet service,No internet service,No internet service,No internet service,No internet service
15260,1728-BQDMA,Yes,No,DSL,No,No,No,No,No,No
15261,1728-CXQBE,Yes,Yes,Fiber optic,No,Yes,Yes,No,No,Yes
15262,1729-VLAZJ,No,No phone service,DSL,Yes,Yes,No,Yes,No,No
15263,1730-VFMWO,Yes,No,DSL,No,No,No,Yes,No,No
15264,1730-ZMAME,Yes,No,Fiber optic,No,No,No,No,No,Yes
15265,1731-TVIUK,Yes,Yes,Fiber optic,No,Yes,No,Yes,No,Yes
15266,1732-FEKLD,Yes,Yes,Fiber optic,No,Yes,Yes,No,Yes,No
15267,1732-VHUBQ,Yes,No,Fiber optic,No,No,No,No,No,No
15268,1734-ZMNTZ,Yes,Yes,No,No internet service,No internet service,No internet service,No internet service,No internet service,No internet service
15269,1735-XMJVH,Yes,No,No,No internet service,No internet service,No internet service,No internet service,No internet service,No internet service
15270,1740-CSDJP,No,No phone service,DSL,No,No,No,No,No,Yes
15271,1741-WTPON,Yes,Yes,Fiber optic,Yes,Yes,Yes,Yes,Yes,Yes
15272,1744-JHKYS,Yes,Yes,No,No internet service,No internet service,No internet service,No internet service,No internet service,No internet service
15273,1746-TGTWV,Yes,No,Fiber optic,No,No,Yes,No,No,No
15274,1750-CSKKM,Yes,No,DSL,No,No,No,No,Yes,No
15275,1751-NCDLI,Yes,Yes,Fiber optic,No,No,Yes,No,Yes,Yes
15276,1752-OZXFY,Yes,No,DSL,Yes,No,No,No,Yes,No
15277,1754-GKYPY,Yes,No,Fiber optic,No,No,No,No,Yes,Yes
15278,1755-FZQEC,Yes,No,No,No internet service,No internet service,No internet service,No internet service,No internet service,No internet service
15279,1755-RMCXH,Yes,No,No,No internet service,No internet service,No internet service,No internet service,No internet service,No internet service
15280,1757-TCATG,Yes,No,No,No internet service,No internet service,No internet service,No internet service,No internet service,No internet service
15281,1760-CAZHT,Yes,No,No,No internet service,No internet service,No internet service,No internet service,No internet service,No internet service
15282,1761-AEZZR,Yes,No,Fiber optic,No,No,No,No,Yes,No
15283,1763-KUAAW,Yes,No,No,No internet service,No internet service,No internet service,No internet service,No internet service,No internet service
15284,1763-WQFUK,Yes,No,DSL,No,No,No,Yes,No,No
15285,1764-VUUMT,Yes,No,No,No internet service,No internet service,No internet service,No internet service,No internet service,No internet service
15286,1766-GKNMI,Yes,Yes,Fiber optic,No,No,No,No,No,Yes
15287,1767-CJKBA,Yes,Yes,No,No internet service,No internet service,No internet service,No internet service,No internet service,No internet service
15288,1767-TGTKO,Yes,No,DSL,No,No,No,No,No,No
15289,1768-HNVGJ,Yes,Yes,DSL,Yes,No,No,Yes,No,Yes
15290,1768-ZAIFU,No,No phone service,DSL,No,No,No,No,No,No
15291,1769-GRUIK,Yes,No,Fiber optic,No,No,No,No,No,No
15292,1771-OADNZ,Yes,Yes,Fiber optic,No,Yes,Yes,No,No,Yes
15293,1775-KWJKQ,Yes,Yes,DSL,Yes,Yes,Yes,Yes,Yes,Yes
15294,1776-SPBWV,Yes,No,No,No internet service,No internet service,No internet service,No internet service,No internet service,No internet service
15295,1777-JYQPJ,No,No phone service,DSL,No,No,No,No,No,No
15296,1779-PWPMG,Yes,Yes,Fiber optic,Yes,Yes,Yes,Yes,Yes,Yes
15297,1784-BXEFA,Yes,No,No,No internet service,No internet service,No internet service,No internet service,No internet service,No internet service
15298,1784-EZDKJ,Yes,Yes,Fiber optic,No,Yes,Yes,No,Yes,Yes
15299,1785-BPHTP,Yes,No,Fiber optic,No,No,Yes,No,Yes,No
15300,1790-NESIO,Yes,No,No,No internet service,No internet service,No internet service,No internet service,No internet service,No internet service
15301,1791-PQHBB,Yes,No,DSL,Yes,No,No,No,No,Yes
15302,1792-UXAFY,Yes,No,Fiber optic,No,Yes,Yes,No,Yes,No
15303,1794-HBQTJ,Yes,No,DSL,Yes,No,No,No,No,No
15304,1794-SWWKL,Yes,Yes,DSL,No,No,Yes,Yes,No,No
15305,1796-JANOW,Yes,No,No,No internet service,No internet service,No internet service,No internet service,No internet service,No internet service
15306,1803-BGNBD,Yes,No,DSL,No,Yes,No,Yes,No,No
15307,1809-DMJHQ,Yes,No,DSL,No,No,No,No,No,No
15308,1810-BOHSY,Yes,Yes,Fiber optic,Yes,Yes,No,No,No,Yes
15309,1810-MVMAI,Yes,Yes,DSL,Yes,Yes,Yes,Yes,No,No
15310,1813-JLKWR,Yes,No,No,No internet service,No internet service,No internet service,No internet service,No internet service,No internet service
15311,1813-JYWTO,Yes,Yes,Fiber optic,Yes,No,No,No,No,No
15312,1814-DKOLC,Yes,Yes,No,No internet service,No internet service,No internet service,No internet service,No internet service,No internet service
15313,1814-WFGVS,No,No phone service,DSL,Yes,No,Yes,Yes,Yes,No
15314,1816-FLZDK,No,No phone service,DSL,No,No,No,Yes,No,No
15315,1818-ESQMW,Yes,No,Fiber optic,No,No,Yes,Yes,No,Yes
15316,1820-DJFPH,Yes,Yes,No,No internet service,No internet service,No internet service,No internet service,No internet service,No internet service
15317,1820-TQVEV,Yes,No,Fiber optic,No,No,No,No,No,No
15318,1821-BUCWY,Yes,No,DSL,Yes,No,Yes,No,No,No
15319,1830-GGFNM,Yes,Yes,Fiber optic,Yes,Yes,Yes,Yes,No,No
15320,1830-IPXVJ,Yes,No,No,No internet service,No internet service,No internet service,No internet service,No internet service,No internet service
15321,1832-PEUTS,Yes,Yes,Fiber optic,No,No,Yes,No,Yes,No
15322,1833-TCXKK,Yes,Yes,Fiber optic,No,Yes,Yes,No,Yes,Yes
15323,1833-VGRUM,Yes,Yes,Fiber optic,No,No,No,No,No,No
15324,1834-ABKHQ,Yes,No,DSL,No,No,Yes,No,No,No
15325,1834-WULEG,Yes,No,No,No internet service,No internet service,No internet service,No internet service,No internet service,No internet service
15326,1837-YQUCE,No,No phone service,DSL,Yes,No,Yes,Yes,Yes,Yes
15327,1839-FBNFR,Yes,No,No,No internet service,No internet service,No internet service,No internet service,No internet service,No internet service
15328,1839-UMACK,Yes,Yes,No,No internet service,No internet service,No internet service,No internet service,No internet service,No internet service
15329,1840-BIUOG,Yes,Yes,DSL,No,Yes,No,Yes,Yes,No
15330,1841-YSJGV,Yes,Yes,Fiber optic,Yes,Yes,No,Yes,Yes,Yes
15331,1842-EZJMK,Yes,Yes,Fiber optic,No,Yes,No,Yes,Yes,Yes
15332,1843-TLSGD,Yes,No,No,No internet service,No internet service,No internet service,No internet service,No internet service,No internet service
15333,1845-CSBRZ,Yes,Yes,Fiber optic,No,No,No,No,Yes,No
15334,1845-ZLLIG,Yes,No,DSL,No,Yes,No,No,No,No
15335,1846-XWOQN,Yes,No,Fiber optic,No,No,No,No,No,No
15336,1848-LBZHY,Yes,No,DSL,Yes,No,No,No,No,No
15337,1849-RJYIG,Yes,No,DSL,Yes,No,No,No,Yes,No
15338,1850-AKQEP,Yes,No,No,No internet service,No internet service,No internet service,No internet service,No internet service,No internet service
15339,1852-QSWCD,Yes,Yes,No,No internet service,No internet service,No internet service,No internet service,No internet service,No internet service
15340,1852-XEMDW,Yes,Yes,DSL,Yes,Yes,Yes,No,No,No
15341,1853-ARAAQ,No,No phone service,DSL,No,No,Yes,No,Yes,Yes
15342,1853-UDXBW,Yes,No,Fiber optic,No,No,No,No,No,No
15343,1855-AGAWH,Yes,No,Fiber optic,No,No,Yes,No,Yes,Yes
15344,1855-CFULU,Yes,No,No,No internet service,No internet service,No internet service,No internet service,No internet service,No internet service
15345,1862-QRWPE,Yes,No,No,No internet service,No internet service,No internet service,No internet service,No internet service,No internet service
15346,1862-SKORY,No,No phone service,DSL,No,Yes,No,No,Yes,No
15347,1866-DIOQZ,No,No phone service,DSL,Yes,Yes,Yes,Yes,Yes,Yes
15348,1866-NXPSP,Yes,No,DSL,Yes,Yes,Yes,Yes,No,Yes
15349,1866-OBPNR,Yes,No,Fiber optic,No,Yes,No,No,No,No
15350,1866-RZZQS,Yes,Yes,Fiber optic,No,No,Yes,No,Yes,Yes
15351,1866-ZSLJM,Yes,No,No,No internet service,No internet service,No internet service,No internet service,No internet service,No internet service
15352,1867-BDVFH,Yes,Yes,Fiber optic,No,No,No,No,No,No
15353,1867-TJHTS,Yes,Yes,Fiber optic,Yes,No,No,No,No,No
15354,1871-MOWRM,Yes,No,Fiber optic,Yes,No,No,Yes,No,No
15355,1872-EBWSC,Yes,No,No,No internet service,No internet service,No internet service,No internet service,No internet service,No internet service
15356,1875-QIVME,Yes,Yes,Fiber optic,No,No,Yes,Yes,Yes,Yes
15357,1877-HKBQX,Yes,No,DSL,Yes,No,No,Yes,No,No
15358,1891-FZYSA,Yes,Yes,Fiber optic,No,Yes,No,No,Yes,No
15359,1891-QRQSA,Yes,Yes,Fiber optic,Yes,No,Yes,Yes,Yes,Yes
15360,1891-UAWWU,Yes,Yes,Fiber optic,No,No,Yes,No,Yes,No
15361,1894-IGFSG,Yes,No,Fiber optic,No,No,No,No,Yes,Yes
15362,1895-QTKDO,Yes,No,DSL,No,No,No,No,No,No
15363,1897-OKVMW,Yes,Yes,DSL,Yes,Yes,Yes,Yes,Yes,Yes
15364,1897-RCFUM,Yes,Yes,No,No internet service,No internet service,No internet service,No internet service,No internet service,No internet service
15365,1898-JSNDC,Yes,No,DSL,No,Yes,No,No,Yes,No
15366,1899-VXWXM,Yes,Yes,Fiber optic,No,Yes,Yes,No,Yes,Yes
15367,1902-XBTFB,Yes,No,Fiber optic,No,Yes,Yes,No,Yes,No
15368,1904-WAJAA,Yes,Yes,DSL,Yes,Yes,Yes,No,No,No
15369,1905-OEILC,Yes,No,No,No internet service,No internet service,No internet service,No internet service,No internet service,No internet service
15370,1907-UBQFC,Yes,No,Fiber optic,No,Yes,No,No,No,No
15371,1907-YLNYW,Yes,No,DSL,Yes,No,Yes,No,No,Yes
15372,1910-FMXJM,Yes,No,Fiber optic,No,No,No,No,No,Yes
15373,1915-IOFGU,Yes,No,Fiber optic,No,No,No,No,No,No
15374,1915-OAKWD,Yes,No,No,No internet service,No internet service,No internet service,No internet service,No internet service,No internet service
15375,1918-ZBFQJ,Yes,No,Fiber optic,No,Yes,Yes,No,No,No
15376,1919-RTPQD,Yes,No,DSL,No,No,No,No,No,No
15377,1921-KYSAY,Yes,Yes,DSL,No,No,Yes,Yes,No,Yes
15378,1925-GMVBW,Yes,No,No,No internet service,No internet service,No internet service,No internet service,No internet service,No internet service
15379,1925-LFCZZ,No,No phone service,DSL,No,No,Yes,No,Yes,Yes
15380,1925-TIBLE,Yes,Yes,Fiber optic,No,No,No,No,Yes,No
15381,1926-QUZNN,Yes,Yes,No,No internet service,No internet service,No internet service,No internet service,No internet service,No internet service
15382,1927-QEWMY,Yes,No,No,No internet service,No internet service,No internet service,No internet service,No internet service,No internet service
15383,1928-BXYIV,Yes,Yes,DSL,Yes,Yes,No,No,No,No
15384,1929-ZCBHE,No,No phone service,DSL,Yes,No,Yes,Yes,No,No
15385,1930-BZLHI,Yes,No,No,No internet service,No internet service,No internet service,No internet service,No internet service,No internet service
15386,1930-QPBVZ,Yes,No,Fiber optic,Yes,Yes,No,Yes,No,Yes
15387,1930-WNXSB,Yes,No,Fiber optic,No,Yes,No,No,Yes,Yes
15388,1932-UEDCX,Yes,Yes,Fiber optic,No,Yes,No,No,Yes,Yes
15389,1934-MKPXS,Yes,No,No,No internet service,No internet service,No internet service,No internet service,No internet service,No internet service
15390,1934-SJVJK,Yes,No,No,No internet service,No internet service,No internet service,No internet service,No internet service,No internet service
15391,1935-IMVBB,Yes,No,Fiber optic,No,No,No,No,Yes,Yes
15392,1936-CZAKF,No,No phone service,DSL,No,Yes,No,No,Yes,Yes
15393,1936-UAFEH,Yes,Yes,Fiber optic,Yes,Yes,No,Yes,Yes,Yes
15394,1937-OTUKY,Yes,Yes,Fiber optic,Yes,No,Yes,Yes,Yes,No
15395,1941-HOSAM,Yes,No,Fiber optic,No,No,No,No,Yes,Yes
15396,1942-OQFRW,Yes,No,DSL,No,No,No,No,No,No
15397,1945-XISKS,Yes,No,No,No internet service,No internet service,No internet service,No internet service,No internet service,No internet service
15398,1950-KSVVJ,Yes,Yes,Fiber optic,Yes,Yes,Yes,Yes,Yes,Yes
15399,1951-IEYXM,Yes,Yes,DSL,Yes,Yes,Yes,Yes,Yes,Yes
15400,1952-DVVSW,Yes,No,No,No internet service,No internet service,No internet service,No internet service,No internet service,No internet service
15401,1955-IBMMB,Yes,No,No,No internet service,No internet service,No internet service,No internet service,No internet service,No internet service
15402,1956-YIFGE,Yes,No,Fiber optic,No,Yes,Yes,No,Yes,Yes
15403,1958-RNRKS,Yes,Yes,DSL,No,No,No,No,No,No
15404,1960-UOTYM,Yes,No,DSL,Yes,Yes,Yes,No,Yes,Yes
15405,1960-UYCNN,Yes,Yes,Fiber optic,No,Yes,Yes,No,No,Yes
15406,1963-SVUCV,Yes,No,DSL,No,No,No,No,No,No
15407,1963-VAUKV,Yes,No,No,No internet service,No internet service,No internet service,No internet service,No internet service,No internet service
15408,1964-SVLEA,Yes,No,No,No internet service,No internet service,No internet service,No internet service,No internet service,No internet service
15409,1965-AKTSX,Yes,Yes,Fiber optic,No,Yes,No,No,No,No
15410,1965-DDBWU,Yes,Yes,Fiber optic,No,No,No,Yes,No,Yes
15411,1970-KKFWL,Yes,Yes,No,No internet service,No internet service,No internet service,No internet service,No internet service,No internet service
15412,1971-DTCZB,Yes,Yes,DSL,Yes,Yes,Yes,Yes,Yes,Yes
15413,1972-XMUWV,Yes,No,DSL,No,No,No,Yes,Yes,No
15414,1976-AZZPJ,No,No phone service,DSL,Yes,Yes,No,No,No,No
15415,1976-CFOCS,Yes,No,DSL,No,No,No,No,No,No
15416,1977-STDKI,Yes,No,Fiber optic,No,Yes,No,No,No,No
15417,1980-KXVPM,Yes,Yes,Fiber optic,No,No,No,No,No,No
15418,1981-INRFU,Yes,No,Fiber optic,No,No,No,No,Yes,No
15419,1982-FEBTD,Yes,Yes,No,No internet service,No internet service,No internet service,No internet service,No internet service,No internet service
15420,1984-FCOWB,Yes,Yes,Fiber optic,No,Yes,Yes,Yes,Yes,Yes
15421,1984-GPTEH,Yes,Yes,No,No internet service,No internet service,No internet service,No internet service,No internet service,No internet service
15422,1985-MBRYP,Yes,No,No,No internet service,No internet service,No internet service,No internet service,No internet service,No internet service
15423,1986-PHGZF,Yes,Yes,DSL,Yes,Yes,No,No,No,No
15424,1987-AUELQ,Yes,Yes,No,No internet service,No internet service,No internet service,No internet service,No internet service,No internet service
15425,1989-PRJHP,Yes,Yes,Fiber optic,No,No,No,No,No,No
15426,1991-VOPLL,Yes,No,No,No internet service,No internet service,No internet service,No internet service,No internet service,No internet service
15427,1996-DBMUS,Yes,No,Fiber optic,No,No,No,No,No,No
15428,1998-VHJHK,Yes,No,No,No internet service,No internet service,No internet service,No internet service,No internet service,No internet service
15429,2000-DHJUY,Yes,Yes,DSL,Yes,Yes,Yes,Yes,Yes,Yes
15430,2000-MPKCA,Yes,Yes,Fiber optic,Yes,Yes,Yes,No,Yes,Yes
15431,2001-EWBQU,Yes,Yes,Fiber optic,No,Yes,Yes,No,Yes,Yes
15432,2001-MCUUW,Yes,Yes,Fiber optic,No,Yes,Yes,Yes,Yes,Yes
15433,2002-MZHWP,Yes,No,No,No internet service,No internet service,No internet service,No internet service,No internet service,No internet service
15434,2003-CKLOR,Yes,No,Fiber optic,No,Yes,Yes,No,Yes,Yes
15435,2004-OCQXK,Yes,No,Fiber optic,No,No,No,No,No,Yes
15436,2005-DWQZJ,Yes,No,No,No internet service,No internet service,No internet service,No internet service,No internet service,No internet service
15437,2007-QVGAW,Yes,No,No,No internet service,No internet service,No internet service,No internet service,No internet service,No internet service
15438,2011-TRQYE,No,No phone service,DSL,No,Yes,Yes,No,No,No
15439,2012-NWRPA,Yes,Yes,Fiber optic,No,No,Yes,No,Yes,Yes
15440,2013-SGDXK,Yes,No,Fiber optic,No,Yes,No,No,Yes,No
15441,2014-MKGMH,Yes,Yes,Fiber optic,No,No,Yes,No,Yes,Yes
15442,2017-CCBLH,Yes,No,No,No internet service,No internet service,No internet service,No internet service,No internet service,No internet service
15443,2018-PZKMU,Yes,No,Fiber optic,No,No,Yes,Yes,Yes,Yes
15444,2018-QKYGT,Yes,No,Fiber optic,No,No,No,No,No,Yes
15445,2019-HDCZY,Yes,Yes,Fiber optic,No,No,Yes,No,Yes,Yes
15446,2023-VQFDL,Yes,No,No,No internet service,No internet service,No internet service,No internet service,No internet service,No internet service
15447,2024-BASKD,Yes,No,Fiber optic,No,No,Yes,No,No,No
15448,2025-JKFWI,Yes,Yes,Fiber optic,No,No,No,Yes,Yes,Yes
15449,2026-TGDHM,Yes,No,Fiber optic,No,No,No,No,No,Yes
15450,2027-CWDNU,Yes,No,Fiber optic,No,No,No,Yes,No,Yes
15451,2027-DNKIV,Yes,No,DSL,Yes,No,Yes,Yes,No,No
15452,2027-FECZV,Yes,Yes,Fiber optic,No,Yes,Yes,No,Yes,Yes
15453,2027-OAQQC,No,No phone service,DSL,No,No,Yes,No,Yes,Yes
15454,2027-WKXMW,Yes,Yes,Fiber optic,No,Yes,Yes,Yes,Yes,Yes
15455,2030-BTZRO,Yes,No,No,No internet service,No internet service,No internet service,No internet service,No internet service,No internet service
15456,2034-CGRHZ,Yes,Yes,Fiber optic,No,Yes,Yes,No,Yes,Yes
15457,2034-GDRCN,Yes,No,Fiber optic,No,No,No,No,Yes,Yes
15458,2037-SGXHH,Yes,Yes,Fiber optic,No,Yes,Yes,No,Yes,No
15459,2037-XJFUP,Yes,No,Fiber optic,No,No,Yes,No,Yes,Yes
15460,2038-LLMLM,Yes,Yes,Fiber optic,No,No,Yes,Yes,Yes,Yes
15461,2038-OEQZH,Yes,No,Fiber optic,No,No,Yes,No,No,Yes
15462,2038-YSEZE,Yes,Yes,DSL,Yes,Yes,No,Yes,No,No
15463,2039-JONDJ,Yes,No,DSL,Yes,Yes,No,No,No,No
15464,2040-LDIWQ,Yes,Yes,DSL,No,Yes,Yes,Yes,Yes,Yes
15465,2040-OBMLJ,Yes,Yes,Fiber optic,No,No,No,Yes,No,No
15466,2040-VZIKE,Yes,Yes,Fiber optic,Yes,No,No,No,Yes,Yes
15467,2040-XBAVJ,Yes,Yes,Fiber optic,Yes,Yes,Yes,Yes,Yes,Yes
15468,2041-JIJCI,Yes,Yes,DSL,No,Yes,No,No,No,Yes
15469,2043-WVTQJ,Yes,No,DSL,Yes,No,Yes,No,No,No
15470,2045-BMBTJ,No,No phone service,DSL,Yes,Yes,Yes,No,Yes,Yes
15471,2049-BAFNW,No,No phone service,DSL,No,No,Yes,Yes,No,No
15472,2050-ONYDQ,Yes,Yes,No,No internet service,No internet service,No internet service,No internet service,No internet service,No internet service
15473,2054-PJOCK,Yes,Yes,DSL,No,No,Yes,Yes,Yes,Yes
15474,2055-BFOCC,Yes,No,DSL,Yes,Yes,Yes,Yes,Yes,Yes
15475,2055-PDADH,Yes,No,Fiber optic,No,No,No,No,No,No
15476,2055-SIFSS,Yes,Yes,DSL,No,No,No,No,No,No
15477,2056-EVGZL,Yes,No,Fiber optic,No,Yes,Yes,Yes,Yes,Yes
15478,2057-BOYKM,Yes,Yes,Fiber optic,Yes,Yes,Yes,Yes,No,No
15479,2057-ZBLPD,Yes,Yes,Fiber optic,No,No,No,No,No,Yes
15480,2058-DCJBE,Yes,No,Fiber optic,No,No,No,No,No,No
15481,2061-VVFST,Yes,No,No,No internet service,No internet service,No internet service,No internet service,No internet service,No internet service
15482,2065-MMKGR,Yes,Yes,DSL,No,No,No,No,Yes,Yes
15483,2067-QYTCF,Yes,Yes,Fiber optic,No,Yes,Yes,Yes,Yes,Yes
15484,2068-WWXQZ,Yes,No,No,No internet service,No internet service,No internet service,No internet service,No internet service,No internet service
15485,2070-FNEXE,Yes,No,Fiber optic,Yes,No,No,No,No,No
15486,2070-XYMFH,Yes,Yes,Fiber optic,No,No,Yes,No,No,No
15487,2072-ZVJJX,Yes,Yes,No,No internet service,No internet service,No internet service,No internet service,No internet service,No internet service
15488,2073-QBVBI,No,No phone service,DSL,No,Yes,No,Yes,No,No
15489,2074-GKOWZ,Yes,No,Fiber optic,No,No,No,No,Yes,Yes
15490,2074-GUHPQ,Yes,Yes,Fiber optic,No,Yes,Yes,Yes,No,No
15491,2075-PUEPR,Yes,No,No,No internet service,No internet service,No internet service,No internet service,No internet service,No internet service
15492,2075-RMJIK,Yes,No,DSL,Yes,No,No,No,No,No
15493,2077-DDHJK,Yes,Yes,DSL,Yes,Yes,Yes,Yes,No,No
15494,2077-MPJQO,Yes,Yes,Fiber optic,No,No,No,No,No,No
15495,2079-FBMZK,Yes,No,Fiber optic,No,No,No,No,No,No
15496,2080-CAZNM,Yes,Yes,Fiber optic,No,Yes,Yes,No,Yes,Yes
15497,2080-GKCWQ,Yes,No,Fiber optic,No,Yes,No,No,No,No
15498,2080-SRCDE,Yes,Yes,No,No internet service,No internet service,No internet service,No internet service,No internet service,No internet service
15499,2081-KJSQF,Yes,No,No,No internet service,No internet service,No internet service,No internet service,No internet service,No internet service
15500,2081-VEYEH,Yes,No,Fiber optic,No,Yes,Yes,Yes,Yes,Yes
15501,2082-CEFLT,Yes,No,DSL,No,No,No,No,No,No
15502,2082-OJVTK,Yes,Yes,Fiber optic,No,No,Yes,No,No,Yes
15503,2085-BOJKI,Yes,No,Fiber optic,No,No,Yes,No,Yes,Yes
15504,2085-JVGAD,Yes,No,No,No internet service,No internet service,No internet service,No internet service,No internet service,No internet service
15505,2087-QAREY,Yes,No,DSL,No,Yes,Yes,No,No,No
15506,2088-IEBAU,Yes,Yes,DSL,Yes,Yes,Yes,Yes,Yes,Yes
15507,2091-GPPIQ,Yes,Yes,DSL,No,Yes,No,Yes,Yes,Yes
15508,2091-MJTFX,No,No phone service,DSL,No,No,No,Yes,Yes,Yes
15509,2091-RFFBA,Yes,Yes,Fiber optic,No,No,No,No,No,No
15510,2096-XOTMO,Yes,No,No,No internet service,No internet service,No internet service,No internet service,No internet service,No internet service
15511,2097-YVPKN,Yes,Yes,No,No internet service,No internet service,No internet service,No internet service,No internet service,No internet service
15512,2100-BDNSN,Yes,Yes,DSL,No,No,Yes,Yes,Yes,No
15513,2101-RANCD,Yes,Yes,Fiber optic,No,No,No,No,No,No
15514,2103-ZRXFN,Yes,Yes,DSL,No,No,No,No,No,No
15515,2105-PHWON,Yes,Yes,Fiber optic,No,No,Yes,Yes,No,Yes
15516,2107-FBPTK,Yes,Yes,Fiber optic,No,Yes,Yes,No,Yes,Yes
15517,2108-GLPQB,Yes,Yes,DSL,No,No,Yes,No,No,No
15518,2108-XWMPY,No,No phone service,DSL,Yes,Yes,No,No,No,No
15519,2108-YKQTY,Yes,No,DSL,No,Yes,No,No,No,No
15520,2111-DWYHN,Yes,No,No,No internet service,No internet service,No internet service,No internet service,No internet service,No internet service
15521,2114-MGINA,Yes,No,Fiber optic,No,No,No,No,Yes,Yes
15522,2115-BFTIW,Yes,No,Fiber optic,No,No,No,No,No,No
15523,2120-SMPEX,Yes,No,No,No internet service,No internet service,No internet service,No internet service,No internet service,No internet service
15524,2121-JAFOM,Yes,Yes,Fiber optic,Yes,Yes,Yes,Yes,Yes,Yes
15525,2122-SZZZD,Yes,No,No,No internet service,No internet service,No internet service,No internet service,No internet service,No internet service
15526,2122-YWVYA,Yes,No,Fiber optic,Yes,No,No,No,No,No
15527,2123-AGEEN,Yes,No,Fiber optic,No,No,Yes,No,Yes,No
15528,2123-VSCOT,Yes,Yes,DSL,No,No,Yes,Yes,Yes,No
15529,2126-GSEGL,Yes,Yes,DSL,No,Yes,Yes,Yes,Yes,Yes
15530,2129-ALKBS,Yes,Yes,No,No internet service,No internet service,No internet service,No internet service,No internet service,No internet service
15531,2133-TSRRM,Yes,No,Fiber optic,Yes,Yes,Yes,No,Yes,Yes
15532,2135-DQWAQ,Yes,No,Fiber optic,No,Yes,No,No,Yes,No
15533,2135-RXIHG,Yes,No,DSL,No,No,No,No,No,No
15534,2137-DQMEV,No,No phone service,DSL,Yes,Yes,No,No,Yes,No
15535,2138-VFAPZ,Yes,No,No,No internet service,No internet service,No internet service,No internet service,No internet service,No internet service
15536,2139-FQHLM,Yes,No,Fiber optic,No,No,Yes,Yes,Yes,No
15537,2141-RRYGO,Yes,No,DSL,No,Yes,No,No,Yes,Yes
15538,2143-LJULT,Yes,Yes,No,No internet service,No internet service,No internet service,No internet service,No internet service,No internet service
15539,2144-BFDSO,Yes,Yes,Fiber optic,Yes,Yes,Yes,No,Yes,Yes
15540,2144-ESWKO,No,No phone service,DSL,Yes,No,Yes,No,No,No
15541,2146-EGVDT,Yes,No,No,No internet service,No internet service,No internet service,No internet service,No internet service,No internet service
15542,2150-OEGBV,Yes,No,No,No internet service,No internet service,No internet service,No internet service,No internet service,No internet service
15543,2150-UWTFY,Yes,No,DSL,Yes,Yes,Yes,No,No,No
15544,2150-WLKUW,Yes,Yes,DSL,No,Yes,No,No,Yes,No
15545,2153-MREFK,Yes,Yes,Fiber optic,Yes,No,Yes,Yes,No,Yes
15546,2154-KVJFF,Yes,Yes,Fiber optic,No,Yes,No,No,No,No
15547,2155-AMQRX,Yes,Yes,DSL,No,No,No,Yes,No,No
15548,2157-MXBJS,Yes,Yes,DSL,No,No,Yes,No,Yes,Yes
15549,2159-TURXX,Yes,No,No,No internet service,No internet service,No internet service,No internet service,No internet service,No internet service
15550,2160-GPFXD,Yes,Yes,DSL,Yes,Yes,No,Yes,No,No
15551,2162-FRZAA,No,No phone service,DSL,No,Yes,Yes,Yes,No,No
15552,2164-SOQXL,Yes,No,No,No internet service,No internet service,No internet service,No internet service,No internet service,No internet service
15553,2165-VOEGB,Yes,No,Fiber optic,Yes,Yes,No,Yes,Yes,Yes
15554,2167-FQSTQ,Yes,Yes,DSL,Yes,Yes,Yes,Yes,Yes,Yes
15555,2169-RRLFW,Yes,Yes,No,No internet service,No internet service,No internet service,No internet service,No internet service,No internet service
15556,2171-UDMFD,Yes,No,No,No internet service,No internet service,No internet service,No internet service,No internet service,No internet service
15557,2172-EJXVF,Yes,Yes,Fiber optic,No,Yes,Yes,No,Yes,Yes
15558,2176-LVPNX,Yes,Yes,DSL,Yes,Yes,Yes,Yes,Yes,Yes
15559,2176-OSJUV,Yes,Yes,DSL,Yes,Yes,No,Yes,No,No
15560,2178-PMGCJ,Yes,No,Fiber optic,No,No,No,No,No,No
15561,2180-DXNEG,Yes,No,Fiber optic,No,No,Yes,No,Yes,Yes
15562,2181-TIDSV,Yes,No,No,No internet service,No internet service,No internet service,No internet service,No internet service,No internet service
15563,2181-UAESM,Yes,No,DSL,Yes,No,Yes,No,No,No
15564,2186-QZEYA,Yes,Yes,DSL,Yes,Yes,No,No,No,No
15565,2187-LZGPL,No,No phone service,DSL,No,Yes,No,No,No,Yes
15566,2187-PKZAY,Yes,No,Fiber optic,No,No,No,No,No,Yes
15567,2188-SXWVT,Yes,No,DSL,Yes,Yes,No,No,No,No
15568,2189-UXTKY,Yes,Yes,DSL,Yes,No,No,Yes,Yes,Yes
15569,2189-WWOEW,Yes,No,Fiber optic,No,Yes,No,No,No,Yes
15570,2190-BCXEC,Yes,Yes,Fiber optic,No,No,No,Yes,No,No
15571,2190-PHBHR,Yes,Yes,Fiber optic,Yes,Yes,No,No,No,Yes
15572,2192-CKRLV,No,No phone service,DSL,Yes,Yes,Yes,No,No,Yes
15573,2192-OZITF,Yes,Yes,DSL,Yes,No,No,Yes,No,Yes
15574,2193-SFWQW,Yes,No,Fiber optic,Yes,Yes,Yes,Yes,Yes,Yes
15575,2194-IIQOF,Yes,Yes,DSL,Yes,Yes,Yes,Yes,Yes,Yes
15576,2195-VVRJF,Yes,No,DSL,Yes,No,No,No,No,Yes
15577,2195-ZRVAX,Yes,No,Fiber optic,No,No,Yes,No,No,Yes
15578,2197-OMWGI,No,No phone service,DSL,No,Yes,Yes,No,Yes,Yes
15579,2200-DSAAL,Yes,Yes,DSL,No,Yes,Yes,No,Yes,Yes
15580,2202-CUYXZ,Yes,No,Fiber optic,No,No,Yes,No,Yes,No
15581,2202-OUTMO,Yes,Yes,DSL,Yes,No,No,Yes,No,No
15582,2203-GHNWN,Yes,Yes,Fiber optic,No,No,Yes,No,No,No
15583,2205-LPVGL,Yes,Yes,Fiber optic,Yes,Yes,No,Yes,No,No
15584,2205-YMZZJ,Yes,Yes,Fiber optic,No,No,No,No,Yes,No
15585,2207-NHRJK,Yes,No,DSL,No,Yes,No,No,No,No
15586,2207-OBZNX,Yes,No,DSL,Yes,No,No,No,No,No
15587,2207-QPJED,Yes,No,Fiber optic,No,No,Yes,Yes,Yes,No
15588,2207-RYYRL,Yes,Yes,No,No internet service,No internet service,No internet service,No internet service,No internet service,No internet service
15589,2208-MPXIO,Yes,No,No,No internet service,No internet service,No internet service,No internet service,No internet service,No internet service
15590,2208-NKVVH,Yes,Yes,No,No internet service,No internet service,No internet service,No internet service,No internet service,No internet service
15591,2208-NQBCT,Yes,No,Fiber optic,Yes,Yes,No,No,No,No
15592,2208-UGTGR,Yes,Yes,Fiber optic,No,Yes,No,No,Yes,Yes
15593,2209-XADXF,No,No phone service,DSL,No,No,No,No,No,No
15594,2211-RMNHO,Yes,Yes,DSL,No,Yes,Yes,Yes,Yes,Yes
15595,2212-LYASK,No,No phone service,DSL,No,Yes,Yes,No,No,Yes
15596,2215-ZAFGX,Yes,Yes,Fiber optic,No,No,No,No,Yes,No
15597,2219-MVUSO,Yes,No,DSL,No,No,No,No,No,No
15598,2220-IAHLS,Yes,No,No,No internet service,No internet service,No internet service,No internet service,No internet service,No internet service
15599,2223-GDSHL,Yes,Yes,Fiber optic,Yes,Yes,Yes,Yes,Yes,Yes
15600,2223-KAGMX,Yes,No,No,No internet service,No internet service,No internet service,No internet service,No internet service,No internet service
15601,2225-ZRGSG,Yes,Yes,Fiber optic,Yes,Yes,Yes,Yes,No,No
15602,2226-ICFDO,Yes,Yes,DSL,Yes,No,Yes,Yes,Yes,Yes
15603,2227-JRSJX,Yes,No,Fiber optic,No,Yes,No,Yes,Yes,Yes
15604,2228-BZDEE,Yes,No,No,No internet service,No internet service,No internet service,No internet service,No internet service,No internet service
15605,2229-DPMBI,Yes,No,No,No internet service,No internet service,No internet service,No internet service,No internet service,No internet service
15606,2229-VWQJH,Yes,No,DSL,No,No,Yes,No,No,No
15607,2230-XTUWL,Yes,No,No,No internet service,No internet service,No internet service,No internet service,No internet service,No internet service
15608,2232-DMLXU,Yes,No,DSL,No,No,No,No,Yes,No
15609,2233-FAGXV,Yes,Yes,No,No internet service,No internet service,No internet service,No internet service,No internet service,No internet service
15610,2233-TXSIU,No,No phone service,DSL,Yes,No,Yes,No,Yes,No
15611,2234-EOFPT,Yes,No,DSL,Yes,Yes,No,Yes,Yes,Yes
15612,2234-XADUH,Yes,Yes,Fiber optic,No,Yes,Yes,No,Yes,Yes
15613,2235-DWLJU,No,No phone service,DSL,No,No,No,No,Yes,Yes
15614,2235-EZAIK,Yes,Yes,DSL,Yes,Yes,Yes,Yes,Yes,No
15615,2235-ZGKPT,Yes,Yes,DSL,No,No,No,No,No,No
15616,2236-HILPA,Yes,No,No,No internet service,No internet service,No internet service,No internet service,No internet service,No internet service
15617,2237-ZFSMY,Yes,No,Fiber optic,Yes,No,Yes,Yes,Yes,No
15618,2239-CFOUJ,Yes,No,No,No internet service,No internet service,No internet service,No internet service,No internet service,No internet service
15619,2239-CGBUZ,Yes,No,DSL,Yes,Yes,No,Yes,No,No
15620,2239-JALAW,Yes,Yes,Fiber optic,No,Yes,Yes,No,Yes,Yes
15621,2240-HSJQD,Yes,Yes,Fiber optic,No,Yes,No,No,No,No
15622,2242-MFOTG,Yes,Yes,Fiber optic,Yes,No,No,No,No,No
15623,2243-FNMMI,Yes,No,No,No internet service,No internet service,No internet service,No internet service,No internet service,No internet service
15624,2245-ADZFJ,Yes,Yes,DSL,No,Yes,No,Yes,Yes,Yes
15625,2249-YPRNG,Yes,Yes,Fiber optic,No,Yes,Yes,No,Yes,Yes
15626,2250-IVBWA,Yes,No,Fiber optic,Yes,Yes,No,No,No,No
15627,2251-PYLPB,Yes,Yes,DSL,Yes,Yes,Yes,Yes,No,Yes
15628,2252-ISRNH,Yes,Yes,Fiber optic,No,No,Yes,No,Yes,No
15629,2252-JHJGE,Yes,Yes,Fiber optic,Yes,No,Yes,No,Yes,Yes
15630,2252-NKNSI,Yes,Yes,DSL,Yes,Yes,No,Yes,Yes,Yes
15631,2253-KPMNB,No,No phone service,DSL,Yes,Yes,Yes,Yes,No,No
15632,2254-DLXRI,Yes,Yes,Fiber optic,No,Yes,No,No,No,No
15633,2256-YLYLP,Yes,No,DSL,No,No,Yes,Yes,Yes,Yes
15634,2257-BOVXD,Yes,Yes,DSL,No,No,No,Yes,Yes,No
15635,2259-OUUSZ,No,No phone service,DSL,No,No,Yes,Yes,No,No
15636,2260-USTRB,Yes,No,Fiber optic,No,No,No,No,No,No
15637,2262-SLNVK,Yes,No,Fiber optic,No,No,No,No,No,No
15638,2263-SFSQZ,Yes,Yes,No,No internet service,No internet service,No internet service,No internet service,No internet service,No internet service
15639,2265-CYWIV,Yes,Yes,Fiber optic,Yes,No,No,No,Yes,Yes
15640,2266-FUBDZ,Yes,No,No,No internet service,No internet service,No internet service,No internet service,No internet service,No internet service
15641,2266-SJNAT,Yes,Yes,Fiber optic,No,Yes,Yes,Yes,Yes,Yes
15642,2267-FPIMA,Yes,Yes,Fiber optic,Yes,Yes,No,No,No,Yes
15643,2267-WTPYD,Yes,Yes,Fiber optic,No,Yes,Yes,No,No,Yes
15644,2270-CHBFN,Yes,Yes,Fiber optic,Yes,Yes,Yes,Yes,No,No
15645,2272-JKMSI,Yes,Yes,Fiber optic,No,Yes,Yes,Yes,Yes,Yes
15646,2272-QAGFO,Yes,Yes,Fiber optic,No,No,No,No,No,No
15647,2272-UOINI,Yes,No,DSL,Yes,Yes,No,Yes,Yes,Yes
15648,2272-WUSPA,Yes,Yes,Fiber optic,Yes,Yes,Yes,No,Yes,Yes
15649,2273-QCKXA,Yes,No,DSL,No,No,No,Yes,No,No
15650,2274-XUATA,No,No phone service,DSL,Yes,Yes,Yes,Yes,Yes,Yes
15651,2275-RBYQS,Yes,No,DSL,No,No,No,No,No,No
15652,2276-YDAVZ,Yes,Yes,Fiber optic,No,No,No,No,No,No
15653,2277-AXSDC,Yes,No,No,No internet service,No internet service,No internet service,No internet service,No internet service,No internet service
15654,2277-BKJKN,Yes,No,Fiber optic,No,Yes,Yes,No,Yes,Yes
15655,2277-DJJDL,Yes,Yes,Fiber optic,No,No,No,Yes,Yes,Yes
15656,2277-VWCNI,Yes,Yes,DSL,No,No,No,No,No,No
15657,2279-AXJJK,Yes,Yes,Fiber optic,No,Yes,No,Yes,No,Yes
15658,2282-YGNOR,Yes,No,DSL,Yes,No,Yes,Yes,No,No
15659,2284-VFLKH,Yes,No,Fiber optic,No,No,Yes,Yes,Yes,Yes
15660,2292-XQWSV,No,No phone service,DSL,No,Yes,Yes,Yes,Yes,Yes
15661,2293-IJWPS,Yes,Yes,Fiber optic,No,No,Yes,No,Yes,Yes
15662,2294-DMMUS,Yes,Yes,DSL,No,No,No,No,Yes,Yes
15663,2294-SALNE,Yes,No,Fiber optic,No,Yes,Yes,Yes,No,No
15664,2296-DKZFP,Yes,No,DSL,Yes,Yes,Yes,No,No,Yes
15665,2300-RQGOI,Yes,No,No,No internet service,No internet service,No internet service,No internet service,No internet service,No internet service
15666,2302-ANTDP,Yes,Yes,Fiber optic,Yes,Yes,Yes,Yes,Yes,Yes
15667,2302-OUZXB,Yes,Yes,DSL,No,Yes,Yes,No,Yes,Yes
15668,2303-PJYHN,Yes,No,No,No internet service,No internet service,No internet service,No internet service,No internet service,No internet service
15669,2305-MRGLV,Yes,No,Fiber optic,No,No,No,Yes,No,No
15670,2307-FYNNL,Yes,Yes,Fiber optic,Yes,No,Yes,Yes,Yes,Yes
15671,2308-STERM,Yes,No,No,No internet service,No internet service,No internet service,No internet service,No internet service,No internet service
15672,2309-OSFEU,No,No phone service,DSL,No,No,No,No,No,Yes
15673,2311-QYMUQ,Yes,No,Fiber optic,No,Yes,Yes,No,Yes,No
15674,2314-TNDJQ,No,No phone service,DSL,Yes,Yes,Yes,Yes,No,Yes
15675,2316-ESMLS,No,No phone service,DSL,Yes,No,No,Yes,No,No
15676,2320-JRSDE,Yes,No,No,No internet service,No internet service,No internet service,No internet service,No internet service,No internet service
15677,2320-SLKMB,No,No phone service,DSL,No,No,Yes,Yes,Yes,No
15678,2320-TZRRH,Yes,No,No,No internet service,No internet service,No internet service,No internet service,No internet service,No internet service
15679,2320-YKQBO,Yes,No,No,No internet service,No internet service,No internet service,No internet service,No internet service,No internet service
15680,2321-OMBXY,Yes,No,DSL,Yes,Yes,No,Yes,Yes,Yes
15681,2322-VCZHZ,Yes,No,Fiber optic,Yes,Yes,No,No,No,Yes
15682,2323-ARSVR,Yes,No,Fiber optic,Yes,Yes,Yes,Yes,Yes,Yes
15683,2324-AALNO,Yes,Yes,No,No internet service,No internet service,No internet service,No internet service,No internet service,No internet service
15684,2324-EFHVG,Yes,Yes,Fiber optic,No,Yes,Yes,No,Yes,Yes
15685,2325-NBPZG,Yes,No,Fiber optic,Yes,No,No,No,No,No
15686,2325-WINES,Yes,Yes,Fiber optic,No,Yes,Yes,No,Yes,Yes
15687,2325-ZUSFD,Yes,No,DSL,Yes,No,No,No,Yes,Yes
15688,2330-PQGDQ,Yes,Yes,Fiber optic,No,Yes,No,Yes,No,No
15689,2332-EFBJY,Yes,No,No,No internet service,No internet service,No internet service,No internet service,No internet service,No internet service
15690,2332-TODQS,Yes,Yes,No,No internet service,No internet service,No internet service,No internet service,No internet service,No internet service
15691,2333-KWEWW,Yes,No,No,No internet service,No internet service,No internet service,No internet service,No internet service,No internet service
15692,2335-GSODA,No,No phone service,DSL,Yes,No,Yes,Yes,No,No
15693,2338-BQEZT,Yes,No,DSL,Yes,No,No,No,No,No
15694,2342-CKIAO,Yes,No,No,No internet service,No internet service,No internet service,No internet service,No internet service,No internet service
15695,2344-JMOGN,Yes,No,Fiber optic,No,Yes,Yes,Yes,Yes,No
15696,2346-CZYIL,Yes,No,No,No internet service,No internet service,No internet service,No internet service,No internet service,No internet service
15697,2346-DJQTB,No,No phone service,DSL,No,No,No,No,No,No
15698,2346-LOCWC,Yes,No,No,No internet service,No internet service,No internet service,No internet service,No internet service,No internet service
15699,2347-WKKAE,Yes,Yes,Fiber optic,Yes,No,Yes,No,No,Yes
15700,2348-KCJLT,Yes,No,DSL,Yes,Yes,Yes,No,No,No
15701,2351-BKRZW,Yes,No,DSL,Yes,No,Yes,No,Yes,Yes
15702,2351-RRBUE,Yes,No,No,No internet service,No internet service,No internet service,No internet service,No internet service,No internet service
15703,2357-COQEK,Yes,Yes,Fiber optic,No,No,Yes,Yes,Yes,Yes
15704,2359-KLTEK,Yes,No,Fiber optic,No,No,Yes,No,Yes,Yes
15705,2359-KMGLI,Yes,Yes,Fiber optic,No,Yes,No,No,No,No
15706,2359-QWQUL,Yes,No,Fiber optic,Yes,No,Yes,Yes,Yes,Yes
15707,2360-RDGRO,Yes,Yes,Fiber optic,Yes,No,Yes,No,Yes,Yes
15708,2361-FJWNO,No,No phone service,DSL,No,Yes,No,Yes,No,No
15709,2361-UPSND,Yes,No,DSL,Yes,Yes,No,Yes,No,Yes
15710,2362-IBOOY,Yes,Yes,Fiber optic,No,No,No,No,No,Yes
15711,2363-BJLSL,Yes,No,DSL,No,Yes,Yes,Yes,Yes,Yes
15712,2364-UFROM,Yes,No,DSL,Yes,Yes,No,Yes,Yes,No
15713,2368-GAKKQ,Yes,Yes,Fiber optic,Yes,Yes,Yes,Yes,Yes,Yes
15714,2369-FEVNO,Yes,No,No,No internet service,No internet service,No internet service,No internet service,No internet service,No internet service
15715,2369-UAPKZ,Yes,Yes,Fiber optic,No,Yes,Yes,No,Yes,Yes
15716,2371-JQHZZ,Yes,Yes,Fiber optic,No,No,No,No,Yes,Yes
15717,2371-JUNGC,Yes,No,No,No internet service,No internet service,No internet service,No internet service,No internet service,No internet service
15718,2371-KFUOG,Yes,No,Fiber optic,Yes,Yes,No,No,Yes,Yes
15719,2372-HWUHI,Yes,No,DSL,No,No,No,No,No,No
15720,2373-NTKOD,Yes,No,DSL,No,No,No,No,Yes,Yes
15721,2378-HTWFW,Yes,Yes,Fiber optic,Yes,No,No,No,No,Yes
15722,2378-VTKDH,Yes,Yes,Fiber optic,No,Yes,Yes,No,Yes,Yes
15723,2378-YIZKA,Yes,No,DSL,Yes,Yes,Yes,Yes,Yes,Yes
15724,2379-ENZGV,Yes,No,Fiber optic,No,Yes,No,No,Yes,No
15725,2379-GYFLQ,Yes,Yes,Fiber optic,No,Yes,Yes,No,Yes,No
15726,2380-DAMQP,Yes,Yes,Fiber optic,Yes,Yes,Yes,Yes,Yes,Yes
15727,2382-BCKQJ,Yes,Yes,Fiber optic,No,No,Yes,No,Yes,Yes
15728,2384-OVPSA,Yes,No,No,No internet service,No internet service,No internet service,No internet service,No internet service,No internet service
15729,2386-LAHRK,Yes,No,DSL,No,No,No,No,Yes,No
15730,2386-OWURY,Yes,No,Fiber optic,No,No,No,Yes,Yes,Yes
15731,2387-KDZQY,Yes,No,No,No internet service,No internet service,No internet service,No internet service,No internet service,No internet service
15732,2388-LAESQ,Yes,Yes,Fiber optic,Yes,Yes,Yes,Yes,Yes,Yes
15733,2391-IPLOP,Yes,Yes,DSL,No,No,Yes,Yes,Yes,No
15734,2391-SOORI,Yes,No,DSL,Yes,No,No,No,No,No
15735,2393-DIVAI,Yes,No,No,No internet service,No internet service,No internet service,No internet service,No internet service,No internet service
15736,2397-BRLOM,Yes,No,Fiber optic,No,No,No,No,Yes,No
15737,2398-YPMUR,Yes,No,Fiber optic,No,No,No,No,No,No
15738,2400-FEQME,Yes,No,No,No internet service,No internet service,No internet service,No internet service,No internet service,No internet service
15739,2400-XIWIO,Yes,Yes,DSL,Yes,Yes,Yes,Yes,Yes,Yes
15740,2402-TAIRZ,Yes,No,Fiber optic,No,Yes,Yes,No,No,No
15741,2403-BCASL,Yes,Yes,Fiber optic,No,Yes,Yes,Yes,Yes,Yes
15742,2404-JIBFC,Yes,Yes,DSL,Yes,No,Yes,Yes,Yes,Yes
15743,2405-LBMUW,No,No phone service,DSL,Yes,Yes,No,Yes,No,Yes
15744,2408-PSJVE,Yes,No,DSL,No,Yes,Yes,Yes,No,No
15745,2408-TZMJL,Yes,Yes,Fiber optic,Yes,Yes,Yes,No,Yes,Yes
15746,2408-WITXK,No,No phone service,DSL,No,No,No,No,No,Yes
15747,2410-CIYFZ,Yes,No,No,No internet service,No internet service,No internet service,No internet service,No internet service,No internet service
15748,2418-TPEUN,Yes,No,No,No internet service,No internet service,No internet service,No internet service,No internet service,No internet service
15749,2419-FSORS,Yes,Yes,Fiber optic,No,Yes,Yes,Yes,Yes,Yes
15750,2424-WVHPL,Yes,No,Fiber optic,No,No,No,Yes,No,No
15751,2428-HYUNX,Yes,No,No,No internet service,No internet service,No internet service,No internet service,No internet service,No internet service
15752,2428-ZMCTB,Yes,No,No,No internet service,No internet service,No internet service,No internet service,No internet service,No internet service
15753,2429-AYKKO,Yes,No,No,No internet service,No internet service,No internet service,No internet service,No internet service,No internet service
15754,2430-RRYUW,Yes,No,DSL,Yes,Yes,No,No,No,No
15755,2430-USGXP,Yes,Yes,Fiber optic,No,No,Yes,No,Yes,Yes
15756,2432-TFSMK,Yes,Yes,Fiber optic,No,No,Yes,No,Yes,No
15757,2433-KMEAS,Yes,Yes,DSL,Yes,No,No,No,No,No
15758,2434-EEVDB,Yes,Yes,Fiber optic,Yes,No,Yes,No,Yes,No
15759,2436-QBZFP,No,No phone service,DSL,No,Yes,No,No,Yes,No
15760,2439-LYPMQ,Yes,Yes,Fiber optic,No,Yes,Yes,No,Yes,Yes
15761,2439-QKJUL,Yes,No,No,No internet service,No internet service,No internet service,No internet service,No internet service,No internet service
15762,2446-BEGGB,Yes,Yes,Fiber optic,No,Yes,No,No,Yes,Yes
15763,2446-PLQVO,Yes,No,Fiber optic,No,No,No,No,No,No
15764,2446-ZKVAF,Yes,Yes,DSL,No,Yes,No,No,No,No
15765,2450-ZKEED,Yes,No,DSL,No,No,Yes,Yes,No,No
15766,2451-YMUXS,Yes,Yes,DSL,Yes,Yes,No,Yes,No,No
15767,2452-KDRRH,Yes,Yes,Fiber optic,No,No,Yes,No,Yes,Yes
15768,2452-MRMZF,Yes,Yes,No,No internet service,No internet service,No internet service,No internet service,No internet service,No internet service
15769,2452-SNHFZ,Yes,No,Fiber optic,Yes,No,No,No,No,No
15770,2453-SAFNS,Yes,Yes,DSL,No,Yes,No,Yes,Yes,No
15771,2454-RPBRZ,Yes,Yes,Fiber optic,No,Yes,Yes,No,Yes,No
15772,2455-USLMV,Yes,Yes,Fiber optic,Yes,No,Yes,No,No,No
15773,2458-EOMRE,Yes,No,DSL,Yes,No,Yes,No,No,Yes
15774,2460-FPSYH,No,No phone service,DSL,Yes,Yes,No,No,Yes,Yes
15775,2460-NGXBJ,Yes,Yes,Fiber optic,No,No,No,No,No,No
15776,2462-XIIJB,Yes,Yes,Fiber optic,No,No,Yes,No,Yes,No
15777,2465-BLLEU,Yes,No,No,No internet service,No internet service,No internet service,No internet service,No internet service,No internet service
15778,2466-FCCPT,Yes,No,No,No internet service,No internet service,No internet service,No internet service,No internet service,No internet service
15779,2466-NEJOJ,Yes,No,No,No internet service,No internet service,No internet service,No internet service,No internet service,No internet service
15780,2468-SJFLM,Yes,No,Fiber optic,No,No,No,Yes,No,No
15781,2469-DTSGX,Yes,Yes,Fiber optic,No,Yes,Yes,Yes,Yes,Yes
15782,2472-OVKUP,Yes,No,Fiber optic,No,Yes,Yes,No,No,Yes
15783,2474-BRUCM,Yes,Yes,Fiber optic,Yes,No,No,No,Yes,Yes
15784,2474-LCNUE,Yes,Yes,DSL,No,No,No,Yes,Yes,Yes
15785,2475-MROZF,Yes,Yes,Fiber optic,Yes,Yes,Yes,Yes,No,No
15786,2476-YGEFM,Yes,Yes,Fiber optic,No,No,No,No,No,No
15787,2478-EEWWM,No,No phone service,DSL,No,No,No,No,Yes,Yes
15788,2479-BRAMR,Yes,Yes,Fiber optic,Yes,No,Yes,No,No,No
15789,2480-EJWYP,Yes,Yes,Fiber optic,No,Yes,No,No,Yes,Yes
15790,2480-JZOSN,Yes,No,No,No internet service,No internet service,No internet service,No internet service,No internet service,No internet service
15791,2480-SQIOB,Yes,No,DSL,No,No,No,No,No,No
15792,2481-SBOYW,Yes,Yes,No,No internet service,No internet service,No internet service,No internet service,No internet service,No internet service
15793,2482-CZGBB,Yes,No,Fiber optic,No,No,No,No,No,No
15794,2483-XSSMZ,Yes,No,DSL,Yes,No,No,No,No,No
15795,2484-DGXPZ,Yes,No,No,No internet service,No internet service,No internet service,No internet service,No internet service,No internet service
15796,2485-ITVKB,No,No phone service,DSL,No,No,No,No,No,Yes
15797,2486-WYVVE,Yes,Yes,DSL,No,No,Yes,Yes,Yes,Yes
15798,2495-INZWQ,No,No phone service,DSL,No,No,No,No,Yes,Yes
15799,2495-KZNFB,Yes,Yes,Fiber optic,Yes,No,No,No,No,Yes
15800,2495-TTHBQ,Yes,No,No,No internet service,No internet service,No internet service,No internet service,No internet service,No internet service
15801,2498-XLDZR,Yes,No,DSL,Yes,Yes,Yes,Yes,No,Yes
15802,2499-AJYUA,Yes,Yes,Fiber optic,No,Yes,Yes,Yes,Yes,Yes
15803,2501-XWWTZ,Yes,No,Fiber optic,No,No,No,No,No,No
15804,2504-DSHIH,Yes,Yes,Fiber optic,No,No,No,No,No,Yes
15805,2506-CLAKW,Yes,No,Fiber optic,Yes,Yes,Yes,Yes,No,Yes
15806,2506-TNFCO,Yes,No,Fiber optic,No,No,No,No,No,No
15807,2507-QZPQS,Yes,Yes,Fiber optic,No,Yes,No,Yes,No,Yes
15808,2509-TFPJU,Yes,Yes,No,No internet service,No internet service,No internet service,No internet service,No internet service,No internet service
15809,2511-ALLCS,Yes,Yes,No,No internet service,No internet service,No internet service,No internet service,No internet service,No internet service
15810,2511-MORQY,Yes,Yes,DSL,No,No,Yes,No,No,No
15811,2514-GINMM,Yes,No,Fiber optic,No,No,No,No,Yes,No
15812,2516-VQRRV,Yes,Yes,Fiber optic,No,No,No,No,No,No
15813,2516-XSJKX,Yes,No,DSL,Yes,Yes,No,Yes,Yes,Yes
15814,2519-ERQOJ,No,No phone service,DSL,No,No,Yes,Yes,Yes,Yes
15815,2519-FAKOD,Yes,Yes,Fiber optic,No,No,Yes,No,Yes,Yes
15816,2519-LBNQL,Yes,Yes,Fiber optic,No,Yes,Yes,No,Yes,Yes
15817,2519-TWKFS,Yes,Yes,DSL,No,No,No,Yes,No,No
15818,2520-SGTTA,Yes,No,No,No internet service,No internet service,No internet service,No internet service,No internet service,No internet service
15819,2521-NPUZR,Yes,No,Fiber optic,Yes,Yes,Yes,Yes,No,Yes
15820,2522-AHJXR,Yes,Yes,Fiber optic,Yes,No,Yes,Yes,Yes,Yes
15821,2522-WLNSF,Yes,No,DSL,No,No,Yes,Yes,Yes,No
15822,2523-EWWZL,Yes,No,Fiber optic,No,Yes,No,No,No,No
15823,2525-GVKQU,Yes,No,No,No internet service,No internet service,No internet service,No internet service,No internet service,No internet service
15824,2528-HFYZX,Yes,No,Fiber optic,No,Yes,No,No,No,No
15825,2530-ENDWQ,Yes,Yes,Fiber optic,No,No,No,No,Yes,Yes
15826,2530-FMFXO,Yes,Yes,Fiber optic,No,No,Yes,Yes,Yes,Yes
15827,2533-QVMSK,Yes,Yes,Fiber optic,No,Yes,No,Yes,Yes,No
15828,2533-TIBIX,No,No phone service,DSL,Yes,No,No,No,No,No
15829,2535-PBCGC,No,No phone service,DSL,Yes,Yes,Yes,Yes,Yes,Yes
15830,2538-OIMXF,No,No phone service,DSL,No,No,No,No,No,No
15831,2541-YGPKE,Yes,No,DSL,Yes,No,No,Yes,No,Yes
15832,2542-HYGIQ,Yes,No,No,No internet service,No internet service,No internet service,No internet service,No internet service,No internet service
15833,2545-EBUPK,Yes,Yes,Fiber optic,No,No,No,No,No,Yes
15834,2545-LXYVJ,Yes,No,No,No internet service,No internet service,No internet service,No internet service,No internet service,No internet service
15835,2546-KZAAT,Yes,No,DSL,Yes,Yes,No,No,Yes,Yes
15836,2550-AEVRU,Yes,No,DSL,Yes,Yes,No,No,No,No
15837,2550-QHZGP,Yes,No,No,No internet service,No internet service,No internet service,No internet service,No internet service,No internet service
15838,2558-BUOZZ,Yes,Yes,Fiber optic,Yes,Yes,No,No,Yes,No
15839,2560-PPCHE,Yes,Yes,Fiber optic,No,Yes,No,Yes,Yes,Yes
15840,2560-QTSBS,Yes,Yes,No,No internet service,No internet service,No internet service,No internet service,No internet service,No internet service
15841,2560-WBWXF,Yes,Yes,No,No internet service,No internet service,No internet service,No internet service,No internet service,No internet service
15842,2565-JSLRY,Yes,Yes,No,No internet service,No internet service,No internet service,No internet service,No internet service,No internet service
15843,2568-BRGYX,Yes,No,Fiber optic,No,No,No,No,No,No
15844,2568-OIADY,Yes,Yes,Fiber optic,No,No,Yes,No,Yes,Yes
15845,2569-WGERO,Yes,No,No,No internet service,No internet service,No internet service,No internet service,No internet service,No internet service
15846,2573-GYRUU,Yes,Yes,Fiber optic,No,No,Yes,No,No,Yes
15847,2575-GFSOE,Yes,No,Fiber optic,No,No,No,No,No,No
15848,2576-HXMPA,Yes,No,No,No internet service,No internet service,No internet service,No internet service,No internet service,No internet service
15849,2577-GVSIL,Yes,Yes,DSL,No,No,No,Yes,Yes,Yes
15850,2578-JQPHZ,Yes,No,Fiber optic,No,No,Yes,Yes,Yes,Yes
15851,2580-ASVVY,No,No phone service,DSL,Yes,No,No,Yes,Yes,No
15852,2580-ATZSQ,Yes,No,DSL,Yes,Yes,Yes,No,No,No
15853,2581-VKIRT,Yes,Yes,DSL,Yes,Yes,No,Yes,No,No
15854,2582-FFFZR,No,No phone service,DSL,No,No,Yes,No,Yes,Yes
15855,2585-KTFRE,Yes,No,DSL,Yes,Yes,No,Yes,No,Yes
15856,2586-CWXVV,No,No phone service,DSL,No,Yes,No,No,No,No
15857,2587-EKXTS,Yes,Yes,Fiber optic,Yes,Yes,Yes,No,Yes,Yes
15858,2587-YNLES,Yes,No,No,No internet service,No internet service,No internet service,No internet service,No internet service,No internet service
15859,2589-AYCRP,Yes,No,No,No internet service,No internet service,No internet service,No internet service,No internet service,No internet service
15860,2592-HODOV,Yes,No,No,No internet service,No internet service,No internet service,No internet service,No internet service,No internet service
15861,2592-SEIFQ,No,No phone service,DSL,No,No,No,No,No,No
15862,2592-YKDIF,Yes,No,No,No internet service,No internet service,No internet service,No internet service,No internet service,No internet service
15863,2595-KIWPV,Yes,No,No,No internet service,No internet service,No internet service,No internet service,No internet service,No internet service
15864,2599-CIPQE,Yes,No,Fiber optic,Yes,Yes,Yes,Yes,Yes,Yes
15865,2599-CZABP,Yes,No,DSL,No,No,No,No,No,No
15866,2603-HVKCG,Yes,No,Fiber optic,No,Yes,Yes,No,Yes,Yes
15867,2604-IJPDU,Yes,No,Fiber optic,Yes,Yes,No,Yes,Yes,No
15868,2604-XVDAM,Yes,No,DSL,No,No,No,No,No,No
15869,2606-PKWJB,No,No phone service,DSL,Yes,Yes,No,Yes,No,No
15870,2606-RMDHZ,No,No phone service,DSL,No,Yes,No,No,No,No
15871,2607-DHDAK,Yes,No,No,No internet service,No internet service,No internet service,No internet service,No internet service,No internet service
15872,2607-FBDFF,Yes,No,DSL,No,No,No,Yes,No,No
15873,2608-BHKFN,Yes,No,Fiber optic,No,No,No,No,No,No
15874,2609-IAICY,Yes,Yes,Fiber optic,No,No,No,No,No,No
15875,2612-PHGOX,Yes,Yes,DSL,No,Yes,Yes,Yes,Yes,No
15876,2612-RANWT,Yes,Yes,Fiber optic,No,No,Yes,No,Yes,Yes
15877,2612-RRIDN,Yes,No,Fiber optic,No,No,No,No,Yes,No
15878,2615-YVMYX,Yes,Yes,Fiber optic,Yes,Yes,Yes,No,Yes,Yes
15879,2616-FLVQC,Yes,No,No,No internet service,No internet service,No internet service,No internet service,No internet service,No internet service
15880,2616-UUTFK,Yes,Yes,DSL,Yes,Yes,Yes,No,Yes,No
15881,2619-WFQWU,Yes,No,Fiber optic,No,No,No,No,No,No
15882,2621-UDNLU,Yes,No,No,No internet service,No internet service,No internet service,No internet service,No internet service,No internet service
15883,2623-DRYAM,Yes,Yes,Fiber optic,No,No,Yes,No,Yes,Yes
15884,2625-TRCZQ,No,No phone service,DSL,No,Yes,No,No,Yes,Yes
15885,2626-URJFX,Yes,Yes,DSL,No,No,No,No,No,No
15886,2626-VEEWG,Yes,No,No,No internet service,No internet service,No internet service,No internet service,No internet service,No internet service
15887,2632-IVXVF,Yes,Yes,Fiber optic,Yes,No,Yes,Yes,Yes,Yes
15888,2632-TACXW,Yes,Yes,No,No internet service,No internet service,No internet service,No internet service,No internet service,No internet service
15889,2632-UCGVD,Yes,Yes,Fiber optic,No,No,No,Yes,Yes,Yes
15890,2634-HCZGT,Yes,Yes,DSL,Yes,No,No,Yes,No,No
15891,2636-ALXXZ,Yes,No,Fiber optic,No,No,No,No,No,No
15892,2636-OHFMN,No,No phone service,DSL,No,Yes,No,No,Yes,Yes
15893,2636-SJDOU,Yes,Yes,Fiber optic,Yes,Yes,No,No,No,No
15894,2637-FKFSY,Yes,No,DSL,No,No,No,No,No,No
15895,2639-UGMAZ,No,No phone service,DSL,Yes,Yes,No,No,Yes,Yes
15896,2640-LYMOV,Yes,No,No,No internet service,No internet service,No internet service,No internet service,No internet service,No internet service
15897,2640-PMGFL,Yes,Yes,Fiber optic,No,No,No,Yes,No,No
15898,2642-DTVCO,Yes,Yes,Fiber optic,No,No,No,No,No,Yes
15899,2642-MAWLJ,Yes,No,No,No internet service,No internet service,No internet service,No internet service,No internet service,No internet service
15900,2645-QTLMB,Yes,No,Fiber optic,No,Yes,No,No,Yes,Yes
15901,2649-HWLYB,Yes,Yes,DSL,Yes,No,Yes,Yes,No,Yes
15902,2650-GYRYL,Yes,No,No,No internet service,No internet service,No internet service,No internet service,No internet service,No internet service
15903,2651-ZCBXV,Yes,Yes,Fiber optic,Yes,Yes,No,Yes,Yes,Yes
15904,2654-VBVPB,Yes,No,No,No internet service,No internet service,No internet service,No internet service,No internet service,No internet service
15905,2656-FMOKZ,Yes,Yes,Fiber optic,No,No,No,No,No,No
15906,2656-TABEH,Yes,Yes,Fiber optic,No,Yes,No,No,Yes,Yes
15907,2657-ALMWY,Yes,No,Fiber optic,No,Yes,No,No,No,Yes
15908,2657-VPXTA,Yes,No,Fiber optic,No,No,No,No,Yes,Yes
15909,2659-VXMWZ,Yes,Yes,Fiber optic,Yes,Yes,Yes,No,Yes,Yes
15910,2660-EMUBI,Yes,Yes,Fiber optic,No,No,No,No,Yes,Yes
15911,2661-GKBTK,Yes,No,DSL,No,Yes,No,Yes,Yes,Yes
15912,2662-NNTDK,Yes,Yes,No,No internet service,No internet service,No internet service,No internet service,No internet service,No internet service
15913,2664-XJZNO,Yes,No,Fiber optic,Yes,No,Yes,Yes,Yes,Yes
15914,2665-NPTGL,Yes,Yes,Fiber optic,No,No,Yes,No,Yes,Yes
15915,2667-WYLWJ,Yes,No,No,No internet service,No internet service,No internet service,No internet service,No internet service,No internet service
15916,2668-TZSPS,Yes,No,No,No internet service,No internet service,No internet service,No internet service,No internet service,No internet service
15917,2669-OIDSD,Yes,No,Fiber optic,No,No,Yes,Yes,Yes,Yes
15918,2669-QVCRG,Yes,Yes,Fiber optic,Yes,No,No,No,No,No
15919,2672-DZUOY,No,No phone service,DSL,No,No,No,No,No,No
15920,2672-HUYVI,Yes,No,Fiber optic,No,No,No,No,Yes,Yes
15921,2672-OJQZP,Yes,No,DSL,No,No,No,No,No,No
15922,2672-TGEFF,Yes,Yes,Fiber optic,No,Yes,No,No,Yes,No
15923,2673-CXQEU,Yes,Yes,Fiber optic,Yes,Yes,Yes,No,Yes,Yes
15924,2673-ZALNP,Yes,No,No,No internet service,No internet service,No internet service,No internet service,No internet service,No internet service
15925,2674-MIAHT,Yes,Yes,Fiber optic,No,Yes,No,No,No,No
15926,2674-MLXMN,Yes,Yes,Fiber optic,No,Yes,No,No,Yes,Yes
15927,2675-DHUTR,Yes,Yes,Fiber optic,No,Yes,No,No,Yes,Yes
15928,2675-IJRGJ,Yes,No,No,No internet service,No internet service,No internet service,No internet service,No internet service,No internet service
15929,2675-OTVVJ,Yes,Yes,Fiber optic,Yes,No,No,No,Yes,No
15930,2676-ISHSF,Yes,No,No,No internet service,No internet service,No internet service,No internet service,No internet service,No internet service
15931,2676-OXPPQ,Yes,No,DSL,Yes,Yes,No,No,No,No
15932,2676-SSLTO,Yes,Yes,DSL,No,No,No,Yes,Yes,No
15933,2680-XKKNJ,Yes,No,DSL,Yes,Yes,No,Yes,No,No
15934,2682-KEVRP,Yes,No,No,No internet service,No internet service,No internet service,No internet service,No internet service,No internet service
15935,2683-BPJSO,Yes,Yes,Fiber optic,Yes,Yes,No,No,No,No
15936,2683-JXWQQ,No,No phone service,DSL,Yes,No,Yes,No,No,No
15937,2684-EIWEO,Yes,Yes,Fiber optic,Yes,Yes,Yes,No,No,No
15938,2685-SREOM,Yes,Yes,Fiber optic,No,No,Yes,No,No,Yes
15939,2688-BHGOG,Yes,No,Fiber optic,No,No,No,No,No,Yes
15940,2690-DVRVK,Yes,No,No,No internet service,No internet service,No internet service,No internet service,No internet service,No internet service
15941,2691-NZETQ,Yes,Yes,Fiber optic,No,No,No,No,Yes,No
15942,2692-AQCPF,Yes,Yes,Fiber optic,No,Yes,Yes,Yes,Yes,Yes
15943,2692-BUCFV,Yes,No,Fiber optic,No,Yes,Yes,No,Yes,Yes
15944,2692-PFYTJ,Yes,Yes,No,No internet service,No internet service,No internet service,No internet service,No internet service,No internet service
15945,2694-CIUMO,Yes,Yes,Fiber optic,No,No,No,Yes,No,No
15946,2696-ECXKC,Yes,Yes,Fiber optic,Yes,No,No,No,Yes,Yes
15947,2696-NARTR,Yes,No,Fiber optic,No,No,No,Yes,No,No
15948,2696-RZVZW,Yes,Yes,No,No internet service,No internet service,No internet service,No internet service,No internet service,No internet service
15949,2697-NQBPF,Yes,Yes,Fiber optic,No,Yes,No,Yes,Yes,Yes
15950,2700-LUEVA,Yes,No,No,No internet service,No internet service,No internet service,No internet service,No internet service,No internet service
15951,2703-AMTUL,Yes,No,DSL,Yes,Yes,No,No,No,No
15952,2706-QZIHY,Yes,Yes,No,No internet service,No internet service,No internet service,No internet service,No internet service,No internet service
15953,2709-UQGNP,Yes,No,DSL,Yes,No,No,No,No,No
15954,2710-WYVXG,Yes,No,DSL,Yes,Yes,No,Yes,No,Yes
15955,2712-SYWAY,Yes,Yes,No,No internet service,No internet service,No internet service,No internet service,No internet service,No internet service
15956,2716-GFZOR,Yes,No,Fiber optic,Yes,Yes,Yes,No,No,No
15957,2717-HVIZY,Yes,No,No,No internet service,No internet service,No internet service,No internet service,No internet service,No internet service
15958,2718-GAXQD,Yes,No,DSL,No,No,No,No,No,No
15959,2718-YSKCS,Yes,No,No,No internet service,No internet service,No internet service,No internet service,No internet service,No internet service
15960,2719-BDAQO,Yes,No,Fiber optic,Yes,No,No,No,Yes,Yes
15961,2720-FVBQP,Yes,Yes,DSL,No,No,No,No,No,No
15962,2720-WGKHP,Yes,Yes,Fiber optic,No,No,No,No,Yes,Yes
15963,2722-JMONI,Yes,No,DSL,Yes,No,No,No,No,No
15964,2722-VOJQL,Yes,Yes,Fiber optic,No,Yes,No,Yes,Yes,Yes
15965,2724-FJDYW,No,No phone service,DSL,No,No,Yes,Yes,Yes,Yes
15966,2725-IWWBA,Yes,No,DSL,Yes,No,Yes,Yes,No,No
15967,2725-KXXWT,Yes,No,Fiber optic,No,No,No,No,Yes,Yes
15968,2725-TTRIQ,Yes,Yes,DSL,Yes,No,Yes,Yes,Yes,Yes
15969,2729-VNVAP,Yes,No,No,No internet service,No internet service,No internet service,No internet service,No internet service,No internet service
15970,2731-GJRDG,Yes,Yes,Fiber optic,Yes,No,Yes,Yes,Yes,Yes
15971,2732-ISEZX,Yes,No,No,No internet service,No internet service,No internet service,No internet service,No internet service,No internet service
15972,2737-WFVYW,No,No phone service,DSL,No,No,No,No,Yes,Yes
15973,2737-YNGYW,Yes,No,Fiber optic,No,No,No,No,No,Yes
15974,2739-CACDQ,Yes,Yes,Fiber optic,No,No,Yes,No,No,No
15975,2739-CCZMB,Yes,No,No,No internet service,No internet service,No internet service,No internet service,No internet service,No internet service
15976,2740-JFBOK,Yes,Yes,No,No internet service,No internet service,No internet service,No internet service,No internet service,No internet service
15977,2740-TVLFN,Yes,Yes,DSL,No,No,No,No,No,No
15978,2746-DIJLO,Yes,Yes,DSL,No,Yes,No,No,No,No
15979,2748-MYRVK,Yes,Yes,Fiber optic,No,Yes,No,No,Yes,Yes
15980,2749-CTKAJ,Yes,No,No,No internet service,No internet service,No internet service,No internet service,No internet service,No internet service
15981,2750-BJLSB,Yes,No,Fiber optic,Yes,No,Yes,Yes,Yes,Yes
15982,2753-JMMCV,Yes,Yes,DSL,No,Yes,Yes,Yes,No,Yes
15983,2754-SDJRD,Yes,Yes,Fiber optic,No,No,No,Yes,Yes,Yes
15984,2754-VDLTR,Yes,Yes,Fiber optic,No,No,No,No,Yes,Yes
15985,2754-XBHTB,Yes,No,Fiber optic,No,No,No,No,Yes,No
15986,2758-RNWXS,Yes,No,Fiber optic,Yes,No,No,Yes,No,Yes
15987,2761-OCIAX,Yes,No,Fiber optic,No,Yes,No,No,No,No
15988,2761-XECQW,No,No phone service,DSL,No,Yes,Yes,No,No,Yes
15989,2770-NSVDG,No,No phone service,DSL,No,No,Yes,No,No,No
15990,2773-MADBQ,No,No phone service,DSL,Yes,Yes,Yes,Yes,No,Yes
15991,2773-OVBPK,Yes,Yes,Fiber optic,No,Yes,Yes,Yes,Yes,Yes
15992,2774-LVQUS,Yes,Yes,Fiber optic,No,No,Yes,Yes,No,No
15993,2775-SEFEE,Yes,Yes,DSL,Yes,Yes,No,Yes,No,No
15994,2777-PHDEI,Yes,No,Fiber optic,No,No,No,No,Yes,No
15995,2778-OCLGR,No,No phone service,DSL,Yes,No,No,No,No,Yes
15996,2782-JEEBU,No,No phone service,DSL,No,Yes,No,Yes,No,No
15997,2782-LFZVW,Yes,Yes,DSL,No,No,No,No,No,Yes
15998,2786-GCDPI,Yes,Yes,Fiber optic,No,No,Yes,Yes,Yes,Yes
15999,2788-CJQAQ,Yes,No,No,No internet service,No internet service,No internet service,No internet service,No internet service,No internet service
16000,2789-CZANW,Yes,Yes,Fiber optic,Yes,Yes,No,Yes,Yes,Yes
16001,2789-HQBOU,Yes,No,Fiber optic,No,No,No,No,No,Yes
16002,2790-XUYMV,Yes,Yes,Fiber optic,Yes,Yes,No,No,No,No
16003,2791-SFVEW,Yes,No,No,No internet service,No internet service,No internet service,No internet service,No internet service,No internet service
16004,2792-LSHWX,Yes,No,Fiber optic,Yes,Yes,No,Yes,No,No
16005,2792-VPPET,Yes,No,No,No internet service,No internet service,No internet service,No internet service,No internet service,No internet service
16006,2794-XIMMO,No,No phone service,DSL,No,Yes,Yes,Yes,Yes,Yes
16007,2796-NNUFI,Yes,No,No,No internet service,No internet service,No internet service,No internet service,No internet service,No internet service
16008,2796-UUZZO,Yes,No,Fiber optic,No,Yes,Yes,No,No,No
16009,2798-NYLMZ,Yes,Yes,Fiber optic,Yes,No,Yes,Yes,Yes,Yes
16010,2799-ARNLO,Yes,No,Fiber optic,No,No,No,No,No,No
16011,2799-TSLAG,Yes,Yes,No,No internet service,No internet service,No internet service,No internet service,No internet service,No internet service
16012,2800-QQUSO,Yes,Yes,Fiber optic,No,No,No,Yes,Yes,Yes
16013,2800-VEQXM,Yes,No,Fiber optic,No,No,Yes,No,No,No
16014,2801-NISEI,Yes,No,DSL,Yes,No,No,Yes,No,No
16015,2804-ETQDK,Yes,No,No,No internet service,No internet service,No internet service,No internet service,No internet service,No internet service
16016,2805-AUFQN,Yes,No,No,No internet service,No internet service,No internet service,No internet service,No internet service,No internet service
16017,2805-EDJPQ,Yes,Yes,Fiber optic,No,Yes,Yes,Yes,No,Yes
16018,2806-MLNTI,Yes,Yes,Fiber optic,No,Yes,Yes,No,Yes,Yes
16019,2808-CHTDM,Yes,Yes,No,No internet service,No internet service,No internet service,No internet service,No internet service,No internet service
16020,2809-ILCYT,Yes,Yes,No,No internet service,No internet service,No internet service,No internet service,No internet service,No internet service
16021,2809-ZMYOQ,Yes,Yes,Fiber optic,No,No,Yes,No,Yes,Yes
16022,2810-FTLEM,Yes,No,DSL,Yes,No,No,No,No,No
16023,2811-POVEX,Yes,No,Fiber optic,No,Yes,Yes,No,No,Yes
16024,2812-ENYMO,No,No phone service,DSL,Yes,No,No,Yes,Yes,Yes
16025,2812-REYAT,Yes,No,No,No internet service,No internet service,No internet service,No internet service,No internet service,No internet service
16026,2812-SFXMJ,Yes,No,No,No internet service,No internet service,No internet service,No internet service,No internet service,No internet service
16027,2815-CPTUL,Yes,No,Fiber optic,No,No,No,No,No,No
16028,2817-LVCPP,Yes,No,No,No internet service,No internet service,No internet service,No internet service,No internet service,No internet service
16029,2817-NTQDO,No,No phone service,DSL,Yes,No,No,Yes,Yes,No
16030,2819-GWENI,Yes,No,No,No internet service,No internet service,No internet service,No internet service,No internet service,No internet service
16031,2821-WARNZ,Yes,No,No,No internet service,No internet service,No internet service,No internet service,No internet service,No internet service
16032,2823-LKABH,Yes,Yes,Fiber optic,No,No,Yes,Yes,No,Yes
16033,2824-DXNKN,Yes,Yes,DSL,Yes,No,Yes,No,Yes,No
16034,2824-MYYBN,Yes,Yes,Fiber optic,No,No,No,No,Yes,Yes
16035,2826-DXLQO,No,No phone service,DSL,Yes,No,No,No,No,No
16036,2826-UWHIS,Yes,Yes,Fiber optic,No,Yes,No,No,No,No
16037,2828-SLQPF,Yes,No,DSL,No,No,No,No,No,No
16038,2829-HYVZP,Yes,No,No,No internet service,No internet service,No internet service,No internet service,No internet service,No internet service
16039,2830-LEWOA,Yes,No,Fiber optic,No,Yes,Yes,Yes,Yes,Yes
16040,2831-EBWRN,Yes,No,DSL,No,No,No,No,No,No
16041,2832-KJCRD,Yes,Yes,Fiber optic,No,No,Yes,Yes,Yes,Yes
16042,2832-SCUCO,Yes,No,No,No internet service,No internet service,No internet service,No internet service,No internet service,No internet service
16043,2833-SLKDQ,Yes,No,DSL,No,No,No,No,No,No
16044,2834-JKOOW,No,No phone service,DSL,Yes,Yes,Yes,Yes,No,No
16045,2834-JRTUA,Yes,Yes,Fiber optic,Yes,No,Yes,Yes,Yes,Yes
16046,2834-SPCJV,Yes,No,Fiber optic,Yes,No,No,No,Yes,No
16047,2839-RFSQE,Yes,No,No,No internet service,No internet service,No internet service,No internet service,No internet service,No internet service
16048,2840-XANRC,Yes,No,Fiber optic,No,No,Yes,No,Yes,Yes
16049,2842-BCQGE,Yes,Yes,Fiber optic,No,No,No,No,No,No
16050,2842-JTCCU,Yes,No,DSL,No,No,No,No,No,No
16051,2843-CQMEG,Yes,No,DSL,No,Yes,No,No,No,No
16052,2845-AFFTX,Yes,Yes,Fiber optic,No,No,Yes,No,Yes,Yes
16053,2845-HSJCY,Yes,Yes,Fiber optic,No,No,Yes,No,No,Yes
16054,2845-KDHVX,Yes,No,DSL,No,Yes,Yes,Yes,No,Yes
16055,2848-YXSMW,Yes,No,No,No internet service,No internet service,No internet service,No internet service,No internet service,No internet service
16056,2851-MMUTZ,Yes,No,DSL,No,Yes,No,Yes,No,No
16057,2851-STERV,Yes,No,DSL,No,No,Yes,Yes,Yes,Yes
16058,2853-CWQFQ,Yes,No,DSL,No,No,No,Yes,No,Yes
16059,2856-HYAPG,Yes,No,Fiber optic,No,No,No,No,No,No
16060,2856-NNASM,Yes,No,Fiber optic,No,No,No,No,Yes,Yes
16061,2858-EIMXH,Yes,Yes,Fiber optic,No,No,No,No,Yes,Yes
16062,2858-MOFSQ,Yes,Yes,DSL,No,No,Yes,No,No,No
16063,2860-RANUS,Yes,Yes,Fiber optic,No,No,No,No,No,Yes
16064,2862-JVEOY,Yes,No,No,No internet service,No internet service,No internet service,No internet service,No internet service,No internet service
16065,2862-PFNIK,No,No phone service,DSL,No,No,No,No,No,No
16066,2863-IMQDR,Yes,Yes,DSL,Yes,Yes,Yes,Yes,Yes,Yes
16067,2865-TCHJW,Yes,Yes,Fiber optic,No,No,Yes,No,Yes,No
16068,2866-IKBTM,Yes,No,No,No internet service,No internet service,No internet service,No internet service,No internet service,No internet service
16069,2867-UIMSS,Yes,No,Fiber optic,No,No,No,No,No,Yes
16070,2868-LLSKM,Yes,Yes,Fiber optic,No,Yes,No,Yes,No,No
16071,2868-MZAGQ,Yes,No,Fiber optic,No,No,No,No,No,Yes
16072,2868-SNELZ,Yes,Yes,Fiber optic,No,No,Yes,No,No,No
16073,2869-ADAWR,Yes,Yes,Fiber optic,No,Yes,No,No,Yes,No
16074,2873-ZLIWT,Yes,Yes,Fiber optic,No,No,Yes,Yes,No,No
16075,2874-YXVVA,Yes,No,Fiber optic,No,Yes,Yes,Yes,Yes,Yes
16076,2876-GZYZC,Yes,Yes,Fiber optic,No,No,No,No,No,Yes
16077,2876-VBBBL,Yes,No,No,No internet service,No internet service,No internet service,No internet service,No internet service,No internet service
16078,2877-VDUER,No,No phone service,DSL,No,No,No,Yes,Yes,No
16079,2878-DHMIN,Yes,No,No,No internet service,No internet service,No internet service,No internet service,No internet service,No internet service
16080,2878-RMWXY,Yes,Yes,Fiber optic,Yes,Yes,Yes,No,No,Yes
16081,2880-FPNAE,Yes,No,Fiber optic,No,No,Yes,No,No,No
16082,2882-DDZPG,Yes,No,No,No internet service,No internet service,No internet service,No internet service,No internet service,No internet service
16083,2882-WDTBA,Yes,No,DSL,Yes,Yes,Yes,Yes,Yes,No
16084,2883-ILGWO,Yes,Yes,Fiber optic,No,Yes,No,Yes,Yes,Yes
16085,2884-GBPFB,Yes,No,Fiber optic,No,No,No,No,No,No
16086,2885-HIJDH,Yes,Yes,DSL,Yes,No,Yes,Yes,Yes,Yes
16087,2886-KEFUM,Yes,Yes,Fiber optic,No,Yes,Yes,No,Yes,Yes
16088,2887-JPYLU,Yes,No,DSL,No,No,No,No,No,No
16089,2888-ADFAO,Yes,No,No,No internet service,No internet service,No internet service,No internet service,No internet service,No internet service
16090,2889-FPWRM,Yes,Yes,Fiber optic,Yes,Yes,Yes,Yes,Yes,Yes
16091,2890-WFBHU,Yes,Yes,DSL,Yes,Yes,Yes,Yes,No,Yes
16092,2892-GESUL,Yes,No,No,No internet service,No internet service,No internet service,No internet service,No internet service,No internet service
16093,2894-QOJRX,No,No phone service,DSL,No,No,No,No,Yes,No
16094,2896-TBNBE,Yes,No,Fiber optic,No,Yes,Yes,No,No,No
16095,2897-DOVND,Yes,No,Fiber optic,No,No,No,No,No,No
16096,2898-LSJGD,No,No phone service,DSL,Yes,No,Yes,No,Yes,Yes
16097,2898-MRKPI,Yes,Yes,Fiber optic,No,Yes,No,No,Yes,Yes
16098,2900-PHPLN,Yes,No,No,No internet service,No internet service,No internet service,No internet service,No internet service,No internet service
16099,2903-YYTBW,Yes,No,DSL,No,No,No,No,No,No
16100,2904-GGUAZ,Yes,Yes,Fiber optic,Yes,Yes,No,No,No,No
16101,2905-KFQUV,Yes,No,Fiber optic,No,No,No,No,No,No
16102,2907-ILJBN,Yes,No,No,No internet service,No internet service,No internet service,No internet service,No internet service,No internet service
16103,2908-WGAXL,Yes,Yes,No,No internet service,No internet service,No internet service,No internet service,No internet service,No internet service
16104,2908-ZTPNF,No,No phone service,DSL,No,Yes,No,Yes,No,No
16105,2911-IJORQ,Yes,Yes,DSL,Yes,Yes,Yes,Yes,Yes,Yes
16106,2911-UREFD,No,No phone service,DSL,Yes,No,Yes,No,Yes,Yes
16107,2911-WDXMV,Yes,Yes,Fiber optic,No,No,Yes,No,No,No
16108,2916-BQZLN,Yes,Yes,Fiber optic,Yes,No,Yes,No,No,No
16109,2919-HBCJO,Yes,No,Fiber optic,No,Yes,No,No,No,No
16110,2920-RNCEZ,Yes,No,Fiber optic,No,No,No,No,No,No
16111,2921-XWDJH,Yes,No,Fiber optic,Yes,No,No,No,No,Yes
16112,2923-ARZLG,Yes,No,No,No internet service,No internet service,No internet service,No internet service,No internet service,No internet service
16113,2924-KHUVI,Yes,Yes,Fiber optic,Yes,No,No,No,Yes,Yes
16114,2925-MXLSX,Yes,Yes,DSL,No,Yes,Yes,No,Yes,No
16115,2925-VDZHY,Yes,Yes,DSL,Yes,Yes,Yes,Yes,Yes,Yes
16116,2926-JEJJC,Yes,No,No,No internet service,No internet service,No internet service,No internet service,No internet service,No internet service
16117,2927-CVULT,Yes,Yes,Fiber optic,Yes,Yes,Yes,Yes,No,Yes
16118,2927-QRRQV,Yes,Yes,Fiber optic,No,Yes,Yes,No,Yes,No
16119,2928-HLDBA,Yes,No,No,No internet service,No internet service,No internet service,No internet service,No internet service,No internet service
16120,2929-ERCFZ,Yes,No,Fiber optic,No,No,Yes,No,Yes,Yes
16121,2929-QNSRW,Yes,Yes,Fiber optic,No,Yes,No,No,Yes,Yes
16122,2930-UOTMB,Yes,Yes,DSL,Yes,No,Yes,Yes,No,No
16123,2931-FSOHN,Yes,No,DSL,No,Yes,No,No,Yes,No
16124,2931-SVLTV,Yes,Yes,Fiber optic,Yes,Yes,No,Yes,Yes,Yes
16125,2931-VUVJN,Yes,Yes,Fiber optic,Yes,Yes,Yes,Yes,No,No
16126,2931-XIQBR,Yes,No,Fiber optic,No,No,Yes,Yes,Yes,Yes
16127,2933-FILNV,No,No phone service,DSL,No,No,No,No,No,No
16128,2933-XEUJM,Yes,Yes,DSL,Yes,No,Yes,No,Yes,Yes
16129,2937-FTHUR,Yes,Yes,DSL,Yes,No,No,No,No,Yes
16130,2946-KIQSP,No,No phone service,DSL,No,No,Yes,Yes,No,No
16131,2947-DOMLJ,Yes,No,DSL,Yes,No,No,No,No,No
16132,2951-QOQTK,Yes,Yes,Fiber optic,No,No,No,Yes,No,No
16133,2952-QAYZF,Yes,Yes,Fiber optic,No,Yes,Yes,No,No,No
16134,2954-PIBKO,Yes,Yes,DSL,Yes,No,Yes,Yes,No,No
16135,2955-BJZHG,Yes,No,Fiber optic,No,No,No,No,Yes,No
16136,2955-PSXOE,Yes,No,No,No internet service,No internet service,No internet service,No internet service,No internet service,No internet service
16137,2956-GGUCQ,Yes,Yes,Fiber optic,Yes,No,No,No,No,No
16138,2957-JIRMN,Yes,Yes,Fiber optic,No,No,No,No,Yes,No
16139,2957-LOLHO,Yes,No,DSL,No,No,No,No,No,No
16140,2958-NHPPS,Yes,No,No,No internet service,No internet service,No internet service,No internet service,No internet service,No internet service
16141,2959-EEXWB,No,No phone service,DSL,Yes,No,No,No,Yes,Yes
16142,2959-FENLU,Yes,No,Fiber optic,No,No,Yes,No,No,Yes
16143,2959-MJHIC,Yes,No,Fiber optic,No,No,No,No,Yes,No
16144,2960-NKRSO,Yes,No,Fiber optic,No,Yes,Yes,Yes,No,No
16145,2961-VNFKL,Yes,Yes,No,No internet service,No internet service,No internet service,No internet service,No internet service,No internet service
16146,2962-XPMCQ,Yes,No,DSL,No,No,No,No,No,No
16147,2967-MXRAV,Yes,No,No,No internet service,No internet service,No internet service,No internet service,No internet service,No internet service
16148,2968-SSGAA,Yes,Yes,Fiber optic,No,No,Yes,No,Yes,Yes
16149,2969-QWUBZ,No,No phone service,DSL,No,Yes,No,No,Yes,Yes
16150,2969-VAPYH,Yes,No,DSL,Yes,Yes,No,Yes,No,No
16151,2969-WGHQO,Yes,No,DSL,Yes,Yes,Yes,No,Yes,No
16152,2971-SGAFL,Yes,Yes,DSL,Yes,No,Yes,No,Yes,Yes
16153,2972-YDYUW,Yes,Yes,Fiber optic,No,Yes,No,Yes,No,Yes
16154,2974-GGUXS,Yes,Yes,Fiber optic,No,Yes,No,No,Yes,No
16155,2977-CEBSX,Yes,Yes,DSL,Yes,Yes,Yes,Yes,Yes,Yes
16156,2978-XXSOG,Yes,Yes,DSL,Yes,No,No,Yes,No,No
16157,2979-SXESE,Yes,Yes,Fiber optic,Yes,No,Yes,No,Yes,No
16158,2982-IHMFT,Yes,Yes,Fiber optic,No,No,No,No,No,No
16159,2982-VPSGI,Yes,Yes,Fiber optic,No,No,No,No,Yes,Yes
16160,2983-ZANRP,Yes,No,Fiber optic,No,Yes,No,No,No,No
16161,2984-AFWNC,Yes,No,Fiber optic,No,Yes,No,No,Yes,Yes
16162,2984-MIIZL,Yes,No,Fiber optic,No,No,Yes,No,No,No
16163,2984-RGEYA,Yes,No,No,No internet service,No internet service,No internet service,No internet service,No internet service,No internet service
16164,2984-TBYKU,Yes,Yes,Fiber optic,Yes,Yes,Yes,Yes,No,Yes
16165,2985-FMWYF,Yes,Yes,Fiber optic,No,No,No,No,Yes,Yes
16166,2985-JUUBZ,Yes,Yes,DSL,No,No,Yes,No,Yes,Yes
16167,2987-BJXIK,Yes,Yes,DSL,Yes,Yes,Yes,No,Yes,Yes
16168,2988-GBIVW,Yes,Yes,Fiber optic,Yes,No,No,No,No,Yes
16169,2988-PLAHS,Yes,No,DSL,No,No,Yes,No,Yes,Yes
16170,2988-QRAJY,Yes,Yes,Fiber optic,Yes,Yes,Yes,No,Yes,Yes
16171,2990-HWIML,Yes,No,Fiber optic,No,No,No,No,Yes,Yes
16172,2990-IAJSV,Yes,Yes,DSL,Yes,Yes,Yes,Yes,Yes,Yes
16173,2990-OGYTD,Yes,Yes,DSL,No,Yes,Yes,Yes,Yes,Yes
16174,2995-UPRYS,Yes,No,Fiber optic,No,Yes,No,Yes,Yes,Yes
16175,2995-YWTCD,Yes,Yes,No,No internet service,No internet service,No internet service,No internet service,No internet service,No internet service
16176,2996-XAUVF,No,No phone service,DSL,No,No,No,Yes,No,Yes
16177,2999-AANRQ,Yes,No,DSL,Yes,Yes,No,Yes,Yes,No
16178,3001-CBHLQ,Yes,Yes,Fiber optic,No,No,Yes,Yes,Yes,Yes
16179,3001-UNBTL,Yes,Yes,Fiber optic,No,No,Yes,No,Yes,Yes
16180,3002-WQZWT,Yes,Yes,Fiber optic,No,No,No,No,No,No
16181,3003-CMDUU,Yes,No,Fiber optic,No,No,No,Yes,Yes,Yes
16182,3005-NFMTA,Yes,Yes,Fiber optic,Yes,No,No,No,Yes,Yes
16183,3005-TYFRD,Yes,Yes,Fiber optic,No,Yes,Yes,No,Yes,Yes
16184,3006-XIMLN,Yes,Yes,Fiber optic,No,No,No,No,Yes,Yes
16185,3007-FDPEA,Yes,No,No,No internet service,No internet service,No internet service,No internet service,No internet service,No internet service
16186,3009-JWMPU,Yes,Yes,Fiber optic,No,No,Yes,No,Yes,Yes
16187,3011-WQKSZ,Yes,No,No,No internet service,No internet service,No internet service,No internet service,No internet service,No internet service
16188,3012-VFFMN,Yes,No,No,No internet service,No internet service,No internet service,No internet service,No internet service,No internet service
16189,3014-WJKSM,Yes,No,Fiber optic,No,No,Yes,No,No,No
16190,3016-KSVCP,No,No phone service,DSL,No,No,No,No,Yes,No
16191,3018-TFTSU,Yes,No,Fiber optic,Yes,No,Yes,No,No,No
16192,3021-VLNRJ,Yes,No,DSL,Yes,No,Yes,Yes,Yes,No
16193,3022-BEXHZ,Yes,Yes,Fiber optic,No,Yes,Yes,Yes,Yes,Yes
16194,3023-GFLBR,Yes,Yes,Fiber optic,No,No,No,No,No,Yes
16195,3026-ATZYV,Yes,No,DSL,Yes,Yes,No,No,Yes,Yes
16196,3027-YNWZU,Yes,Yes,No,No internet service,No internet service,No internet service,No internet service,No internet service,No internet service
16197,3027-ZTDHO,Yes,No,Fiber optic,No,No,No,No,Yes,Yes
16198,3030-YDNRM,Yes,Yes,Fiber optic,No,No,No,No,No,No
16199,3030-YZADT,Yes,No,DSL,No,No,No,No,No,No
16200,3030-ZKIWL,Yes,No,No,No internet service,No internet service,No internet service,No internet service,No internet service,No internet service
16201,3034-ZBEQN,No,No phone service,DSL,No,Yes,Yes,No,No,No
16202,3038-PQIUY,Yes,Yes,DSL,Yes,Yes,Yes,No,No,No
16203,3039-MJSLN,Yes,No,No,No internet service,No internet service,No internet service,No internet service,No internet service,No internet service
16204,3043-SUDUA,Yes,No,No,No internet service,No internet service,No internet service,No internet service,No internet service,No internet service
16205,3043-TYBNO,Yes,No,DSL,No,No,No,Yes,No,Yes
16206,3045-XETSH,Yes,Yes,Fiber optic,No,Yes,Yes,No,No,Yes
16207,3049-NDXFL,Yes,Yes,Fiber optic,No,No,No,No,No,Yes
16208,3049-SOLAY,Yes,Yes,Fiber optic,No,No,No,No,Yes,Yes
16209,3050-GBUSH,No,No phone service,DSL,No,No,No,No,Yes,No
16210,3050-RLLXC,Yes,Yes,DSL,Yes,Yes,Yes,Yes,Yes,No
16211,3055-MJDSB,No,No phone service,DSL,No,No,No,No,No,No
16212,3055-OYMSE,Yes,No,Fiber optic,No,Yes,No,No,No,No
16213,3055-VTCGS,Yes,No,DSL,No,No,Yes,No,No,Yes
16214,3057-VJJQE,Yes,Yes,DSL,Yes,No,No,No,No,No
16215,3058-HJCUY,Yes,Yes,Fiber optic,No,No,Yes,Yes,Yes,Yes
16216,3058-WQDRE,No,No phone service,DSL,No,No,No,No,No,No
16217,3059-NGMXB,Yes,Yes,DSL,Yes,Yes,No,No,No,Yes
16218,3061-BCKYI,Yes,No,No,No internet service,No internet service,No internet service,No internet service,No internet service,No internet service
16219,3062-ICYZQ,Yes,Yes,Fiber optic,Yes,Yes,No,No,No,Yes
16220,3063-QFSZL,Yes,No,DSL,No,No,No,No,No,Yes
16221,3066-RRJIO,Yes,No,Fiber optic,No,No,No,No,No,No
16222,3067-SVMTC,Yes,No,DSL,Yes,No,No,Yes,No,No
16223,3068-OMWZA,Yes,Yes,Fiber optic,No,No,Yes,No,Yes,No
16224,3069-SSVSN,No,No phone service,DSL,No,No,No,No,No,No
16225,3070-BDOQC,Yes,No,Fiber optic,No,Yes,Yes,No,Yes,Yes
16226,3070-DVEYC,Yes,Yes,Fiber optic,No,No,No,No,No,No
16227,3070-FNFZQ,Yes,No,No,No internet service,No internet service,No internet service,No internet service,No internet service,No internet service
16228,3071-MVJCD,Yes,Yes,DSL,Yes,Yes,Yes,Yes,Yes,No
16229,3071-VBYPO,Yes,No,Fiber optic,Yes,Yes,No,No,Yes,No
16230,3074-GQWYX,Yes,Yes,Fiber optic,No,No,No,No,No,No
16231,3077-RSNTJ,Yes,No,No,No internet service,No internet service,No internet service,No internet service,No internet service,No internet service
16232,3078-ZKNTS,Yes,No,No,No internet service,No internet service,No internet service,No internet service,No internet service,No internet service
16233,3079-BCHLN,Yes,No,No,No internet service,No internet service,No internet service,No internet service,No internet service,No internet service
16234,3082-VQXNH,No,No phone service,DSL,No,Yes,No,No,No,No
16235,3082-WQRVY,Yes,No,No,No internet service,No internet service,No internet service,No internet service,No internet service,No internet service
16236,3082-YVEKW,Yes,Yes,DSL,Yes,No,Yes,Yes,Yes,No
16237,3084-DOWLE,Yes,Yes,DSL,Yes,Yes,Yes,Yes,Yes,Yes
16238,3085-QUOZK,Yes,No,DSL,No,No,No,No,No,No
16239,3086-RUCRN,Yes,Yes,Fiber optic,Yes,Yes,Yes,Yes,No,Yes
16240,3088-FVYWK,Yes,Yes,No,No internet service,No internet service,No internet service,No internet service,No internet service,No internet service
16241,3088-LHEFH,Yes,Yes,Fiber optic,Yes,No,No,No,No,No
16242,3090-HAWSU,Yes,Yes,Fiber optic,Yes,No,Yes,Yes,Yes,Yes
16243,3090-LETTY,Yes,Yes,DSL,Yes,Yes,No,No,No,No
16244,3090-QFUVD,Yes,No,No,No internet service,No internet service,No internet service,No internet service,No internet service,No internet service
16245,3091-FYHKI,No,No phone service,DSL,No,No,No,No,No,Yes
16246,3092-IGHWF,Yes,Yes,Fiber optic,No,Yes,Yes,No,No,No
16247,3094-JOJAI,Yes,Yes,Fiber optic,No,No,No,No,No,No
16248,3096-GKWEB,Yes,Yes,Fiber optic,No,No,No,No,Yes,Yes
16249,3096-IZETN,Yes,No,Fiber optic,No,No,No,No,No,Yes
16250,3096-JRDSO,Yes,Yes,Fiber optic,Yes,No,No,Yes,Yes,Yes
16251,3096-WPXBT,Yes,Yes,Fiber optic,Yes,Yes,Yes,No,No,Yes
16252,3096-YXENJ,Yes,Yes,Fiber optic,No,Yes,Yes,Yes,Yes,Yes
16253,3097-FQTVJ,Yes,No,No,No internet service,No internet service,No internet service,No internet service,No internet service,No internet service
16254,3097-IDVPU,Yes,Yes,DSL,No,No,No,No,No,No
16255,3097-NNSPB,Yes,No,DSL,No,Yes,No,No,No,No
16256,3097-NQYSN,Yes,Yes,Fiber optic,No,No,No,No,Yes,No
16257,3097-PYWXL,Yes,No,No,No internet service,No internet service,No internet service,No internet service,No internet service,No internet service
16258,3099-OONVS,Yes,No,DSL,Yes,No,No,Yes,No,No
16259,3104-OWCGK,Yes,No,Fiber optic,No,Yes,Yes,No,Yes,No
16260,3106-ULWFW,Yes,Yes,Fiber optic,No,No,No,No,No,Yes
16261,3108-PCCGG,Yes,Yes,DSL,Yes,Yes,Yes,No,Yes,Yes
16262,3113-IWHLC,Yes,No,DSL,Yes,No,Yes,No,No,No
16263,3115-CZMZD,Yes,No,No,No internet service,No internet service,No internet service,No internet service,No internet service,No internet service
16264,3115-JPJDD,Yes,No,Fiber optic,Yes,No,Yes,No,No,No
16265,3118-UHVVQ,Yes,Yes,No,No internet service,No internet service,No internet service,No internet service,No internet service,No internet service
16266,3120-FAZKD,Yes,Yes,No,No internet service,No internet service,No internet service,No internet service,No internet service,No internet service
16267,3125-RAHBV,Yes,No,No,No internet service,No internet service,No internet service,No internet service,No internet service,No internet service
16268,3126-WQMGH,Yes,Yes,DSL,No,No,No,No,No,No
16269,3128-YOVTD,Yes,No,Fiber optic,Yes,Yes,No,No,No,No
16270,3129-AAQOU,Yes,Yes,No,No internet service,No internet service,No internet service,No internet service,No internet service,No internet service
16271,3130-ICDUP,Yes,Yes,Fiber optic,Yes,No,No,No,No,No
16272,3131-NWVFJ,Yes,No,No,No internet service,No internet service,No internet service,No internet service,No internet service,No internet service
16273,3132-TVFDZ,No,No phone service,DSL,No,No,No,No,Yes,Yes
16274,3133-PZNSR,Yes,Yes,Fiber optic,Yes,Yes,No,Yes,No,Yes
16275,3134-DSHVC,Yes,Yes,Fiber optic,Yes,Yes,Yes,No,Yes,No
16276,3137-LUPIX,Yes,Yes,DSL,No,No,No,Yes,Yes,No
16277,3137-NYQQI,Yes,No,DSL,Yes,Yes,No,No,No,Yes
16278,3138-BKYAV,Yes,No,Fiber optic,No,Yes,No,No,Yes,No
16279,3143-ILDAL,Yes,Yes,Fiber optic,No,Yes,No,Yes,No,Yes
16280,3143-JQEGI,Yes,No,Fiber optic,No,No,No,No,Yes,Yes
16281,3144-AUDBS,Yes,No,DSL,No,No,No,Yes,No,No
16282,3144-KMTWZ,Yes,Yes,Fiber optic,No,Yes,Yes,No,No,Yes
16283,3146-JTQHR,Yes,No,No,No internet service,No internet service,No internet service,No internet service,No internet service,No internet service
16284,3146-MSEGF,Yes,Yes,DSL,Yes,Yes,Yes,Yes,Yes,Yes
16285,3148-AOIQT,Yes,Yes,No,No internet service,No internet service,No internet service,No internet service,No internet service,No internet service
16286,3148-BLQJT,Yes,No,No,No internet service,No internet service,No internet service,No internet service,No internet service,No internet service
16287,3154-CFSZG,Yes,No,Fiber optic,Yes,No,Yes,No,No,Yes
16288,3154-HMWUU,Yes,No,No,No internet service,No internet service,No internet service,No internet service,No internet service,No internet service
16289,3156-QLHBO,Yes,No,No,No internet service,No internet service,No internet service,No internet service,No internet service,No internet service
16290,3158-MOERK,Yes,Yes,Fiber optic,No,No,No,No,Yes,Yes
16291,3160-TYXLT,No,No phone service,DSL,Yes,Yes,No,No,No,Yes
16292,3161-GETRM,Yes,Yes,Fiber optic,No,No,Yes,No,No,Yes
16293,3161-ONRWK,Yes,No,DSL,Yes,Yes,Yes,Yes,No,No
16294,3162-KKZXO,Yes,Yes,Fiber optic,No,No,Yes,No,Yes,Yes
16295,3162-ZJZFU,Yes,No,Fiber optic,No,Yes,No,Yes,Yes,No
16296,3164-AALRN,Yes,No,DSL,No,No,Yes,No,Yes,Yes
16297,3164-YAXFY,No,No phone service,DSL,Yes,No,Yes,No,Yes,Yes
16298,3165-HDOEW,Yes,No,DSL,No,No,No,No,No,No
16299,3166-PNEOF,Yes,Yes,DSL,Yes,No,Yes,Yes,Yes,Yes
16300,3167-SNQPL,Yes,Yes,Fiber optic,No,Yes,No,No,Yes,Yes
16301,3170-GWYKC,Yes,No,Fiber optic,Yes,No,Yes,Yes,Yes,Yes
16302,3170-NMYVV,Yes,No,No,No internet service,No internet service,No internet service,No internet service,No internet service,No internet service
16303,3173-NVMPX,Yes,Yes,DSL,No,Yes,No,No,No,No
16304,3173-WSSUE,Yes,No,No,No internet service,No internet service,No internet service,No internet service,No internet service,No internet service
16305,3174-AKMAS,Yes,No,DSL,No,Yes,No,Yes,Yes,No
16306,3174-RKMOW,Yes,Yes,Fiber optic,No,Yes,Yes,Yes,Yes,Yes
16307,3177-LASXD,Yes,No,Fiber optic,No,No,No,No,No,No
16308,3178-CIFOT,Yes,No,No,No internet service,No internet service,No internet service,No internet service,No internet service,No internet service
16309,3178-FESZO,Yes,Yes,Fiber optic,No,Yes,No,No,Yes,Yes
16310,3179-GBRWV,Yes,No,DSL,Yes,Yes,No,No,No,Yes
16311,3181-MIZBN,Yes,No,No,No internet service,No internet service,No internet service,No internet service,No internet service,No internet service
16312,3181-VTHOE,No,No phone service,DSL,No,Yes,Yes,Yes,No,Yes
16313,3186-AJIEK,Yes,No,Fiber optic,Yes,No,Yes,Yes,Yes,Yes
16314,3186-BAXNB,Yes,No,Fiber optic,No,Yes,No,Yes,Yes,No
16315,3190-FZATL,Yes,No,No,No internet service,No internet service,No internet service,No internet service,No internet service,No internet service
16316,3190-ITQXP,Yes,No,No,No internet service,No internet service,No internet service,No internet service,No internet service,No internet service
16317,3190-XFANI,Yes,Yes,Fiber optic,No,No,No,Yes,Yes,Yes
16318,3191-CSNMG,Yes,No,Fiber optic,No,No,No,No,Yes,No
16319,3192-LNKRK,Yes,No,Fiber optic,No,No,Yes,No,Yes,No
16320,3192-NQECA,Yes,Yes,Fiber optic,No,Yes,Yes,Yes,Yes,Yes
16321,3194-ORPIK,Yes,Yes,Fiber optic,No,No,No,No,Yes,No
16322,3195-TQDZX,Yes,No,No,No internet service,No internet service,No internet service,No internet service,No internet service,No internet service
16323,3196-NVXLZ,Yes,Yes,Fiber optic,No,No,No,No,Yes,No
16324,3197-ARFOY,Yes,No,Fiber optic,Yes,Yes,No,Yes,Yes,Yes
16325,3197-NNYNB,Yes,Yes,Fiber optic,No,Yes,Yes,No,Yes,Yes
16326,3198-VELRD,Yes,Yes,Fiber optic,No,No,No,No,No,Yes
16327,3199-NPKCN,Yes,Yes,Fiber optic,Yes,No,Yes,Yes,Yes,Yes
16328,3199-XGZCY,Yes,Yes,Fiber optic,No,No,No,No,No,No
16329,3200-MNQTF,Yes,Yes,DSL,Yes,Yes,Yes,Yes,No,No
16330,3205-MXZRA,Yes,No,DSL,No,No,No,Yes,Yes,No
16331,3207-OYBWH,Yes,Yes,Fiber optic,No,Yes,Yes,No,No,Yes
16332,3208-YPIOE,Yes,Yes,Fiber optic,No,No,No,No,No,No
16333,3209-ZPKFI,Yes,Yes,DSL,No,Yes,No,No,No,No
16334,3211-AAPKX,Yes,Yes,Fiber optic,No,No,No,Yes,Yes,Yes
16335,3211-ILJTT,Yes,No,Fiber optic,No,No,No,No,No,No
16336,3212-KXOCR,Yes,No,No,No internet service,No internet service,No internet service,No internet service,No internet service,No internet service
16337,3213-VVOLG,Yes,Yes,No,No internet service,No internet service,No internet service,No internet service,No internet service,No internet service
16338,3214-IYUUQ,Yes,No,Fiber optic,Yes,Yes,No,Yes,No,Yes
16339,3217-FZDMN,Yes,No,Fiber optic,No,No,Yes,No,Yes,Yes
16340,3219-JQRSL,Yes,Yes,DSL,Yes,Yes,Yes,Yes,Yes,Yes
16341,3221-CJMSG,Yes,No,DSL,No,No,No,Yes,No,No
16342,3223-DWFIO,Yes,No,Fiber optic,No,No,No,No,No,No
16343,3223-WZWJM,Yes,Yes,Fiber optic,No,No,No,No,No,Yes
16344,3224-DFQNQ,Yes,Yes,Fiber optic,Yes,Yes,No,Yes,No,No
16345,3227-WLKLI,Yes,Yes,DSL,Yes,Yes,Yes,Yes,Yes,Yes
16346,3229-USWAR,Yes,No,DSL,Yes,No,Yes,Yes,Yes,Yes
16347,3230-IUALN,Yes,No,DSL,Yes,No,Yes,Yes,Yes,Yes
16348,3230-JCNZS,Yes,Yes,Fiber optic,Yes,Yes,Yes,No,Yes,No
16349,3230-WYKIR,Yes,Yes,DSL,No,No,Yes,Yes,Yes,Yes
16350,3234-VKACU,Yes,No,DSL,No,No,No,Yes,Yes,Yes
16351,3235-ETOOB,Yes,No,Fiber optic,Yes,No,No,No,No,No
16352,3237-AJGEH,No,No phone service,DSL,No,No,No,Yes,No,No
16353,3239-TPHPZ,Yes,No,No,No internet service,No internet service,No internet service,No internet service,No internet service,No internet service
16354,3243-ZHOHY,Yes,No,No,No internet service,No internet service,No internet service,No internet service,No internet service,No internet service
16355,3244-CQPHU,Yes,Yes,Fiber optic,Yes,Yes,No,Yes,Yes,Yes
16356,3244-DCJWY,Yes,No,Fiber optic,No,No,No,No,No,No
16357,3247-MHJKM,Yes,No,No,No internet service,No internet service,No internet service,No internet service,No internet service,No internet service
16358,3247-ZVOUO,Yes,Yes,Fiber optic,No,No,No,No,No,Yes
16359,3249-VHRIP,No,No phone service,DSL,No,Yes,Yes,No,No,Yes
16360,3249-ZPQRG,Yes,Yes,Fiber optic,No,Yes,No,No,No,No
16361,3251-YMVWZ,Yes,Yes,No,No internet service,No internet service,No internet service,No internet service,No internet service,No internet service
16362,3253-HKOKL,Yes,No,Fiber optic,Yes,No,Yes,No,Yes,Yes
16363,3254-YRILK,Yes,Yes,Fiber optic,No,Yes,No,No,Yes,No
16364,3255-GRXMG,Yes,No,DSL,No,No,No,No,No,No
16365,3256-EZDBI,No,No phone service,DSL,No,Yes,No,No,No,No
16366,3258-SANFR,Yes,No,DSL,No,No,No,No,No,No
16367,3258-SYSWS,Yes,Yes,Fiber optic,Yes,Yes,Yes,Yes,Yes,Yes
16368,3258-ZKPAI,Yes,Yes,Fiber optic,Yes,Yes,Yes,Yes,Yes,Yes
16369,3259-FDWOY,Yes,Yes,Fiber optic,No,Yes,Yes,No,Yes,Yes
16370,3259-KNMRR,Yes,Yes,DSL,No,Yes,Yes,No,Yes,Yes
16371,3259-QMXUN,Yes,Yes,DSL,Yes,Yes,Yes,No,Yes,Yes
16372,3261-CQXOL,Yes,Yes,No,No internet service,No internet service,No internet service,No internet service,No internet service,No internet service
16373,3262-EIDHV,Yes,Yes,DSL,Yes,No,Yes,Yes,Yes,Yes
16374,3266-FTKHB,Yes,No,No,No internet service,No internet service,No internet service,No internet service,No internet service,No internet service
16375,3269-ATYWD,Yes,Yes,Fiber optic,No,No,No,No,Yes,Yes
16376,3272-VUHPV,Yes,No,DSL,No,Yes,No,Yes,No,No
16377,3274-NSDWE,Yes,No,No,No internet service,No internet service,No internet service,No internet service,No internet service,No internet service
16378,3275-RHRNE,No,No phone service,DSL,No,Yes,Yes,Yes,Yes,Yes
16379,3276-HDUEG,Yes,Yes,Fiber optic,No,No,No,No,No,No
16380,3278-FSIXX,Yes,No,DSL,No,No,No,No,No,No
16381,3279-DYZQM,Yes,No,No,No internet service,No internet service,No internet service,No internet service,No internet service,No internet service
16382,3280-MRDOF,Yes,Yes,DSL,No,No,Yes,Yes,Yes,No
16383,3280-NMUVX,Yes,No,No,No internet service,No internet service,No internet service,No internet service,No internet service,No internet service
16384,3282-ZISZV,Yes,Yes,DSL,No,Yes,Yes,Yes,Yes,Yes
16385,3283-WCWXT,Yes,Yes,No,No internet service,No internet service,No internet service,No internet service,No internet service,No internet service
16386,3284-SVCRO,Yes,Yes,No,No internet service,No internet service,No internet service,No internet service,No internet service,No internet service
16387,3285-UCQVC,No,No phone service,DSL,No,No,No,Yes,No,No
16388,3292-PBZEJ,Yes,Yes,Fiber optic,No,Yes,Yes,Yes,Yes,Yes
16389,3295-YVUSR,Yes,Yes,Fiber optic,No,No,No,No,No,No
16390,3296-SILRA,Yes,No,Fiber optic,No,Yes,No,No,No,No
16391,3298-QEICA,No,No phone service,DSL,Yes,No,No,Yes,No,No
16392,3301-LSLWQ,Yes,Yes,DSL,Yes,No,No,No,No,Yes
16393,3301-VKTGC,Yes,Yes,Fiber optic,Yes,Yes,No,No,No,No
16394,3307-TLCUD,No,No phone service,DSL,Yes,No,Yes,No,No,No
16395,3308-DGHKL,Yes,No,No,No internet service,No internet service,No internet service,No internet service,No internet service,No internet service
16396,3308-JSGML,No,No phone service,DSL,Yes,No,Yes,Yes,Yes,Yes
16397,3308-MHOOC,Yes,No,No,No internet service,No internet service,No internet service,No internet service,No internet service,No internet service
16398,3312-UUMZW,Yes,Yes,Fiber optic,No,Yes,No,No,Yes,Yes
16399,3312-ZWLGF,Yes,Yes,Fiber optic,No,No,No,Yes,No,No
16400,3313-QKNKB,Yes,Yes,Fiber optic,No,No,No,No,No,Yes
16401,3315-IKYZQ,No,No phone service,DSL,Yes,No,Yes,Yes,Yes,No
16402,3315-TOTBP,Yes,Yes,Fiber optic,No,No,No,No,No,No
16403,3316-UWXUY,Yes,No,Fiber optic,Yes,Yes,No,Yes,No,Yes
16404,3317-HRTNN,No,No phone service,DSL,No,No,No,No,Yes,Yes
16405,3317-VLGQT,Yes,No,Fiber optic,No,No,No,No,No,Yes
16406,3318-ISQFQ,Yes,No,No,No internet service,No internet service,No internet service,No internet service,No internet service,No internet service
16407,3318-NMQXL,Yes,No,Fiber optic,No,No,No,No,Yes,Yes
16408,3318-OSATS,Yes,Yes,Fiber optic,No,No,No,No,Yes,Yes
16409,3319-DWOEP,Yes,No,Fiber optic,No,No,Yes,No,Yes,Yes
16410,3320-VEOYC,Yes,Yes,Fiber optic,No,No,No,No,Yes,Yes
16411,3323-CPBWR,Yes,Yes,Fiber optic,No,No,Yes,Yes,Yes,No
16412,3324-OIRTO,Yes,No,Fiber optic,Yes,Yes,Yes,No,Yes,Yes
16413,3325-FUYCG,Yes,Yes,Fiber optic,Yes,Yes,No,No,Yes,Yes
16414,3327-YBAKM,Yes,No,Fiber optic,Yes,No,No,Yes,Yes,Yes
16415,3329-WDIOK,No,No phone service,DSL,No,Yes,No,No,Yes,Yes
16416,3331-HQDTW,Yes,Yes,Fiber optic,Yes,Yes,Yes,No,Yes,Yes
16417,3334-CTHOL,Yes,Yes,DSL,No,No,No,No,No,No
16418,3336-JORSO,Yes,Yes,Fiber optic,No,Yes,Yes,Yes,Yes,Yes
16419,3338-CVVEH,Yes,Yes,Fiber optic,No,No,No,No,Yes,Yes
16420,3339-EAQNV,Yes,Yes,Fiber optic,No,Yes,No,No,Yes,Yes
16421,3340-QBBFM,Yes,No,DSL,No,No,Yes,Yes,No,No
16422,3345-JHUEO,Yes,No,No,No internet service,No internet service,No internet service,No internet service,No internet service,No internet service
16423,3345-PBBFH,Yes,No,DSL,No,Yes,No,No,No,No
16424,3346-BRMIS,No,No phone service,DSL,No,No,Yes,No,Yes,Yes
16425,3347-YJZZE,Yes,Yes,DSL,No,Yes,Yes,No,Yes,Yes
16426,3348-CFRNX,Yes,No,Fiber optic,Yes,No,No,No,Yes,Yes
16427,3349-ANQNH,Yes,Yes,Fiber optic,No,No,Yes,No,Yes,Yes
16428,3351-NGXYI,Yes,Yes,DSL,Yes,No,No,No,No,No
16429,3351-NQLDI,Yes,Yes,Fiber optic,Yes,No,No,Yes,No,Yes
16430,3352-ALMCK,Yes,Yes,Fiber optic,No,Yes,Yes,No,Yes,Yes
16431,3352-RICWQ,Yes,No,No,No internet service,No internet service,No internet service,No internet service,No internet service,No internet service
16432,3354-OADJP,Yes,No,DSL,Yes,No,No,Yes,No,No
16433,3359-DSRKA,Yes,No,No,No internet service,No internet service,No internet service,No internet service,No internet service,No internet service
16434,3363-DTIVD,Yes,Yes,Fiber optic,Yes,No,Yes,No,Yes,Yes
16435,3363-EWLGO,Yes,No,No,No internet service,No internet service,No internet service,No internet service,No internet service,No internet service
16436,3365-SAIGS,Yes,No,Fiber optic,No,Yes,No,No,Yes,No
16437,3370-GQEAL,Yes,Yes,Fiber optic,No,No,No,No,Yes,No
16438,3370-HXOPH,Yes,Yes,Fiber optic,No,No,No,No,No,No
16439,3372-CDXFJ,Yes,Yes,No,No internet service,No internet service,No internet service,No internet service,No internet service,No internet service
16440,3372-KWFBM,Yes,Yes,Fiber optic,No,No,No,No,Yes,No
16441,3373-DIUUN,Yes,No,No,No internet service,No internet service,No internet service,No internet service,No internet service,No internet service
16442,3373-YZZYM,Yes,No,No,No internet service,No internet service,No internet service,No internet service,No internet service,No internet service
16443,3374-LXDEV,Yes,Yes,Fiber optic,No,Yes,Yes,Yes,No,No
16444,3374-PZLXD,Yes,No,No,No internet service,No internet service,No internet service,No internet service,No internet service,No internet service
16445,3374-TTZTK,Yes,No,Fiber optic,Yes,Yes,Yes,Yes,Yes,Yes
16446,3376-BMGFE,Yes,No,Fiber optic,No,No,No,No,No,No
16447,3378-AJRAO,Yes,Yes,No,No internet service,No internet service,No internet service,No internet service,No internet service,No internet service
16448,3384-CTMSF,Yes,Yes,Fiber optic,No,Yes,Yes,No,Yes,Yes
16449,3387-PLKUI,Yes,No,No,No internet service,No internet service,No internet service,No internet service,No internet service,No internet service
16450,3387-VATUS,Yes,Yes,Fiber optic,No,No,No,No,Yes,Yes
16451,3389-KTRXV,Yes,Yes,No,No internet service,No internet service,No internet service,No internet service,No internet service,No internet service
16452,3389-YGYAI,Yes,Yes,Fiber optic,No,Yes,Yes,No,Yes,Yes
16453,3391-JSQEW,Yes,No,DSL,No,Yes,No,No,No,No
16454,3392-EHMNK,Yes,Yes,Fiber optic,No,Yes,No,Yes,Yes,No
16455,3393-FMZPV,Yes,Yes,Fiber optic,No,Yes,No,No,Yes,Yes
16456,3396-DKDEL,Yes,Yes,Fiber optic,Yes,Yes,Yes,Yes,Yes,Yes
16457,3397-AVTKU,Yes,No,DSL,No,Yes,No,No,No,Yes
16458,3398-FSHON,Yes,Yes,Fiber optic,No,Yes,No,No,Yes,No
16459,3398-GCPMU,Yes,Yes,DSL,Yes,Yes,Yes,Yes,Yes,Yes
16460,3398-ZOUAA,Yes,No,Fiber optic,No,No,No,No,No,No
16461,3399-BMLVW,Yes,No,DSL,Yes,Yes,No,Yes,No,No
16462,3400-ESFUW,Yes,No,DSL,Yes,Yes,No,Yes,No,No
16463,3401-URHDA,Yes,Yes,DSL,Yes,No,No,Yes,No,No
16464,3402-XRIUO,Yes,Yes,DSL,Yes,Yes,No,Yes,No,No
16465,3404-JNXAX,Yes,Yes,Fiber optic,No,No,No,Yes,No,No
16466,3407-JMJQQ,Yes,Yes,Fiber optic,Yes,Yes,Yes,No,Yes,Yes
16467,3407-QGWLG,Yes,No,No,No internet service,No internet service,No internet service,No internet service,No internet service,No internet service
16468,3410-MHHUM,Yes,Yes,Fiber optic,No,Yes,Yes,No,No,Yes
16469,3410-YOQBQ,Yes,No,DSL,No,Yes,Yes,Yes,Yes,Yes
16470,3411-WLRSQ,Yes,No,Fiber optic,No,Yes,No,No,No,No
16471,3413-BMNZE,Yes,No,DSL,No,No,No,No,No,No
16472,3413-CSSTH,Yes,Yes,DSL,No,No,Yes,No,No,No
16473,3413-DHLPB,Yes,Yes,Fiber optic,No,Yes,No,Yes,Yes,Yes
16474,3415-TAILE,Yes,No,DSL,No,No,No,No,Yes,Yes
16475,3417-TSCIC,No,No phone service,DSL,No,No,No,No,No,No
16476,3419-SNJJD,Yes,Yes,Fiber optic,Yes,No,Yes,No,Yes,Yes
16477,3420-YJLQT,Yes,Yes,Fiber optic,No,Yes,No,No,No,No
16478,3420-ZDBMA,Yes,No,Fiber optic,No,No,No,No,No,No
16479,3422-GALYP,Yes,Yes,Fiber optic,No,Yes,No,No,No,No
16480,3422-LYEPQ,Yes,No,Fiber optic,No,No,No,No,No,No
16481,3422-WJOYD,Yes,No,DSL,Yes,No,No,Yes,No,No
16482,3423-HHXAO,Yes,No,No,No internet service,No internet service,No internet service,No internet service,No internet service,No internet service
16483,3424-NMNBO,Yes,Yes,Fiber optic,Yes,Yes,Yes,No,Yes,Yes
16484,3426-NIYYL,Yes,Yes,DSL,No,No,No,No,No,No
16485,3427-GGZZI,Yes,Yes,Fiber optic,No,Yes,No,No,No,Yes
16486,3428-MMGUB,Yes,Yes,Fiber optic,No,No,Yes,No,Yes,No
16487,3428-XZMAZ,Yes,No,Fiber optic,No,No,No,No,No,No
16488,3429-IFLEM,Yes,No,DSL,Yes,Yes,Yes,Yes,Yes,No
16489,3439-GVUSX,No,No phone service,DSL,No,No,No,No,No,No
16490,3440-JPSCL,Yes,No,Fiber optic,No,No,Yes,Yes,Yes,Yes
16491,3441-CGZJH,No,No phone service,DSL,Yes,No,Yes,Yes,Yes,Yes
16492,3442-ZHHCC,Yes,Yes,DSL,Yes,Yes,Yes,No,No,Yes
16493,3445-HXXGF,No,No phone service,DSL,No,Yes,Yes,No,No,Yes
16494,3446-QDSZF,Yes,No,DSL,No,No,No,No,Yes,No
16495,3450-WXOAT,Yes,No,DSL,No,No,No,No,No,No
16496,3451-VAWLI,Yes,No,No,No internet service,No internet service,No internet service,No internet service,No internet service,No internet service
16497,3452-ABWRL,Yes,Yes,Fiber optic,No,No,No,No,Yes,No
16498,3452-FLHYD,Yes,No,No,No internet service,No internet service,No internet service,No internet service,No internet service,No internet service
16499,3452-GWUIN,Yes,Yes,Fiber optic,No,No,No,No,Yes,Yes
16500,3452-SRFEG,Yes,Yes,Fiber optic,No,No,No,No,No,No
16501,3453-RTHJQ,Yes,No,Fiber optic,No,No,No,No,No,No
16502,3454-JFUBC,Yes,No,No,No internet service,No internet service,No internet service,No internet service,No internet service,No internet service
16503,3457-PQBYH,Yes,No,No,No internet service,No internet service,No internet service,No internet service,No internet service,No internet service
16504,3458-IDMFK,Yes,No,No,No internet service,No internet service,No internet service,No internet service,No internet service,No internet service
16505,3460-TJBWI,Yes,Yes,No,No internet service,No internet service,No internet service,No internet service,No internet service,No internet service
16506,3462-BJQQA,Yes,Yes,Fiber optic,No,Yes,No,No,Yes,No
16507,3466-BYAVD,Yes,No,DSL,No,Yes,Yes,Yes,No,Yes
16508,3466-RITXD,Yes,Yes,Fiber optic,Yes,Yes,No,No,Yes,No
16509,3466-WAESX,Yes,Yes,DSL,Yes,Yes,No,No,No,Yes
16510,3468-DRVQJ,Yes,Yes,DSL,Yes,Yes,No,No,Yes,No
16511,3470-BTGQO,Yes,No,DSL,No,No,No,No,No,No
16512,3470-OBUET,Yes,Yes,DSL,Yes,Yes,No,Yes,Yes,No
16513,3472-OAOOR,No,No phone service,DSL,Yes,Yes,No,No,No,No
16514,3472-QPRCH,Yes,Yes,No,No internet service,No internet service,No internet service,No internet service,No internet service,No internet service
16515,3473-XIIIT,Yes,Yes,Fiber optic,No,Yes,No,No,Yes,Yes
16516,3474-BAFSJ,No,No phone service,DSL,No,Yes,Yes,Yes,Yes,Yes
16517,3481-JHUZH,Yes,Yes,Fiber optic,No,Yes,No,No,No,No
16518,3482-ABPKK,Yes,No,DSL,Yes,No,No,Yes,No,No
16519,3486-HOOGQ,Yes,Yes,DSL,Yes,Yes,Yes,Yes,Yes,No
16520,3486-KHMLI,Yes,Yes,No,No internet service,No internet service,No internet service,No internet service,No internet service,No internet service
16521,3486-NPGST,Yes,No,No,No internet service,No internet service,No internet service,No internet service,No internet service,No internet service
16522,3487-EARAT,Yes,No,DSL,Yes,Yes,Yes,Yes,No,Yes
16523,3488-PGMQJ,Yes,No,Fiber optic,No,Yes,No,No,No,No
16524,3489-HHPFY,Yes,Yes,Fiber optic,No,No,No,No,Yes,No
16525,3489-VSFRD,Yes,No,DSL,Yes,No,Yes,Yes,No,No
16526,3494-JCHRQ,Yes,No,Fiber optic,No,No,No,No,No,No
16527,3496-LFSZU,Yes,No,Fiber optic,No,No,No,No,No,No
16528,3498-LZGQZ,Yes,No,No,No internet service,No internet service,No internet service,No internet service,No internet service,No internet service
16529,3500-NSDOA,Yes,Yes,DSL,No,Yes,No,Yes,No,Yes
16530,3500-RMZLT,Yes,No,Fiber optic,Yes,No,Yes,Yes,No,Yes
16531,3503-TYDAY,Yes,Yes,Fiber optic,No,Yes,No,No,No,No
16532,3506-LCJDC,Yes,No,No,No internet service,No internet service,No internet service,No internet service,No internet service,No internet service
16533,3506-OVLKD,Yes,Yes,No,No internet service,No internet service,No internet service,No internet service,No internet service,No internet service
16534,3507-GASNP,Yes,No,No,No internet service,No internet service,No internet service,No internet service,No internet service,No internet service
16535,3508-CFVZL,Yes,Yes,Fiber optic,Yes,Yes,Yes,Yes,Yes,Yes
16536,3508-VLHCZ,Yes,Yes,DSL,Yes,Yes,Yes,Yes,Yes,Yes
16537,3509-GWQGF,Yes,No,Fiber optic,No,No,No,No,No,No
16538,3511-APPBJ,Yes,No,Fiber optic,Yes,No,Yes,No,Yes,Yes
16539,3511-BFTJW,No,No phone service,DSL,Yes,Yes,Yes,No,No,No
16540,3512-IZIKN,Yes,Yes,DSL,Yes,No,Yes,Yes,No,No
16541,3518-FSTWG,Yes,Yes,Fiber optic,Yes,Yes,Yes,No,Yes,Yes
16542,3518-PZXZQ,Yes,No,DSL,No,No,No,No,Yes,No
16543,3519-ZKXGG,Yes,Yes,Fiber optic,No,No,No,No,No,No
16544,3520-FJGCV,Yes,Yes,Fiber optic,Yes,Yes,Yes,Yes,Yes,Yes
16545,3521-HTQTV,Yes,Yes,No,No internet service,No internet service,No internet service,No internet service,No internet service,No internet service
16546,3521-MNKLV,Yes,No,DSL,No,No,Yes,No,No,No
16547,3521-SYVOR,Yes,No,DSL,No,No,No,No,Yes,Yes
16548,3522-CDKHF,Yes,No,Fiber optic,Yes,No,No,No,No,No
16549,3523-BRGUW,Yes,No,No,No internet service,No internet service,No internet service,No internet service,No internet service,No internet service
16550,3523-QRQLL,Yes,No,DSL,No,Yes,No,No,Yes,Yes
16551,3524-WQDSG,Yes,Yes,Fiber optic,No,No,Yes,No,Yes,Yes
16552,3525-DVKFN,Yes,No,No,No internet service,No internet service,No internet service,No internet service,No internet service,No internet service
16553,3528-HFRIQ,No,No phone service,DSL,No,Yes,Yes,No,Yes,Yes
16554,3530-CRZSB,Yes,No,No,No internet service,No internet service,No internet service,No internet service,No internet service,No internet service
16555,3530-VWVGU,Yes,No,No,No internet service,No internet service,No internet service,No internet service,No internet service,No internet service
16556,3533-UVMOM,Yes,No,DSL,Yes,Yes,Yes,No,No,Yes
16557,3536-IQCTX,Yes,Yes,Fiber optic,No,No,No,No,No,Yes
16558,3537-HPKQT,Yes,Yes,Fiber optic,No,Yes,No,No,No,No
16559,3537-RYBHH,Yes,Yes,DSL,Yes,Yes,Yes,No,No,No
16560,3538-WZPHD,No,No phone service,DSL,No,Yes,No,No,No,No
16561,3540-RZJYU,Yes,No,Fiber optic,Yes,No,No,No,Yes,No
16562,3541-ZNUHK,Yes,Yes,Fiber optic,Yes,Yes,No,No,No,No
16563,3544-FBCAS,Yes,Yes,DSL,Yes,Yes,Yes,No,Yes,Yes
16564,3545-CNWRG,Yes,Yes,Fiber optic,No,Yes,No,No,Yes,Yes
16565,3546-GHEAE,Yes,No,No,No internet service,No internet service,No internet service,No internet service,No internet service,No internet service
16566,3547-LQRIK,Yes,Yes,No,No internet service,No internet service,No internet service,No internet service,No internet service,No internet service
16567,3549-ZTMNH,Yes,Yes,No,No internet service,No internet service,No internet service,No internet service,No internet service,No internet service
16568,3550-SAHFP,Yes,Yes,Fiber optic,No,No,No,No,No,Yes
16569,3551-GAEGL,No,No phone service,DSL,Yes,No,No,No,No,No
16570,3551-HUAZH,Yes,Yes,Fiber optic,No,No,No,No,No,No
16571,3552-CTCYF,Yes,Yes,Fiber optic,No,Yes,Yes,No,Yes,Yes
16572,3556-BVQGL,Yes,No,No,No internet service,No internet service,No internet service,No internet service,No internet service,No internet service
16573,3557-HTYWR,Yes,Yes,DSL,Yes,Yes,No,Yes,No,Yes
16574,3563-SVYLG,Yes,No,DSL,Yes,Yes,Yes,Yes,No,No
16575,3565-UNOCC,Yes,Yes,Fiber optic,No,No,Yes,No,Yes,Yes
16576,3566-CAAYU,No,No phone service,DSL,No,Yes,Yes,Yes,No,Yes
16577,3566-HJGPK,Yes,No,DSL,No,No,No,No,No,No
16578,3566-VVORZ,Yes,No,DSL,No,No,No,No,No,No
16579,3567-PQTSO,Yes,Yes,Fiber optic,No,Yes,Yes,No,Yes,Yes
16580,3569-EDBPQ,Yes,Yes,Fiber optic,Yes,No,No,Yes,No,No
16581,3569-JFODW,Yes,Yes,DSL,Yes,Yes,Yes,Yes,Yes,Yes
16582,3569-VLDHH,Yes,No,DSL,Yes,Yes,Yes,Yes,Yes,No
16583,3570-YUEKJ,Yes,No,DSL,No,Yes,No,No,No,No
16584,3571-DPYUH,Yes,Yes,Fiber optic,No,Yes,No,Yes,Yes,No
16585,3571-RFHAR,Yes,Yes,Fiber optic,No,Yes,Yes,Yes,Yes,Yes
16586,3572-UOLYZ,Yes,Yes,Fiber optic,No,No,Yes,Yes,No,No
16587,3572-UUHRS,Yes,No,No,No internet service,No internet service,No internet service,No internet service,No internet service,No internet service
16588,3577-AMVUX,Yes,No,DSL,No,No,Yes,Yes,No,No
16589,3580-GICBM,Yes,Yes,No,No internet service,No internet service,No internet service,No internet service,No internet service,No internet service
16590,3580-HYCSP,Yes,Yes,Fiber optic,Yes,Yes,Yes,No,Yes,Yes
16591,3580-REOAC,Yes,No,DSL,No,No,No,No,No,No
16592,3583-EKAPL,Yes,No,DSL,No,No,No,No,No,Yes
16593,3583-KRKMD,Yes,No,Fiber optic,No,No,No,Yes,No,No
16594,3584-WKTTW,Yes,Yes,Fiber optic,Yes,No,Yes,Yes,Yes,Yes
16595,3585-ISXZP,Yes,Yes,Fiber optic,No,No,No,No,Yes,Yes
16596,3585-YNADK,Yes,Yes,DSL,No,Yes,Yes,Yes,Yes,No
16597,3587-PMCOY,Yes,No,Fiber optic,Yes,No,Yes,No,Yes,Yes
16598,3588-WSTTJ,Yes,Yes,Fiber optic,Yes,No,No,No,Yes,Yes
16599,3589-PPVKW,Yes,No,DSL,No,No,No,No,No,No
16600,3590-TCXTB,Yes,No,No,No internet service,No internet service,No internet service,No internet service,No internet service,No internet service
16601,3594-BDSOA,Yes,No,No,No internet service,No internet service,No internet service,No internet service,No internet service,No internet service
16602,3594-IVHJZ,Yes,No,No,No internet service,No internet service,No internet service,No internet service,No internet service,No internet service
16603,3594-KADLU,No,No phone service,DSL,Yes,No,No,Yes,No,No
16604,3594-UVONA,Yes,Yes,DSL,Yes,No,Yes,Yes,Yes,Yes
16605,3597-MVHJT,Yes,Yes,Fiber optic,No,No,No,No,Yes,Yes
16606,3597-YASZG,Yes,Yes,Fiber optic,No,Yes,No,Yes,Yes,Yes
16607,3604-WLABM,Yes,No,DSL,No,No,Yes,Yes,No,No
16608,3605-JISKB,Yes,Yes,DSL,Yes,Yes,No,No,No,No
16609,3606-SBKRY,No,No phone service,DSL,No,No,Yes,No,Yes,Yes
16610,3606-TWKGI,Yes,Yes,Fiber optic,No,Yes,Yes,No,Yes,Yes
16611,3612-YUNGG,Yes,Yes,Fiber optic,No,Yes,Yes,Yes,Yes,Yes
16612,3612-YVGSJ,Yes,Yes,No,No internet service,No internet service,No internet service,No internet service,No internet service,No internet service
16613,3617-XLSGQ,Yes,Yes,Fiber optic,Yes,Yes,Yes,No,Yes,Yes
16614,3620-EHIMZ,Yes,No,No,No internet service,No internet service,No internet service,No internet service,No internet service,No internet service
16615,3620-MWJNE,Yes,No,DSL,Yes,No,No,Yes,No,No
16616,3621-CEOVK,Yes,Yes,Fiber optic,No,Yes,No,No,Yes,Yes
16617,3621-CHYVB,No,No phone service,DSL,Yes,No,Yes,Yes,No,Yes
16618,3623-FQBOX,Yes,No,No,No internet service,No internet service,No internet service,No internet service,No internet service,No internet service
16619,3627-FCRDW,Yes,No,Fiber optic,No,No,No,No,No,No
16620,3627-FHKBK,Yes,No,Fiber optic,Yes,No,No,No,No,No
16621,3629-WEAAM,Yes,No,DSL,No,No,Yes,Yes,No,Yes
16622,3629-ZNKXA,Yes,No,Fiber optic,No,Yes,Yes,No,Yes,Yes
16623,3633-CDBUW,Yes,No,DSL,No,Yes,Yes,Yes,Yes,Yes
16624,3635-JBPSG,No,No phone service,DSL,No,Yes,No,No,No,Yes
16625,3635-QQRQD,Yes,No,No,No internet service,No internet service,No internet service,No internet service,No internet service,No internet service
16626,3638-DIMPH,Yes,No,DSL,No,No,No,No,No,No
16627,3638-VBZTA,Yes,Yes,DSL,Yes,Yes,No,Yes,Yes,Yes
16628,3638-WEABW,Yes,Yes,DSL,No,Yes,No,Yes,No,No
16629,3639-XJHKQ,Yes,No,DSL,Yes,Yes,Yes,No,No,No
16630,3640-JQGJG,Yes,No,DSL,No,No,No,No,No,No
16631,3640-PHQXK,Yes,Yes,Fiber optic,No,No,Yes,No,No,Yes
16632,3642-BYHDO,Yes,No,No,No internet service,No internet service,No internet service,No internet service,No internet service,No internet service
16633,3642-GKTCT,Yes,Yes,Fiber optic,Yes,Yes,Yes,Yes,Yes,Yes
16634,3643-AHCFP,Yes,Yes,Fiber optic,No,No,No,No,Yes,Yes
16635,3644-QXEHN,Yes,No,Fiber optic,No,No,Yes,No,Yes,Yes
16636,3645-DEYGF,Yes,No,No,No internet service,No internet service,No internet service,No internet service,No internet service,No internet service
16637,3646-ITDGM,Yes,No,No,No internet service,No internet service,No internet service,No internet service,No internet service,No internet service
16638,3647-GMGDH,Yes,No,Fiber optic,No,No,Yes,No,Yes,Yes
16639,3648-GZPHF,No,No phone service,DSL,No,No,Yes,Yes,No,No
16640,3649-JPUGY,Yes,Yes,DSL,No,Yes,Yes,Yes,Yes,Yes
16641,3653-NCRDJ,Yes,No,No,No internet service,No internet service,No internet service,No internet service,No internet service,No internet service
16642,3654-ARMGP,Yes,Yes,DSL,No,Yes,Yes,Yes,Yes,Yes
16643,3655-SNQYZ,Yes,Yes,Fiber optic,Yes,Yes,Yes,Yes,Yes,Yes
16644,3656-TKRVZ,Yes,No,DSL,Yes,Yes,No,No,No,No
16645,3657-COGMW,Yes,Yes,Fiber optic,Yes,Yes,Yes,No,Yes,Yes
16646,3658-KIBGF,Yes,No,DSL,Yes,Yes,No,No,No,No
16647,3658-QQJYD,Yes,No,DSL,Yes,Yes,No,No,Yes,Yes
16648,3662-FXJFO,Yes,No,No,No internet service,No internet service,No internet service,No internet service,No internet service,No internet service
16649,3663-MITLP,Yes,No,Fiber optic,No,Yes,Yes,No,Yes,Yes
16650,3665-JATSN,No,No phone service,DSL,No,Yes,No,No,No,Yes
16651,3668-QPYBK,Yes,No,DSL,Yes,Yes,No,No,No,No
16652,3669-LVWZB,No,No phone service,DSL,No,Yes,No,No,Yes,Yes
16653,3669-OYSJI,Yes,No,DSL,No,No,No,No,No,No
16654,3669-WHAFY,Yes,Yes,Fiber optic,Yes,Yes,Yes,Yes,Yes,Yes
16655,3671-SHRSP,Yes,No,Fiber optic,No,No,Yes,Yes,No,No
16656,3672-YITQD,Yes,Yes,Fiber optic,No,No,No,No,No,Yes
16657,3675-EQOZA,Yes,No,No,No internet service,No internet service,No internet service,No internet service,No internet service,No internet service
16658,3675-YDUPJ,Yes,No,No,No internet service,No internet service,No internet service,No internet service,No internet service,No internet service
16659,3677-IYRBF,No,No phone service,DSL,No,No,Yes,No,No,No
16660,3677-TNKIO,Yes,No,Fiber optic,No,No,No,No,No,No
16661,3678-MNGZX,Yes,No,No,No internet service,No internet service,No internet service,No internet service,No internet service,No internet service
16662,3679-XASPY,Yes,No,No,No internet service,No internet service,No internet service,No internet service,No internet service,No internet service
16663,3680-CTHUH,Yes,Yes,Fiber optic,Yes,Yes,Yes,Yes,Yes,Yes
16664,3682-YEUWS,Yes,Yes,No,No internet service,No internet service,No internet service,No internet service,No internet service,No internet service
16665,3683-QKIUE,Yes,No,DSL,No,No,No,Yes,No,No
16666,3685-YLCMQ,Yes,Yes,Fiber optic,No,No,Yes,Yes,Yes,Yes
16667,3688-FTHLT,Yes,Yes,DSL,No,No,No,No,No,Yes
16668,3689-MOZGR,No,No phone service,DSL,No,No,No,Yes,No,No
16669,3692-JHONH,Yes,Yes,Fiber optic,No,Yes,Yes,No,Yes,Yes
16670,3694-DELSO,No,No phone service,DSL,Yes,No,No,No,Yes,No
16671,3694-GLTJM,Yes,No,No,No internet service,No internet service,No internet service,No internet service,No internet service,No internet service
16672,3696-DFHHB,Yes,Yes,No,No internet service,No internet service,No internet service,No internet service,No internet service,No internet service
16673,3696-XRIEN,Yes,Yes,DSL,Yes,No,Yes,Yes,Yes,Yes
16674,3701-SFMUH,Yes,No,DSL,Yes,No,No,No,Yes,Yes
16675,3703-KBKZP,Yes,Yes,Fiber optic,No,No,No,No,No,No
16676,3703-TTEPD,Yes,No,DSL,Yes,No,Yes,No,Yes,No
16677,3703-VAVCL,Yes,No,Fiber optic,No,No,Yes,Yes,No,Yes
16678,3704-IEAXF,No,No phone service,DSL,No,Yes,No,Yes,Yes,Yes
16679,3705-PSNGL,Yes,No,No,No internet service,No internet service,No internet service,No internet service,No internet service,No internet service
16680,3705-RHRFR,Yes,Yes,Fiber optic,Yes,No,No,No,Yes,Yes
16681,3707-GNWHM,Yes,Yes,Fiber optic,No,No,No,No,No,No
16682,3707-LRWZD,Yes,Yes,Fiber optic,No,No,No,No,Yes,No
16683,3709-OIJEA,Yes,No,Fiber optic,No,Yes,Yes,Yes,No,No
16684,3712-PKXZA,Yes,No,No,No internet service,No internet service,No internet service,No internet service,No internet service,No internet service
16685,3714-JTVOV,Yes,No,Fiber optic,Yes,No,No,No,No,No
16686,3714-NTNFO,Yes,Yes,Fiber optic,No,No,No,No,No,Yes
16687,3714-XPXBW,Yes,Yes,DSL,Yes,Yes,Yes,Yes,Yes,No
16688,3716-BDVDB,Yes,No,Fiber optic,No,No,No,No,No,No
16689,3716-LRGXK,Yes,Yes,Fiber optic,No,No,Yes,No,Yes,Yes
16690,3716-UVSPD,Yes,No,DSL,No,No,No,Yes,No,No
16691,3717-FDJFU,Yes,No,No,No internet service,No internet service,No internet service,No internet service,No internet service,No internet service
16692,3717-LNXKW,Yes,Yes,Fiber optic,Yes,No,No,No,Yes,No
16693,3717-OEAUQ,Yes,No,Fiber optic,No,No,No,No,No,No
16694,3717-OFRTN,Yes,No,No,No internet service,No internet service,No internet service,No internet service,No internet service,No internet service
16695,3719-TDVQB,Yes,No,No,No internet service,No internet service,No internet service,No internet service,No internet service,No internet service
16696,3720-DBRWL,Yes,No,DSL,Yes,Yes,Yes,Yes,Yes,Yes
16697,3721-CNEYS,Yes,No,Fiber optic,No,No,No,No,No,No
16698,3721-CNZHX,Yes,No,No,No internet service,No internet service,No internet service,No internet service,No internet service,No internet service
16699,3721-WKIIL,Yes,No,No,No internet service,No internet service,No internet service,No internet service,No internet service,No internet service
16700,3722-WPXTK,Yes,No,Fiber optic,No,No,No,No,Yes,Yes
16701,3723-BFBGR,Yes,Yes,DSL,No,Yes,No,No,No,No
16702,3724-BSCVH,Yes,No,No,No internet service,No internet service,No internet service,No internet service,No internet service,No internet service
16703,3724-UCSHY,Yes,No,No,No internet service,No internet service,No internet service,No internet service,No internet service,No internet service
16704,3726-TBHQT,Yes,Yes,Fiber optic,Yes,Yes,Yes,Yes,Yes,Yes
16705,3727-JEZTU,Yes,No,No,No internet service,No internet service,No internet service,No internet service,No internet service,No internet service
16706,3727-OVPRY,Yes,Yes,No,No internet service,No internet service,No internet service,No internet service,No internet service,No internet service
16707,3727-OWVYD,Yes,No,DSL,Yes,Yes,Yes,No,No,No
16708,3727-RJMEO,Yes,Yes,Fiber optic,No,No,No,No,Yes,No
16709,3729-OWRVL,Yes,Yes,Fiber optic,Yes,No,Yes,Yes,Yes,Yes
16710,3733-LSYCE,Yes,No,Fiber optic,No,Yes,No,No,No,No
16711,3733-UOCWF,Yes,Yes,Fiber optic,No,Yes,No,Yes,No,No
16712,3733-ZEECP,Yes,No,DSL,No,No,No,Yes,No,No
16713,3736-BLEPA,Yes,No,Fiber optic,No,Yes,No,Yes,Yes,No
16714,3737-GCSPV,Yes,Yes,Fiber optic,Yes,No,No,Yes,Yes,No
16715,3737-XBQDD,Yes,Yes,Fiber optic,No,Yes,Yes,No,No,No
16716,3739-YBWAB,No,No phone service,DSL,Yes,No,Yes,No,No,No
16717,3740-RLMVT,Yes,No,DSL,Yes,Yes,No,Yes,No,No
16718,3744-ZBHON,Yes,No,No,No internet service,No internet service,No internet service,No internet service,No internet service,No internet service
16719,3744-ZRRDZ,Yes,Yes,Fiber optic,No,Yes,No,No,No,No
16720,3745-HRPHI,No,No phone service,DSL,No,No,Yes,Yes,Yes,Yes
16721,3746-EUBYR,Yes,Yes,Fiber optic,No,No,No,No,No,No
16722,3748-FVMZZ,No,No phone service,DSL,No,No,No,Yes,No,Yes
16723,3750-CKVKH,Yes,No,Fiber optic,No,No,No,No,No,No
16724,3750-RNQKR,Yes,No,No,No internet service,No internet service,No internet service,No internet service,No internet service,No internet service
16725,3750-YHRYO,Yes,No,No,No internet service,No internet service,No internet service,No internet service,No internet service,No internet service
16726,3751-KTZEL,No,No phone service,DSL,No,No,No,No,No,Yes
16727,3752-CQSJI,Yes,No,No,No internet service,No internet service,No internet service,No internet service,No internet service,No internet service
16728,3753-TSEMP,Yes,No,Fiber optic,No,No,No,No,Yes,Yes
16729,3754-DXMRT,Yes,No,DSL,No,No,No,No,No,No
16730,3755-JBMNH,Yes,No,Fiber optic,No,No,No,No,No,No
16731,3756-VNWDH,Yes,Yes,Fiber optic,Yes,No,No,No,Yes,Yes
16732,3757-NJYBX,Yes,Yes,Fiber optic,No,Yes,Yes,No,Yes,Yes
16733,3758-CKOQL,Yes,Yes,Fiber optic,Yes,Yes,Yes,Yes,No,Yes
16734,3761-FLYZI,Yes,Yes,Fiber optic,No,Yes,Yes,No,Yes,Yes
16735,3763-GCZHZ,Yes,Yes,Fiber optic,No,Yes,No,Yes,Yes,Yes
16736,3764-MNMOI,Yes,No,No,No internet service,No internet service,No internet service,No internet service,No internet service,No internet service
16737,3765-JXVKY,Yes,No,Fiber optic,No,Yes,No,No,No,No
16738,3766-EJLFL,Yes,Yes,Fiber optic,Yes,No,Yes,Yes,Yes,Yes
16739,3768-NLUBH,Yes,Yes,Fiber optic,No,No,Yes,No,Yes,Yes
16740,3768-VHXQO,Yes,Yes,No,No internet service,No internet service,No internet service,No internet service,No internet service,No internet service
16741,3769-MHZNV,Yes,No,No,No internet service,No internet service,No internet service,No internet service,No internet service,No internet service
16742,3771-PZOBW,Yes,Yes,Fiber optic,No,No,Yes,No,Yes,No
16743,3774-VBNXY,Yes,No,No,No internet service,No internet service,No internet service,No internet service,No internet service,No internet service
16744,3776-EKTKM,No,No phone service,DSL,No,No,No,No,Yes,No
16745,3777-XROBG,Yes,No,No,No internet service,No internet service,No internet service,No internet service,No internet service,No internet service
16746,3778-FOAQW,Yes,No,No,No internet service,No internet service,No internet service,No internet service,No internet service,No internet service
16747,3779-OSWCF,Yes,Yes,DSL,Yes,Yes,Yes,Yes,Yes,Yes
16748,3780-DDGSE,Yes,No,DSL,No,Yes,No,Yes,Yes,Yes
16749,3780-YVMFA,Yes,No,DSL,No,No,No,Yes,Yes,Yes
16750,3785-KTYSH,Yes,Yes,No,No internet service,No internet service,No internet service,No internet service,No internet service,No internet service
16751,3785-NRHYR,Yes,No,No,No internet service,No internet service,No internet service,No internet service,No internet service,No internet service
16752,3786-WOVKF,Yes,Yes,Fiber optic,Yes,Yes,No,No,Yes,Yes
16753,3787-TRIAL,No,No phone service,DSL,No,No,No,No,No,No
16754,3791-LGQCY,Yes,Yes,Fiber optic,No,No,Yes,No,Yes,Yes
16755,3793-MMFUH,Yes,Yes,Fiber optic,No,No,No,No,Yes,Yes
16756,3794-NFNCH,Yes,No,DSL,No,No,Yes,No,No,No
16757,3795-CAWEX,Yes,Yes,Fiber optic,Yes,Yes,Yes,Yes,Yes,Yes
16758,3795-GWTRD,Yes,No,DSL,Yes,Yes,Yes,Yes,Yes,No
16759,3796-ENZGF,Yes,Yes,DSL,No,Yes,No,Yes,No,Yes
16760,3797-FKOGQ,Yes,Yes,Fiber optic,No,No,No,No,No,Yes
16761,3797-VTIDR,No,No phone service,DSL,No,No,No,No,No,No
16762,3798-EPWRR,Yes,No,DSL,No,No,No,No,No,No
16763,3799-ISUZQ,Yes,No,Fiber optic,No,No,No,No,No,No
16764,3800-LYTRK,Yes,No,DSL,Yes,No,No,Yes,No,No
16765,3801-HMYNL,Yes,No,Fiber optic,No,No,No,No,Yes,Yes
16766,3803-KMQFW,Yes,No,No,No internet service,No internet service,No internet service,No internet service,No internet service,No internet service
16767,3804-RVTGV,Yes,Yes,Fiber optic,No,Yes,Yes,No,Yes,Yes
16768,3806-DXQOM,No,No phone service,DSL,Yes,Yes,No,No,No,No
16769,3806-YAZOV,Yes,No,No,No internet service,No internet service,No internet service,No internet service,No internet service,No internet service
16770,3807-BPOMJ,Yes,No,Fiber optic,Yes,No,No,No,Yes,Yes
16771,3807-XHCJH,Yes,No,No,No internet service,No internet service,No internet service,No internet service,No internet service,No internet service
16772,3808-HFKDE,Yes,No,DSL,No,No,No,No,No,No
16773,3810-DVDQQ,Yes,Yes,Fiber optic,Yes,Yes,Yes,Yes,Yes,Yes
16774,3810-PJUHR,Yes,Yes,No,No internet service,No internet service,No internet service,No internet service,No internet service,No internet service
16775,3811-VBYBZ,Yes,Yes,Fiber optic,No,Yes,No,No,Yes,Yes
16776,3812-LRZIR,Yes,Yes,No,No internet service,No internet service,No internet service,No internet service,No internet service,No internet service
16777,3813-DHBBB,No,No phone service,DSL,Yes,Yes,No,Yes,No,Yes
16778,3814-MLAXC,Yes,Yes,Fiber optic,No,No,No,Yes,No,No
16779,3815-SLMEF,No,No phone service,DSL,Yes,No,No,Yes,No,No
16780,3823-KYNQY,Yes,Yes,No,No internet service,No internet service,No internet service,No internet service,No internet service,No internet service
16781,3824-RHKVR,Yes,No,No,No internet service,No internet service,No internet service,No internet service,No internet service,No internet service
16782,3831-YCPUO,Yes,No,Fiber optic,Yes,Yes,Yes,Yes,Yes,Yes
16783,3834-XUIFC,Yes,Yes,Fiber optic,No,No,No,No,No,Yes
16784,3836-FZSDJ,Yes,Yes,No,No internet service,No internet service,No internet service,No internet service,No internet service,No internet service
16785,3838-OZURD,Yes,Yes,Fiber optic,No,Yes,Yes,No,Yes,Yes
16786,3841-CONLJ,No,No phone service,DSL,No,No,No,No,No,Yes
16787,3841-NFECX,Yes,Yes,Fiber optic,Yes,Yes,Yes,Yes,No,No
16788,3842-IYKUE,Yes,Yes,Fiber optic,No,Yes,No,Yes,No,No
16789,3842-QTGDL,Yes,No,Fiber optic,Yes,Yes,No,No,No,No
16790,3845-FXCYS,Yes,No,No,No internet service,No internet service,No internet service,No internet service,No internet service,No internet service
16791,3845-JHAMY,No,No phone service,DSL,No,No,No,No,No,Yes
16792,3847-BAERP,Yes,No,No,No internet service,No internet service,No internet service,No internet service,No internet service,No internet service
16793,3850-OKINF,Yes,Yes,DSL,Yes,No,No,No,Yes,No
16794,3853-LYGAM,Yes,Yes,Fiber optic,No,No,Yes,Yes,No,Yes
16795,3855-ONCAR,Yes,No,Fiber optic,No,No,No,No,Yes,No
16796,3858-VOBET,Yes,Yes,Fiber optic,No,No,No,No,No,No
16797,3858-XHYJO,Yes,Yes,Fiber optic,Yes,No,Yes,No,Yes,Yes
16798,3859-CVCET,Yes,No,DSL,No,No,No,No,No,No
16799,3863-IUBJR,Yes,No,DSL,No,No,No,No,No,Yes
16800,3863-QSTYI,Yes,No,DSL,No,No,Yes,Yes,Yes,No
16801,3865-QBWSJ,Yes,Yes,Fiber optic,Yes,No,No,No,No,No
16802,3865-YIOTT,Yes,Yes,Fiber optic,Yes,No,Yes,No,Yes,Yes
16803,3865-ZFZIB,Yes,No,No,No internet service,No internet service,No internet service,No internet service,No internet service,No internet service
16804,3865-ZYKAD,Yes,Yes,Fiber optic,Yes,Yes,No,No,No,No
16805,3866-MDTUB,Yes,No,DSL,Yes,No,No,No,Yes,Yes
16806,3870-MQAMG,Yes,Yes,Fiber optic,No,Yes,Yes,Yes,Yes,Yes
16807,3870-SPZSI,Yes,Yes,Fiber optic,Yes,Yes,Yes,Yes,Yes,Yes
16808,3871-IKPYH,Yes,No,Fiber optic,No,No,No,No,No,No
16809,3873-NFTGI,Yes,Yes,DSL,No,Yes,No,No,No,No
16810,3873-WOSBC,Yes,Yes,No,No internet service,No internet service,No internet service,No internet service,No internet service,No internet service
16811,3874-EQOEP,Yes,Yes,Fiber optic,No,No,No,No,Yes,Yes
16812,3877-JRJIP,Yes,Yes,DSL,No,No,No,No,Yes,No
16813,3878-AVSOQ,Yes,No,Fiber optic,No,No,No,No,No,No
16814,3882-IYOIJ,Yes,Yes,Fiber optic,Yes,Yes,Yes,Yes,Yes,Yes
16815,3884-HCSWG,Yes,No,Fiber optic,No,No,No,No,No,No
16816,3884-UEBXB,No,No phone service,DSL,Yes,Yes,No,No,No,No
16817,3886-CERTZ,Yes,Yes,Fiber optic,No,Yes,Yes,Yes,Yes,Yes
16818,3887-PBQAO,Yes,Yes,No,No internet service,No internet service,No internet service,No internet service,No internet service,No internet service
16819,3889-VWBID,Yes,No,DSL,Yes,Yes,No,Yes,Yes,Yes
16820,3890-RTCMS,Yes,No,DSL,No,No,No,Yes,No,No
16821,3891-NLXJB,No,No phone service,DSL,Yes,Yes,No,Yes,No,No
16822,3891-PUQOD,Yes,No,DSL,No,No,Yes,No,No,Yes
16823,3892-NXAZG,Yes,Yes,Fiber optic,Yes,Yes,Yes,Yes,Yes,Yes
16824,3893-JRNFS,No,No phone service,DSL,No,No,Yes,No,No,Yes
16825,3896-RCYYE,No,No phone service,DSL,No,No,Yes,Yes,Yes,Yes
16826,3896-ZVNET,Yes,Yes,No,No internet service,No internet service,No internet service,No internet service,No internet service,No internet service
16827,3898-BSJYF,Yes,Yes,DSL,Yes,No,Yes,Yes,No,Yes
16828,3898-GUYTS,Yes,Yes,Fiber optic,Yes,Yes,No,Yes,Yes,No
16829,3900-AQPHZ,Yes,No,No,No internet service,No internet service,No internet service,No internet service,No internet service,No internet service
16830,3902-FOIGH,Yes,Yes,Fiber optic,No,Yes,No,No,Yes,Yes
16831,3902-MIVLE,Yes,Yes,DSL,Yes,No,Yes,Yes,No,Yes
16832,3904-UKFRE,Yes,Yes,Fiber optic,Yes,No,No,No,No,No
16833,3908-BLSYF,Yes,No,Fiber optic,No,No,Yes,No,No,Yes
16834,3908-MKIMJ,No,No phone service,DSL,Yes,Yes,Yes,No,No,No
16835,3910-MRQOY,Yes,No,No,No internet service,No internet service,No internet service,No internet service,No internet service,No internet service
16836,3911-RSNHI,No,No phone service,DSL,No,Yes,Yes,Yes,Yes,Yes
16837,3913-FCUUW,Yes,Yes,DSL,Yes,Yes,Yes,Yes,No,No
16838,3913-RDSJZ,Yes,Yes,No,No internet service,No internet service,No internet service,No internet service,No internet service,No internet service
16839,3914-FDRHP,Yes,No,Fiber optic,No,No,No,Yes,Yes,No
16840,3915-ODIYG,Yes,Yes,DSL,Yes,Yes,No,No,No,Yes
16841,3916-NRPAP,Yes,No,Fiber optic,No,No,Yes,No,No,Yes
16842,3920-HIHMQ,Yes,Yes,DSL,No,No,No,No,No,No
16843,3923-CSIHK,Yes,No,Fiber optic,No,No,No,No,No,No
16844,3926-CUQZX,Yes,No,DSL,No,No,No,No,No,No
16845,3926-YZVVX,Yes,No,DSL,No,No,No,Yes,No,No
16846,3927-NLNRY,Yes,No,Fiber optic,No,Yes,No,No,Yes,Yes
16847,3930-ZGWVE,Yes,No,No,No internet service,No internet service,No internet service,No internet service,No internet service,No internet service
16848,3932-CMDTD,Yes,No,Fiber optic,No,Yes,Yes,Yes,Yes,Yes
16849,3932-IJWDZ,Yes,Yes,Fiber optic,No,No,Yes,Yes,Yes,Yes
16850,3933-DQPWX,No,No phone service,DSL,No,Yes,Yes,Yes,No,No
16851,3934-HXCFZ,Yes,Yes,Fiber optic,Yes,Yes,Yes,No,Yes,No
16852,3935-TBRZZ,Yes,Yes,No,No internet service,No internet service,No internet service,No internet service,No internet service,No internet service
16853,3936-QQFLL,Yes,No,No,No internet service,No internet service,No internet service,No internet service,No internet service,No internet service
16854,3938-YFPXD,Yes,Yes,DSL,Yes,No,Yes,Yes,Yes,Yes
16855,3941-XTSKM,No,No phone service,DSL,No,Yes,Yes,No,No,Yes
16856,3943-KDREE,Yes,Yes,Fiber optic,No,No,No,No,No,No
16857,3945-GFWQL,Yes,No,DSL,No,No,No,No,No,No
16858,3946-JEWRQ,Yes,Yes,Fiber optic,No,No,No,No,Yes,Yes
16859,3946-MHCZW,Yes,No,DSL,No,No,Yes,No,No,No
16860,3948-FVVRP,Yes,No,DSL,No,Yes,No,Yes,No,No
16861,3948-KXDUF,Yes,Yes,DSL,Yes,Yes,Yes,Yes,No,No
16862,3948-XHGNA,Yes,No,DSL,Yes,No,No,No,No,No
16863,3950-VPYJB,Yes,No,DSL,Yes,Yes,No,Yes,No,No
16864,3951-NJCVI,Yes,Yes,Fiber optic,No,No,No,No,Yes,Yes
16865,3955-JBZZM,Yes,No,Fiber optic,No,No,No,No,Yes,No
16866,3956-CJUST,Yes,No,Fiber optic,Yes,No,No,No,No,No
16867,3956-MGXOG,Yes,No,Fiber optic,No,No,No,No,No,Yes
16868,3957-HHLMR,Yes,Yes,DSL,Yes,No,No,No,No,Yes
16869,3957-LXOLK,Yes,Yes,Fiber optic,No,Yes,Yes,No,Yes,Yes
16870,3957-SQXML,Yes,Yes,No,No internet service,No internet service,No internet service,No internet service,No internet service,No internet service
16871,3961-SXAXY,Yes,No,DSL,No,No,No,No,No,No
16872,3963-RYFNS,Yes,Yes,Fiber optic,Yes,Yes,Yes,Yes,Yes,Yes
16873,3966-HRMZA,Yes,No,Fiber optic,No,No,Yes,No,No,No
16874,3967-KXAPS,Yes,Yes,DSL,Yes,Yes,Yes,Yes,Yes,Yes
16875,3967-VQOGC,Yes,Yes,No,No internet service,No internet service,No internet service,No internet service,No internet service,No internet service
16876,3969-GYXEL,Yes,No,Fiber optic,Yes,No,No,No,No,No
16877,3969-JQABI,Yes,No,DSL,Yes,Yes,No,No,Yes,No
16878,3970-XGJDU,Yes,No,No,No internet service,No internet service,No internet service,No internet service,No internet service,No internet service
16879,3973-SKMLN,Yes,No,No,No internet service,No internet service,No internet service,No internet service,No internet service,No internet service
16880,3976-BWUCK,Yes,Yes,Fiber optic,No,Yes,No,Yes,Yes,No
16881,3976-HXHCE,Yes,No,No,No internet service,No internet service,No internet service,No internet service,No internet service,No internet service
16882,3976-NLDEZ,Yes,No,No,No internet service,No internet service,No internet service,No internet service,No internet service,No internet service
16883,3977-QCRSL,Yes,No,No,No internet service,No internet service,No internet service,No internet service,No internet service,No internet service
16884,3978-YNKDD,Yes,No,No,No internet service,No internet service,No internet service,No internet service,No internet service,No internet service
16885,3981-QSVQI,Yes,No,No,No internet service,No internet service,No internet service,No internet service,No internet service,No internet service
16886,3982-DQLUS,Yes,Yes,Fiber optic,Yes,Yes,No,No,No,No
16887,3982-JGSFD,Yes,No,No,No internet service,No internet service,No internet service,No internet service,No internet service,No internet service
16888,3982-XWFZQ,Yes,Yes,DSL,No,No,No,No,No,No
16889,3985-HOYPM,Yes,No,No,No internet service,No internet service,No internet service,No internet service,No internet service,No internet service
16890,3987-KQDDU,Yes,No,Fiber optic,Yes,No,No,No,No,No
16891,3988-RQIXO,Yes,No,Fiber optic,No,No,No,No,Yes,Yes
16892,3990-QYKBE,Yes,Yes,Fiber optic,No,No,No,No,Yes,Yes
16893,3992-YWPKO,Yes,Yes,Fiber optic,No,Yes,Yes,Yes,Yes,Yes
16894,3995-WFCSM,Yes,No,DSL,No,No,Yes,No,No,Yes
16895,3996-ZNWYK,Yes,No,No,No internet service,No internet service,No internet service,No internet service,No internet service,No internet service
16896,3999-QGRJH,Yes,No,Fiber optic,No,No,No,No,No,No
16897,3999-WRNGR,No,No phone service,DSL,No,Yes,No,No,Yes,Yes
16898,4000-VGMQP,Yes,Yes,DSL,No,Yes,Yes,No,Yes,Yes
16899,4001-TSBTV,Yes,No,Fiber optic,No,Yes,Yes,No,Yes,No
16900,4002-BQWPQ,Yes,Yes,DSL,Yes,Yes,Yes,Yes,No,Yes
16901,4003-FUSHP,Yes,No,DSL,No,No,No,Yes,Yes,No
16902,4003-OCTMP,Yes,No,DSL,Yes,No,No,Yes,No,Yes
16903,4006-HKYHO,Yes,No,DSL,Yes,Yes,Yes,Yes,Yes,Yes
16904,4007-NHVHI,Yes,Yes,Fiber optic,Yes,Yes,No,No,No,Yes
16905,4009-ALQFH,Yes,No,Fiber optic,No,Yes,Yes,No,Yes,Yes
16906,4010-YLMVT,Yes,Yes,Fiber optic,Yes,Yes,No,No,Yes,Yes
16907,4011-ARPHK,Yes,No,DSL,Yes,No,No,No,No,No
16908,4012-YCFAI,Yes,No,DSL,Yes,Yes,No,Yes,No,No
16909,4012-ZTHBR,Yes,No,DSL,No,No,No,No,No,No
16910,4013-GUXND,Yes,No,No,No internet service,No internet service,No internet service,No internet service,No internet service,No internet service
16911,4013-TLDHQ,Yes,No,Fiber optic,No,Yes,Yes,No,No,No
16912,4013-UBXWQ,Yes,Yes,DSL,No,No,No,Yes,Yes,Yes
16913,4016-BJKTZ,Yes,Yes,Fiber optic,No,Yes,Yes,Yes,Yes,Yes
16914,4018-KJYUY,Yes,No,No,No internet service,No internet service,No internet service,No internet service,No internet service,No internet service
16915,4018-PPNDW,Yes,Yes,No,No internet service,No internet service,No internet service,No internet service,No internet service,No internet service
16916,4020-KIUDI,Yes,No,No,No internet service,No internet service,No internet service,No internet service,No internet service,No internet service
16917,4021-RQSNY,Yes,Yes,Fiber optic,No,No,Yes,No,Yes,Yes
16918,4023-RTIQM,No,No phone service,DSL,Yes,Yes,Yes,No,No,Yes
16919,4024-CSNBY,Yes,Yes,Fiber optic,Yes,Yes,Yes,Yes,No,No
16920,4026-SKKHW,Yes,No,DSL,No,No,No,Yes,No,No
16921,4029-HPFVY,Yes,No,Fiber optic,No,No,No,No,No,No
16922,4030-VPZBD,No,No phone service,DSL,No,No,No,Yes,No,No
16923,4032-RMHCI,No,No phone service,DSL,Yes,No,Yes,No,No,No
16924,4039-HEUNW,Yes,Yes,Fiber optic,No,Yes,No,No,Yes,Yes
16925,4039-PIMHX,Yes,No,DSL,No,Yes,No,No,No,No
16926,4043-MKDTV,Yes,No,Fiber optic,No,Yes,Yes,Yes,Yes,Yes
16927,4049-ZPALD,Yes,No,Fiber optic,Yes,No,Yes,No,Yes,Yes
16928,4054-CUMIA,Yes,No,No,No internet service,No internet service,No internet service,No internet service,No internet service,No internet service
16929,4056-QHXHZ,Yes,Yes,Fiber optic,Yes,No,Yes,Yes,Yes,Yes
16930,4057-FKCZK,Yes,Yes,Fiber optic,No,No,No,No,Yes,No
16931,4059-IIEBK,Yes,Yes,Fiber optic,No,Yes,No,No,No,No
16932,4060-LDNLU,Yes,Yes,Fiber optic,No,No,No,No,Yes,Yes
16933,4061-UKJWL,Yes,No,DSL,No,No,No,No,No,No
16934,4062-HBMOS,Yes,Yes,Fiber optic,No,Yes,Yes,No,Yes,Yes
16935,4063-EIKNQ,Yes,No,No,No internet service,No internet service,No internet service,No internet service,No internet service,No internet service
16936,4065-JJAVA,Yes,No,DSL,No,Yes,No,No,No,No
16937,4067-HLYQI,Yes,No,Fiber optic,No,No,No,No,No,No
16938,4070-OKWVH,Yes,Yes,Fiber optic,No,Yes,Yes,No,Yes,No
16939,4072-IPYLT,Yes,No,DSL,Yes,No,No,No,No,No
16940,4074-SJFFA,Yes,No,DSL,No,No,No,No,No,Yes
16941,4075-JFPGR,Yes,No,Fiber optic,Yes,Yes,Yes,No,Yes,No
16942,4075-WKNIU,Yes,Yes,DSL,No,Yes,Yes,Yes,Yes,No
16943,4077-CROMM,Yes,Yes,Fiber optic,No,No,Yes,Yes,Yes,Yes
16944,4077-HWUYD,Yes,Yes,DSL,Yes,Yes,Yes,Yes,Yes,Yes
16945,4078-SAYYN,Yes,Yes,Fiber optic,No,No,Yes,No,Yes,Yes
16946,4079-ULGFR,Yes,No,No,No internet service,No internet service,No internet service,No internet service,No internet service,No internet service
16947,4079-VTGLK,Yes,Yes,DSL,No,No,Yes,No,Yes,Yes
16948,4079-WWQQQ,No,No phone service,DSL,Yes,Yes,Yes,Yes,Yes,Yes
16949,4080-IIARD,Yes,Yes,DSL,Yes,Yes,No,Yes,Yes,No
16950,4080-OGPJL,Yes,Yes,DSL,Yes,No,No,Yes,No,Yes
16951,4081-DYXAV,No,No phone service,DSL,No,No,No,No,Yes,Yes
16952,4083-BFNYK,Yes,Yes,Fiber optic,Yes,Yes,No,No,No,Yes
16953,4083-EUGRJ,Yes,No,No,No internet service,No internet service,No internet service,No internet service,No internet service,No internet service
16954,4086-ATNFV,Yes,No,DSL,Yes,Yes,Yes,No,No,No
16955,4086-WITJG,Yes,No,No,No internet service,No internet service,No internet service,No internet service,No internet service,No internet service
16956,4086-YQSNZ,Yes,No,Fiber optic,No,No,No,No,Yes,No
16957,4088-YLDSU,Yes,Yes,Fiber optic,No,No,Yes,Yes,Yes,Yes
16958,4090-KPJIP,Yes,Yes,Fiber optic,No,No,No,No,No,No
16959,4091-TVOCN,Yes,Yes,DSL,Yes,No,Yes,No,Yes,Yes
16960,4092-OFQZS,Yes,No,No,No internet service,No internet service,No internet service,No internet service,No internet service,No internet service
16961,4094-NSEDU,Yes,Yes,Fiber optic,No,No,No,No,Yes,Yes
16962,4097-YODCF,Yes,Yes,Fiber optic,Yes,Yes,No,No,Yes,Yes
16963,4098-NAUKP,Yes,Yes,Fiber optic,No,Yes,Yes,No,No,No
16964,4102-HLENU,Yes,Yes,DSL,Yes,Yes,Yes,No,No,No
16965,4102-OQUPX,Yes,Yes,Fiber optic,No,No,No,No,No,No
16966,4104-PVRPS,Yes,No,DSL,Yes,No,No,Yes,No,No
16967,4106-HADHQ,Yes,No,DSL,Yes,No,Yes,Yes,Yes,Yes
16968,4109-CYRBD,Yes,Yes,DSL,No,No,No,No,No,No
16969,4110-PFEUZ,Yes,No,Fiber optic,No,No,No,No,No,No
16970,4111-BNXIF,No,No phone service,DSL,No,Yes,Yes,Yes,Yes,Yes
16971,4112-LUEIZ,Yes,No,Fiber optic,No,No,No,No,Yes,Yes
16972,4114-QMKVN,Yes,Yes,DSL,Yes,Yes,No,No,No,Yes
16973,4115-BNPJY,Yes,No,DSL,No,No,Yes,Yes,Yes,Yes
16974,4115-NZRKS,Yes,No,Fiber optic,No,No,No,No,Yes,Yes
16975,4115-UMJFQ,No,No phone service,DSL,No,Yes,Yes,No,No,No
16976,4116-IQRFR,Yes,Yes,No,No internet service,No internet service,No internet service,No internet service,No internet service,No internet service
16977,4116-TZAQJ,Yes,No,Fiber optic,Yes,No,No,No,No,No
16978,4118-CEVPF,Yes,Yes,Fiber optic,Yes,Yes,Yes,Yes,Yes,Yes
16979,4119-ZYPZY,Yes,Yes,Fiber optic,No,Yes,No,Yes,Yes,Yes
16980,4121-AGSIN,Yes,Yes,No,No internet service,No internet service,No internet service,No internet service,No internet service,No internet service
16981,4123-DVHPH,Yes,Yes,Fiber optic,Yes,No,No,No,No,Yes
16982,4123-FCVCB,Yes,Yes,DSL,No,No,No,Yes,Yes,Yes
16983,4124-MMETB,Yes,Yes,Fiber optic,No,No,No,No,Yes,Yes
16984,4128-ETESU,Yes,Yes,Fiber optic,No,No,Yes,No,Yes,Yes
16985,4129-LYCOI,Yes,Yes,Fiber optic,No,Yes,No,Yes,Yes,Yes
16986,4130-MZLCC,Yes,No,DSL,No,Yes,No,No,No,No
16987,4132-KALRO,Yes,Yes,Fiber optic,No,No,No,Yes,Yes,Yes
16988,4132-POCZS,No,No phone service,DSL,Yes,No,No,No,No,Yes
16989,4134-BSXLX,Yes,No,DSL,Yes,Yes,No,Yes,No,No
16990,4135-FRWKJ,Yes,Yes,DSL,Yes,No,Yes,Yes,Yes,No
16991,4137-BTIKL,Yes,Yes,Fiber optic,Yes,No,No,No,No,Yes
16992,4137-JOPHL,Yes,No,Fiber optic,No,No,Yes,Yes,No,Yes
16993,4138-NAXED,Yes,Yes,Fiber optic,No,Yes,No,No,No,No
16994,4139-DETXS,No,No phone service,DSL,Yes,Yes,Yes,Yes,Yes,Yes
16995,4139-JPIAM,No,No phone service,DSL,Yes,No,No,Yes,No,Yes
16996,4139-SUGLD,No,No phone service,DSL,Yes,No,No,Yes,No,No
16997,4140-MUHUG,Yes,No,Fiber optic,No,No,Yes,No,Yes,No
16998,4140-WJAWW,Yes,No,No,No internet service,No internet service,No internet service,No internet service,No internet service,No internet service
16999,4143-HHPMK,Yes,No,Fiber optic,No,Yes,No,No,No,Yes
17000,4143-OOBWZ,Yes,Yes,Fiber optic,No,Yes,No,No,No,No
17001,4145-UQXUQ,Yes,No,Fiber optic,No,No,Yes,No,Yes,Yes
17002,4146-SVFUD,Yes,No,DSL,No,No,No,No,No,No
17003,4154-AQUGT,Yes,No,Fiber optic,No,Yes,No,Yes,No,Yes
17004,4159-NAAIX,Yes,Yes,Fiber optic,No,Yes,No,No,Yes,Yes
17005,4160-AMJTL,Yes,No,No,No internet service,No internet service,No internet service,No internet service,No internet service,No internet service
17006,4163-HFTUK,Yes,No,No,No internet service,No internet service,No internet service,No internet service,No internet service,No internet service
17007,4163-KIUHY,Yes,Yes,No,No internet service,No internet service,No internet service,No internet service,No internet service,No internet service
17008,4163-NCJAK,Yes,Yes,No,No internet service,No internet service,No internet service,No internet service,No internet service,No internet service
17009,4174-LPGTI,Yes,No,DSL,No,Yes,No,Yes,No,Yes
17010,4176-FXYBO,Yes,Yes,Fiber optic,Yes,Yes,Yes,No,Yes,Yes
17011,4176-RELJR,Yes,Yes,No,No internet service,No internet service,No internet service,No internet service,No internet service,No internet service
17012,4177-JPDFU,No,No phone service,DSL,No,Yes,No,Yes,No,No
17013,4178-EGMON,Yes,Yes,Fiber optic,Yes,Yes,No,Yes,No,No
17014,4182-BGSIQ,Yes,No,No,No internet service,No internet service,No internet service,No internet service,No internet service,No internet service
17015,4183-MYFRB,Yes,No,Fiber optic,No,Yes,Yes,No,No,Yes
17016,4183-WCSEP,Yes,No,Fiber optic,No,Yes,No,Yes,No,No
17017,4184-TJFAN,Yes,No,Fiber optic,Yes,No,No,Yes,Yes,No
17018,4184-VODJZ,Yes,Yes,Fiber optic,No,Yes,No,No,No,Yes
17019,4186-ZBUEW,Yes,Yes,DSL,No,Yes,No,Yes,No,Yes
17020,4187-CINZD,Yes,No,Fiber optic,No,Yes,No,No,Yes,Yes
17021,4188-FRABG,Yes,Yes,Fiber optic,Yes,Yes,Yes,Yes,Yes,No
17022,4188-PCPIG,Yes,No,DSL,Yes,Yes,No,Yes,Yes,No
17023,4189-NAKJS,Yes,Yes,DSL,No,No,No,No,No,No
17024,4190-MFLUW,Yes,No,DSL,No,No,Yes,Yes,No,No
17025,4191-XOVOM,Yes,Yes,Fiber optic,No,Yes,No,Yes,Yes,Yes
17026,4192-GORJT,Yes,No,Fiber optic,No,No,Yes,No,Yes,Yes
17027,4193-IBKSW,Yes,Yes,No,No internet service,No internet service,No internet service,No internet service,No internet service,No internet service
17028,4193-ORFCL,Yes,No,DSL,No,No,No,No,No,No
17029,4194-FJARJ,Yes,Yes,DSL,Yes,No,No,Yes,No,No
17030,4194-WHFCB,Yes,Yes,Fiber optic,No,Yes,No,Yes,No,Yes
17031,4195-NZGTA,No,No phone service,DSL,No,No,No,No,No,No
17032,4195-PNGZS,Yes,Yes,No,No internet service,No internet service,No internet service,No internet service,No internet service,No internet service
17033,4195-SMMNX,Yes,No,No,No internet service,No internet service,No internet service,No internet service,No internet service,No internet service
17034,4198-VFOEA,No,No phone service,DSL,Yes,No,No,Yes,No,No
17035,4199-QHJNM,Yes,Yes,Fiber optic,No,Yes,No,Yes,Yes,Yes
17036,4201-JMNGR,Yes,No,DSL,Yes,No,Yes,No,No,No
17037,4203-QGNZA,Yes,No,No,No internet service,No internet service,No internet service,No internet service,No internet service,No internet service
17038,4208-UFFGW,Yes,No,DSL,No,No,No,No,No,No
17039,4210-QFJMF,Yes,No,Fiber optic,No,No,No,No,No,Yes
17040,4211-MMAZN,Yes,No,No,No internet service,No internet service,No internet service,No internet service,No internet service,No internet service
17041,4213-HKBJO,Yes,Yes,No,No internet service,No internet service,No internet service,No internet service,No internet service,No internet service
17042,4220-TINQT,Yes,Yes,Fiber optic,No,No,Yes,Yes,Yes,Yes
17043,4223-BKEOR,Yes,No,DSL,Yes,No,Yes,No,No,Yes
17044,4223-WOZCM,Yes,No,DSL,No,No,Yes,No,No,No
17045,4226-KKDON,Yes,No,DSL,No,Yes,No,Yes,Yes,No
17046,4227-OJHAL,Yes,Yes,DSL,Yes,Yes,Yes,No,Yes,No
17047,4228-ZGYUW,Yes,Yes,Fiber optic,No,Yes,No,No,No,Yes
17048,4229-CZMLL,Yes,Yes,Fiber optic,No,No,No,No,No,No
17049,4231-LZUYM,Yes,Yes,No,No internet service,No internet service,No internet service,No internet service,No internet service,No internet service
17050,4232-JGKIY,Yes,No,No,No internet service,No internet service,No internet service,No internet service,No internet service,No internet service
17051,4234-XTNEA,Yes,No,Fiber optic,No,No,No,No,Yes,No
17052,4236-UJPWO,No,No phone service,DSL,No,No,No,No,No,No
17053,4236-XPXAV,Yes,No,Fiber optic,No,Yes,No,Yes,Yes,Yes
17054,4237-CLSMM,Yes,No,No,No internet service,No internet service,No internet service,No internet service,No internet service,No internet service
17055,4237-RLAQD,Yes,No,DSL,No,No,No,No,No,No
17056,4238-HFHSN,Yes,Yes,Fiber optic,No,Yes,No,No,No,No
17057,4238-JSSWH,Yes,Yes,Fiber optic,No,No,Yes,No,Yes,Yes
17058,4248-HCETZ,Yes,No,Fiber optic,No,Yes,Yes,No,No,No
17059,4248-QPAVC,Yes,Yes,Fiber optic,Yes,No,Yes,No,No,No
17060,4250-FDVOU,Yes,No,DSL,Yes,Yes,No,No,No,No
17061,4250-WAROZ,Yes,Yes,Fiber optic,Yes,Yes,No,No,No,Yes
17062,4250-ZBWLV,Yes,Yes,Fiber optic,No,Yes,Yes,Yes,Yes,Yes
17063,4254-QPEDE,No,No phone service,DSL,Yes,Yes,Yes,Yes,Yes,Yes
17064,4255-DDUOU,Yes,No,No,No internet service,No internet service,No internet service,No internet service,No internet service,No internet service
17065,4256-ZWTZI,Yes,No,DSL,No,No,No,Yes,No,No
17066,4257-GAESD,No,No phone service,DSL,No,No,No,No,Yes,Yes
17067,4273-MBHYA,Yes,No,Fiber optic,No,No,No,No,Yes,Yes
17068,4274-DRSQT,Yes,Yes,Fiber optic,No,Yes,No,No,Yes,No
17069,4274-OWWYO,Yes,No,Fiber optic,No,Yes,No,No,No,No
17070,4277-BWBML,Yes,No,No,No internet service,No internet service,No internet service,No internet service,No internet service,No internet service
17071,4277-PVRAN,Yes,No,Fiber optic,No,No,No,No,Yes,No
17072,4277-UDIEF,Yes,Yes,DSL,Yes,No,No,Yes,Yes,Yes
17073,4280-DLSHD,Yes,No,DSL,No,Yes,Yes,No,No,No
17074,4282-ACRXS,No,No phone service,DSL,No,No,No,No,No,No
17075,4282-MSACW,Yes,Yes,Fiber optic,Yes,Yes,Yes,Yes,Yes,Yes
17076,4282-YMKNA,Yes,Yes,Fiber optic,No,No,No,No,No,No
17077,4283-FUTGF,Yes,Yes,Fiber optic,No,No,Yes,No,No,No
17078,4283-IVYCI,Yes,No,DSL,Yes,No,No,Yes,No,Yes
17079,4285-GYRQC,Yes,No,Fiber optic,No,No,Yes,No,Yes,No
17080,4289-DTDKW,Yes,Yes,Fiber optic,No,Yes,No,No,Yes,Yes
17081,4290-BSXUX,Yes,Yes,Fiber optic,No,No,No,Yes,No,No
17082,4291-HPAXL,Yes,No,No,No internet service,No internet service,No internet service,No internet service,No internet service,No internet service
17083,4291-HYEBC,No,No phone service,DSL,No,Yes,No,No,No,Yes
17084,4291-SHSBH,Yes,No,Fiber optic,No,No,No,No,No,No
17085,4291-TPNFG,Yes,Yes,DSL,Yes,Yes,Yes,Yes,No,Yes
17086,4291-YZODP,Yes,No,No,No internet service,No internet service,No internet service,No internet service,No internet service,No internet service
17087,4293-ETKAP,Yes,Yes,DSL,No,Yes,No,Yes,Yes,Yes
17088,4295-YURET,Yes,No,DSL,Yes,No,No,Yes,Yes,Yes
17089,4298-OYIFC,Yes,Yes,Fiber optic,No,No,Yes,Yes,Yes,Yes
17090,4299-OPXEJ,Yes,No,No,No internet service,No internet service,No internet service,No internet service,No internet service,No internet service
17091,4299-SIMNS,Yes,Yes,Fiber optic,Yes,No,No,No,No,No
17092,4301-VVZKA,Yes,Yes,Fiber optic,No,No,No,No,No,No
17093,4302-ZYFEL,Yes,No,No,No internet service,No internet service,No internet service,No internet service,No internet service,No internet service
17094,4304-TSPVK,Yes,Yes,Fiber optic,Yes,Yes,Yes,Yes,Yes,Yes
17095,4304-XUMGI,Yes,Yes,DSL,Yes,Yes,Yes,No,No,Yes
17096,4307-KTUMW,Yes,Yes,Fiber optic,Yes,No,Yes,No,No,Yes
17097,4307-KWMXE,No,No phone service,DSL,No,Yes,No,Yes,No,No
17098,4310-KEDTB,No,No phone service,DSL,No,No,Yes,No,No,No
17099,4311-QTTAI,Yes,No,No,No internet service,No internet service,No internet service,No internet service,No internet service,No internet service
17100,4312-GVYNH,No,No phone service,DSL,Yes,No,Yes,Yes,No,Yes
17101,4312-KFRXN,Yes,Yes,No,No internet service,No internet service,No internet service,No internet service,No internet service,No internet service
17102,4315-MURBD,Yes,No,Fiber optic,Yes,No,No,Yes,Yes,Yes
17103,4316-XCSLJ,Yes,No,DSL,Yes,No,No,No,No,No
17104,4317-VTEOA,Yes,No,DSL,No,Yes,No,No,No,No
17105,4318-RAJVY,Yes,No,No,No internet service,No internet service,No internet service,No internet service,No internet service,No internet service
17106,4320-QMLLA,Yes,No,DSL,No,No,No,No,Yes,No
17107,4322-RCYMT,Yes,Yes,DSL,No,Yes,Yes,Yes,No,Yes
17108,4323-ELYYB,Yes,No,No,No internet service,No internet service,No internet service,No internet service,No internet service,No internet service
17109,4323-OHFOW,Yes,Yes,Fiber optic,No,Yes,No,Yes,Yes,Yes
17110,4323-SADQS,No,No phone service,DSL,Yes,No,No,Yes,No,No
17111,4324-AHJKS,Yes,No,DSL,Yes,No,Yes,No,No,No
17112,4324-BZCKL,Yes,No,DSL,No,Yes,Yes,No,No,No
17113,4325-NFSKC,Yes,Yes,Fiber optic,Yes,No,No,No,Yes,No
17114,4328-VUFWD,Yes,No,DSL,No,No,No,Yes,No,Yes
17115,4329-YPDDQ,Yes,No,Fiber optic,Yes,Yes,Yes,Yes,Yes,Yes
17116,4332-MUOEZ,Yes,No,Fiber optic,Yes,No,Yes,Yes,No,Yes
17117,4334-HOWRP,No,No phone service,DSL,Yes,Yes,Yes,Yes,Yes,Yes
17118,4335-BSMJS,Yes,Yes,No,No internet service,No internet service,No internet service,No internet service,No internet service,No internet service
17119,4335-UPJSI,Yes,No,No,No internet service,No internet service,No internet service,No internet service,No internet service,No internet service
17120,4338-EYCER,Yes,No,DSL,No,No,No,No,Yes,No
17121,4342-HENTK,Yes,No,Fiber optic,No,No,No,No,No,No
17122,4342-HFXWS,Yes,No,DSL,Yes,No,Yes,Yes,Yes,No
17123,4343-EJVQB,Yes,No,Fiber optic,Yes,No,No,No,No,No
17124,4349-GFQHK,Yes,Yes,DSL,No,No,Yes,No,No,No
17125,4350-ZTLPI,Yes,Yes,Fiber optic,No,Yes,Yes,Yes,Yes,Yes
17126,4351-QLCSU,Yes,No,DSL,No,No,No,No,Yes,No
17127,4353-HYOJD,Yes,No,DSL,No,Yes,No,No,No,No
17128,4355-CVPVS,Yes,No,Fiber optic,No,No,No,No,Yes,Yes
17129,4355-HBJHH,Yes,Yes,DSL,Yes,No,Yes,No,Yes,Yes
17130,4359-INNWN,Yes,No,No,No internet service,No internet service,No internet service,No internet service,No internet service,No internet service
17131,4360-PNRQB,Yes,Yes,Fiber optic,No,No,No,No,No,No
17132,4360-QRAVE,No,No phone service,DSL,No,Yes,Yes,No,No,No
17133,4361-BKAXE,Yes,Yes,Fiber optic,Yes,Yes,Yes,Yes,Yes,Yes
17134,4361-FEBGN,Yes,No,No,No internet service,No internet service,No internet service,No internet service,No internet service,No internet service
17135,4361-JEIVL,Yes,No,DSL,No,No,No,No,No,No
17136,4365-MSDYN,Yes,No,No,No internet service,No internet service,No internet service,No internet service,No internet service,No internet service
17137,4366-CTOUZ,Yes,No,Fiber optic,No,Yes,No,Yes,Yes,Yes
17138,4367-NHWMM,No,No phone service,DSL,No,No,No,No,No,No
17139,4367-NUYAO,Yes,Yes,No,No internet service,No internet service,No internet service,No internet service,No internet service,No internet service
17140,4369-HTUIF,Yes,No,Fiber optic,Yes,No,No,No,Yes,No
17141,4369-NYSCF,Yes,No,DSL,No,Yes,No,Yes,Yes,Yes
17142,4373-MAVJG,Yes,Yes,Fiber optic,No,Yes,No,No,No,Yes
17143,4373-VVHQL,Yes,No,DSL,No,No,No,No,No,No
17144,4374-YMUSQ,Yes,Yes,Fiber optic,Yes,Yes,Yes,Yes,Yes,Yes
17145,4376-KFVRS,Yes,Yes,Fiber optic,Yes,Yes,Yes,Yes,Yes,Yes
17146,4377-VDHYI,Yes,No,Fiber optic,Yes,Yes,No,No,No,Yes
17147,4378-BZYFP,Yes,No,No,No internet service,No internet service,No internet service,No internet service,No internet service,No internet service
17148,4378-MYPGO,Yes,No,Fiber optic,Yes,Yes,Yes,No,Yes,Yes
17149,4381-MHQDC,Yes,Yes,DSL,Yes,No,Yes,Yes,No,No
17150,4385-GZQXV,Yes,No,Fiber optic,No,No,No,Yes,Yes,Yes
17151,4385-ZKVNW,Yes,No,DSL,No,Yes,No,Yes,No,No
17152,4389-UEFCZ,Yes,Yes,Fiber optic,Yes,No,Yes,No,Yes,Yes
17153,4390-KYULV,Yes,No,No,No internet service,No internet service,No internet service,No internet service,No internet service,No internet service
17154,4391-LNRXK,Yes,No,Fiber optic,No,Yes,Yes,Yes,No,Yes
17155,4391-RESHN,Yes,Yes,Fiber optic,No,No,Yes,Yes,Yes,Yes
17156,4393-GEADV,Yes,Yes,Fiber optic,Yes,Yes,Yes,Yes,Yes,Yes
17157,4393-OBCRR,Yes,No,No,No internet service,No internet service,No internet service,No internet service,No internet service,No internet service
17158,4393-RYCRE,Yes,No,Fiber optic,Yes,Yes,Yes,No,Yes,Yes
17159,4395-PZMSN,Yes,No,Fiber optic,No,Yes,No,No,No,Yes
17160,4396-KLSEH,Yes,No,No,No internet service,No internet service,No internet service,No internet service,No internet service,No internet service
17161,4397-FRLTA,Yes,No,No,No internet service,No internet service,No internet service,No internet service,No internet service,No internet service
17162,4398-HSCJH,Yes,Yes,DSL,No,No,No,Yes,Yes,No
17163,4402-FTBXC,Yes,No,Fiber optic,Yes,No,Yes,No,Yes,No
17164,4403-BWPAY,Yes,Yes,No,No internet service,No internet service,No internet service,No internet service,No internet service,No internet service
17165,4404-HIBDJ,Yes,No,DSL,Yes,Yes,Yes,Yes,Yes,No
17166,4412-YLTKF,Yes,Yes,Fiber optic,No,No,Yes,No,No,No
17167,4415-IJZTP,Yes,Yes,Fiber optic,No,No,No,No,No,No
17168,4415-WNGVR,Yes,No,DSL,Yes,No,Yes,Yes,Yes,Yes
17169,4418-LZMSV,Yes,No,DSL,No,Yes,Yes,Yes,No,No
17170,4419-UJMUS,Yes,Yes,Fiber optic,No,No,No,Yes,Yes,Yes
17171,4422-QVIJA,Yes,Yes,DSL,No,No,No,No,No,No
17172,4423-JWZJN,Yes,Yes,Fiber optic,No,No,Yes,No,No,Yes
17173,4423-YLHDV,Yes,Yes,Fiber optic,Yes,No,Yes,No,Yes,Yes
17174,4424-TKOPW,Yes,Yes,Fiber optic,No,No,No,No,Yes,Yes
17175,4425-OWHWB,Yes,No,No,No internet service,No internet service,No internet service,No internet service,No internet service,No internet service
17176,4429-WYGFR,Yes,No,DSL,No,No,No,Yes,No,No
17177,4430-UZIPO,No,No phone service,DSL,No,Yes,No,Yes,No,No
17178,4430-YHXGG,Yes,Yes,No,No internet service,No internet service,No internet service,No internet service,No internet service,No internet service
17179,4431-EDMIQ,Yes,No,DSL,Yes,Yes,Yes,Yes,Yes,No
17180,4432-ADRLB,Yes,No,DSL,No,No,No,No,No,No
17181,4433-JCGCG,Yes,Yes,Fiber optic,No,No,Yes,No,Yes,Yes
17182,4439-JMPMT,Yes,No,Fiber optic,No,No,No,Yes,Yes,No
17183,4439-YRNVD,No,No phone service,DSL,No,Yes,No,Yes,No,No
17184,4441-NIHPT,Yes,No,Fiber optic,No,No,Yes,No,No,No
17185,4443-EMBNA,Yes,Yes,No,No internet service,No internet service,No internet service,No internet service,No internet service,No internet service
17186,4445-KWOKW,Yes,Yes,DSL,Yes,Yes,No,No,No,No
17187,4445-ZJNMU,Yes,Yes,Fiber optic,No,Yes,No,No,Yes,Yes
17188,4446-BZKHU,Yes,Yes,Fiber optic,No,Yes,Yes,No,Yes,Yes
17189,4450-DLLMH,Yes,No,Fiber optic,No,No,No,No,No,No
17190,4450-MDZFX,Yes,Yes,Fiber optic,No,No,No,No,No,No
17191,4450-YOOHP,No,No phone service,DSL,No,No,Yes,No,Yes,Yes
17192,4451-RWASJ,Yes,No,No,No internet service,No internet service,No internet service,No internet service,No internet service,No internet service
17193,4452-QIIEB,Yes,No,DSL,No,No,No,No,No,No
17194,4452-ROHMO,Yes,No,No,No internet service,No internet service,No internet service,No internet service,No internet service,No internet service
17195,4455-BFSPD,Yes,Yes,Fiber optic,No,No,No,Yes,Yes,Yes
17196,4456-RHSNB,Yes,No,DSL,No,No,Yes,No,No,No
17197,4458-KVRBJ,Yes,Yes,No,No internet service,No internet service,No internet service,No internet service,No internet service,No internet service
17198,4459-BBGHE,No,No phone service,DSL,No,No,No,No,Yes,Yes
17199,4462-CYWMH,Yes,Yes,Fiber optic,No,Yes,No,No,No,Yes
17200,4464-JCOLN,Yes,No,No,No internet service,No internet service,No internet service,No internet service,No internet service,No internet service
17201,4465-VDKIQ,Yes,No,Fiber optic,No,Yes,Yes,No,No,No
17202,4468-KAZHE,Yes,No,DSL,No,Yes,No,No,No,Yes
17203,4468-YDOVK,Yes,No,DSL,No,No,No,Yes,No,No
17204,4471-KXAUH,Yes,Yes,Fiber optic,No,No,Yes,Yes,No,No
17205,4472-LVYGI,No,No phone service,DSL,Yes,No,Yes,Yes,Yes,No
17206,4472-VESGY,Yes,Yes,Fiber optic,Yes,Yes,Yes,No,No,Yes
17207,4475-NVTLU,Yes,No,No,No internet service,No internet service,No internet service,No internet service,No internet service,No internet service
17208,4476-OSWTN,Yes,Yes,Fiber optic,Yes,No,Yes,Yes,Yes,Yes
17209,4480-MBMLB,Yes,Yes,Fiber optic,No,Yes,Yes,No,Yes,Yes
17210,4480-QQRHC,Yes,No,Fiber optic,No,No,Yes,No,No,No
17211,4482-EWFMI,Yes,No,Fiber optic,No,No,No,No,No,No
17212,4482-FTFFX,Yes,No,DSL,No,No,Yes,Yes,No,No
17213,4484-CGXFK,Yes,No,DSL,No,No,No,No,No,Yes
17214,4484-GLZOU,Yes,Yes,Fiber optic,No,Yes,Yes,No,Yes,Yes
17215,4486-EFAEB,Yes,No,No,No internet service,No internet service,No internet service,No internet service,No internet service,No internet service
17216,4487-ZYJZK,Yes,No,No,No internet service,No internet service,No internet service,No internet service,No internet service,No internet service
17217,4488-KQFDT,Yes,Yes,Fiber optic,No,Yes,Yes,No,Yes,Yes
17218,4488-PSYCG,Yes,No,No,No internet service,No internet service,No internet service,No internet service,No internet service,No internet service
17219,4489-SNOJF,Yes,Yes,DSL,Yes,No,Yes,Yes,Yes,No
17220,4495-LHSSK,Yes,Yes,DSL,Yes,No,No,No,No,No
17221,4500-HKANN,Yes,Yes,DSL,No,Yes,No,Yes,No,No
17222,4501-EQDRN,Yes,No,Fiber optic,No,No,No,No,No,No
17223,4501-UYKBC,Yes,Yes,DSL,No,No,Yes,Yes,No,Yes
17224,4501-VCPFK,No,No phone service,DSL,No,No,Yes,Yes,No,No
17225,4503-BDXBD,Yes,No,Fiber optic,No,Yes,No,No,No,No
17226,4504-YOULA,Yes,Yes,DSL,Yes,Yes,No,No,No,No
17227,4505-EXZHB,Yes,No,Fiber optic,No,No,Yes,No,No,No
17228,4508-OEBEY,Yes,No,DSL,Yes,Yes,Yes,Yes,No,Yes
17229,4510-HIMLV,Yes,No,Fiber optic,No,No,No,No,No,No
17230,4510-PYUSH,Yes,No,DSL,Yes,Yes,No,No,No,No
17231,4512-ZUIYL,Yes,No,Fiber optic,No,No,No,No,No,No
17232,4513-CXYIX,Yes,Yes,Fiber optic,Yes,No,No,No,No,No
17233,4514-GFCFI,Yes,Yes,Fiber optic,No,No,No,No,Yes,No
17234,4518-FZBSX,Yes,No,No,No internet service,No internet service,No internet service,No internet service,No internet service,No internet service
17235,4521-WFJAI,Yes,Yes,No,No internet service,No internet service,No internet service,No internet service,No internet service,No internet service
17236,4521-YEEHE,Yes,Yes,Fiber optic,No,No,No,Yes,Yes,No
17237,4522-AKYLR,Yes,No,DSL,No,Yes,Yes,No,No,No
17238,4522-XRWWI,Yes,Yes,DSL,Yes,No,No,Yes,Yes,Yes
17239,4523-WXCEF,Yes,Yes,Fiber optic,No,Yes,No,No,Yes,Yes
17240,4524-QCSSM,No,No phone service,DSL,Yes,Yes,No,No,No,Yes
17241,4525-VZCZG,Yes,No,Fiber optic,Yes,Yes,No,Yes,Yes,Yes
17242,4526-EXKKN,Yes,Yes,No,No internet service,No internet service,No internet service,No internet service,No internet service,No internet service
17243,4526-RMTLL,Yes,Yes,DSL,Yes,Yes,No,Yes,No,Yes
17244,4526-ZJJTM,Yes,No,Fiber optic,No,Yes,Yes,No,No,Yes
17245,4529-CKBCL,Yes,No,Fiber optic,No,No,No,No,Yes,No
17246,4530-NDRKU,Yes,No,No,No internet service,No internet service,No internet service,No internet service,No internet service,No internet service
17247,4531-AUZNK,Yes,Yes,Fiber optic,Yes,No,No,Yes,Yes,No
17248,4534-WGCIR,Yes,Yes,No,No internet service,No internet service,No internet service,No internet service,No internet service,No internet service
17249,4536-PLEQY,Yes,No,Fiber optic,No,Yes,No,No,No,Yes
17250,4537-CIBHB,Yes,No,No,No internet service,No internet service,No internet service,No internet service,No internet service,No internet service
17251,4537-DKTAL,Yes,No,DSL,No,No,No,No,No,No
17252,4538-WNTMJ,Yes,Yes,No,No internet service,No internet service,No internet service,No internet service,No internet service,No internet service
17253,4541-RMRLG,Yes,No,No,No internet service,No internet service,No internet service,No internet service,No internet service,No internet service
17254,4544-RXFMG,Yes,No,DSL,No,No,No,No,No,No
17255,4546-FOKWR,Yes,Yes,Fiber optic,No,No,No,No,No,No
17256,4547-FZJWE,Yes,No,DSL,Yes,No,No,No,No,Yes
17257,4547-KQRTM,Yes,Yes,Fiber optic,No,Yes,No,No,No,No
17258,4547-LYTDD,Yes,Yes,Fiber optic,No,No,No,No,No,No
17259,4548-SDBKE,Yes,Yes,Fiber optic,No,No,No,No,Yes,No
17260,4549-ZDQYY,Yes,No,DSL,Yes,No,Yes,Yes,No,No
17261,4550-EVXNY,Yes,No,Fiber optic,No,No,No,No,No,No
17262,4550-VBOFE,Yes,Yes,Fiber optic,No,Yes,Yes,No,Yes,Yes
17263,4553-DVPZG,Yes,Yes,Fiber optic,No,No,Yes,No,Yes,Yes
17264,4554-YGZIH,Yes,Yes,Fiber optic,No,Yes,No,No,No,Yes
17265,4558-CGYCZ,Yes,No,No,No internet service,No internet service,No internet service,No internet service,No internet service,No internet service
17266,4558-FANTW,Yes,No,Fiber optic,Yes,No,No,Yes,Yes,No
17267,4559-UWIHT,Yes,Yes,Fiber optic,No,Yes,Yes,No,No,No
17268,4560-WQAQW,Yes,Yes,DSL,Yes,No,No,Yes,No,Yes
17269,4565-EVZMJ,Yes,No,DSL,Yes,Yes,No,Yes,No,No
17270,4565-NLZBV,Yes,Yes,No,No internet service,No internet service,No internet service,No internet service,No internet service,No internet service
17271,4566-GOLUK,Yes,Yes,Fiber optic,No,No,Yes,Yes,Yes,Yes
17272,4566-NECEV,Yes,Yes,Fiber optic,No,Yes,Yes,No,No,Yes
17273,4566-QVRRW,Yes,No,DSL,No,No,No,No,No,No
17274,4567-AKPIA,Yes,Yes,Fiber optic,No,Yes,Yes,Yes,Yes,Yes
17275,4568-KNYWR,Yes,No,DSL,Yes,Yes,No,No,Yes,No
17276,4568-TTZRT,Yes,No,No,No internet service,No internet service,No internet service,No internet service,No internet service,No internet service
17277,4570-QHXHL,Yes,No,DSL,No,No,No,No,No,No
17278,4572-DVCGN,Yes,No,Fiber optic,No,No,No,No,No,Yes
17279,4573-JKNAE,Yes,No,No,No internet service,No internet service,No internet service,No internet service,No internet service,No internet service
17280,4576-CSAJH,Yes,No,DSL,No,Yes,No,Yes,No,No
17281,4578-PHJYZ,Yes,No,DSL,No,Yes,Yes,Yes,Yes,No
17282,4580-TMHJU,Yes,No,DSL,No,No,No,No,Yes,No
17283,4581-LNWUM,No,No phone service,DSL,No,No,Yes,No,Yes,Yes
17284,4581-SSPWD,Yes,Yes,Fiber optic,No,No,No,No,No,No
17285,4583-PARNH,Yes,No,Fiber optic,No,No,Yes,Yes,No,Yes
17286,4584-LBNMK,Yes,Yes,No,No internet service,No internet service,No internet service,No internet service,No internet service,No internet service
17287,4585-HETAI,Yes,No,Fiber optic,No,No,Yes,No,No,No
17288,4587-NUKOX,Yes,No,Fiber optic,Yes,Yes,No,No,No,No
17289,4587-VVTOX,Yes,Yes,Fiber optic,No,Yes,Yes,No,Yes,Yes
17290,4588-YBNIB,Yes,No,No,No internet service,No internet service,No internet service,No internet service,No internet service,No internet service
17291,4589-IUAJB,Yes,Yes,No,No internet service,No internet service,No internet service,No internet service,No internet service,No internet service
17292,4592-IWTJI,No,No phone service,DSL,Yes,No,No,No,No,No
17293,4597-ELFTS,Yes,Yes,No,No internet service,No internet service,No internet service,No internet service,No internet service,No internet service
17294,4597-NUCQV,Yes,Yes,Fiber optic,No,Yes,No,No,Yes,Yes
17295,4598-XLKNJ,Yes,No,Fiber optic,No,Yes,Yes,No,Yes,Yes
17296,4598-ZADCK,No,No phone service,DSL,Yes,Yes,Yes,Yes,Yes,No
17297,4603-JANFB,Yes,No,Fiber optic,No,No,No,No,No,No
17298,4607-CHPCA,Yes,No,Fiber optic,No,No,No,No,Yes,Yes
17299,4608-LCIMN,Yes,No,DSL,No,No,No,No,No,No
17300,4609-KNNWG,Yes,No,No,No internet service,No internet service,No internet service,No internet service,No internet service,No internet service
17301,4611-ANLQC,No,No phone service,DSL,Yes,Yes,Yes,No,No,Yes
17302,4612-SSVHJ,Yes,No,Fiber optic,No,No,No,No,No,Yes
17303,4612-THJBS,Yes,Yes,Fiber optic,No,Yes,Yes,No,Yes,Yes
17304,4614-NUVZD,Yes,No,Fiber optic,No,No,No,No,No,Yes
17305,4615-PIVVU,Yes,No,DSL,No,No,Yes,Yes,No,Yes
17306,4616-EWBNJ,Yes,No,No,No internet service,No internet service,No internet service,No internet service,No internet service,No internet service
17307,4616-ULAOA,Yes,Yes,Fiber optic,No,Yes,Yes,Yes,Yes,Yes
17308,4619-EVPHY,Yes,No,Fiber optic,No,No,No,No,Yes,Yes
17309,4622-YNKIJ,Yes,No,Fiber optic,Yes,No,No,Yes,Yes,No
17310,4623-ZKHLY,Yes,No,No,No internet service,No internet service,No internet service,No internet service,No internet service,No internet service
17311,4625-EWPTF,No,No phone service,DSL,Yes,No,No,No,No,No
17312,4625-LAMOB,Yes,No,No,No internet service,No internet service,No internet service,No internet service,No internet service,No internet service
17313,4625-XMOYM,Yes,Yes,No,No internet service,No internet service,No internet service,No internet service,No internet service,No internet service
17314,4626-GYCZP,Yes,Yes,Fiber optic,No,No,No,No,Yes,Yes
17315,4626-OZDTJ,Yes,Yes,DSL,No,Yes,No,Yes,Yes,Yes
17316,4627-MIHJH,Yes,Yes,Fiber optic,Yes,No,Yes,Yes,Yes,Yes
17317,4628-CTTLA,No,No phone service,DSL,No,Yes,No,No,Yes,No
17318,4628-WQCQQ,Yes,No,Fiber optic,No,No,Yes,No,Yes,No
17319,4629-NRXKX,Yes,No,Fiber optic,No,No,No,No,No,No
17320,4631-OACRM,Yes,No,Fiber optic,No,No,No,No,No,Yes
17321,4632-PAOYU,Yes,No,No,No internet service,No internet service,No internet service,No internet service,No internet service,No internet service
17322,4632-XJMEX,Yes,No,DSL,Yes,Yes,No,Yes,No,No
17323,4633-MKHYU,Yes,No,Fiber optic,No,No,No,No,Yes,Yes
17324,4634-JLRJT,Yes,No,No,No internet service,No internet service,No internet service,No internet service,No internet service,No internet service
17325,4635-EJYPD,Yes,No,No,No internet service,No internet service,No internet service,No internet service,No internet service,No internet service
17326,4636-JGAAI,Yes,Yes,Fiber optic,No,Yes,No,No,No,Yes
17327,4636-OLWOE,Yes,No,DSL,No,Yes,Yes,Yes,No,No
17328,4636-QRJKY,Yes,Yes,Fiber optic,No,No,No,Yes,No,No
17329,4636-TVXVG,Yes,No,No,No internet service,No internet service,No internet service,No internet service,No internet service,No internet service
17330,4640-UHDOS,Yes,No,DSL,No,No,No,No,No,Yes
17331,4641-FROLU,Yes,No,No,No internet service,No internet service,No internet service,No internet service,No internet service,No internet service
17332,4644-OBGFZ,Yes,No,No,No internet service,No internet service,No internet service,No internet service,No internet service,No internet service
17333,4644-PIZRT,Yes,Yes,DSL,Yes,No,Yes,No,Yes,No
17334,4646-QZXTF,Yes,No,DSL,Yes,No,Yes,Yes,Yes,Yes
17335,4647-MUZON,Yes,No,Fiber optic,No,No,Yes,No,Yes,Yes
17336,4647-XXZAM,Yes,No,DSL,No,No,No,No,No,No
17337,4648-YPBTM,Yes,Yes,DSL,No,Yes,Yes,Yes,No,Yes
17338,4652-NNHNY,Yes,Yes,Fiber optic,No,No,No,No,No,No
17339,4652-ODEVH,Yes,Yes,No,No internet service,No internet service,No internet service,No internet service,No internet service,No internet service
17340,4654-DLAMQ,Yes,No,Fiber optic,Yes,Yes,Yes,No,No,Yes
17341,4654-GGUII,No,No phone service,DSL,Yes,Yes,No,Yes,No,No
17342,4654-ULTTN,Yes,Yes,DSL,Yes,No,Yes,Yes,No,Yes
17343,4656-CAURT,Yes,Yes,No,No internet service,No internet service,No internet service,No internet service,No internet service,No internet service
17344,4657-FWVFY,Yes,Yes,Fiber optic,No,Yes,Yes,No,Yes,No
17345,4658-HCOHW,Yes,No,Fiber optic,No,Yes,Yes,Yes,Yes,Yes
17346,4659-NZRUF,Yes,Yes,Fiber optic,Yes,Yes,No,No,No,Yes
17347,4660-IRIBM,Yes,No,Fiber optic,Yes,No,Yes,No,Yes,No
17348,4661-NJEUX,Yes,No,No,No internet service,No internet service,No internet service,No internet service,No internet service,No internet service
17349,4662-EKDPQ,Yes,Yes,DSL,No,No,No,No,No,Yes
17350,4664-NJCMS,No,No phone service,DSL,Yes,No,Yes,Yes,Yes,Yes
17351,4667-OHGKG,Yes,No,No,No internet service,No internet service,No internet service,No internet service,No internet service,No internet service
17352,4667-QONEA,Yes,No,DSL,Yes,Yes,Yes,Yes,No,Yes
17353,4670-TABXH,Yes,Yes,Fiber optic,No,Yes,Yes,Yes,Yes,Yes
17354,4671-LXRDQ,Yes,No,DSL,No,No,No,No,No,No
17355,4671-VJLCL,Yes,Yes,DSL,Yes,Yes,Yes,Yes,Yes,No
17356,4672-FOTSD,Yes,Yes,DSL,Yes,Yes,No,Yes,No,No
17357,4673-KKSLS,Yes,No,Fiber optic,Yes,No,Yes,Yes,No,No
17358,4674-HGNUA,Yes,Yes,DSL,Yes,Yes,Yes,Yes,Yes,Yes
17359,4676-MQUEA,Yes,Yes,Fiber optic,Yes,Yes,Yes,No,Yes,No
17360,4676-WLUHT,No,No phone service,DSL,Yes,Yes,No,No,No,Yes
17361,4678-DVQEO,Yes,No,DSL,No,No,No,Yes,No,No
17362,4680-KUTAJ,Yes,Yes,DSL,Yes,No,No,No,No,No
17363,4682-BLBUC,Yes,No,DSL,No,Yes,Yes,Yes,Yes,No
17364,4683-WYDOU,Yes,Yes,Fiber optic,No,No,Yes,Yes,Yes,Yes
17365,4685-ERGHK,Yes,Yes,Fiber optic,No,No,No,No,Yes,No
17366,4685-TFLLS,Yes,No,No,No internet service,No internet service,No internet service,No internet service,No internet service,No internet service
17367,4686-GEFRM,Yes,Yes,Fiber optic,No,Yes,Yes,Yes,No,Yes
17368,4686-UXDML,Yes,Yes,Fiber optic,No,Yes,No,No,Yes,Yes
17369,4690-LLKUA,Yes,No,DSL,No,No,No,No,No,No
17370,4690-PKDQG,Yes,Yes,Fiber optic,No,Yes,Yes,No,Yes,No
17371,4692-NNQRU,Yes,No,Fiber optic,No,No,Yes,Yes,No,No
17372,4693-VWVBO,Yes,No,No,No internet service,No internet service,No internet service,No internet service,No internet service,No internet service
17373,4694-PHWFW,Yes,No,No,No internet service,No internet service,No internet service,No internet service,No internet service,No internet service
17374,4695-VADHF,Yes,No,DSL,No,No,Yes,No,No,Yes
17375,4695-WJZUE,Yes,Yes,Fiber optic,No,No,Yes,No,No,Yes
17376,4697-LUPSU,Yes,No,No,No internet service,No internet service,No internet service,No internet service,No internet service,No internet service
17377,4698-KVLLG,Yes,No,No,No internet service,No internet service,No internet service,No internet service,No internet service,No internet service
17378,4700-UBQMV,Yes,Yes,DSL,Yes,No,No,No,Yes,Yes
17379,4701-AHWMW,No,No phone service,DSL,No,No,Yes,Yes,Yes,Yes
17380,4701-LKOZD,Yes,Yes,DSL,Yes,Yes,Yes,Yes,Yes,Yes
17381,4701-MLJPN,Yes,No,DSL,No,No,Yes,Yes,No,No
17382,4702-HDRKD,No,No phone service,DSL,Yes,No,Yes,Yes,Yes,No
17383,4702-IOQDC,Yes,No,Fiber optic,No,No,No,No,No,No
17384,4703-MQYKT,Yes,No,No,No internet service,No internet service,No internet service,No internet service,No internet service,No internet service
17385,4704-ERYFC,Yes,No,Fiber optic,No,No,No,No,No,No
17386,4706-AXVKM,Yes,Yes,Fiber optic,No,No,No,No,No,Yes
17387,4706-DGAHW,Yes,No,DSL,No,No,No,No,No,No
17388,4707-MAXGU,Yes,Yes,No,No internet service,No internet service,No internet service,No internet service,No internet service,No internet service
17389,4707-YNOQA,Yes,Yes,No,No internet service,No internet service,No internet service,No internet service,No internet service,No internet service
17390,4709-LKHYG,Yes,No,No,No internet service,No internet service,No internet service,No internet service,No internet service,No internet service
17391,4710-FDUIZ,Yes,Yes,Fiber optic,No,Yes,No,No,Yes,Yes
17392,4710-NKCAW,Yes,Yes,DSL,Yes,Yes,No,Yes,No,No
17393,4712-AUQZO,No,No phone service,DSL,Yes,No,Yes,No,No,No
17394,4712-UYOOI,Yes,No,No,No internet service,No internet service,No internet service,No internet service,No internet service,No internet service
17395,4713-LZDRV,Yes,No,Fiber optic,No,No,No,No,No,Yes
17396,4713-ZBURT,Yes,Yes,Fiber optic,No,No,Yes,No,Yes,Yes
17397,4716-HHKQH,Yes,Yes,Fiber optic,No,Yes,No,Yes,Yes,Yes
17398,4716-MRVEN,Yes,No,No,No internet service,No internet service,No internet service,No internet service,No internet service,No internet service
17399,4717-GHADL,Yes,Yes,DSL,No,Yes,No,Yes,Yes,Yes
17400,4718-DHSMV,No,No phone service,DSL,No,No,No,No,Yes,No
17401,4718-WXBGI,Yes,Yes,DSL,Yes,Yes,Yes,Yes,Yes,Yes
17402,4719-UMSIY,Yes,No,No,No internet service,No internet service,No internet service,No internet service,No internet service,No internet service
17403,4720-VSTSI,Yes,Yes,Fiber optic,No,Yes,Yes,No,No,No
17404,4723-BEGSG,Yes,Yes,DSL,Yes,No,Yes,Yes,Yes,Yes
17405,4724-WXVWF,Yes,Yes,Fiber optic,Yes,No,No,Yes,No,Yes
17406,4726-DLWQN,Yes,Yes,DSL,Yes,Yes,No,No,Yes,No
17407,4727-MCYZG,Yes,No,DSL,No,No,No,No,No,Yes
17408,4729-XKASR,No,No phone service,DSL,No,No,No,No,No,No
17409,4730-AWNAU,No,No phone service,DSL,Yes,No,Yes,Yes,Yes,Yes
17410,4732-RRJZC,Yes,No,No,No internet service,No internet service,No internet service,No internet service,No internet service,No internet service
17411,4735-ASGMA,Yes,Yes,Fiber optic,No,No,Yes,No,Yes,Yes
17412,4735-BJKOU,Yes,No,No,No internet service,No internet service,No internet service,No internet service,No internet service,No internet service
17413,4737-AQCPU,Yes,Yes,DSL,Yes,Yes,Yes,Yes,No,No
17414,4737-HOBAX,Yes,Yes,DSL,No,No,Yes,Yes,Yes,Yes
17415,4741-WWJQZ,Yes,No,Fiber optic,Yes,No,No,Yes,No,No
17416,4742-DRORA,Yes,Yes,Fiber optic,Yes,No,Yes,No,Yes,No
17417,4742-TXUEX,Yes,No,No,No internet service,No internet service,No internet service,No internet service,No internet service,No internet service
17418,4745-LSPLO,Yes,No,No,No internet service,No internet service,No internet service,No internet service,No internet service,No internet service
17419,4747-LCAQL,Yes,No,DSL,Yes,Yes,No,Yes,Yes,Yes
17420,4749-OJKQU,Yes,Yes,Fiber optic,No,No,No,No,No,No
17421,4749-VFKVB,Yes,Yes,DSL,No,No,No,No,No,No
17422,4750-UKWJK,Yes,No,No,No internet service,No internet service,No internet service,No internet service,No internet service,No internet service
17423,4750-ZRXIU,Yes,Yes,Fiber optic,No,No,No,No,No,Yes
17424,4751-ERMAN,Yes,No,DSL,No,Yes,Yes,No,Yes,Yes
17425,4753-PADAS,Yes,Yes,Fiber optic,No,Yes,Yes,No,Yes,Yes
17426,4759-PXTAN,Yes,Yes,DSL,No,Yes,No,Yes,Yes,Yes
17427,4759-TRPLW,Yes,No,Fiber optic,No,No,No,No,No,No
17428,4760-THGOT,Yes,Yes,Fiber optic,Yes,Yes,No,No,No,Yes
17429,4760-XOHVN,Yes,No,No,No internet service,No internet service,No internet service,No internet service,No internet service,No internet service
17430,4763-PGDPO,Yes,No,Fiber optic,No,No,No,No,No,No
17431,4765-OXPPD,Yes,No,DSL,Yes,Yes,Yes,Yes,No,No
17432,4767-HZZHQ,Yes,No,Fiber optic,No,Yes,Yes,No,No,No
17433,4770-QAZXN,Yes,No,No,No internet service,No internet service,No internet service,No internet service,No internet service,No internet service
17434,4770-UEZOX,Yes,No,Fiber optic,No,Yes,No,No,No,No
17435,4774-HHGGS,Yes,No,No,No internet service,No internet service,No internet service,No internet service,No internet service,No internet service
17436,4776-XSKYQ,No,No phone service,DSL,No,No,No,Yes,No,No
17437,4778-IZARL,Yes,No,Fiber optic,Yes,Yes,Yes,Yes,Yes,Yes
17438,4779-ZGICK,Yes,Yes,No,No internet service,No internet service,No internet service,No internet service,No internet service,No internet service
17439,4781-ZXYGU,Yes,No,No,No internet service,No internet service,No internet service,No internet service,No internet service,No internet service
17440,4782-OSFXZ,Yes,Yes,DSL,Yes,Yes,Yes,Yes,No,Yes
17441,4785-FCIFB,Yes,Yes,No,No internet service,No internet service,No internet service,No internet service,No internet service,No internet service
17442,4785-NKHCX,Yes,No,No,No internet service,No internet service,No internet service,No internet service,No internet service,No internet service
17443,4785-QRJHC,No,No phone service,DSL,No,Yes,Yes,Yes,Yes,Yes
17444,4786-UKSNZ,Yes,No,No,No internet service,No internet service,No internet service,No internet service,No internet service,No internet service
17445,4789-KWMXN,Yes,Yes,Fiber optic,Yes,No,Yes,Yes,Yes,Yes
17446,4791-QRGMF,Yes,Yes,Fiber optic,No,No,Yes,No,Yes,Yes
17447,4795-KTRTH,Yes,Yes,Fiber optic,No,Yes,No,No,No,No
17448,4795-UXVCJ,Yes,No,No,No internet service,No internet service,No internet service,No internet service,No internet service,No internet service
17449,4795-WRNVT,Yes,No,DSL,Yes,Yes,No,No,Yes,No
17450,4797-AXPXK,Yes,No,DSL,Yes,Yes,No,Yes,No,No
17451,4797-MIWUM,Yes,No,No,No internet service,No internet service,No internet service,No internet service,No internet service,No internet service
17452,4800-CZMPC,Yes,Yes,Fiber optic,Yes,Yes,No,No,Yes,Yes
17453,4800-VHZKI,Yes,No,No,No internet service,No internet service,No internet service,No internet service,No internet service,No internet service
17454,4801-JZAZL,No,No phone service,DSL,Yes,No,No,No,No,No
17455,4801-KFYKL,Yes,No,No,No internet service,No internet service,No internet service,No internet service,No internet service,No internet service
17456,4803-AXVYP,Yes,Yes,Fiber optic,No,No,No,Yes,Yes,Yes
17457,4803-LBYPN,Yes,No,No,No internet service,No internet service,No internet service,No internet service,No internet service,No internet service
17458,4804-NCPET,Yes,No,No,No internet service,No internet service,No internet service,No internet service,No internet service,No internet service
17459,4806-DXQCE,Yes,Yes,Fiber optic,Yes,Yes,Yes,Yes,Yes,Yes
17460,4806-HIPDW,Yes,No,Fiber optic,No,No,No,No,No,No
17461,4806-KEXQR,Yes,No,Fiber optic,No,No,No,No,No,Yes
17462,4807-IZYOZ,Yes,No,No,No internet service,No internet service,No internet service,No internet service,No internet service,No internet service
17463,4808-YNLEU,Yes,No,DSL,Yes,No,No,No,Yes,No
17464,4811-JBUVU,Yes,Yes,Fiber optic,No,No,No,Yes,No,Yes
17465,4813-HQMGZ,Yes,Yes,Fiber optic,No,No,No,Yes,No,Yes
17466,4815-GBTCD,No,No phone service,DSL,No,No,No,No,No,No
17467,4815-TUMEQ,Yes,No,No,No internet service,No internet service,No internet service,No internet service,No internet service,No internet service
17468,4815-YOSUK,Yes,Yes,Fiber optic,Yes,Yes,Yes,Yes,No,Yes
17469,4816-JBHOV,Yes,No,DSL,No,No,No,No,No,No
17470,4816-LXZYW,Yes,Yes,Fiber optic,No,Yes,No,No,No,No
17471,4816-OKWNX,Yes,No,Fiber optic,No,Yes,Yes,Yes,Yes,Yes
17472,4817-KEQSP,Yes,No,No,No internet service,No internet service,No internet service,No internet service,No internet service,No internet service
17473,4817-QRJSX,Yes,Yes,Fiber optic,No,Yes,No,No,No,No
17474,4817-VYYWS,Yes,Yes,Fiber optic,No,Yes,No,No,Yes,Yes
17475,4818-DRBQT,Yes,Yes,Fiber optic,No,Yes,No,No,No,No
17476,4818-QIUFN,Yes,Yes,Fiber optic,Yes,No,No,No,No,No
17477,4819-HJPIW,No,No phone service,DSL,No,No,No,No,No,No
17478,4821-SJHJV,Yes,Yes,Fiber optic,Yes,No,No,No,Yes,No
17479,4821-WQOYN,Yes,No,No,No internet service,No internet service,No internet service,No internet service,No internet service,No internet service
17480,4822-LPTYJ,Yes,Yes,Fiber optic,No,Yes,Yes,No,Yes,Yes
17481,4822-NGOCH,Yes,Yes,Fiber optic,No,Yes,Yes,No,No,No
17482,4822-RVYBB,Yes,Yes,Fiber optic,No,No,Yes,No,Yes,Yes
17483,4822-YCXMX,Yes,Yes,Fiber optic,No,No,No,No,No,Yes
17484,4824-GUCBY,Yes,No,Fiber optic,Yes,Yes,No,No,No,No
17485,4825-FUREZ,Yes,No,No,No internet service,No internet service,No internet service,No internet service,No internet service,No internet service
17486,4825-XJGDM,No,No phone service,DSL,Yes,Yes,Yes,Yes,No,No
17487,4826-DXMUP,Yes,No,DSL,No,No,No,Yes,Yes,Yes
17488,4826-TZEVA,Yes,No,Fiber optic,No,Yes,No,No,No,No
17489,4826-XTSOH,Yes,Yes,Fiber optic,No,No,No,No,Yes,No
17490,4827-DPADN,Yes,Yes,DSL,Yes,No,Yes,Yes,Yes,Yes
17491,4827-LTQRJ,Yes,Yes,Fiber optic,Yes,Yes,No,Yes,Yes,Yes
17492,4827-USJHP,Yes,No,DSL,No,Yes,No,No,No,No
17493,4828-FAZPK,Yes,Yes,Fiber optic,No,Yes,No,No,No,No
17494,4829-AUOAX,Yes,Yes,Fiber optic,No,No,No,No,Yes,Yes
17495,4829-ZLJTK,Yes,Yes,Fiber optic,Yes,Yes,Yes,No,Yes,Yes
17496,4830-FAXFM,Yes,Yes,No,No internet service,No internet service,No internet service,No internet service,No internet service,No internet service
17497,4831-EOBFE,Yes,No,Fiber optic,Yes,No,No,No,Yes,Yes
17498,4832-VRBMR,Yes,Yes,Fiber optic,No,Yes,Yes,No,Yes,Yes
17499,4833-QTJNO,Yes,Yes,Fiber optic,Yes,Yes,No,No,No,No
17500,4835-YSJMR,Yes,No,DSL,No,No,No,Yes,No,No
17501,4836-WNFNO,Yes,Yes,No,No internet service,No internet service,No internet service,No internet service,No internet service,No internet service
17502,4837-PZTIC,No,No phone service,DSL,Yes,No,Yes,Yes,No,No
17503,4837-QUSFT,Yes,Yes,Fiber optic,Yes,Yes,No,Yes,Yes,No
17504,4840-ORQXB,Yes,Yes,Fiber optic,No,Yes,Yes,No,Yes,Yes
17505,4844-JJWUY,Yes,No,Fiber optic,No,Yes,No,No,No,Yes
17506,4846-WHAFZ,Yes,Yes,Fiber optic,No,No,No,No,No,No
17507,4847-QNOKA,Yes,No,DSL,No,No,No,No,No,No
17508,4847-TAJYI,Yes,No,Fiber optic,No,No,No,No,Yes,Yes
17509,4849-PYRLQ,Yes,Yes,DSL,Yes,No,Yes,Yes,No,Yes
17510,4851-BQDNX,Yes,No,Fiber optic,No,No,Yes,No,Yes,No
17511,4853-OITSN,Yes,Yes,Fiber optic,Yes,No,No,No,No,Yes
17512,4853-RULSV,Yes,Yes,Fiber optic,Yes,No,No,Yes,Yes,Yes
17513,4854-CIDCF,Yes,No,Fiber optic,No,No,Yes,No,No,No
17514,4854-SSLTN,Yes,No,DSL,Yes,Yes,No,Yes,No,No
17515,4855-SNKMY,Yes,No,DSL,No,No,No,No,No,No
17516,4859-ZSRDZ,No,No phone service,DSL,No,No,Yes,Yes,Yes,Yes
17517,4860-IJUDE,Yes,No,Fiber optic,Yes,No,No,No,No,No
17518,4860-YZGZM,Yes,No,No,No internet service,No internet service,No internet service,No internet service,No internet service,No internet service
17519,4868-AADLV,Yes,Yes,Fiber optic,Yes,Yes,Yes,Yes,Yes,Yes
17520,4869-EPIUS,Yes,No,Fiber optic,No,No,No,No,No,Yes
17521,4871-JTKJF,Yes,No,Fiber optic,No,No,No,No,No,No
17522,4872-JCVCA,No,No phone service,DSL,Yes,Yes,Yes,Yes,No,No
17523,4872-VXRIL,Yes,Yes,DSL,Yes,Yes,No,Yes,No,No
17524,4873-ILOLJ,Yes,No,Fiber optic,No,No,No,No,Yes,Yes
17525,4877-EVATK,Yes,No,No,No internet service,No internet service,No internet service,No internet service,No internet service,No internet service
17526,4877-TSOFF,Yes,Yes,DSL,Yes,Yes,No,Yes,No,Yes
17527,4878-BUNFV,Yes,No,No,No internet service,No internet service,No internet service,No internet service,No internet service,No internet service
17528,4879-GZLFH,Yes,No,Fiber optic,No,No,Yes,No,Yes,Yes
17529,4881-GQJTW,Yes,No,No,No internet service,No internet service,No internet service,No internet service,No internet service,No internet service
17530,4881-JVQOD,No,No phone service,DSL,No,No,No,No,No,Yes
17531,4883-KCPZJ,Yes,Yes,No,No internet service,No internet service,No internet service,No internet service,No internet service,No internet service
17532,4883-QICIH,Yes,No,Fiber optic,No,No,No,No,No,No
17533,4884-LEVMQ,Yes,No,No,No internet service,No internet service,No internet service,No internet service,No internet service,No internet service
17534,4884-TVUQF,Yes,Yes,Fiber optic,Yes,No,Yes,Yes,No,Yes
17535,4884-ZTHVF,Yes,No,Fiber optic,No,Yes,No,No,Yes,No
17536,4890-VMUAV,Yes,Yes,DSL,Yes,Yes,Yes,Yes,No,No
17537,4891-NLUBA,No,No phone service,DSL,No,Yes,Yes,Yes,Yes,Yes
17538,4892-VLANZ,Yes,No,No,No internet service,No internet service,No internet service,No internet service,No internet service,No internet service
17539,4893-GYUJU,Yes,No,No,No internet service,No internet service,No internet service,No internet service,No internet service,No internet service
17540,4895-TMWIR,Yes,No,No,No internet service,No internet service,No internet service,No internet service,No internet service,No internet service
17541,4896-CPRPF,Yes,Yes,No,No internet service,No internet service,No internet service,No internet service,No internet service,No internet service
17542,4897-QSUYC,Yes,No,No,No internet service,No internet service,No internet service,No internet service,No internet service,No internet service
17543,4900-MSOMT,Yes,Yes,DSL,Yes,Yes,Yes,Yes,Yes,No
17544,4902-OHLSK,Yes,Yes,Fiber optic,No,No,No,Yes,Yes,Yes
17545,4903-CNOZC,Yes,Yes,DSL,No,Yes,Yes,No,No,Yes
17546,4903-UYAVB,Yes,No,No,No internet service,No internet service,No internet service,No internet service,No internet service,No internet service
17547,4905-JEFDW,No,No phone service,DSL,No,No,Yes,No,Yes,No
17548,4906-ZHGPK,Yes,Yes,DSL,No,Yes,No,Yes,Yes,No
17549,4908-XAXAY,Yes,No,Fiber optic,No,Yes,Yes,No,No,Yes
17550,4909-JOUPP,Yes,Yes,Fiber optic,No,Yes,Yes,Yes,Yes,Yes
17551,4910-AQFFX,Yes,Yes,Fiber optic,No,No,Yes,No,No,No
17552,4910-GMJOT,Yes,Yes,Fiber optic,No,No,No,No,Yes,Yes
17553,4911-BANWH,Yes,Yes,Fiber optic,No,No,No,No,Yes,No
17554,4912-PIGUY,Yes,Yes,Fiber optic,No,No,No,No,Yes,No
17555,4913-EHYUI,Yes,Yes,Fiber optic,Yes,No,Yes,No,Yes,Yes
17556,4915-BFSXL,Yes,Yes,DSL,Yes,No,Yes,No,Yes,No
17557,4918-FYJNT,Yes,Yes,Fiber optic,No,Yes,Yes,Yes,No,No
17558,4918-QLLIW,Yes,No,DSL,No,No,No,No,Yes,No
17559,4919-IKATY,Yes,Yes,Fiber optic,Yes,No,Yes,No,No,No
17560,4919-MOAVT,Yes,No,Fiber optic,No,No,No,No,No,No
17561,4922-CVPDX,Yes,No,DSL,No,Yes,Yes,No,Yes,Yes
17562,4923-ADWXJ,Yes,No,DSL,No,Yes,No,Yes,No,Yes
17563,4925-LMHOK,Yes,Yes,DSL,No,Yes,No,Yes,No,No
17564,4926-UMJZD,Yes,No,DSL,No,No,No,Yes,No,No
17565,4927-WWOOZ,Yes,Yes,Fiber optic,No,No,Yes,No,Yes,No
17566,4929-BSTRX,Yes,No,DSL,No,No,No,No,Yes,No
17567,4929-ROART,Yes,Yes,DSL,Yes,No,No,No,No,No
17568,4929-XIHVW,Yes,No,Fiber optic,No,No,Yes,No,Yes,Yes
17569,4931-TRZWN,Yes,No,DSL,Yes,No,No,No,Yes,Yes
17570,4933-BSAIP,Yes,No,No,No internet service,No internet service,No internet service,No internet service,No internet service,No internet service
17571,4933-IKULF,Yes,No,No,No internet service,No internet service,No internet service,No internet service,No internet service,No internet service
17572,4936-YPJNK,Yes,No,No,No internet service,No internet service,No internet service,No internet service,No internet service,No internet service
17573,4937-QPZPO,Yes,Yes,Fiber optic,No,No,Yes,No,Yes,Yes
17574,4939-KYYPY,Yes,Yes,DSL,No,No,Yes,Yes,No,No
17575,4940-KHCWD,No,No phone service,DSL,Yes,Yes,No,Yes,No,No
17576,4942-VZZOM,Yes,Yes,DSL,Yes,No,No,No,Yes,No
17577,4945-RVMTE,Yes,No,DSL,No,No,Yes,No,Yes,No
17578,4946-EDSEW,Yes,No,No,No internet service,No internet service,No internet service,No internet service,No internet service,No internet service
17579,4947-DSMXK,Yes,Yes,Fiber optic,No,Yes,No,No,Yes,Yes
17580,4948-WBBKL,Yes,Yes,Fiber optic,No,No,No,No,No,No
17581,4950-BDEUX,No,No phone service,DSL,No,No,Yes,No,Yes,Yes
17582,4950-HKQTE,Yes,Yes,No,No internet service,No internet service,No internet service,No internet service,No internet service,No internet service
17583,4951-UKAAQ,Yes,Yes,Fiber optic,No,Yes,No,No,No,Yes
17584,4952-YSOGZ,Yes,Yes,Fiber optic,No,No,No,No,No,Yes
17585,4955-VCWBI,Yes,No,No,No internet service,No internet service,No internet service,No internet service,No internet service,No internet service
17586,4957-SREEC,Yes,No,No,No internet service,No internet service,No internet service,No internet service,No internet service,No internet service
17587,4957-TIALW,Yes,No,DSL,Yes,Yes,Yes,Yes,No,No
17588,4957-TREIR,Yes,No,DSL,Yes,No,No,Yes,Yes,No
17589,4958-GZWIY,Yes,No,DSL,No,No,Yes,No,No,No
17590,4958-XCBDQ,Yes,Yes,Fiber optic,No,No,Yes,No,Yes,Yes
17591,4959-JOSRX,Yes,No,DSL,No,No,No,No,No,No
17592,4962-CHQPW,Yes,No,No,No internet service,No internet service,No internet service,No internet service,No internet service,No internet service
17593,4967-WPNCF,No,No phone service,DSL,Yes,Yes,Yes,Yes,Yes,Yes
17594,4971-PUYQO,Yes,Yes,Fiber optic,No,No,No,No,Yes,Yes
17595,4973-MGTON,Yes,No,DSL,Yes,Yes,Yes,Yes,Yes,Yes
17596,4973-RLZVI,Yes,No,DSL,Yes,Yes,Yes,Yes,Yes,No
17597,4976-LNFVV,No,No phone service,DSL,No,Yes,Yes,No,No,No
17598,4979-HPRFL,Yes,Yes,No,No internet service,No internet service,No internet service,No internet service,No internet service,No internet service
17599,4980-URKXC,Yes,No,No,No internet service,No internet service,No internet service,No internet service,No internet service,No internet service
17600,4981-FLTMF,Yes,Yes,DSL,Yes,Yes,No,Yes,No,No
17601,4983-CCWMC,Yes,No,Fiber optic,No,No,No,No,No,No
17602,4983-CLMLV,Yes,Yes,Fiber optic,No,Yes,No,Yes,Yes,Yes
17603,4986-MXSFP,Yes,No,No,No internet service,No internet service,No internet service,No internet service,No internet service,No internet service
17604,4987-GQWPO,No,No phone service,DSL,No,No,No,No,No,No
17605,4988-IQIGL,Yes,Yes,Fiber optic,No,No,No,No,No,No
17606,4989-LIXVT,Yes,Yes,Fiber optic,No,Yes,Yes,No,No,Yes
17607,4990-ALDGW,Yes,No,No,No internet service,No internet service,No internet service,No internet service,No internet service,No internet service
17608,4992-LTJNE,Yes,Yes,DSL,Yes,No,No,No,No,No
17609,4993-JCRGJ,Yes,Yes,Fiber optic,No,No,Yes,Yes,No,No
17610,4994-OBRSZ,Yes,No,DSL,Yes,Yes,Yes,Yes,No,Yes
17611,4998-IKFSE,Yes,Yes,Fiber optic,No,No,Yes,No,Yes,Yes
17612,4999-IEZLT,No,No phone service,DSL,No,No,No,Yes,No,No
17613,5002-GCQFH,Yes,Yes,Fiber optic,Yes,Yes,No,No,Yes,No
17614,5003-OKNNK,Yes,No,No,No internet service,No internet service,No internet service,No internet service,No internet service,No internet service
17615,5003-XZWWO,Yes,Yes,DSL,No,Yes,Yes,Yes,Yes,Yes
17616,5006-MXVRN,Yes,No,No,No internet service,No internet service,No internet service,No internet service,No internet service,No internet service
17617,5010-IPEAQ,No,No phone service,DSL,Yes,Yes,Yes,Yes,Yes,No
17618,5012-YSPJJ,Yes,No,DSL,No,No,Yes,Yes,No,No
17619,5013-SBUIH,Yes,Yes,Fiber optic,Yes,Yes,No,Yes,Yes,Yes
17620,5014-GSOUQ,Yes,No,No,No internet service,No internet service,No internet service,No internet service,No internet service,No internet service
17621,5014-WUQMG,Yes,No,Fiber optic,Yes,Yes,Yes,No,No,Yes
17622,5016-ETTFF,No,No phone service,DSL,No,No,Yes,No,No,No
17623,5016-IBERQ,Yes,Yes,Fiber optic,No,Yes,Yes,No,No,No
17624,5016-LIPDW,Yes,No,No,No internet service,No internet service,No internet service,No internet service,No internet service,No internet service
17625,5018-GWURO,Yes,Yes,Fiber optic,No,No,No,No,Yes,No
17626,5018-HEKFO,Yes,Yes,No,No internet service,No internet service,No internet service,No internet service,No internet service,No internet service
17627,5018-LXQQG,Yes,No,DSL,Yes,No,No,Yes,No,Yes
17628,5019-GQVCR,Yes,Yes,Fiber optic,No,No,No,No,Yes,No
17629,5020-ZSTTY,Yes,Yes,DSL,Yes,Yes,No,Yes,Yes,Yes
17630,5022-JNQEQ,Yes,No,Fiber optic,No,No,No,Yes,No,No
17631,5022-KVDQT,Yes,Yes,Fiber optic,No,No,Yes,No,No,No
17632,5025-GOOKI,Yes,No,No,No internet service,No internet service,No internet service,No internet service,No internet service,No internet service
17633,5027-QPKTE,Yes,No,Fiber optic,No,No,No,No,No,No
17634,5027-XWQHA,Yes,No,DSL,No,No,No,No,No,No
17635,5027-YOCXN,Yes,Yes,Fiber optic,Yes,Yes,No,Yes,Yes,Yes
17636,5028-GZLDO,Yes,No,Fiber optic,No,No,No,No,No,No
17637,5028-HTLJB,Yes,No,No,No internet service,No internet service,No internet service,No internet service,No internet service,No internet service
17638,5032-MIYKT,Yes,No,Fiber optic,No,No,No,No,No,No
17639,5032-USPKF,Yes,Yes,DSL,Yes,Yes,Yes,No,Yes,Yes
17640,5035-BVCXS,Yes,No,Fiber optic,No,Yes,No,No,No,No
17641,5035-PGZXH,Yes,Yes,Fiber optic,No,Yes,Yes,No,Yes,Yes
17642,5038-ETMLM,Yes,Yes,Fiber optic,Yes,Yes,Yes,Yes,Yes,Yes
17643,5039-LZRQT,Yes,No,No,No internet service,No internet service,No internet service,No internet service,No internet service,No internet service
17644,5043-TRZWM,Yes,No,Fiber optic,No,No,Yes,No,No,No
17645,5044-LRQAQ,Yes,No,Fiber optic,No,No,No,No,No,No
17646,5044-XDPYX,Yes,Yes,No,No internet service,No internet service,No internet service,No internet service,No internet service,No internet service
17647,5046-NUHWD,No,No phone service,DSL,Yes,No,Yes,No,No,Yes
17648,5047-LHVLY,Yes,No,DSL,No,No,Yes,No,No,No
17649,5049-GLYVG,Yes,No,No,No internet service,No internet service,No internet service,No internet service,No internet service,No internet service
17650,5049-MUBWG,Yes,No,DSL,Yes,No,No,Yes,Yes,Yes
17651,5052-PNLOS,Yes,Yes,Fiber optic,No,Yes,Yes,No,Yes,Yes
17652,5054-IEXZT,Yes,No,Fiber optic,No,Yes,No,No,No,No
17653,5055-BRMNE,Yes,Yes,Fiber optic,Yes,No,No,Yes,Yes,Yes
17654,5055-MGMGF,Yes,Yes,Fiber optic,Yes,No,Yes,No,Yes,Yes
17655,5056-FIMPT,Yes,No,Fiber optic,Yes,Yes,No,Yes,Yes,Yes
17656,5057-LCOUI,No,No phone service,DSL,No,No,Yes,No,Yes,Yes
17657,5057-RKGLH,Yes,No,No,No internet service,No internet service,No internet service,No internet service,No internet service,No internet service
17658,5060-TQUQN,Yes,Yes,Fiber optic,No,Yes,No,Yes,No,No
17659,5061-PBXFW,Yes,No,DSL,Yes,Yes,No,Yes,No,No
17660,5062-CJJKH,Yes,No,DSL,No,Yes,Yes,No,No,No
17661,5063-IUOKK,Yes,No,No,No internet service,No internet service,No internet service,No internet service,No internet service,No internet service
17662,5066-GFJMM,Yes,No,No,No internet service,No internet service,No internet service,No internet service,No internet service,No internet service
17663,5067-DGXLL,Yes,No,No,No internet service,No internet service,No internet service,No internet service,No internet service,No internet service
17664,5067-WJEUN,Yes,No,DSL,Yes,Yes,No,No,No,No
17665,5067-XJQFU,Yes,Yes,Fiber optic,No,Yes,Yes,Yes,Yes,Yes
17666,5071-FBJFS,Yes,No,DSL,Yes,No,No,No,No,No
17667,5073-RZGBK,Yes,Yes,DSL,Yes,Yes,Yes,Yes,No,Yes
17668,5073-WXOYN,No,No phone service,DSL,No,Yes,No,No,Yes,Yes
17669,5074-FBGHB,Yes,Yes,Fiber optic,No,No,Yes,Yes,Yes,Yes
17670,5075-JSDKI,Yes,Yes,No,No internet service,No internet service,No internet service,No internet service,No internet service,No internet service
17671,5076-YVXCM,Yes,Yes,Fiber optic,No,No,No,No,No,Yes
17672,5077-DXTCG,Yes,No,DSL,No,No,No,No,No,No
17673,5081-NWSUP,Yes,No,DSL,No,Yes,No,Yes,No,Yes
17674,5084-OOVCJ,Yes,No,DSL,Yes,No,No,Yes,No,No
17675,5087-SUURX,No,No phone service,DSL,No,No,Yes,No,Yes,No
17676,5088-QZLRL,Yes,No,No,No internet service,No internet service,No internet service,No internet service,No internet service,No internet service
17677,5089-IFSDP,Yes,Yes,Fiber optic,Yes,Yes,Yes,No,Yes,Yes
17678,5090-EMGTC,Yes,No,Fiber optic,No,Yes,No,Yes,Yes,Yes
17679,5091-HFAZW,Yes,No,Fiber optic,Yes,Yes,No,No,Yes,No
17680,5092-STPKP,Yes,No,DSL,Yes,No,No,Yes,No,No
17681,5093-FEGLU,Yes,No,No,No internet service,No internet service,No internet service,No internet service,No internet service,No internet service
17682,5095-AESKG,Yes,Yes,Fiber optic,No,Yes,No,No,No,Yes
17683,5095-ETBRJ,Yes,No,DSL,Yes,Yes,No,Yes,No,No
17684,5099-BAILX,Yes,Yes,Fiber optic,No,Yes,Yes,Yes,Yes,Yes
17685,5103-MHMHY,Yes,No,DSL,No,No,No,No,No,No
17686,5108-ADXWO,Yes,No,Fiber optic,Yes,No,No,No,No,No
17687,5110-CHOPY,No,No phone service,DSL,Yes,No,Yes,No,Yes,Yes
17688,5115-GZDEL,No,No phone service,DSL,Yes,Yes,Yes,Yes,Yes,Yes
17689,5115-SQAAU,Yes,Yes,No,No internet service,No internet service,No internet service,No internet service,No internet service,No internet service
17690,5117-IFGPS,Yes,Yes,Fiber optic,No,No,No,No,No,Yes
17691,5117-ZSMHQ,Yes,Yes,DSL,Yes,Yes,Yes,Yes,Yes,Yes
17692,5118-MUEYH,Yes,Yes,Fiber optic,No,Yes,No,Yes,Yes,Yes
17693,5119-KEPFY,Yes,Yes,Fiber optic,No,No,No,No,Yes,Yes
17694,5119-NZPTV,Yes,No,Fiber optic,No,No,No,No,No,No
17695,5120-ZBLAI,Yes,Yes,DSL,No,No,Yes,No,Yes,Yes
17696,5122-CYFXA,Yes,No,DSL,No,Yes,No,Yes,Yes,Yes
17697,5124-EOGYE,Yes,No,No,No internet service,No internet service,No internet service,No internet service,No internet service,No internet service
17698,5125-CNDSP,No,No phone service,DSL,Yes,Yes,No,Yes,No,No
17699,5126-RCXYW,No,No phone service,DSL,No,No,Yes,Yes,No,Yes
17700,5127-BZENZ,Yes,Yes,DSL,Yes,No,No,No,Yes,No
17701,5129-HHMZC,Yes,Yes,DSL,Yes,Yes,No,Yes,Yes,Yes
17702,5129-JLPIS,Yes,No,Fiber optic,Yes,No,Yes,Yes,Yes,Yes
17703,5130-IEKQT,Yes,Yes,Fiber optic,No,Yes,Yes,No,Yes,Yes
17704,5130-YPIRV,Yes,No,DSL,Yes,Yes,Yes,No,Yes,No
17705,5131-PONJI,Yes,No,Fiber optic,No,Yes,Yes,No,Yes,No
17706,5133-POWUA,Yes,No,DSL,No,No,No,No,No,No
17707,5133-VRSAB,No,No phone service,DSL,Yes,No,No,No,No,No
17708,5134-IKDAY,Yes,No,Fiber optic,No,No,No,No,No,No
17709,5135-GRQJV,Yes,Yes,Fiber optic,Yes,Yes,Yes,Yes,Yes,Yes
17710,5135-RDDQL,Yes,No,DSL,Yes,No,No,No,No,No
17711,5136-GFPMB,Yes,Yes,Fiber optic,No,No,Yes,No,No,Yes
17712,5136-KCKGI,Yes,Yes,Fiber optic,Yes,No,Yes,No,Yes,Yes
17713,5136-RGMZO,Yes,Yes,DSL,No,Yes,No,Yes,Yes,No
17714,5138-WVKYJ,Yes,Yes,Fiber optic,Yes,No,No,No,Yes,Yes
17715,5140-FOMCQ,Yes,Yes,Fiber optic,Yes,Yes,Yes,No,Yes,Yes
17716,5141-ZUVBH,Yes,No,Fiber optic,Yes,No,Yes,Yes,No,Yes
17717,5143-EGQFK,No,No phone service,DSL,No,No,No,Yes,No,No
17718,5143-WMWOG,Yes,No,No,No internet service,No internet service,No internet service,No internet service,No internet service,No internet service
17719,5144-PQCDZ,Yes,No,No,No internet service,No internet service,No internet service,No internet service,No internet service,No internet service
17720,5144-TVGLP,Yes,Yes,Fiber optic,No,No,No,No,Yes,Yes
17721,5146-CBVOE,Yes,No,Fiber optic,No,Yes,No,No,No,No
17722,5146-YYFRZ,Yes,No,No,No internet service,No internet service,No internet service,No internet service,No internet service,No internet service
17723,5148-HKFIR,Yes,No,No,No internet service,No internet service,No internet service,No internet service,No internet service,No internet service
17724,5148-ORICT,Yes,No,DSL,Yes,Yes,Yes,Yes,No,Yes
17725,5149-CUZUJ,Yes,No,Fiber optic,No,Yes,Yes,Yes,Yes,No
17726,5149-QYTTU,Yes,Yes,Fiber optic,Yes,Yes,Yes,Yes,No,No
17727,5149-TGWDZ,Yes,No,Fiber optic,No,Yes,Yes,Yes,Yes,Yes
17728,5150-ITWWB,Yes,Yes,Fiber optic,No,No,No,No,Yes,Yes
17729,5150-LJNSR,Yes,Yes,Fiber optic,Yes,No,Yes,No,Yes,No
17730,5151-HQRDG,Yes,Yes,DSL,Yes,No,No,No,No,No
17731,5153-LXKDT,Yes,Yes,Fiber optic,Yes,Yes,Yes,No,Yes,Yes
17732,5153-RTHKF,Yes,Yes,Fiber optic,No,No,No,No,Yes,No
17733,5154-VEKBL,No,No phone service,DSL,Yes,No,Yes,Yes,Yes,Yes
17734,5155-AZQPB,Yes,Yes,DSL,No,No,No,No,No,No
17735,5156-UMKOW,No,No phone service,DSL,No,Yes,No,No,No,No
17736,5158-RIVOP,Yes,No,No,No internet service,No internet service,No internet service,No internet service,No internet service,No internet service
17737,5159-YFPKQ,Yes,No,Fiber optic,No,No,Yes,No,No,No
17738,5160-UXJED,Yes,No,DSL,No,No,No,No,No,No
17739,5161-UBZXI,Yes,No,Fiber optic,Yes,Yes,No,Yes,Yes,Yes
17740,5161-XEUVX,Yes,Yes,Fiber optic,No,No,Yes,Yes,Yes,No
17741,5167-GBFRE,No,No phone service,DSL,No,No,No,No,No,No
17742,5167-ZFFMM,Yes,Yes,Fiber optic,No,Yes,No,No,No,Yes
17743,5168-MQQCA,Yes,Yes,Fiber optic,No,Yes,Yes,Yes,Yes,Yes
17744,5168-MSWXT,Yes,No,Fiber optic,No,No,Yes,No,Yes,Yes
17745,5170-PTRKA,No,No phone service,DSL,Yes,No,No,Yes,No,No
17746,5171-EPLKN,Yes,No,No,No internet service,No internet service,No internet service,No internet service,No internet service,No internet service
17747,5172-MIGPM,Yes,Yes,DSL,No,No,No,Yes,No,Yes
17748,5172-RKOCB,Yes,Yes,Fiber optic,Yes,Yes,No,Yes,Yes,Yes
17749,5173-WXOQV,Yes,No,DSL,No,Yes,No,Yes,No,Yes
17750,5173-ZXXXL,Yes,No,No,No internet service,No internet service,No internet service,No internet service,No internet service,No internet service
17751,5174-ITUMV,Yes,Yes,Fiber optic,No,Yes,Yes,No,Yes,Yes
17752,5174-RNGBH,Yes,No,DSL,No,Yes,No,Yes,Yes,No
17753,5175-AOBHI,Yes,No,DSL,No,No,No,No,No,No
17754,5175-WLYXL,Yes,Yes,Fiber optic,No,Yes,No,No,No,No
17755,5176-LDKUH,Yes,No,Fiber optic,No,Yes,No,No,No,No
17756,5176-LMJXE,Yes,No,No,No internet service,No internet service,No internet service,No internet service,No internet service,No internet service
17757,5176-OLSKT,Yes,Yes,DSL,Yes,Yes,Yes,No,No,No
17758,5177-RVZNU,Yes,No,No,No internet service,No internet service,No internet service,No internet service,No internet service,No internet service
17759,5178-LMXOP,Yes,Yes,Fiber optic,No,No,No,No,Yes,Yes
17760,5180-UCIIQ,No,No phone service,DSL,Yes,No,No,No,No,Yes
17761,5181-OABFK,Yes,No,DSL,Yes,Yes,Yes,No,No,No
17762,5183-KLYEM,Yes,Yes,Fiber optic,Yes,Yes,Yes,Yes,Yes,Yes
17763,5183-SNMJQ,Yes,No,Fiber optic,No,No,No,Yes,Yes,Yes
17764,5186-EJEGL,Yes,No,DSL,Yes,No,Yes,Yes,Yes,No
17765,5186-PEIZU,Yes,No,No,No internet service,No internet service,No internet service,No internet service,No internet service,No internet service
17766,5186-SAMNZ,Yes,No,Fiber optic,No,No,No,No,No,No
17767,5188-HGMLP,Yes,Yes,Fiber optic,No,No,No,No,No,No
17768,5192-EBGOV,Yes,Yes,Fiber optic,No,No,No,No,Yes,No
17769,5193-QLVZB,Yes,Yes,Fiber optic,No,Yes,Yes,No,Yes,Yes
17770,5195-KPUNQ,Yes,No,Fiber optic,Yes,Yes,No,Yes,No,Yes
17771,5196-SGOAK,Yes,No,Fiber optic,No,Yes,No,No,No,No
17772,5196-WPYOW,Yes,No,DSL,Yes,Yes,No,Yes,No,No
17773,5197-LQXXH,Yes,Yes,DSL,No,Yes,Yes,Yes,Yes,Yes
17774,5197-PYEPU,Yes,Yes,Fiber optic,Yes,Yes,No,No,Yes,No
17775,5197-YPYBZ,Yes,Yes,No,No internet service,No internet service,No internet service,No internet service,No internet service,No internet service
17776,5198-EFNBM,Yes,No,Fiber optic,No,Yes,Yes,No,Yes,No
17777,5198-HQAEN,Yes,No,Fiber optic,No,Yes,No,Yes,Yes,No
17778,5199-FPUSP,No,No phone service,DSL,Yes,No,No,Yes,No,No
17779,5201-CBWYG,Yes,Yes,No,No internet service,No internet service,No internet service,No internet service,No internet service,No internet service
17780,5201-FRKKS,Yes,No,Fiber optic,Yes,No,No,No,No,No
17781,5201-USSQZ,Yes,No,Fiber optic,No,No,No,Yes,No,Yes
17782,5202-IVJNU,No,No phone service,DSL,No,No,Yes,No,No,No
17783,5203-XEHAX,Yes,No,DSL,Yes,Yes,No,No,No,Yes
17784,5204-HMGYF,Yes,No,DSL,Yes,Yes,Yes,Yes,Yes,Yes
17785,5204-QZXPU,No,No phone service,DSL,No,No,Yes,No,Yes,No
17786,5206-HPJKM,Yes,No,DSL,Yes,Yes,No,No,No,No
17787,5206-XZZQI,Yes,No,Fiber optic,No,Yes,No,Yes,No,No
17788,5207-PLSTK,Yes,No,DSL,Yes,No,No,No,No,No
17789,5208-FVQKB,Yes,No,DSL,Yes,Yes,No,Yes,No,Yes
17790,5208-HFSBT,Yes,No,DSL,No,Yes,No,Yes,No,No
17791,5213-TWWJU,Yes,No,Fiber optic,No,No,Yes,Yes,No,Yes
17792,5214-CHIWJ,Yes,No,No,No internet service,No internet service,No internet service,No internet service,No internet service,No internet service
17793,5214-NLTIT,Yes,Yes,Fiber optic,No,No,Yes,No,No,Yes
17794,5215-LNLDJ,No,No phone service,DSL,No,No,No,No,No,No
17795,5216-WASFJ,Yes,Yes,Fiber optic,No,No,No,No,No,Yes
17796,5219-YIPTK,Yes,Yes,Fiber optic,No,Yes,Yes,No,Yes,Yes
17797,5220-AGAAX,Yes,Yes,No,No internet service,No internet service,No internet service,No internet service,No internet service,No internet service
17798,5222-IMUKT,Yes,No,Fiber optic,No,No,No,No,Yes,Yes
17799,5222-JCXZT,Yes,No,No,No internet service,No internet service,No internet service,No internet service,No internet service,No internet service
17800,5223-UZAVK,Yes,No,Fiber optic,Yes,Yes,No,No,Yes,Yes
17801,5226-NOZFC,Yes,No,Fiber optic,No,Yes,No,No,Yes,No
17802,5227-JSCFE,No,No phone service,DSL,Yes,Yes,Yes,Yes,No,No
17803,5228-EXCET,Yes,No,Fiber optic,No,No,No,No,No,Yes
17804,5229-DTFYB,Yes,No,Fiber optic,No,Yes,No,Yes,Yes,Yes
17805,5229-PRWKT,Yes,Yes,Fiber optic,No,No,No,No,No,Yes
17806,5231-FIQPA,Yes,No,No,No internet service,No internet service,No internet service,No internet service,No internet service,No internet service
17807,5232-NXPAY,Yes,No,DSL,No,No,Yes,Yes,Yes,Yes
17808,5233-AOZUF,Yes,Yes,Fiber optic,No,No,No,No,No,No
17809,5233-GEEAX,No,No phone service,DSL,No,No,Yes,No,No,No
17810,5236-PERKL,Yes,Yes,Fiber optic,Yes,Yes,Yes,No,Yes,Yes
17811,5236-XMZJY,Yes,No,DSL,Yes,Yes,Yes,No,No,No
17812,5240-CAOYT,Yes,Yes,Fiber optic,Yes,Yes,No,Yes,No,No
17813,5240-IJOQT,Yes,Yes,Fiber optic,No,No,No,No,No,No
17814,5242-UOWHD,Yes,No,No,No internet service,No internet service,No internet service,No internet service,No internet service,No internet service
17815,5243-SAOTC,Yes,Yes,Fiber optic,No,Yes,No,No,No,No
17816,5244-IRFIH,Yes,Yes,Fiber optic,No,No,No,No,Yes,Yes
17817,5245-VDBUR,No,No phone service,DSL,Yes,No,Yes,No,No,No
17818,5248-KWLAR,Yes,Yes,DSL,Yes,Yes,Yes,Yes,Yes,Yes
17819,5248-RPYWW,Yes,Yes,DSL,Yes,Yes,Yes,Yes,Yes,Yes
17820,5248-YGIJN,Yes,Yes,DSL,Yes,Yes,Yes,Yes,Yes,Yes
17821,5249-QYHEX,Yes,Yes,No,No internet service,No internet service,No internet service,No internet service,No internet service,No internet service
17822,5256-SKJGO,No,No phone service,DSL,No,Yes,No,Yes,Yes,Yes
17823,5260-UMPWX,Yes,No,No,No internet service,No internet service,No internet service,No internet service,No internet service,No internet service
17824,5261-QSHQM,No,No phone service,DSL,No,No,No,No,No,No
17825,5266-PFRQK,Yes,No,No,No internet service,No internet service,No internet service,No internet service,No internet service,No internet service
17826,5268-DSMNQ,Yes,Yes,Fiber optic,No,Yes,Yes,No,Yes,No
17827,5269-NRGDP,Yes,No,DSL,No,No,Yes,Yes,Yes,Yes
17828,5271-DBYSJ,Yes,No,Fiber optic,No,No,No,No,No,Yes
17829,5271-YNWVR,Yes,Yes,Fiber optic,Yes,Yes,Yes,Yes,Yes,Yes
17830,5274-XHAKY,Yes,Yes,Fiber optic,Yes,Yes,No,No,Yes,No
17831,5275-PMFUT,No,No phone service,DSL,Yes,Yes,Yes,Yes,Yes,Yes
17832,5275-SQEIZ,Yes,No,Fiber optic,No,No,No,No,No,Yes
17833,5276-KQWHG,Yes,No,Fiber optic,No,No,No,No,No,No
17834,5277-ZLOOR,Yes,Yes,Fiber optic,No,No,No,No,Yes,No
17835,5278-PNYOX,Yes,No,Fiber optic,No,No,Yes,Yes,Yes,Yes
17836,5281-BUZGT,Yes,Yes,Fiber optic,Yes,No,No,No,Yes,No
17837,5285-MVEHD,Yes,No,Fiber optic,Yes,Yes,Yes,No,Yes,Yes
17838,5286-YHCVC,Yes,Yes,Fiber optic,No,Yes,Yes,No,Yes,Yes
17839,5287-QWLKY,Yes,Yes,Fiber optic,Yes,Yes,No,No,Yes,Yes
17840,5288-AHOUP,Yes,No,Fiber optic,No,No,No,No,No,Yes
17841,5293-WXJAK,Yes,Yes,Fiber optic,No,No,Yes,Yes,Yes,Yes
17842,5294-CDGWY,No,No phone service,DSL,Yes,Yes,Yes,No,Yes,Yes
17843,5294-DMSFH,Yes,No,Fiber optic,No,No,No,No,Yes,Yes
17844,5294-IMHHT,Yes,Yes,Fiber optic,No,Yes,No,Yes,No,Yes
17845,5295-PCJOO,Yes,No,DSL,Yes,No,No,No,No,No
17846,5296-BFCYD,Yes,No,No,No internet service,No internet service,No internet service,No internet service,No internet service,No internet service
17847,5296-PSYVW,Yes,Yes,No,No internet service,No internet service,No internet service,No internet service,No internet service,No internet service
17848,5297-MDOIR,Yes,No,Fiber optic,Yes,No,Yes,No,No,No
17849,5298-GSTLM,Yes,Yes,Fiber optic,Yes,No,No,No,Yes,Yes
17850,5299-RULOA,Yes,Yes,Fiber optic,Yes,No,No,No,Yes,Yes
17851,5299-SJCZT,Yes,Yes,Fiber optic,No,No,Yes,No,Yes,Yes
17852,5301-GAUUY,Yes,Yes,Fiber optic,No,Yes,No,No,No,No
17853,5302-BDJNT,Yes,Yes,Fiber optic,No,No,Yes,Yes,Yes,No
17854,5304-EFJLP,Yes,Yes,Fiber optic,No,Yes,Yes,Yes,Yes,Yes
17855,5306-BVTKJ,Yes,No,DSL,No,Yes,Yes,No,No,No
17856,5307-DZCVC,Yes,Yes,Fiber optic,No,No,No,No,Yes,No
17857,5307-UVGNB,No,No phone service,DSL,Yes,Yes,Yes,No,No,Yes
17858,5309-TAIKL,Yes,No,DSL,No,No,Yes,Yes,No,Yes
17859,5310-NOOVA,Yes,No,No,No internet service,No internet service,No internet service,No internet service,No internet service,No internet service
17860,5311-IHLEI,No,No phone service,DSL,Yes,Yes,No,Yes,Yes,No
17861,5312-IRCFR,Yes,Yes,Fiber optic,No,Yes,Yes,No,No,Yes
17862,5312-TSZVC,Yes,No,No,No internet service,No internet service,No internet service,No internet service,No internet service,No internet service
17863,5312-UXESG,Yes,Yes,Fiber optic,No,No,Yes,No,Yes,Yes
17864,5313-FPXWG,Yes,Yes,No,No internet service,No internet service,No internet service,No internet service,No internet service,No internet service
17865,5315-CKEQK,Yes,Yes,DSL,No,No,No,No,No,No
17866,5317-FLPJF,No,No phone service,DSL,Yes,No,Yes,Yes,Yes,Yes
17867,5318-IXUZF,Yes,No,Fiber optic,No,Yes,No,No,Yes,No
17868,5318-YKDPV,Yes,No,DSL,Yes,No,Yes,Yes,Yes,Yes
17869,5320-BRKGK,Yes,Yes,DSL,Yes,No,Yes,Yes,Yes,No
17870,5321-NTRKC,Yes,Yes,DSL,No,Yes,Yes,No,Yes,Yes
17871,5322-TEUJK,Yes,Yes,Fiber optic,Yes,Yes,Yes,Yes,Yes,Yes
17872,5322-ZSMZY,Yes,Yes,No,No internet service,No internet service,No internet service,No internet service,No internet service,No internet service
17873,5324-KTGCG,Yes,No,No,No internet service,No internet service,No internet service,No internet service,No internet service,No internet service
17874,5325-UWTWJ,Yes,Yes,Fiber optic,Yes,Yes,No,Yes,No,No
17875,5327-CNLUQ,Yes,Yes,Fiber optic,Yes,Yes,Yes,No,Yes,No
17876,5327-XOKKY,Yes,Yes,DSL,No,No,Yes,No,Yes,Yes
17877,5329-KRDTM,Yes,Yes,DSL,No,Yes,Yes,Yes,Yes,No
17878,5331-RGMTT,Yes,Yes,Fiber optic,No,No,Yes,No,Yes,Yes
17879,5334-AFQJB,Yes,Yes,No,No internet service,No internet service,No internet service,No internet service,No internet service,No internet service
17880,5334-JLAXU,Yes,Yes,Fiber optic,Yes,Yes,No,No,No,Yes
17881,5336-UFNZP,Yes,Yes,Fiber optic,No,Yes,Yes,No,Yes,Yes
17882,5337-IIWKZ,No,No phone service,DSL,No,No,Yes,Yes,Yes,No
17883,5338-YHWYT,Yes,No,DSL,Yes,Yes,No,Yes,No,No
17884,5339-PXDVH,Yes,Yes,Fiber optic,Yes,No,No,No,Yes,No
17885,5339-TJFEK,Yes,Yes,Fiber optic,Yes,Yes,No,No,Yes,Yes
17886,5343-SGUBI,Yes,Yes,Fiber optic,No,Yes,No,No,No,No
17887,5345-BMKWB,Yes,No,No,No internet service,No internet service,No internet service,No internet service,No internet service,No internet service
17888,5346-BZCHP,Yes,No,No,No internet service,No internet service,No internet service,No internet service,No internet service,No internet service
17889,5348-CAGXB,Yes,Yes,Fiber optic,No,No,Yes,No,Yes,No
17890,5349-AZPEW,No,No phone service,DSL,No,No,No,No,No,No
17891,5349-IECLD,Yes,No,Fiber optic,No,No,Yes,No,Yes,Yes
17892,5351-QESIO,No,No phone service,DSL,No,No,No,No,No,No
17893,5353-WILCI,Yes,No,DSL,Yes,Yes,No,No,No,No
17894,5356-CSVSQ,Yes,Yes,DSL,No,No,No,Yes,Yes,No
17895,5356-KZCKT,Yes,Yes,No,No internet service,No internet service,No internet service,No internet service,No internet service,No internet service
17896,5356-RHIPP,Yes,No,No,No internet service,No internet service,No internet service,No internet service,No internet service,No internet service
17897,5357-TZHPP,Yes,Yes,Fiber optic,No,No,No,No,No,Yes
17898,5360-LJCNJ,Yes,Yes,Fiber optic,No,Yes,Yes,No,Yes,Yes
17899,5360-XGYAZ,No,No phone service,DSL,Yes,Yes,Yes,Yes,Yes,Yes
17900,5364-EVNIB,Yes,No,Fiber optic,No,Yes,Yes,No,No,No
17901,5364-XYIRR,Yes,Yes,Fiber optic,No,No,No,No,Yes,Yes
17902,5365-LLFYV,Yes,No,DSL,No,No,No,No,No,No
17903,5366-IJEQJ,Yes,Yes,Fiber optic,No,No,Yes,No,Yes,No
17904,5366-OBVMR,Yes,No,DSL,No,No,No,Yes,No,No
17905,5370-IIVVL,Yes,Yes,Fiber optic,No,Yes,No,Yes,Yes,Yes
17906,5371-VYLSX,Yes,Yes,Fiber optic,Yes,Yes,No,No,No,No
17907,5372-FBKBN,Yes,No,No,No internet service,No internet service,No internet service,No internet service,No internet service,No internet service
17908,5373-SFODM,Yes,Yes,Fiber optic,No,No,No,No,No,Yes
17909,5375-XLDOF,Yes,Yes,Fiber optic,Yes,Yes,Yes,Yes,Yes,Yes
17910,5376-DEQCP,Yes,No,Fiber optic,No,No,No,No,No,No
17911,5376-PCKNB,Yes,Yes,Fiber optic,No,Yes,Yes,No,Yes,Yes
17912,5377-NDTOU,Yes,Yes,DSL,Yes,Yes,Yes,Yes,Yes,Yes
17913,5378-IKEEG,No,No phone service,DSL,No,No,No,No,Yes,No
17914,5380-AFSSK,Yes,Yes,Fiber optic,No,No,No,No,Yes,Yes
17915,5380-WJKOV,Yes,Yes,Fiber optic,No,Yes,Yes,No,Yes,Yes
17916,5380-XPJNZ,Yes,No,No,No internet service,No internet service,No internet service,No internet service,No internet service,No internet service
17917,5382-SOYZL,Yes,Yes,Fiber optic,No,No,No,No,Yes,Yes
17918,5382-TEMLV,Yes,No,DSL,Yes,No,No,No,No,No
17919,5383-MMTWC,Yes,Yes,Fiber optic,No,No,No,No,No,Yes
17920,5384-ZTTWP,Yes,No,No,No internet service,No internet service,No internet service,No internet service,No internet service,No internet service
17921,5385-SUIRI,Yes,Yes,Fiber optic,Yes,No,Yes,No,Yes,Yes
17922,5386-THSLQ,No,No phone service,DSL,No,Yes,Yes,No,Yes,No
17923,5387-ASZNZ,Yes,Yes,DSL,Yes,Yes,No,Yes,No,No
17924,5389-FFVKB,Yes,No,Fiber optic,No,No,No,No,No,Yes
17925,5392-AKEMH,Yes,No,DSL,No,No,No,No,No,No
17926,5393-HJZSM,Yes,No,DSL,Yes,Yes,Yes,Yes,No,Yes
17927,5393-RXQSZ,Yes,No,Fiber optic,No,No,No,No,No,Yes
17928,5394-MEITZ,Yes,No,DSL,No,Yes,Yes,Yes,Yes,Yes
17929,5394-SVGJV,Yes,Yes,Fiber optic,No,No,No,Yes,Yes,Yes
17930,5396-IZEPB,Yes,No,No,No internet service,No internet service,No internet service,No internet service,No internet service,No internet service
17931,5397-NSKQG,No,No phone service,DSL,Yes,No,No,No,Yes,Yes
17932,5397-TUPSH,Yes,No,Fiber optic,No,No,No,No,No,No
17933,5399-ZIMKF,Yes,No,Fiber optic,No,Yes,No,No,No,No
17934,5402-HTOTQ,Yes,Yes,DSL,No,Yes,No,No,No,No
17935,5404-GGUKR,Yes,No,DSL,No,Yes,No,No,No,No
17936,5405-ZMYXQ,Yes,Yes,Fiber optic,No,No,No,No,No,No
17937,5406-KGRMX,Yes,Yes,No,No internet service,No internet service,No internet service,No internet service,No internet service,No internet service
17938,5414-OFQCB,Yes,Yes,Fiber optic,No,No,No,Yes,Yes,No
17939,5419-CONWX,Yes,No,Fiber optic,No,Yes,Yes,No,Yes,Yes
17940,5419-JKZNQ,Yes,Yes,Fiber optic,No,No,No,No,No,No
17941,5419-JPRRN,Yes,Yes,Fiber optic,No,No,Yes,No,Yes,Yes
17942,5419-KLXBN,Yes,No,Fiber optic,No,Yes,Yes,No,Yes,No
17943,5423-BHIXO,Yes,Yes,DSL,No,Yes,No,No,No,No
17944,5424-RLQLC,Yes,No,DSL,No,Yes,No,No,Yes,No
17945,5429-LWCMV,Yes,Yes,Fiber optic,No,Yes,No,No,No,Yes
17946,5433-KYGHE,Yes,Yes,Fiber optic,Yes,No,No,Yes,No,No
17947,5438-QMDDL,Yes,No,DSL,No,Yes,No,No,No,Yes
17948,5439-WIKXB,Yes,No,Fiber optic,No,Yes,No,No,Yes,Yes
17949,5440-FLBQG,Yes,Yes,Fiber optic,No,Yes,Yes,Yes,Yes,Yes
17950,5440-VHLUL,Yes,Yes,Fiber optic,No,Yes,No,Yes,Yes,Yes
17951,5442-BHQNG,Yes,No,Fiber optic,No,No,No,No,No,No
17952,5442-BXVND,Yes,Yes,No,No internet service,No internet service,No internet service,No internet service,No internet service,No internet service
17953,5442-PPTJY,Yes,No,No,No internet service,No internet service,No internet service,No internet service,No internet service,No internet service
17954,5442-UTCVD,Yes,Yes,Fiber optic,No,No,Yes,No,No,Yes
17955,5442-XSDCW,Yes,No,Fiber optic,No,No,No,No,Yes,No
17956,5443-SCMKX,Yes,Yes,Fiber optic,No,Yes,Yes,No,No,Yes
17957,5445-GLVOT,Yes,No,DSL,Yes,No,No,No,No,No
17958,5445-PZWGX,Yes,Yes,Fiber optic,Yes,Yes,No,Yes,No,Yes
17959,5445-UTODQ,Yes,No,Fiber optic,No,No,No,No,Yes,No
17960,5446-DKWYW,Yes,Yes,DSL,No,No,Yes,No,Yes,No
17961,5447-VYTKW,Yes,No,DSL,Yes,No,No,Yes,No,No
17962,5447-WZAFP,Yes,No,Fiber optic,No,Yes,Yes,No,Yes,Yes
17963,5448-VWNAM,Yes,Yes,DSL,Yes,Yes,No,Yes,Yes,No
17964,5449-FIBXJ,Yes,Yes,Fiber optic,No,No,Yes,Yes,Yes,Yes
17965,5451-MHQOF,Yes,Yes,No,No internet service,No internet service,No internet service,No internet service,No internet service,No internet service
17966,5451-YHYPW,Yes,Yes,Fiber optic,Yes,Yes,Yes,Yes,Yes,Yes
17967,5453-AXEPF,Yes,Yes,Fiber optic,No,Yes,No,No,No,No
17968,5453-YBTWV,Yes,No,Fiber optic,Yes,Yes,Yes,Yes,Yes,No
17969,5456-ITGIC,No,No phone service,DSL,Yes,Yes,Yes,Yes,Yes,Yes
17970,5457-COLHT,Yes,No,DSL,Yes,Yes,No,Yes,Yes,Yes
17971,5458-CQJTA,Yes,No,DSL,Yes,No,No,Yes,Yes,Yes
17972,5461-QKNTN,Yes,Yes,Fiber optic,No,Yes,No,Yes,Yes,No
17973,5465-BUBFA,Yes,No,No,No internet service,No internet service,No internet service,No internet service,No internet service,No internet service
17974,5468-BPMMO,Yes,No,No,No internet service,No internet service,No internet service,No internet service,No internet service,No internet service
17975,5469-CTCWN,Yes,Yes,Fiber optic,Yes,Yes,No,No,Yes,Yes
17976,5469-NUJUR,Yes,No,No,No internet service,No internet service,No internet service,No internet service,No internet service,No internet service
17977,5472-CVMDX,No,No phone service,DSL,Yes,No,Yes,Yes,No,No
17978,5473-KHBPS,Yes,Yes,Fiber optic,No,Yes,Yes,No,Yes,No
17979,5474-LAMUQ,Yes,No,No,No internet service,No internet service,No internet service,No internet service,No internet service,No internet service
17980,5478-JJVZK,Yes,Yes,DSL,Yes,Yes,No,No,No,No
17981,5480-HPRRX,No,No phone service,DSL,No,No,No,No,No,No
17982,5480-TBGPH,Yes,No,Fiber optic,No,Yes,Yes,No,Yes,Yes
17983,5480-XTFFL,Yes,No,No,No internet service,No internet service,No internet service,No internet service,No internet service,No internet service
17984,5481-NTDOH,Yes,Yes,Fiber optic,Yes,No,Yes,No,Yes,Yes
17985,5482-NUPNA,Yes,No,DSL,Yes,Yes,No,Yes,No,No
17986,5482-PLVPE,No,No phone service,DSL,No,No,No,No,No,No
17987,5482-VXSXJ,Yes,No,Fiber optic,No,Yes,No,No,Yes,Yes
17988,5485-ITNPC,Yes,No,DSL,Yes,Yes,Yes,Yes,Yes,Yes
17989,5485-WUYWF,Yes,No,DSL,Yes,No,Yes,No,Yes,No
17990,5493-SDRDQ,Yes,No,DSL,Yes,No,Yes,No,No,No
17991,5494-HECPR,Yes,No,Fiber optic,No,No,No,No,Yes,No
17992,5494-WOZRZ,Yes,No,DSL,Yes,No,Yes,Yes,Yes,Yes
17993,5495-GPSRW,Yes,No,No,No internet service,No internet service,No internet service,No internet service,No internet service,No internet service
17994,5498-IBWPI,Yes,No,DSL,No,No,No,Yes,No,No
17995,5498-TXHLF,Yes,Yes,Fiber optic,No,No,Yes,No,Yes,No
17996,5499-ECUTN,Yes,No,DSL,Yes,No,Yes,No,Yes,No
17997,5501-TVMGM,Yes,No,DSL,No,No,No,No,No,Yes
17998,5502-RLUYV,Yes,Yes,Fiber optic,No,Yes,Yes,No,Yes,Yes
17999,5504-WSIUR,Yes,Yes,Fiber optic,No,Yes,Yes,Yes,No,No
18000,5505-OVWQW,Yes,No,No,No internet service,No internet service,No internet service,No internet service,No internet service,No internet service
18001,5510-BOIUJ,Yes,No,No,No internet service,No internet service,No internet service,No internet service,No internet service,No internet service
18002,5512-IDZEI,Yes,Yes,No,No internet service,No internet service,No internet service,No internet service,No internet service,No internet service
18003,5514-YQENT,Yes,No,Fiber optic,Yes,Yes,Yes,Yes,Yes,Yes
18004,5515-AKOAJ,Yes,Yes,Fiber optic,No,No,No,Yes,Yes,Yes
18005,5515-IDEJJ,Yes,No,No,No internet service,No internet service,No internet service,No internet service,No internet service,No internet service
18006,5515-RUGKN,Yes,No,DSL,No,No,No,No,No,Yes
18007,5519-NPHVG,Yes,Yes,Fiber optic,No,No,No,No,Yes,Yes
18008,5519-TEEUH,Yes,No,No,No internet service,No internet service,No internet service,No internet service,No internet service,No internet service
18009,5519-YLDGW,Yes,Yes,Fiber optic,Yes,No,Yes,No,Yes,Yes
18010,5520-FVEWJ,Yes,Yes,Fiber optic,No,Yes,Yes,No,No,No
18011,5522-JBWMO,Yes,No,DSL,No,No,No,No,No,No
18012,5522-NYKPB,Yes,No,Fiber optic,No,No,No,Yes,Yes,No
18013,5524-KHNJP,Yes,No,DSL,Yes,No,Yes,No,Yes,Yes
18014,5527-ACHSO,Yes,No,DSL,No,No,No,Yes,Yes,Yes
18015,5529-GIBVH,Yes,No,No,No internet service,No internet service,No internet service,No internet service,No internet service,No internet service
18016,5533-NHFRF,No,No phone service,DSL,No,Yes,No,Yes,No,Yes
18017,5533-RJFTJ,No,No phone service,DSL,No,No,Yes,No,No,No
18018,5536-RTPWK,Yes,Yes,Fiber optic,No,Yes,No,No,Yes,Yes
18019,5536-SLHPM,Yes,Yes,Fiber optic,No,No,Yes,No,No,No
18020,5537-UXXVS,Yes,No,No,No internet service,No internet service,No internet service,No internet service,No internet service,No internet service
18021,5539-HIVAK,Yes,Yes,No,No internet service,No internet service,No internet service,No internet service,No internet service,No internet service
18022,5539-TMZLF,Yes,No,Fiber optic,No,No,No,No,No,No
18023,5542-DHSXL,Yes,No,DSL,Yes,Yes,No,No,No,No
18024,5542-NKVRU,Yes,No,No,No internet service,No internet service,No internet service,No internet service,No internet service,No internet service
18025,5542-TBBWB,Yes,No,Fiber optic,No,No,No,No,No,No
18026,5543-QDCRY,Yes,No,DSL,No,No,No,No,Yes,No
18027,5546-BYZSM,Yes,No,No,No internet service,No internet service,No internet service,No internet service,No internet service,No internet service
18028,5546-QUERU,Yes,No,No,No internet service,No internet service,No internet service,No internet service,No internet service,No internet service
18029,5549-ZGHFB,Yes,Yes,No,No internet service,No internet service,No internet service,No internet service,No internet service,No internet service
18030,5550-VFRLC,Yes,No,Fiber optic,No,No,No,No,No,No
18031,5552-ZNFSJ,Yes,No,DSL,No,No,No,No,No,No
18032,5553-AOINX,Yes,Yes,Fiber optic,No,Yes,Yes,No,Yes,Yes
18033,5555-RNPGT,Yes,Yes,No,No internet service,No internet service,No internet service,No internet service,No internet service,No internet service
18034,5561-NWEVX,Yes,Yes,Fiber optic,No,No,Yes,No,No,No
18035,5562-BETPV,Yes,No,No,No internet service,No internet service,No internet service,No internet service,No internet service,No internet service
18036,5562-YJQGT,Yes,No,No,No internet service,No internet service,No internet service,No internet service,No internet service,No internet service
18037,5564-NEMQO,Yes,No,Fiber optic,No,No,Yes,No,No,No
18038,5565-FILXA,Yes,Yes,Fiber optic,No,No,No,No,Yes,Yes
18039,5566-SOEZD,Yes,No,Fiber optic,Yes,Yes,No,No,No,No
18040,5567-GZKQY,Yes,No,No,No internet service,No internet service,No internet service,No internet service,No internet service,No internet service
18041,5567-WSELE,Yes,Yes,Fiber optic,No,No,No,No,Yes,Yes
18042,5568-DMXZS,Yes,No,DSL,No,Yes,No,Yes,Yes,No
18043,5569-IDSEY,Yes,Yes,Fiber optic,No,Yes,Yes,No,Yes,Yes
18044,5569-KGJHX,Yes,Yes,Fiber optic,No,No,No,No,Yes,No
18045,5569-OUICF,Yes,Yes,Fiber optic,No,No,No,Yes,Yes,Yes
18046,5570-PTWEH,Yes,Yes,Fiber optic,No,No,No,No,No,No
18047,5572-ZDXHY,Yes,No,Fiber optic,No,Yes,No,No,No,Yes
18048,5574-NXZIU,Yes,No,Fiber optic,Yes,Yes,Yes,Yes,Yes,Yes
18049,5575-GNVDE,Yes,No,DSL,Yes,No,Yes,No,No,No
18050,5575-TPIZQ,Yes,Yes,Fiber optic,Yes,No,No,No,Yes,No
18051,5577-OTWWW,Yes,No,No,No internet service,No internet service,No internet service,No internet service,No internet service,No internet service
18052,5578-NKCXI,Yes,No,Fiber optic,Yes,Yes,No,No,Yes,Yes
18053,5583-EJXRD,No,No phone service,DSL,Yes,Yes,Yes,Yes,No,Yes
18054,5583-SXDAG,Yes,No,Fiber optic,No,No,No,No,No,No
18055,5590-BYNII,Yes,Yes,Fiber optic,Yes,No,No,No,Yes,Yes
18056,5590-YRFJT,No,No phone service,DSL,No,No,No,No,No,No
18057,5590-ZSKRV,Yes,No,DSL,Yes,Yes,No,No,No,No
18058,5593-SUAOO,Yes,Yes,Fiber optic,No,Yes,Yes,No,No,No
18059,5597-GLBUC,Yes,No,Fiber optic,No,No,Yes,No,Yes,No
18060,5598-IKHQQ,Yes,Yes,No,No internet service,No internet service,No internet service,No internet service,No internet service,No internet service
18061,5599-HVLTW,Yes,Yes,Fiber optic,No,No,Yes,No,No,No
18062,5600-KTXFM,Yes,No,Fiber optic,No,No,No,No,No,No
18063,5600-PDUJF,Yes,No,DSL,No,No,No,Yes,No,No
18064,5602-BVFMK,Yes,No,No,No internet service,No internet service,No internet service,No internet service,No internet service,No internet service
18065,5605-IYGFG,Yes,No,Fiber optic,No,No,No,No,No,No
18066,5605-XNWEN,Yes,Yes,No,No internet service,No internet service,No internet service,No internet service,No internet service,No internet service
18067,5606-AMZBO,Yes,Yes,Fiber optic,Yes,No,No,No,No,No
18068,5609-CEBID,Yes,Yes,Fiber optic,No,Yes,Yes,No,No,Yes
18069,5609-IMCGG,Yes,Yes,Fiber optic,Yes,No,Yes,No,No,No
18070,5614-DNZCE,Yes,No,DSL,Yes,Yes,Yes,Yes,No,No
18071,5616-PRTNT,Yes,No,No,No internet service,No internet service,No internet service,No internet service,No internet service,No internet service
18072,5619-PTMIK,Yes,Yes,DSL,Yes,No,No,No,No,No
18073,5619-XZZKR,Yes,No,No,No internet service,No internet service,No internet service,No internet service,No internet service,No internet service
18074,5622-UEJFI,Yes,Yes,No,No internet service,No internet service,No internet service,No internet service,No internet service,No internet service
18075,5624-BQSSA,Yes,No,No,No internet service,No internet service,No internet service,No internet service,No internet service,No internet service
18076,5624-RYAMH,Yes,No,No,No internet service,No internet service,No internet service,No internet service,No internet service,No internet service
18077,5626-MGTUK,Yes,Yes,Fiber optic,Yes,No,No,No,Yes,No
18078,5627-TVBPP,Yes,No,No,No internet service,No internet service,No internet service,No internet service,No internet service,No internet service
18079,5628-FCGYG,Yes,Yes,Fiber optic,No,No,No,No,No,Yes
18080,5628-RKIFK,Yes,Yes,Fiber optic,Yes,No,No,No,Yes,Yes
18081,5630-AHZIL,Yes,No,DSL,Yes,No,No,Yes,No,Yes
18082,5630-IXDXV,Yes,Yes,Fiber optic,No,Yes,Yes,No,Yes,Yes
18083,5639-NTUPK,Yes,No,DSL,Yes,No,No,No,No,No
18084,5640-CAXOA,No,No phone service,DSL,No,No,No,Yes,No,Yes
18085,5641-DMBFJ,Yes,Yes,DSL,Yes,No,Yes,Yes,Yes,Yes
18086,5642-MHDQT,Yes,No,No,No internet service,No internet service,No internet service,No internet service,No internet service,No internet service
18087,5644-PDMZC,Yes,Yes,Fiber optic,No,Yes,No,No,No,Yes
18088,5647-FXOTP,Yes,Yes,Fiber optic,No,Yes,Yes,No,Yes,Yes
18089,5647-URDKA,Yes,No,No,No internet service,No internet service,No internet service,No internet service,No internet service,No internet service
18090,5649-ANRML,Yes,No,Fiber optic,No,Yes,Yes,Yes,No,Yes
18091,5649-RXQTV,Yes,No,Fiber optic,No,Yes,Yes,No,Yes,Yes
18092,5649-TJHOV,No,No phone service,DSL,No,No,No,No,No,Yes
18093,5649-VUKMC,Yes,No,Fiber optic,No,No,Yes,No,Yes,Yes
18094,5650-VDUDS,No,No phone service,DSL,No,No,No,No,No,No
18095,5650-YLIBA,Yes,Yes,Fiber optic,No,Yes,No,No,No,No
18096,5651-CPDND,Yes,No,DSL,No,No,No,No,No,No
18097,5651-CRHKQ,Yes,No,Fiber optic,No,Yes,Yes,Yes,No,No
18098,5651-WYIPH,Yes,No,DSL,No,Yes,No,No,No,No
18099,5651-YLPRD,Yes,No,Fiber optic,No,Yes,No,No,Yes,No
18100,5652-MSDEY,Yes,Yes,Fiber optic,No,No,No,No,No,No
18101,5655-JSMZM,Yes,Yes,Fiber optic,No,No,No,No,Yes,Yes
18102,5656-JAMLX,Yes,No,No,No internet service,No internet service,No internet service,No internet service,No internet service,No internet service
18103,5656-MJEFC,No,No phone service,DSL,Yes,No,Yes,Yes,Yes,No
18104,5663-QBGIS,Yes,Yes,Fiber optic,No,Yes,No,No,Yes,Yes
18105,5666-CYCYZ,Yes,Yes,Fiber optic,No,No,No,Yes,No,Yes
18106,5666-MBJPT,Yes,Yes,No,No internet service,No internet service,No internet service,No internet service,No internet service,No internet service
18107,5668-MEISB,Yes,Yes,Fiber optic,Yes,Yes,Yes,Yes,Yes,No
18108,5669-SRAIP,No,No phone service,DSL,No,No,Yes,No,No,Yes
18109,5671-RQRLP,Yes,Yes,Fiber optic,No,No,No,No,No,No
18110,5671-UUNXD,Yes,Yes,Fiber optic,No,No,No,Yes,Yes,Yes
18111,5673-FSSMF,Yes,Yes,DSL,No,No,No,No,No,Yes
18112,5673-TIYIB,No,No phone service,DSL,No,Yes,Yes,Yes,No,No
18113,5676-CFLYY,Yes,No,DSL,No,Yes,No,Yes,Yes,Yes
18114,5678-VFNEQ,Yes,Yes,Fiber optic,Yes,No,Yes,No,Yes,Yes
18115,5680-LQOGP,Yes,No,DSL,Yes,Yes,Yes,Yes,Yes,Yes
18116,5681-LLOEI,Yes,Yes,Fiber optic,Yes,No,Yes,Yes,No,No
18117,5684-FJVYR,Yes,Yes,Fiber optic,Yes,Yes,No,Yes,No,No
18118,5685-IIXLY,Yes,No,Fiber optic,No,Yes,No,No,No,Yes
18119,5686-CMAWK,Yes,Yes,Fiber optic,No,No,Yes,Yes,No,No
18120,5687-DKDTV,Yes,No,No,No internet service,No internet service,No internet service,No internet service,No internet service,No internet service
18121,5688-KZTSN,Yes,No,No,No internet service,No internet service,No internet service,No internet service,No internet service,No internet service
18122,5692-FPTAH,Yes,No,DSL,No,No,No,No,No,No
18123,5692-ICXLW,Yes,Yes,Fiber optic,No,Yes,No,No,Yes,No
18124,5693-PIPCS,Yes,No,Fiber optic,No,Yes,No,Yes,Yes,Yes
18125,5696-CEIQJ,Yes,No,Fiber optic,No,Yes,Yes,Yes,Yes,Yes
18126,5696-EXCYS,Yes,No,No,No internet service,No internet service,No internet service,No internet service,No internet service,No internet service
18127,5696-JVVQY,Yes,No,DSL,Yes,Yes,Yes,No,No,Yes
18128,5696-QURRL,Yes,No,DSL,No,No,No,No,No,No
18129,5697-GOMBF,No,No phone service,DSL,No,No,No,No,Yes,No
18130,5698-BQJOH,Yes,Yes,Fiber optic,No,No,No,No,Yes,Yes
18131,5699-BNCAS,Yes,Yes,No,No internet service,No internet service,No internet service,No internet service,No internet service,No internet service
18132,5701-GUXDC,No,No phone service,DSL,Yes,No,Yes,No,No,No
18133,5701-SVCWR,Yes,Yes,No,No internet service,No internet service,No internet service,No internet service,No internet service,No internet service
18134,5701-YVSVF,Yes,No,Fiber optic,No,No,No,Yes,Yes,No
18135,5701-ZIKJE,Yes,No,DSL,No,No,No,Yes,No,No
18136,5702-KVQRD,Yes,No,DSL,Yes,No,Yes,Yes,Yes,Yes
18137,5702-SKUOB,Yes,No,No,No internet service,No internet service,No internet service,No internet service,No internet service,No internet service
18138,5707-ORNDZ,Yes,Yes,DSL,Yes,No,No,No,No,No
18139,5707-ZMDJP,Yes,No,DSL,Yes,Yes,No,Yes,Yes,No
18140,5708-EVONK,Yes,Yes,Fiber optic,Yes,Yes,No,No,No,Yes
18141,5709-LVOEQ,Yes,No,DSL,Yes,Yes,Yes,No,Yes,Yes
18142,5712-AHQNN,Yes,No,Fiber optic,No,Yes,Yes,No,Yes,No
18143,5712-PTIWW,Yes,No,Fiber optic,No,No,Yes,Yes,No,No
18144,5712-VBOXD,Yes,No,No,No internet service,No internet service,No internet service,No internet service,No internet service,No internet service
18145,5716-EZXZN,Yes,Yes,Fiber optic,Yes,Yes,No,Yes,Yes,No
18146,5716-LIBJC,Yes,Yes,Fiber optic,No,Yes,Yes,No,Yes,Yes
18147,5724-BIDBU,Yes,Yes,DSL,Yes,No,No,No,No,No
18148,5726-CVNYA,Yes,No,No,No internet service,No internet service,No internet service,No internet service,No internet service,No internet service
18149,5727-MYATE,Yes,Yes,DSL,Yes,Yes,Yes,Yes,Yes,Yes
18150,5729-KLZAR,Yes,No,Fiber optic,No,No,No,No,No,Yes
18151,5730-DBDSI,Yes,No,No,No internet service,No internet service,No internet service,No internet service,No internet service,No internet service
18152,5730-RIITO,No,No phone service,DSL,Yes,Yes,No,No,No,No
18153,5732-IKGQH,Yes,No,Fiber optic,Yes,No,Yes,Yes,Yes,Yes
18154,5734-EJKXG,Yes,Yes,Fiber optic,Yes,Yes,Yes,Yes,Yes,Yes
18155,5736-YEJAX,Yes,Yes,DSL,Yes,Yes,Yes,Yes,Yes,No
18156,5740-YHGTW,Yes,Yes,Fiber optic,Yes,Yes,No,No,Yes,No
18157,5743-KHMNA,Yes,Yes,No,No internet service,No internet service,No internet service,No internet service,No internet service,No internet service
18158,5747-PMBSQ,Yes,No,Fiber optic,No,Yes,Yes,Yes,Yes,No
18159,5748-RNCJT,Yes,Yes,Fiber optic,No,No,Yes,Yes,Yes,Yes
18160,5751-USDBL,Yes,No,DSL,Yes,No,Yes,Yes,Yes,Yes
18161,5753-QQWPW,Yes,No,DSL,Yes,Yes,No,Yes,No,No
18162,5756-JYOJT,Yes,No,DSL,No,No,Yes,Yes,No,Yes
18163,5756-OZRIO,Yes,Yes,DSL,No,Yes,No,No,No,Yes
18164,5759-RCVCB,No,No phone service,DSL,No,No,No,No,Yes,No
18165,5760-FXFVO,Yes,No,Fiber optic,Yes,Yes,No,No,No,No
18166,5760-IFJOZ,Yes,Yes,Fiber optic,No,Yes,Yes,No,Yes,Yes
18167,5760-WRAHC,Yes,No,DSL,Yes,No,Yes,Yes,No,Yes
18168,5762-TJXGK,No,No phone service,DSL,Yes,Yes,Yes,No,Yes,Yes
18169,5766-FTRTS,Yes,No,DSL,Yes,Yes,Yes,Yes,Yes,Yes
18170,5766-XQXMQ,Yes,No,DSL,Yes,Yes,Yes,No,No,Yes
18171,5766-ZJYBB,Yes,No,No,No internet service,No internet service,No internet service,No internet service,No internet service,No internet service
18172,5774-QPLTF,Yes,No,No,No internet service,No internet service,No internet service,No internet service,No internet service,No internet service
18173,5774-XZTQC,Yes,No,No,No internet service,No internet service,No internet service,No internet service,No internet service,No internet service
18174,5777-KJIRB,Yes,No,DSL,No,No,Yes,No,No,No
18175,5777-ZPQNC,Yes,No,No,No internet service,No internet service,No internet service,No internet service,No internet service,No internet service
18176,5778-BVOFB,Yes,No,DSL,No,No,No,Yes,Yes,No
18177,5780-INQIK,Yes,No,DSL,No,No,No,Yes,No,No
18178,5781-BKHOP,Yes,Yes,Fiber optic,Yes,Yes,Yes,No,Yes,No
18179,5781-RFZRP,Yes,Yes,DSL,Yes,Yes,No,Yes,Yes,No
18180,5787-KXGIY,Yes,No,No,No internet service,No internet service,No internet service,No internet service,No internet service,No internet service
18181,5788-YPOEG,Yes,No,DSL,Yes,Yes,Yes,Yes,Yes,Yes
18182,5789-LDFXO,Yes,Yes,No,No internet service,No internet service,No internet service,No internet service,No internet service,No internet service
18183,5791-KAJFD,Yes,Yes,DSL,Yes,No,Yes,No,No,Yes
18184,5792-JALQC,Yes,Yes,DSL,Yes,No,Yes,No,No,No
18185,5793-YOLJN,Yes,No,No,No internet service,No internet service,No internet service,No internet service,No internet service,No internet service
18186,5795-BKOYE,Yes,No,DSL,No,Yes,Yes,Yes,No,No
18187,5795-KTGUD,Yes,Yes,Fiber optic,Yes,Yes,Yes,No,Yes,Yes
18188,5797-APWZC,Yes,No,Fiber optic,No,No,No,No,Yes,Yes
18189,5799-JRCZO,Yes,No,No,No internet service,No internet service,No internet service,No internet service,No internet service,No internet service
18190,5802-ADBRC,Yes,Yes,Fiber optic,Yes,No,Yes,No,Yes,Yes
18191,5803-NQJZO,Yes,Yes,DSL,Yes,Yes,Yes,Yes,No,No
18192,5804-HYIEZ,Yes,Yes,Fiber optic,Yes,Yes,No,No,Yes,Yes
18193,5804-JMYIO,Yes,No,No,No internet service,No internet service,No internet service,No internet service,No internet service,No internet service
18194,5804-LEPIM,Yes,No,Fiber optic,No,No,No,No,No,No
18195,5808-TOTXO,Yes,No,No,No internet service,No internet service,No internet service,No internet service,No internet service,No internet service
18196,5811-IWXYM,Yes,Yes,Fiber optic,No,No,Yes,No,Yes,Yes
18197,5813-UECBU,Yes,Yes,Fiber optic,No,Yes,Yes,No,No,No
18198,5815-HGGHV,Yes,No,DSL,Yes,No,No,Yes,No,Yes
18199,5816-JMLGY,Yes,No,DSL,No,Yes,Yes,Yes,Yes,Yes
18200,5816-QVHRX,Yes,Yes,Fiber optic,No,No,No,Yes,Yes,Yes
18201,5816-SCGFC,Yes,No,DSL,No,Yes,No,No,No,No
18202,5820-PTRYM,Yes,Yes,DSL,Yes,Yes,Yes,Yes,No,No
18203,5821-MMEIL,Yes,No,No,No internet service,No internet service,No internet service,No internet service,No internet service,No internet service
18204,5825-XJOCM,Yes,Yes,DSL,Yes,Yes,Yes,No,No,No
18205,5827-MWCZK,Yes,Yes,Fiber optic,No,Yes,No,Yes,Yes,No
18206,5828-AVIPD,Yes,Yes,Fiber optic,No,No,No,Yes,Yes,Yes
18207,5828-DWPIL,Yes,Yes,Fiber optic,Yes,Yes,Yes,No,No,No
18208,5829-NVSQN,Yes,No,DSL,Yes,No,Yes,Yes,No,Yes
18209,5832-EXGTT,Yes,No,DSL,Yes,No,No,No,No,Yes
18210,5832-TRLPB,Yes,No,DSL,No,No,Yes,Yes,Yes,Yes
18211,5832-XKAES,Yes,No,Fiber optic,No,No,No,No,No,No
18212,5834-ASPWA,Yes,Yes,Fiber optic,No,No,No,No,No,No
18213,5835-BEQEU,Yes,Yes,Fiber optic,No,No,No,No,No,No
18214,5837-LXSDN,Yes,No,DSL,No,Yes,No,No,Yes,No
18215,5839-SUYVZ,Yes,No,Fiber optic,No,No,No,Yes,No,No
18216,5840-NVDCG,Yes,No,DSL,Yes,Yes,No,Yes,No,Yes
18217,5842-POCOP,Yes,No,Fiber optic,Yes,No,Yes,No,No,Yes
18218,5843-TTHGI,Yes,No,DSL,No,No,Yes,No,No,No
18219,5844-QVTAT,Yes,No,DSL,Yes,Yes,Yes,No,No,No
18220,5845-BZZIB,Yes,No,No,No internet service,No internet service,No internet service,No internet service,No internet service,No internet service
18221,5846-ABOBJ,Yes,Yes,No,No internet service,No internet service,No internet service,No internet service,No internet service,No internet service
18222,5846-NEQVZ,Yes,No,DSL,Yes,No,Yes,Yes,No,Yes
18223,5846-QFDFI,Yes,Yes,Fiber optic,No,Yes,Yes,Yes,No,No
18224,5847-MXBEO,Yes,No,No,No internet service,No internet service,No internet service,No internet service,No internet service,No internet service
18225,5848-FHRFC,Yes,No,No,No internet service,No internet service,No internet service,No internet service,No internet service,No internet service
18226,5849-ASHZJ,Yes,No,No,No internet service,No internet service,No internet service,No internet service,No internet service,No internet service
18227,5850-BDWCY,Yes,No,No,No internet service,No internet service,No internet service,No internet service,No internet service,No internet service
18228,5854-KSRBJ,Yes,Yes,No,No internet service,No internet service,No internet service,No internet service,No internet service,No internet service
18229,5855-EIBDE,Yes,Yes,Fiber optic,Yes,Yes,Yes,Yes,No,Yes
18230,5857-TYBCJ,Yes,Yes,Fiber optic,No,No,Yes,No,Yes,No
18231,5857-XRECV,Yes,No,No,No internet service,No internet service,No internet service,No internet service,No internet service,No internet service
18232,5858-EAFCZ,Yes,No,DSL,No,No,No,No,No,No
18233,5859-HZYLF,Yes,No,No,No internet service,No internet service,No internet service,No internet service,No internet service,No internet service
18234,5862-BRIXZ,No,No phone service,DSL,Yes,No,Yes,Yes,Yes,Yes
18235,5863-OOKCL,Yes,No,No,No internet service,No internet service,No internet service,No internet service,No internet service,No internet service
18236,5868-CZJDR,No,No phone service,DSL,No,Yes,No,No,No,No
18237,5868-YTYKS,Yes,No,No,No internet service,No internet service,No internet service,No internet service,No internet service,No internet service
18238,5868-YWPDW,Yes,No,Fiber optic,No,Yes,No,No,No,Yes
18239,5871-DGTXZ,Yes,No,No,No internet service,No internet service,No internet service,No internet service,No internet service,No internet service
18240,5872-OEQNH,No,No phone service,DSL,Yes,No,Yes,No,No,Yes
18241,5875-YPQFJ,Yes,No,Fiber optic,No,No,No,No,No,No
18242,5876-HZVZM,Yes,No,DSL,Yes,Yes,No,No,No,No
18243,5876-QMYLD,Yes,No,No,No internet service,No internet service,No internet service,No internet service,No internet service,No internet service
18244,5879-HMFFH,Yes,Yes,DSL,Yes,Yes,Yes,Yes,Yes,Yes
18245,5879-SESNB,Yes,Yes,Fiber optic,No,No,No,No,No,No
18246,5882-CMAZQ,No,No phone service,DSL,No,Yes,No,Yes,No,No
18247,5883-GTGVD,Yes,Yes,Fiber optic,No,Yes,No,No,Yes,Yes
18248,5884-FBCTL,Yes,Yes,No,No internet service,No internet service,No internet service,No internet service,No internet service,No internet service
18249,5884-GCYMI,Yes,No,Fiber optic,No,No,No,No,No,No
18250,5886-VLQVU,Yes,Yes,Fiber optic,No,No,No,Yes,No,Yes
18251,5887-IKKYO,Yes,Yes,Fiber optic,No,No,Yes,Yes,No,Yes
18252,5889-JTMUL,Yes,Yes,Fiber optic,No,Yes,Yes,No,Yes,No
18253,5889-LFOLL,Yes,Yes,Fiber optic,No,No,No,No,No,Yes
18254,5893-KCLGT,Yes,No,No,No internet service,No internet service,No internet service,No internet service,No internet service,No internet service
18255,5893-PYOLZ,Yes,No,DSL,No,Yes,Yes,Yes,Yes,Yes
18256,5895-QSXOD,Yes,No,Fiber optic,No,No,No,No,No,No
18257,5896-NPFWW,Yes,No,DSL,No,No,Yes,No,No,No
18258,5897-ZYEKH,Yes,Yes,Fiber optic,Yes,Yes,No,No,Yes,Yes
18259,5898-IGSLP,Yes,Yes,Fiber optic,Yes,No,Yes,Yes,No,No
18260,5899-MQZZL,Yes,Yes,Fiber optic,No,No,No,No,No,No
18261,5899-OUVKV,Yes,No,Fiber optic,No,Yes,No,No,Yes,Yes
18262,5902-WBLSE,Yes,No,No,No internet service,No internet service,No internet service,No internet service,No internet service,No internet service
18263,5906-BFOZT,Yes,No,No,No internet service,No internet service,No internet service,No internet service,No internet service,No internet service
18264,5906-CVLHP,Yes,No,DSL,No,Yes,No,Yes,No,No
18265,5906-DVAPM,Yes,Yes,DSL,Yes,Yes,No,Yes,Yes,No
18266,5908-QMGOE,Yes,Yes,Fiber optic,No,No,No,No,No,No
18267,5909-ECHUI,Yes,No,DSL,No,No,No,No,No,Yes
18268,5913-INRQV,Yes,No,Fiber optic,Yes,No,No,Yes,Yes,No
18269,5914-DVBWJ,Yes,Yes,Fiber optic,No,Yes,No,Yes,No,No
18270,5914-GXMDA,Yes,No,No,No internet service,No internet service,No internet service,No internet service,No internet service,No internet service
18271,5914-XRFQB,Yes,Yes,Fiber optic,Yes,Yes,Yes,Yes,Yes,Yes
18272,5915-ANOEI,Yes,Yes,DSL,Yes,Yes,Yes,Yes,Yes,No
18273,5915-DGNVC,Yes,Yes,DSL,Yes,Yes,Yes,No,No,Yes
18274,5916-QEWPT,Yes,No,DSL,No,No,Yes,No,Yes,Yes
18275,5917-HBSDW,Yes,No,No,No internet service,No internet service,No internet service,No internet service,No internet service,No internet service
18276,5917-RYRMG,Yes,No,No,No internet service,No internet service,No internet service,No internet service,No internet service,No internet service
18277,5918-VUKWP,Yes,No,No,No internet service,No internet service,No internet service,No internet service,No internet service,No internet service
18278,5919-TMRGD,Yes,No,Fiber optic,No,No,No,No,Yes,No
18279,5919-VCZYM,Yes,No,No,No internet service,No internet service,No internet service,No internet service,No internet service,No internet service
18280,5921-NGYRH,Yes,No,Fiber optic,Yes,No,No,No,No,No
18281,5922-ABDVO,Yes,Yes,Fiber optic,No,No,Yes,No,No,Yes
18282,5923-GXUOC,Yes,No,Fiber optic,Yes,Yes,Yes,No,Yes,Yes
18283,5924-IFQTT,Yes,Yes,DSL,No,Yes,Yes,Yes,Yes,No
18284,5924-SNGKP,Yes,No,No,No internet service,No internet service,No internet service,No internet service,No internet service,No internet service
18285,5928-QLDHB,Yes,Yes,Fiber optic,No,No,No,No,No,No
18286,5930-GBIWP,Yes,Yes,DSL,Yes,Yes,Yes,Yes,No,Yes
18287,5931-FLJJF,Yes,No,Fiber optic,No,No,No,No,No,No
18288,5934-RMPOV,Yes,Yes,Fiber optic,No,No,No,No,No,Yes
18289,5934-TSSAU,Yes,No,Fiber optic,No,No,Yes,No,No,No
18290,5935-FCCNB,Yes,Yes,Fiber optic,No,No,No,No,Yes,Yes
18291,5937-EORGB,Yes,Yes,Fiber optic,Yes,No,Yes,No,Yes,No
18292,5939-SXWHM,Yes,Yes,No,No internet service,No internet service,No internet service,No internet service,No internet service,No internet service
18293,5939-XAIXZ,Yes,Yes,DSL,No,No,Yes,No,No,No
18294,5940-AHUHD,Yes,No,Fiber optic,No,No,No,No,No,No
18295,5940-NFXKV,Yes,Yes,Fiber optic,No,No,No,No,No,Yes
18296,5944-UGLLK,No,No phone service,DSL,No,No,Yes,Yes,Yes,Yes
18297,5945-AZYHT,Yes,Yes,Fiber optic,Yes,Yes,Yes,No,Yes,Yes
18298,5947-SGKCL,Yes,Yes,Fiber optic,No,Yes,Yes,No,Yes,Yes
18299,5948-UJZLF,Yes,No,DSL,No,Yes,No,No,No,No
18300,5949-EBSQK,Yes,No,DSL,No,No,No,Yes,No,Yes
18301,5949-HGVJL,Yes,No,DSL,No,Yes,No,Yes,Yes,Yes
18302,5949-XIKAE,Yes,No,Fiber optic,No,Yes,No,No,Yes,No
18303,5950-AAAGJ,Yes,Yes,Fiber optic,No,No,No,No,Yes,No
18304,5951-AOFIH,Yes,No,DSL,No,Yes,Yes,No,Yes,No
18305,5954-BDFSG,Yes,Yes,Fiber optic,No,No,Yes,Yes,Yes,Yes
18306,5955-EPOAZ,Yes,No,No,No internet service,No internet service,No internet service,No internet service,No internet service,No internet service
18307,5955-ERIHD,Yes,Yes,Fiber optic,No,No,No,No,Yes,Yes
18308,5956-VKDTT,Yes,Yes,Fiber optic,No,No,No,No,No,No
18309,5956-YHHRX,Yes,Yes,Fiber optic,No,Yes,Yes,No,Yes,Yes
18310,5959-BELXA,Yes,Yes,Fiber optic,No,No,No,No,Yes,Yes
18311,5960-MVTUK,No,No phone service,DSL,No,No,No,Yes,No,No
18312,5960-WPXQM,Yes,No,Fiber optic,No,No,No,No,Yes,No
18313,5961-VUSRV,Yes,No,No,No internet service,No internet service,No internet service,No internet service,No internet service,No internet service
18314,5965-GGPRW,Yes,Yes,Fiber optic,Yes,No,Yes,No,Yes,Yes
18315,5966-EMAZU,Yes,Yes,Fiber optic,Yes,No,Yes,Yes,Yes,Yes
18316,5968-HYJRZ,Yes,Yes,No,No internet service,No internet service,No internet service,No internet service,No internet service,No internet service
18317,5968-VXZLG,Yes,No,DSL,No,No,No,No,No,No
18318,5968-XQIVE,Yes,Yes,Fiber optic,No,Yes,No,No,Yes,No
18319,5970-GHJAW,Yes,No,No,No internet service,No internet service,No internet service,No internet service,No internet service,No internet service
18320,5973-EJGDP,Yes,Yes,Fiber optic,No,Yes,Yes,Yes,No,No
18321,5975-BAICR,Yes,No,DSL,Yes,No,Yes,No,No,Yes
18322,5976-JCJRH,Yes,No,Fiber optic,No,No,No,No,No,No
18323,5977-CKHON,Yes,Yes,Fiber optic,No,No,Yes,No,No,Yes
18324,5980-BDHPY,Yes,Yes,DSL,Yes,Yes,Yes,Yes,Yes,Yes
18325,5980-NOPLP,Yes,Yes,Fiber optic,No,No,No,No,Yes,Yes
18326,5981-ITEMU,Yes,Yes,Fiber optic,No,No,No,No,Yes,Yes
18327,5981-ZVXOT,Yes,Yes,Fiber optic,Yes,Yes,Yes,No,Yes,Yes
18328,5982-FPVQN,Yes,Yes,Fiber optic,No,Yes,Yes,No,No,Yes
18329,5982-PSMKW,Yes,Yes,DSL,Yes,Yes,Yes,Yes,Yes,Yes
18330,5982-XMDEX,Yes,Yes,No,No internet service,No internet service,No internet service,No internet service,No internet service,No internet service
18331,5985-BEHZK,Yes,Yes,Fiber optic,No,Yes,Yes,No,Yes,Yes
18332,5985-TBABQ,Yes,Yes,DSL,Yes,No,No,No,Yes,Yes
18333,5986-WWXDV,Yes,No,No,No internet service,No internet service,No internet service,No internet service,No internet service,No internet service
18334,5989-AXPUC,Yes,Yes,Fiber optic,Yes,Yes,Yes,Yes,Yes,Yes
18335,5989-OMNJE,No,No phone service,DSL,Yes,Yes,Yes,No,Yes,Yes
18336,5989-PGKJB,Yes,No,Fiber optic,No,Yes,No,No,No,Yes
18337,5993-BQHEA,Yes,No,No,No internet service,No internet service,No internet service,No internet service,No internet service,No internet service
18338,5993-JSUWV,Yes,No,DSL,Yes,Yes,Yes,No,No,No
18339,5995-LFTLE,Yes,Yes,No,No internet service,No internet service,No internet service,No internet service,No internet service,No internet service
18340,5995-OIGLP,Yes,No,DSL,Yes,No,No,Yes,No,No
18341,5995-SNNEW,Yes,Yes,Fiber optic,No,Yes,Yes,No,Yes,Yes
18342,5995-WWKKG,Yes,No,No,No internet service,No internet service,No internet service,No internet service,No internet service,No internet service
18343,5996-DAOQL,Yes,No,No,No internet service,No internet service,No internet service,No internet service,No internet service,No internet service
18344,5996-EBTKM,Yes,Yes,DSL,No,No,Yes,Yes,No,Yes
18345,5996-NRVXR,Yes,No,Fiber optic,Yes,Yes,Yes,Yes,Yes,No
18346,5997-OPVFA,Yes,Yes,DSL,Yes,Yes,Yes,Yes,Yes,Yes
18347,5998-DZLYR,Yes,Yes,Fiber optic,No,Yes,No,Yes,No,Yes
18348,5998-VVEJY,Yes,Yes,Fiber optic,No,No,No,Yes,No,No
18349,5999-LCXAO,No,No phone service,DSL,Yes,No,No,No,No,No
18350,6000-APYLU,Yes,No,Fiber optic,No,No,No,No,No,Yes
18351,6000-UKLWI,Yes,No,No,No internet service,No internet service,No internet service,No internet service,No internet service,No internet service
18352,6005-OBZPH,Yes,Yes,Fiber optic,No,Yes,No,No,Yes,No
18353,6007-TCTST,Yes,Yes,Fiber optic,Yes,Yes,Yes,Yes,Yes,Yes
18354,6008-NAIXK,No,No phone service,DSL,No,Yes,Yes,No,Yes,Yes
18355,6010-DDPPW,Yes,Yes,No,No internet service,No internet service,No internet service,No internet service,No internet service,No internet service
18356,6013-BHCAW,Yes,Yes,DSL,No,No,Yes,Yes,Yes,Yes
18357,6015-VVHHE,Yes,Yes,Fiber optic,No,No,No,No,Yes,No
18358,6016-LVTJQ,Yes,No,No,No internet service,No internet service,No internet service,No internet service,No internet service,No internet service
18359,6016-NXBNJ,Yes,No,No,No internet service,No internet service,No internet service,No internet service,No internet service,No internet service
18360,6017-PPLPX,Yes,No,Fiber optic,No,No,No,No,No,No
18361,6022-KOUQO,No,No phone service,DSL,No,No,No,Yes,No,No
18362,6022-UGGSO,Yes,No,Fiber optic,No,Yes,No,No,No,No
18363,6023-GSSXW,Yes,No,DSL,No,Yes,No,No,No,Yes
18364,6023-YEBUP,Yes,Yes,Fiber optic,No,No,Yes,No,Yes,Yes
18365,6024-RUGGH,Yes,Yes,No,No internet service,No internet service,No internet service,No internet service,No internet service,No internet service
18366,6029-CSMJE,No,No phone service,DSL,No,No,No,No,No,No
18367,6029-WTIPC,Yes,Yes,Fiber optic,No,No,Yes,No,Yes,Yes
18368,6030-REHUX,Yes,Yes,Fiber optic,No,Yes,Yes,Yes,Yes,Yes
18369,6032-IGALN,No,No phone service,DSL,No,No,No,No,No,No
18370,6032-KRXXO,Yes,No,Fiber optic,No,No,No,No,Yes,Yes
18371,6034-YMTOB,Yes,No,Fiber optic,No,No,No,Yes,No,No
18372,6034-ZRYCV,No,No phone service,DSL,No,Yes,Yes,No,Yes,Yes
18373,6035-BXTTY,Yes,No,DSL,No,Yes,No,Yes,No,No
18374,6035-RIIOM,Yes,Yes,Fiber optic,No,Yes,No,No,Yes,Yes
18375,6036-TTFYU,Yes,No,No,No internet service,No internet service,No internet service,No internet service,No internet service,No internet service
18376,6038-GCYEC,No,No phone service,DSL,No,Yes,Yes,No,Yes,Yes
18377,6040-CGACY,Yes,No,No,No internet service,No internet service,No internet service,No internet service,No internet service,No internet service
18378,6047-SUHPR,Yes,No,DSL,Yes,Yes,Yes,No,No,No
18379,6047-YHPVI,Yes,No,Fiber optic,No,No,No,No,No,No
18380,6048-NJXHX,Yes,No,No,No internet service,No internet service,No internet service,No internet service,No internet service,No internet service
18381,6048-QBXKL,Yes,Yes,DSL,No,Yes,No,No,No,No
18382,6048-UWKAL,Yes,Yes,Fiber optic,No,Yes,No,Yes,Yes,Yes
18383,6050-FFXES,Yes,Yes,Fiber optic,No,No,Yes,Yes,Yes,Yes
18384,6050-IJRHS,Yes,Yes,Fiber optic,No,Yes,Yes,No,Yes,Yes
18385,6051-PTVNS,Yes,No,No,No internet service,No internet service,No internet service,No internet service,No internet service,No internet service
18386,6060-DRTNL,Yes,No,Fiber optic,No,No,Yes,No,Yes,No
18387,6060-QBMGV,Yes,No,No,No internet service,No internet service,No internet service,No internet service,No internet service,No internet service
18388,6061-GWWAV,Yes,No,DSL,Yes,Yes,Yes,No,Yes,No
18389,6061-PQHMK,Yes,No,No,No internet service,No internet service,No internet service,No internet service,No internet service,No internet service
18390,6064-PUPMC,Yes,No,DSL,Yes,No,No,Yes,No,No
18391,6064-ZATLR,Yes,No,DSL,Yes,Yes,No,No,No,No
18392,6067-NGCEU,Yes,Yes,Fiber optic,Yes,Yes,Yes,No,Yes,Yes
18393,6072-NUQCB,Yes,No,No,No internet service,No internet service,No internet service,No internet service,No internet service,No internet service
18394,6075-QMNRR,Yes,No,DSL,Yes,No,No,No,No,No
18395,6075-SLNIL,Yes,Yes,Fiber optic,No,Yes,Yes,No,No,Yes
18396,6077-BDPXA,Yes,No,Fiber optic,No,No,No,No,No,No
18397,6078-VESFR,Yes,No,Fiber optic,No,No,No,No,No,No
18398,6080-LNESI,Yes,Yes,No,No internet service,No internet service,No internet service,No internet service,No internet service,No internet service
18399,6080-TCMYC,Yes,Yes,Fiber optic,No,No,Yes,No,No,No
18400,6082-GLJIX,Yes,No,No,No internet service,No internet service,No internet service,No internet service,No internet service,No internet service
18401,6082-OQFBA,Yes,No,No,No internet service,No internet service,No internet service,No internet service,No internet service,No internet service
18402,6086-ESGRL,Yes,No,Fiber optic,No,No,No,No,No,Yes
18403,6087-MVHJH,Yes,Yes,Fiber optic,No,No,Yes,No,No,Yes
18404,6087-YPWHO,Yes,Yes,DSL,Yes,Yes,Yes,Yes,No,No
18405,6088-BXMRG,Yes,Yes,Fiber optic,No,Yes,No,No,Yes,Yes
18406,6092-QZVPP,Yes,No,DSL,Yes,No,Yes,Yes,Yes,Yes
18407,6094-ZIVKX,Yes,No,DSL,Yes,No,Yes,No,No,No
18408,6096-EGVTU,Yes,Yes,No,No internet service,No internet service,No internet service,No internet service,No internet service,No internet service
18409,6097-EQISJ,Yes,Yes,Fiber optic,No,Yes,Yes,No,Yes,Yes
18410,6100-FJZDG,Yes,No,No,No internet service,No internet service,No internet service,No internet service,No internet service,No internet service
18411,6100-QQHEB,Yes,Yes,Fiber optic,No,No,No,No,Yes,Yes
18412,6101-IMRMM,Yes,No,Fiber optic,No,No,Yes,No,Yes,Yes
18413,6103-BOCOU,Yes,Yes,Fiber optic,No,No,Yes,No,No,No
18414,6103-LIANB,Yes,Yes,Fiber optic,No,No,Yes,No,Yes,Yes
18415,6103-QCKFX,Yes,No,DSL,Yes,No,No,Yes,No,No
18416,6108-OQZDQ,Yes,Yes,Fiber optic,No,Yes,No,No,Yes,Yes
18417,6110-OHIHY,Yes,No,Fiber optic,No,No,No,No,Yes,No
18418,6112-KTHFQ,Yes,No,No,No internet service,No internet service,No internet service,No internet service,No internet service,No internet service
18419,6114-TCFID,No,No phone service,DSL,Yes,Yes,No,Yes,No,No
18420,6115-ZTBFQ,No,No phone service,DSL,Yes,Yes,Yes,Yes,Yes,Yes
18421,6116-RFVHN,Yes,Yes,Fiber optic,No,No,Yes,No,Yes,Yes
18422,6119-SPUDB,No,No phone service,DSL,Yes,No,Yes,Yes,No,No
18423,6120-RJKLU,Yes,No,DSL,Yes,No,Yes,Yes,Yes,Yes
18424,6121-TNHBO,Yes,Yes,DSL,Yes,Yes,Yes,Yes,Yes,No
18425,6121-VZNQB,Yes,No,No,No internet service,No internet service,No internet service,No internet service,No internet service,No internet service
18426,6122-EFVKN,No,No phone service,DSL,Yes,No,No,Yes,No,No
18427,6122-LJADA,Yes,Yes,DSL,Yes,Yes,Yes,Yes,Yes,Yes
18428,6124-ACRHJ,Yes,No,No,No internet service,No internet service,No internet service,No internet service,No internet service,No internet service
18429,6127-ISGTU,Yes,Yes,Fiber optic,No,No,No,No,Yes,No
18430,6127-IYJOZ,Yes,No,DSL,No,No,No,No,No,No
18431,6128-AQBMT,No,No phone service,DSL,No,Yes,Yes,No,Yes,Yes
18432,6128-CZOMY,Yes,No,DSL,No,No,No,No,No,No
18433,6128-DAFVY,No,No phone service,DSL,No,No,No,No,Yes,Yes
18434,6131-FOYAS,Yes,Yes,DSL,Yes,No,Yes,No,No,No
18435,6131-IUNXN,Yes,No,No,No internet service,No internet service,No internet service,No internet service,No internet service,No internet service
18436,6131-JLWZM,Yes,No,No,No internet service,No internet service,No internet service,No internet service,No internet service,No internet service
18437,6133-OZILE,No,No phone service,DSL,No,No,Yes,Yes,No,No
18438,6134-KWTBV,Yes,Yes,No,No internet service,No internet service,No internet service,No internet service,No internet service,No internet service
18439,6135-OZQVA,Yes,Yes,DSL,Yes,No,No,No,No,No
18440,6137-MFAJN,No,No phone service,DSL,Yes,Yes,No,No,Yes,No
18441,6137-NICCO,Yes,Yes,Fiber optic,No,Yes,Yes,No,Yes,No
18442,6139-ZZRBQ,Yes,No,No,No internet service,No internet service,No internet service,No internet service,No internet service,No internet service
18443,6140-QNRQQ,Yes,No,Fiber optic,No,No,No,No,No,No
18444,6141-OOXUQ,Yes,No,No,No internet service,No internet service,No internet service,No internet service,No internet service,No internet service
18445,6142-VSJQO,Yes,No,DSL,No,No,No,No,No,No
18446,6143-JQKEA,Yes,No,DSL,No,No,No,No,No,No
18447,6145-NNPNO,Yes,No,DSL,No,No,No,No,No,No
18448,6147-CBCRA,Yes,No,No,No internet service,No internet service,No internet service,No internet service,No internet service,No internet service
18449,6152-ONASV,Yes,Yes,DSL,Yes,No,No,Yes,No,No
18450,6156-UZDLF,Yes,No,Fiber optic,Yes,No,Yes,Yes,No,No
18451,6158-DWPZT,No,No phone service,DSL,No,No,No,No,No,No
18452,6158-HDPXZ,No,No phone service,DSL,No,No,No,No,No,No
18453,6161-ERDGD,Yes,Yes,DSL,Yes,No,Yes,Yes,Yes,Yes
18454,6161-UUUTA,Yes,No,Fiber optic,No,No,No,No,Yes,No
18455,6164-HAQTX,No,No phone service,DSL,Yes,Yes,Yes,Yes,Yes,No
18456,6164-HXUGH,Yes,No,No,No internet service,No internet service,No internet service,No internet service,No internet service,No internet service
18457,6166-ILMNY,Yes,No,Fiber optic,No,No,No,No,No,No
18458,6166-YIPFO,No,No phone service,DSL,Yes,Yes,Yes,Yes,Yes,Yes
18459,6168-WFVVF,Yes,No,Fiber optic,No,No,No,No,No,No
18460,6168-YBYNP,Yes,Yes,Fiber optic,No,Yes,Yes,Yes,Yes,Yes
18461,6169-PGNCD,Yes,No,DSL,Yes,Yes,Yes,Yes,Yes,No
18462,6169-PPETC,Yes,No,No,No internet service,No internet service,No internet service,No internet service,No internet service,No internet service
18463,6171-ZTVYB,Yes,Yes,DSL,Yes,Yes,No,Yes,No,No
18464,6172-FECYY,Yes,Yes,Fiber optic,No,No,No,No,Yes,No
18465,6173-GOLSU,Yes,Yes,Fiber optic,No,No,No,No,Yes,Yes
18466,6173-ITPWD,Yes,Yes,Fiber optic,No,Yes,Yes,No,No,No
18467,6174-NRBTZ,No,No phone service,DSL,Yes,No,No,No,No,No
18468,6175-IRFIT,Yes,No,Fiber optic,No,No,No,No,No,Yes
18469,6176-YJWAS,Yes,Yes,Fiber optic,Yes,Yes,Yes,No,Yes,No
18470,6177-PEVRA,Yes,No,DSL,Yes,Yes,No,No,No,No
18471,6178-KFNHS,Yes,Yes,Fiber optic,Yes,No,No,No,No,No
18472,6179-GJPSO,Yes,No,Fiber optic,Yes,Yes,No,Yes,Yes,Yes
18473,6180-YBIQI,No,No phone service,DSL,No,No,No,No,No,No
18474,6181-AXXYF,Yes,Yes,No,No internet service,No internet service,No internet service,No internet service,No internet service,No internet service
18475,6184-DYUOB,Yes,No,No,No internet service,No internet service,No internet service,No internet service,No internet service,No internet service
18476,6185-TASNN,Yes,No,DSL,No,No,No,No,No,No
18477,6188-UXBBR,Yes,No,No,No internet service,No internet service,No internet service,No internet service,No internet service,No internet service
18478,6194-HBGQN,Yes,Yes,DSL,Yes,Yes,Yes,Yes,Yes,No
18479,6195-MELTI,Yes,No,DSL,No,Yes,No,Yes,No,No
18480,6196-HBOBZ,Yes,Yes,Fiber optic,Yes,Yes,Yes,No,Yes,No
18481,6198-PNNSZ,Yes,Yes,Fiber optic,Yes,Yes,Yes,No,Yes,Yes
18482,6198-RTPMF,Yes,Yes,Fiber optic,No,No,No,No,Yes,Yes
18483,6198-ZFIOJ,Yes,Yes,Fiber optic,No,No,No,No,No,No
18484,6199-IPCAO,Yes,Yes,No,No internet service,No internet service,No internet service,No internet service,No internet service,No internet service
18485,6199-IWKGC,Yes,Yes,Fiber optic,No,No,No,Yes,Yes,Yes
18486,6202-DYYFX,Yes,Yes,Fiber optic,No,No,No,No,No,No
18487,6202-JVYEU,Yes,No,No,No internet service,No internet service,No internet service,No internet service,No internet service,No internet service
18488,6203-HBZPA,No,No phone service,DSL,Yes,Yes,Yes,Yes,Yes,Yes
18489,6204-IEUXJ,Yes,No,Fiber optic,No,No,Yes,Yes,No,No
18490,6207-WIOLX,No,No phone service,DSL,Yes,Yes,Yes,No,Yes,Yes
18491,6210-KBBPI,Yes,Yes,Fiber optic,No,Yes,No,No,Yes,Yes
18492,6211-WHMYA,No,No phone service,DSL,No,Yes,No,Yes,Yes,No
18493,6211-WWLTF,Yes,No,Fiber optic,Yes,No,Yes,No,Yes,Yes
18494,6212-ATMLK,Yes,Yes,Fiber optic,No,No,No,No,Yes,Yes
18495,6214-EDAKZ,Yes,No,DSL,No,Yes,No,Yes,No,No
18496,6215-NQCPY,Yes,Yes,Fiber optic,Yes,No,No,No,Yes,Yes
18497,6217-KDYWC,Yes,No,No,No internet service,No internet service,No internet service,No internet service,No internet service,No internet service
18498,6217-TOWGS,Yes,Yes,DSL,No,Yes,No,No,Yes,Yes
18499,6218-KNUBD,Yes,No,DSL,No,Yes,No,No,Yes,No
18500,6221-AVQYL,Yes,Yes,Fiber optic,No,No,No,No,No,No
18501,6223-DHJGV,Yes,No,No,No internet service,No internet service,No internet service,No internet service,No internet service,No internet service
18502,6227-FBDXH,Yes,Yes,Fiber optic,No,No,Yes,No,Yes,Yes
18503,6227-HWPWX,Yes,No,Fiber optic,No,No,No,No,No,No
18504,6229-LSCKB,Yes,No,Fiber optic,No,No,No,No,Yes,No
18505,6229-UOLQL,No,No phone service,DSL,Yes,Yes,No,Yes,Yes,No
18506,6230-BSUXY,Yes,No,Fiber optic,No,No,Yes,No,No,Yes
18507,6231-WFGFH,Yes,No,No,No internet service,No internet service,No internet service,No internet service,No internet service,No internet service
18508,6233-HXJMX,Yes,Yes,Fiber optic,No,No,Yes,No,No,Yes
18509,6234-PFPXL,Yes,Yes,Fiber optic,Yes,No,No,Yes,Yes,No
18510,6234-RAAPL,Yes,Yes,Fiber optic,Yes,Yes,No,Yes,Yes,No
18511,6235-VDHOM,No,No phone service,DSL,No,Yes,No,No,No,No
18512,6240-EURKS,No,No phone service,DSL,No,No,No,No,No,Yes
18513,6242-FEGFD,Yes,Yes,Fiber optic,Yes,Yes,Yes,Yes,No,No
18514,6242-MBHPK,Yes,No,Fiber optic,Yes,No,No,No,Yes,Yes
18515,6242-SGYTS,Yes,Yes,Fiber optic,Yes,Yes,No,No,Yes,No
18516,6243-OZGFH,No,No phone service,DSL,No,No,No,No,Yes,Yes
18517,6244-BESBM,Yes,No,Fiber optic,No,No,No,Yes,Yes,Yes
18518,6248-BSHKG,Yes,No,No,No internet service,No internet service,No internet service,No internet service,No internet service,No internet service
18519,6248-TKCQV,Yes,Yes,DSL,Yes,No,No,Yes,Yes,Yes
18520,6250-CGGUN,Yes,No,Fiber optic,Yes,No,Yes,Yes,No,No
18521,6252-DFGTK,Yes,Yes,DSL,Yes,No,Yes,Yes,No,No
18522,6253-GNHWH,Yes,Yes,DSL,Yes,Yes,Yes,Yes,No,No
18523,6253-WRFHY,Yes,No,DSL,No,No,No,No,Yes,Yes
18524,6257-DTAYD,Yes,Yes,Fiber optic,No,Yes,No,Yes,Yes,Yes
18525,6257-RJOHI,Yes,No,DSL,No,No,No,Yes,No,No
18526,6258-NGCNG,Yes,Yes,No,No internet service,No internet service,No internet service,No internet service,No internet service,No internet service
18527,6258-PVZWJ,Yes,Yes,DSL,Yes,Yes,Yes,Yes,Yes,Yes
18528,6259-WJQLC,Yes,Yes,Fiber optic,No,No,Yes,No,No,No
18529,6260-ONULR,Yes,No,DSL,No,No,No,No,Yes,Yes
18530,6260-XLACS,Yes,No,No,No internet service,No internet service,No internet service,No internet service,No internet service,No internet service
18531,6261-LHRTG,Yes,No,DSL,No,Yes,Yes,No,No,No
18532,6261-RCVNS,Yes,No,DSL,Yes,Yes,Yes,Yes,No,Yes
18533,6265-FRMTQ,Yes,No,No,No internet service,No internet service,No internet service,No internet service,No internet service,No internet service
18534,6265-SXWBU,Yes,Yes,Fiber optic,No,Yes,Yes,No,Yes,No
18535,6266-QHOJZ,Yes,Yes,Fiber optic,Yes,Yes,No,Yes,No,No
18536,6267-DCFFZ,Yes,Yes,Fiber optic,No,Yes,No,No,Yes,No
18537,6270-OMFIW,Yes,No,Fiber optic,No,Yes,No,No,Yes,Yes
18538,6275-YDUVO,Yes,No,Fiber optic,No,No,Yes,No,No,Yes
18539,6278-FEPBZ,Yes,No,No,No internet service,No internet service,No internet service,No internet service,No internet service,No internet service
18540,6281-FKEWS,No,No phone service,DSL,No,No,Yes,No,Yes,Yes
18541,6283-GITPX,Yes,No,DSL,Yes,Yes,Yes,Yes,Yes,No
18542,6284-AHOOQ,Yes,Yes,Fiber optic,No,No,No,Yes,Yes,No
18543,6284-KMNUF,Yes,Yes,Fiber optic,Yes,No,No,No,Yes,Yes
18544,6285-FTQBF,Yes,Yes,No,No internet service,No internet service,No internet service,No internet service,No internet service,No internet service
18545,6286-SUUWT,Yes,No,No,No internet service,No internet service,No internet service,No internet service,No internet service,No internet service
18546,6286-ZHAOK,Yes,Yes,No,No internet service,No internet service,No internet service,No internet service,No internet service,No internet service
18547,6288-CHQJB,Yes,No,DSL,Yes,No,Yes,Yes,No,Yes
18548,6288-LBEAR,Yes,No,Fiber optic,No,Yes,No,Yes,No,No
18549,6289-CPNLD,Yes,No,DSL,No,No,Yes,Yes,Yes,Yes
18550,6292-TOSSS,Yes,Yes,No,No internet service,No internet service,No internet service,No internet service,No internet service,No internet service
18551,6295-OSINB,Yes,Yes,Fiber optic,Yes,Yes,Yes,No,Yes,Yes
18552,6296-DDOOR,Yes,No,DSL,No,Yes,No,No,Yes,No
18553,6297-NOOPG,Yes,Yes,Fiber optic,No,Yes,Yes,Yes,Yes,Yes
18554,6298-QDFNH,Yes,Yes,Fiber optic,No,Yes,No,No,No,No
18555,6300-BWMJX,Yes,Yes,Fiber optic,No,No,Yes,Yes,Yes,No
18556,6302-JGYRJ,Yes,Yes,DSL,No,Yes,No,Yes,Yes,Yes
18557,6303-KFWSL,Yes,Yes,DSL,No,Yes,No,No,No,No
18558,6304-IJFSQ,Yes,No,DSL,No,Yes,No,No,No,No
18559,6305-YLBMM,Yes,No,Fiber optic,No,Yes,Yes,Yes,Yes,Yes
18560,6308-CQRBU,Yes,Yes,Fiber optic,No,Yes,Yes,Yes,Yes,Yes
18561,6311-UEUME,Yes,No,Fiber optic,No,No,No,No,Yes,No
18562,6313-GIDIT,No,No phone service,DSL,No,Yes,Yes,No,Yes,Yes
18563,6317-YPKDH,No,No phone service,DSL,No,Yes,No,No,No,No
18564,6319-IEJWJ,Yes,No,Fiber optic,No,No,No,No,Yes,Yes
18565,6319-QSUSR,Yes,No,No,No internet service,No internet service,No internet service,No internet service,No internet service,No internet service
18566,6322-HRPFA,Yes,No,DSL,Yes,Yes,No,Yes,No,No
18567,6322-PJJDJ,Yes,No,Fiber optic,No,Yes,No,No,Yes,Yes
18568,6323-AYBRX,Yes,No,No,No internet service,No internet service,No internet service,No internet service,No internet service,No internet service
18569,6326-MTTXK,Yes,Yes,Fiber optic,No,Yes,No,No,Yes,Yes
18570,6328-ZPBGN,Yes,Yes,Fiber optic,No,No,No,No,Yes,Yes
18571,6330-JKLPC,Yes,Yes,Fiber optic,No,Yes,No,No,No,No
18572,6331-EWIEB,Yes,Yes,Fiber optic,No,No,No,No,Yes,No
18573,6331-LWDTQ,Yes,Yes,DSL,No,No,No,No,Yes,Yes
18574,6332-FBZRI,Yes,Yes,DSL,Yes,Yes,Yes,Yes,No,No
18575,6333-YDVLT,Yes,Yes,Fiber optic,Yes,No,Yes,Yes,Yes,Yes
18576,6338-AVWCY,No,No phone service,DSL,No,No,Yes,No,Yes,No
18577,6339-DKLMK,No,No phone service,DSL,No,Yes,No,No,No,No
18578,6339-RZCBJ,Yes,No,DSL,No,Yes,Yes,Yes,Yes,Yes
18579,6339-TBELP,Yes,Yes,Fiber optic,No,No,Yes,Yes,No,No
18580,6339-YPSAH,Yes,No,Fiber optic,No,No,Yes,No,No,No
18581,6340-DACFT,Yes,No,No,No internet service,No internet service,No internet service,No internet service,No internet service,No internet service
18582,6341-AEVKX,Yes,No,Fiber optic,Yes,No,Yes,Yes,Yes,Yes
18583,6341-JVQGF,Yes,No,DSL,Yes,No,Yes,Yes,Yes,Yes
18584,6344-SFJVH,No,No phone service,DSL,No,No,No,No,No,No
18585,6345-FZOQH,Yes,No,No,No internet service,No internet service,No internet service,No internet service,No internet service,No internet service
18586,6345-HOVES,No,No phone service,DSL,No,No,No,No,No,No
18587,6345-ULYRW,Yes,Yes,Fiber optic,No,Yes,No,No,No,Yes
18588,6347-DCUIK,Yes,Yes,Fiber optic,No,No,No,No,No,No
18589,6348-SNFUS,No,No phone service,DSL,Yes,Yes,Yes,Yes,No,Yes
18590,6349-JDHQP,Yes,No,No,No internet service,No internet service,No internet service,No internet service,No internet service,No internet service
18591,6350-XFYGW,Yes,No,Fiber optic,No,No,Yes,No,Yes,Yes
18592,6351-SCJKT,No,No phone service,DSL,Yes,No,Yes,Yes,No,No
18593,6352-GIGGQ,Yes,Yes,DSL,Yes,Yes,Yes,Yes,Yes,Yes
18594,6352-TWCAU,Yes,Yes,Fiber optic,No,No,No,No,Yes,No
18595,6353-BRMMA,Yes,Yes,Fiber optic,Yes,Yes,No,No,Yes,Yes
18596,6356-ELRKD,Yes,No,Fiber optic,Yes,No,No,No,Yes,Yes
18597,6357-JJPQT,Yes,No,Fiber optic,No,No,No,No,Yes,No
18598,6358-LYNGM,Yes,Yes,Fiber optic,No,No,No,No,No,No
18599,6360-SVNWV,Yes,No,Fiber optic,Yes,No,No,No,No,No
18600,6362-QHAFM,Yes,Yes,Fiber optic,No,No,Yes,Yes,Yes,Yes
18601,6365-HITVU,Yes,No,DSL,Yes,Yes,Yes,Yes,Yes,Yes
18602,6365-MTGZX,Yes,No,Fiber optic,No,No,No,Yes,Yes,Yes
18603,6366-XIVKZ,Yes,No,DSL,Yes,No,Yes,No,No,Yes
18604,6366-ZGQGL,No,No phone service,DSL,No,No,No,No,No,No
18605,6368-NWMCE,Yes,Yes,DSL,No,Yes,No,Yes,No,Yes
18606,6368-TZZDT,Yes,No,No,No internet service,No internet service,No internet service,No internet service,No internet service,No internet service
18607,6369-MCAKO,Yes,Yes,DSL,Yes,Yes,Yes,Yes,Yes,Yes
18608,6370-ZVHDV,Yes,Yes,No,No internet service,No internet service,No internet service,No internet service,No internet service,No internet service
18609,6371-NZYEG,Yes,No,DSL,Yes,No,Yes,No,Yes,No
18610,6372-RFVNS,Yes,No,Fiber optic,No,No,No,No,Yes,No
18611,6374-AFWOX,Yes,No,DSL,Yes,Yes,Yes,Yes,No,No
18612,6374-NTQLP,Yes,No,Fiber optic,Yes,No,Yes,Yes,Yes,Yes
18613,6376-GAHQE,Yes,No,Fiber optic,No,No,No,No,Yes,No
18614,6377-KSLXC,Yes,No,No,No internet service,No internet service,No internet service,No internet service,No internet service,No internet service
18615,6377-WHAOX,Yes,Yes,Fiber optic,No,Yes,Yes,No,Yes,Yes
18616,6379-RXJRQ,Yes,No,Fiber optic,No,No,No,No,No,No
18617,6380-ARCEH,Yes,No,No,No internet service,No internet service,No internet service,No internet service,No internet service,No internet service
18618,6383-ZTSIW,Yes,No,Fiber optic,Yes,Yes,No,No,Yes,Yes
18619,6384-VMJHP,Yes,No,DSL,Yes,Yes,Yes,Yes,No,Yes
18620,6386-SZZKH,Yes,Yes,Fiber optic,No,Yes,Yes,Yes,Yes,Yes
18621,6388-TABGU,Yes,No,DSL,Yes,Yes,No,No,No,No
18622,6390-DSAZX,Yes,No,Fiber optic,Yes,No,No,No,No,No
18623,6393-WRYZE,Yes,Yes,Fiber optic,No,No,No,No,Yes,Yes
18624,6394-HHHZM,Yes,No,No,No internet service,No internet service,No internet service,No internet service,No internet service,No internet service
18625,6394-MFYNG,Yes,Yes,Fiber optic,No,Yes,Yes,No,Yes,Yes
18626,6397-JNZZG,No,No phone service,DSL,No,Yes,Yes,No,Yes,Yes
18627,6400-BWQKW,Yes,Yes,Fiber optic,Yes,No,No,No,No,No
18628,6402-EJMWF,Yes,No,DSL,No,No,No,No,No,Yes
18629,6402-SSEJG,No,No phone service,DSL,Yes,Yes,Yes,No,Yes,Yes
18630,6402-ZFPPI,Yes,Yes,Fiber optic,Yes,Yes,No,No,Yes,Yes
18631,6407-GSJNL,Yes,Yes,No,No internet service,No internet service,No internet service,No internet service,No internet service,No internet service
18632,6407-UTSLV,Yes,No,Fiber optic,No,Yes,No,No,Yes,No
18633,6408-OTUBZ,Yes,Yes,Fiber optic,Yes,Yes,Yes,Yes,Yes,No
18634,6408-WHTEF,Yes,Yes,DSL,Yes,Yes,Yes,Yes,Yes,Yes
18635,6410-LEFEN,Yes,No,DSL,No,No,No,No,No,No
18636,6413-XKKPU,Yes,No,Fiber optic,Yes,No,Yes,No,Yes,No
18637,6416-JNVRK,Yes,No,DSL,No,No,No,No,No,Yes
18638,6416-TVAIH,Yes,No,Fiber optic,No,No,No,No,No,No
18639,6416-YJTTB,Yes,No,Fiber optic,Yes,No,Yes,No,No,No
18640,6418-HNFED,Yes,No,DSL,Yes,Yes,Yes,Yes,Yes,Yes
18641,6418-PIQSP,Yes,No,DSL,Yes,No,Yes,Yes,Yes,Yes
18642,6419-ZTTLE,Yes,No,No,No internet service,No internet service,No internet service,No internet service,No internet service,No internet service
18643,6421-SZVEM,Yes,No,Fiber optic,Yes,No,No,No,No,Yes
18644,6424-ELEYH,Yes,Yes,Fiber optic,No,No,No,No,No,No
18645,6425-JWTDV,Yes,No,No,No internet service,No internet service,No internet service,No internet service,No internet service,No internet service
18646,6425-YQLLO,Yes,Yes,Fiber optic,No,No,Yes,Yes,Yes,Yes
18647,6427-FEFIG,Yes,Yes,DSL,Yes,No,Yes,No,Yes,Yes
18648,6429-SHBCB,Yes,Yes,DSL,No,No,No,No,Yes,Yes
18649,6432-TWQLB,Yes,Yes,Fiber optic,No,Yes,No,Yes,No,No
18650,6434-TTGJP,No,No phone service,DSL,Yes,Yes,Yes,Yes,No,Yes
18651,6435-SRWBJ,Yes,Yes,Fiber optic,No,No,Yes,Yes,No,No
18652,6435-VWCCY,Yes,Yes,Fiber optic,Yes,Yes,No,No,Yes,No
18653,6437-UDQJM,Yes,Yes,DSL,Yes,Yes,Yes,No,Yes,Yes
18654,6437-UKHMV,Yes,No,Fiber optic,No,No,No,No,Yes,No
18655,6439-GTPCA,Yes,Yes,Fiber optic,No,No,Yes,Yes,No,No
18656,6439-LAJXL,Yes,No,DSL,Yes,Yes,No,Yes,Yes,No
18657,6439-PKTRR,Yes,Yes,DSL,Yes,Yes,Yes,Yes,Yes,No
18658,6440-DKQGE,Yes,No,DSL,No,Yes,Yes,No,Yes,No
18659,6445-TNRXS,Yes,Yes,Fiber optic,Yes,Yes,Yes,Yes,Yes,Yes
18660,6447-EGDIV,Yes,No,No,No internet service,No internet service,No internet service,No internet service,No internet service,No internet service
18661,6447-GORXK,No,No phone service,DSL,No,No,No,No,No,No
18662,6457-GIRWB,Yes,No,Fiber optic,No,No,No,No,No,No
18663,6457-USBER,Yes,No,Fiber optic,No,No,No,No,No,Yes
18664,6458-CYIDZ,Yes,No,Fiber optic,Yes,Yes,No,No,No,No
18665,6461-PPAXN,Yes,No,DSL,Yes,No,No,Yes,No,No
18666,6461-SZMCV,Yes,Yes,DSL,Yes,Yes,Yes,Yes,Yes,Yes
18667,6463-HHXJR,Yes,Yes,Fiber optic,Yes,Yes,Yes,No,Yes,No
18668,6463-MVYRY,Yes,No,DSL,Yes,No,Yes,Yes,Yes,No
18669,6464-KEXXH,No,No phone service,DSL,No,No,No,No,No,No
18670,6465-GSRCL,Yes,Yes,Fiber optic,No,Yes,No,Yes,Yes,Yes
18671,6467-CHFZW,Yes,Yes,Fiber optic,No,Yes,No,No,Yes,Yes
18672,6469-MRVET,Yes,No,No,No internet service,No internet service,No internet service,No internet service,No internet service,No internet service
18673,6469-QJKZW,Yes,No,No,No internet service,No internet service,No internet service,No internet service,No internet service,No internet service
18674,6473-ULUHT,Yes,Yes,DSL,Yes,Yes,No,Yes,Yes,Yes
18675,6474-FVJLC,Yes,Yes,Fiber optic,No,No,No,No,No,Yes
18676,6475-VHUIZ,Yes,No,DSL,No,No,Yes,Yes,No,No
18677,6476-EPYZR,Yes,No,No,No internet service,No internet service,No internet service,No internet service,No internet service,No internet service
18678,6476-YHMGA,Yes,No,DSL,No,Yes,Yes,Yes,Yes,Yes
18679,6478-HRRCZ,Yes,No,DSL,Yes,Yes,No,Yes,No,Yes
18680,6479-OAUSD,Yes,No,No,No internet service,No internet service,No internet service,No internet service,No internet service,No internet service
18681,6479-SZPLM,Yes,No,No,No internet service,No internet service,No internet service,No internet service,No internet service,No internet service
18682,6479-VDGRK,Yes,No,DSL,Yes,Yes,Yes,Yes,Yes,Yes
18683,6480-YAGIY,Yes,No,Fiber optic,Yes,Yes,Yes,Yes,Yes,Yes
18684,6481-ESCNL,Yes,Yes,Fiber optic,No,No,Yes,No,Yes,Yes
18685,6481-LXPWL,No,No phone service,DSL,No,Yes,Yes,No,No,No
18686,6481-OGDOO,Yes,No,Fiber optic,Yes,Yes,No,No,No,Yes
18687,6483-OATDN,Yes,No,DSL,Yes,No,No,No,No,No
18688,6484-LATFU,Yes,Yes,No,No internet service,No internet service,No internet service,No internet service,No internet service,No internet service
18689,6485-QXWWE,Yes,Yes,No,No internet service,No internet service,No internet service,No internet service,No internet service,No internet service
18690,6486-LHTMA,Yes,Yes,Fiber optic,No,No,Yes,No,Yes,No
18691,6490-FGZAT,Yes,No,No,No internet service,No internet service,No internet service,No internet service,No internet service,No internet service
18692,6496-JDSSB,Yes,No,Fiber optic,No,No,No,No,Yes,No
18693,6496-SLWHQ,Yes,Yes,Fiber optic,No,Yes,Yes,No,Yes,Yes
18694,6497-TILVL,Yes,No,DSL,Yes,No,No,No,No,No
18695,6500-JVEGC,Yes,Yes,Fiber optic,Yes,Yes,Yes,No,Yes,No
18696,6502-HCJTI,Yes,Yes,Fiber optic,Yes,Yes,No,No,No,Yes
18697,6502-KUGLL,Yes,No,DSL,Yes,Yes,No,Yes,No,No
18698,6502-MJQAE,Yes,No,Fiber optic,No,No,No,No,No,No
18699,6504-VBLFL,Yes,No,DSL,Yes,Yes,Yes,No,No,No
18700,6505-OZNPG,No,No phone service,DSL,Yes,Yes,Yes,Yes,Yes,Yes
18701,6506-EYCNH,Yes,No,No,No internet service,No internet service,No internet service,No internet service,No internet service,No internet service
18702,6507-DTJZV,Yes,No,DSL,No,No,No,No,Yes,Yes
18703,6507-ZJSUR,Yes,No,Fiber optic,No,No,No,No,Yes,Yes
18704,6508-NJYRO,Yes,No,No,No internet service,No internet service,No internet service,No internet service,No internet service,No internet service
18705,6509-TSGWN,Yes,Yes,No,No internet service,No internet service,No internet service,No internet service,No internet service,No internet service
18706,6510-UPNKS,Yes,Yes,No,No internet service,No internet service,No internet service,No internet service,No internet service,No internet service
18707,6513-EECDB,Yes,Yes,Fiber optic,No,No,No,No,No,No
18708,6516-NKQBO,Yes,No,DSL,Yes,No,Yes,Yes,Yes,Yes
18709,6518-KZXCB,Yes,Yes,No,No internet service,No internet service,No internet service,No internet service,No internet service,No internet service
18710,6518-LGAOV,Yes,Yes,Fiber optic,No,No,Yes,Yes,Yes,Yes
18711,6518-PPLMZ,Yes,No,No,No internet service,No internet service,No internet service,No internet service,No internet service,No internet service
18712,6519-CFDBX,Yes,No,DSL,No,No,No,No,No,No
18713,6519-ZHPXP,Yes,No,Fiber optic,Yes,Yes,Yes,Yes,Yes,Yes
18714,6521-YYTYI,Yes,Yes,Fiber optic,No,No,No,No,Yes,Yes
18715,6522-OIQSX,No,No phone service,DSL,No,Yes,Yes,No,Yes,Yes
18716,6522-YRBXD,Yes,Yes,Fiber optic,Yes,Yes,No,No,No,Yes
18717,6527-PZFPV,Yes,No,No,No internet service,No internet service,No internet service,No internet service,No internet service,No internet service
18718,6532-YLWSI,Yes,No,No,No internet service,No internet service,No internet service,No internet service,No internet service,No internet service
18719,6537-OTKMY,No,No phone service,DSL,No,No,Yes,No,Yes,Yes
18720,6537-QLGEX,No,No phone service,DSL,Yes,No,No,No,Yes,No
18721,6538-POCHL,Yes,No,Fiber optic,No,Yes,Yes,No,No,No
18722,6542-LWGXJ,No,No phone service,DSL,No,No,No,No,No,No
18723,6543-CPZMK,No,No phone service,DSL,No,Yes,No,No,No,No
18724,6543-JXSOO,Yes,No,DSL,Yes,Yes,No,Yes,No,No
18725,6543-XRMYR,Yes,Yes,Fiber optic,No,Yes,No,No,Yes,Yes
18726,6546-OPBBH,Yes,Yes,No,No internet service,No internet service,No internet service,No internet service,No internet service,No internet service
18727,6549-BTYPG,No,No phone service,DSL,No,Yes,Yes,Yes,Yes,Yes
18728,6549-NNDYT,No,No phone service,DSL,Yes,No,No,No,No,No
18729,6549-YMFAW,Yes,No,No,No internet service,No internet service,No internet service,No internet service,No internet service,No internet service
18730,6551-GNYDG,Yes,No,Fiber optic,No,No,No,No,No,Yes
18731,6551-VLJMV,Yes,No,No,No internet service,No internet service,No internet service,No internet service,No internet service,No internet service
18732,6551-ZCOTS,Yes,Yes,No,No internet service,No internet service,No internet service,No internet service,No internet service,No internet service
18733,6556-DBKZF,Yes,No,Fiber optic,No,No,Yes,No,No,No
18734,6557-BZXLQ,Yes,No,Fiber optic,No,No,No,No,No,No
18735,6559-ILWKJ,No,No phone service,DSL,No,Yes,No,No,Yes,Yes
18736,6559-PDZLR,Yes,No,Fiber optic,No,No,Yes,Yes,Yes,Yes
18737,6559-RAKOZ,Yes,Yes,Fiber optic,No,No,No,Yes,Yes,Yes
18738,6563-VNPMN,Yes,No,Fiber optic,Yes,Yes,No,Yes,No,No
18739,6563-VRERX,Yes,No,No,No internet service,No internet service,No internet service,No internet service,No internet service,No internet service
18740,6567-HOOPW,Yes,No,Fiber optic,No,No,No,No,Yes,No
18741,6568-POCUI,Yes,No,Fiber optic,No,No,No,Yes,Yes,Yes
18742,6569-KTMDU,Yes,No,No,No internet service,No internet service,No internet service,No internet service,No internet service,No internet service
18743,6572-ADKRS,Yes,No,Fiber optic,No,No,Yes,No,No,No
18744,6574-MCOEH,Yes,Yes,DSL,No,No,Yes,Yes,Yes,Yes
18745,6575-SUVOI,Yes,Yes,DSL,Yes,No,No,Yes,Yes,No
18746,6576-FBXOJ,No,No phone service,DSL,No,No,Yes,Yes,Yes,Yes
18747,6578-KRMAW,Yes,No,Fiber optic,Yes,Yes,Yes,No,No,Yes
18748,6579-JPICP,Yes,No,No,No internet service,No internet service,No internet service,No internet service,No internet service,No internet service
18749,6581-NQCBA,No,No phone service,DSL,No,No,No,Yes,Yes,Yes
18750,6582-OIVSP,Yes,No,DSL,No,No,No,No,No,No
18751,6582-PLFUU,Yes,No,No,No internet service,No internet service,No internet service,No internet service,No internet service,No internet service
18752,6583-KQJLK,Yes,No,Fiber optic,No,Yes,No,No,Yes,Yes
18753,6583-QGCSI,Yes,Yes,Fiber optic,No,Yes,No,No,Yes,No
18754,6583-SZVGP,Yes,Yes,Fiber optic,No,Yes,Yes,No,Yes,Yes
18755,6584-VQMYT,Yes,No,DSL,Yes,Yes,No,No,No,No
18756,6585-WCEWR,Yes,No,No,No internet service,No internet service,No internet service,No internet service,No internet service,No internet service
18757,6586-MYGKD,Yes,Yes,DSL,Yes,No,No,Yes,Yes,Yes
18758,6586-PSJOX,Yes,No,DSL,No,No,Yes,Yes,No,No
18759,6591-QGOYB,Yes,Yes,Fiber optic,Yes,Yes,Yes,Yes,Yes,No
18760,6595-COKXZ,Yes,No,DSL,No,No,No,No,No,No
18761,6595-YGXIT,Yes,Yes,Fiber optic,No,Yes,No,No,Yes,No
18762,6598-KELSS,No,No phone service,DSL,Yes,Yes,No,No,Yes,No
18763,6598-RFFVI,Yes,No,No,No internet service,No internet service,No internet service,No internet service,No internet service,No internet service
18764,6599-CEBNN,Yes,No,Fiber optic,No,Yes,No,No,No,No
18765,6599-GZWCM,Yes,No,Fiber optic,No,Yes,No,No,No,No
18766,6599-RCLCJ,Yes,Yes,Fiber optic,No,Yes,Yes,Yes,Yes,Yes
18767,6599-SFQVE,Yes,No,DSL,No,No,No,No,No,Yes
18768,6603-QWSPR,Yes,No,Fiber optic,No,Yes,Yes,Yes,Yes,Yes
18769,6603-YRDCJ,Yes,No,DSL,Yes,Yes,No,Yes,No,No
18770,6608-QQLVK,Yes,No,DSL,No,No,Yes,No,No,No
18771,6609-MXJHJ,Yes,Yes,No,No internet service,No internet service,No internet service,No internet service,No internet service,No internet service
18772,6614-FHDBO,Yes,Yes,Fiber optic,No,Yes,Yes,Yes,Yes,Yes
18773,6614-VBEGU,Yes,No,DSL,No,Yes,No,No,Yes,Yes
18774,6614-YOLAC,No,No phone service,DSL,Yes,Yes,No,Yes,Yes,Yes
18775,6614-YWYSC,Yes,Yes,No,No internet service,No internet service,No internet service,No internet service,No internet service,No internet service
18776,6615-NGGZJ,Yes,Yes,Fiber optic,No,Yes,No,No,Yes,Yes
18777,6615-ZGEDR,Yes,No,No,No internet service,No internet service,No internet service,No internet service,No internet service,No internet service
18778,6616-AALSR,Yes,Yes,Fiber optic,Yes,No,Yes,No,Yes,Yes
18779,6617-WLBQC,Yes,Yes,Fiber optic,Yes,No,No,No,No,No
18780,6618-RYATB,Yes,Yes,Fiber optic,No,No,Yes,No,No,No
18781,6619-RPLQZ,Yes,No,No,No internet service,No internet service,No internet service,No internet service,No internet service,No internet service
18782,6620-HVDUJ,Yes,No,DSL,Yes,Yes,No,Yes,No,No
18783,6620-JDYNW,Yes,Yes,DSL,Yes,No,Yes,No,No,No
18784,6621-NRZAK,Yes,No,No,No internet service,No internet service,No internet service,No internet service,No internet service,No internet service
18785,6621-YOBKI,Yes,No,No,No internet service,No internet service,No internet service,No internet service,No internet service,No internet service
18786,6624-JDRDS,No,No phone service,DSL,Yes,No,No,No,No,No
18787,6625-FLENO,Yes,No,No,No internet service,No internet service,No internet service,No internet service,No internet service,No internet service
18788,6625-IUTTT,Yes,No,DSL,Yes,No,Yes,No,No,Yes
18789,6625-UTXEW,Yes,No,DSL,No,Yes,No,No,No,No
18790,6627-CFOSN,Yes,Yes,Fiber optic,Yes,Yes,Yes,No,No,Yes
18791,6629-CZTTH,Yes,No,DSL,No,No,No,No,No,Yes
18792,6629-LADHQ,Yes,No,DSL,Yes,No,No,No,No,No
18793,6630-UJZMY,Yes,Yes,Fiber optic,No,No,No,No,Yes,No
18794,6631-HMANX,Yes,Yes,DSL,No,Yes,Yes,Yes,Yes,Yes
18795,6633-MPWBS,Yes,No,DSL,No,No,No,Yes,No,No
18796,6633-SYEUS,Yes,No,Fiber optic,No,Yes,Yes,Yes,No,No
18797,6635-CPNUN,Yes,Yes,Fiber optic,No,Yes,Yes,No,Yes,No
18798,6635-MYYYZ,Yes,No,DSL,Yes,Yes,Yes,Yes,Yes,Yes
18799,6637-KYRCV,No,No phone service,DSL,No,Yes,No,No,No,No
18800,6641-XRPSU,Yes,No,Fiber optic,No,No,No,No,No,No
18801,6645-MXQJT,Yes,No,Fiber optic,Yes,No,No,No,Yes,Yes
18802,6646-JPPHA,Yes,No,Fiber optic,Yes,Yes,No,No,No,No
18803,6646-QVXLR,Yes,Yes,Fiber optic,No,Yes,Yes,No,Yes,Yes
18804,6646-VRFOL,Yes,Yes,Fiber optic,No,Yes,Yes,No,Yes,Yes
18805,6647-ZEDXT,Yes,Yes,Fiber optic,No,Yes,Yes,Yes,Yes,Yes
18806,6648-INWPS,Yes,No,No,No internet service,No internet service,No internet service,No internet service,No internet service,No internet service
18807,6650-BWFRT,Yes,Yes,Fiber optic,Yes,Yes,Yes,Yes,Yes,Yes
18808,6650-VJONK,Yes,No,DSL,No,No,No,No,No,No
18809,6651-AZVTJ,Yes,Yes,Fiber optic,No,No,Yes,No,Yes,Yes
18810,6651-RLGGM,Yes,Yes,No,No internet service,No internet service,No internet service,No internet service,No internet service,No internet service
18811,6652-YFFJO,Yes,No,DSL,No,No,No,No,Yes,Yes
18812,6653-CBBOM,Yes,No,Fiber optic,No,No,No,No,No,No
18813,6654-QGBZZ,Yes,No,No,No internet service,No internet service,No internet service,No internet service,No internet service,No internet service
18814,6655-LHBYW,Yes,Yes,Fiber optic,Yes,Yes,Yes,Yes,Yes,Yes
18815,6656-GULJQ,Yes,Yes,DSL,Yes,No,Yes,Yes,Yes,Yes
18816,6656-JWRQX,No,No phone service,DSL,No,No,No,Yes,No,No
18817,6661-EIPZC,No,No phone service,DSL,No,No,No,Yes,No,No
18818,6661-HBGWL,Yes,Yes,Fiber optic,No,Yes,Yes,No,Yes,Yes
18819,6663-JOCQO,Yes,Yes,DSL,Yes,Yes,No,Yes,No,Yes
18820,6664-FPDAC,Yes,Yes,Fiber optic,No,Yes,Yes,Yes,Yes,Yes
18821,6668-CNMFP,Yes,Yes,Fiber optic,No,No,No,Yes,No,Yes
18822,6670-MFRPK,Yes,Yes,Fiber optic,No,No,Yes,No,No,No
18823,6671-NGWON,Yes,No,No,No internet service,No internet service,No internet service,No internet service,No internet service,No internet service
18824,6674-KVJHG,Yes,Yes,No,No internet service,No internet service,No internet service,No internet service,No internet service,No internet service
18825,6680-NENYN,Yes,Yes,Fiber optic,No,Yes,Yes,No,Yes,Yes
18826,6680-WKXRZ,Yes,Yes,Fiber optic,No,No,No,No,No,No
18827,6681-ZSEXG,Yes,Yes,DSL,No,Yes,Yes,No,No,No
18828,6682-QJDGB,Yes,No,DSL,Yes,Yes,No,No,No,No
18829,6682-VCIXC,No,No phone service,DSL,Yes,Yes,No,Yes,Yes,No
18830,6683-VLCTZ,Yes,Yes,Fiber optic,No,No,Yes,No,Yes,Yes
18831,6685-GBWJZ,Yes,No,DSL,Yes,Yes,No,Yes,Yes,No
18832,6685-XSHHU,Yes,No,No,No internet service,No internet service,No internet service,No internet service,No internet service,No internet service
18833,6686-YPGHK,Yes,No,Fiber optic,Yes,No,No,No,No,Yes
18834,6688-UZPWD,Yes,Yes,Fiber optic,No,Yes,No,No,Yes,Yes
18835,6689-KXGBO,Yes,No,DSL,No,Yes,No,No,No,No
18836,6689-TCZHQ,Yes,No,Fiber optic,No,No,No,No,No,Yes
18837,6689-VRRTK,Yes,Yes,Fiber optic,Yes,Yes,Yes,No,Yes,Yes
18838,6691-CCIHA,Yes,Yes,DSL,Yes,Yes,No,Yes,Yes,Yes
18839,6692-UDPJC,Yes,Yes,Fiber optic,No,No,No,Yes,Yes,No
18840,6692-YQHXC,Yes,No,Fiber optic,No,No,No,No,No,No
18841,6693-DJWTY,Yes,No,DSL,Yes,Yes,No,No,No,No
18842,6693-FRIRW,Yes,No,Fiber optic,No,Yes,Yes,No,Yes,Yes
18843,6695-AMZUF,Yes,No,DSL,Yes,Yes,Yes,Yes,Yes,Yes
18844,6695-FRVEC,Yes,No,DSL,Yes,No,Yes,Yes,No,No
18845,6696-YDAYZ,Yes,No,No,No internet service,No internet service,No internet service,No internet service,No internet service,No internet service
18846,6698-OXETB,Yes,No,No,No internet service,No internet service,No internet service,No internet service,No internet service,No internet service
18847,6701-DHKWQ,No,No phone service,DSL,No,Yes,Yes,Yes,Yes,No
18848,6701-YVNQG,Yes,Yes,DSL,Yes,Yes,Yes,Yes,Yes,Yes
18849,6702-OHFWR,No,No phone service,DSL,No,Yes,Yes,No,No,Yes
18850,6704-UTUKK,No,No phone service,DSL,No,No,No,No,Yes,Yes
18851,6705-LNMDD,Yes,No,DSL,No,No,No,Yes,No,No
18852,6705-LXORM,Yes,No,Fiber optic,No,No,No,No,No,No
18853,6710-HSJRD,Yes,Yes,Fiber optic,No,Yes,Yes,Yes,Yes,Yes
18854,6711-FLDFB,Yes,Yes,Fiber optic,No,No,No,No,No,No
18855,6711-VTNRE,Yes,No,Fiber optic,No,No,Yes,Yes,No,Yes
18856,6712-OAWRH,Yes,No,Fiber optic,No,No,No,No,Yes,Yes
18857,6713-OKOMC,No,No phone service,DSL,Yes,No,No,No,No,No
18858,6715-OFDBP,Yes,No,DSL,No,No,Yes,No,Yes,Yes
18859,6718-BDGHG,Yes,Yes,DSL,No,No,No,Yes,Yes,No
18860,6719-FGEDO,Yes,Yes,Fiber optic,Yes,Yes,Yes,Yes,No,No
18861,6719-OXYBR,Yes,No,Fiber optic,No,No,Yes,No,Yes,No
18862,6723-CEGQI,No,No phone service,DSL,No,Yes,No,Yes,Yes,No
18863,6723-WSNTY,Yes,Yes,Fiber optic,No,Yes,Yes,Yes,Yes,Yes
18864,6725-TPKJO,Yes,No,No,No internet service,No internet service,No internet service,No internet service,No internet service,No internet service
18865,6726-NNFWD,Yes,No,Fiber optic,No,Yes,Yes,No,No,Yes
18866,6726-WEXXK,Yes,Yes,Fiber optic,Yes,No,Yes,No,No,No
18867,6727-IOTLZ,Yes,No,DSL,No,Yes,Yes,Yes,Yes,Yes
18868,6728-CZFEI,Yes,No,DSL,No,No,No,No,Yes,No
18869,6728-DKUCO,Yes,Yes,Fiber optic,Yes,Yes,No,No,Yes,Yes
18870,6728-VOIFY,Yes,No,Fiber optic,No,Yes,No,No,Yes,Yes
18871,6728-WYQBC,Yes,No,No,No internet service,No internet service,No internet service,No internet service,No internet service,No internet service
18872,6729-FZWSY,Yes,No,No,No internet service,No internet service,No internet service,No internet service,No internet service,No internet service
18873,6729-GDNGC,Yes,No,Fiber optic,No,No,No,No,Yes,No
18874,6732-FZUGP,Yes,Yes,Fiber optic,Yes,No,Yes,No,Yes,No
18875,6732-VAILE,Yes,Yes,DSL,No,Yes,Yes,Yes,Yes,Yes
18876,6733-LRIZX,Yes,Yes,Fiber optic,Yes,No,Yes,Yes,Yes,Yes
18877,6734-CKRSM,Yes,No,No,No internet service,No internet service,No internet service,No internet service,No internet service,No internet service
18878,6734-FQAJX,Yes,No,Fiber optic,Yes,Yes,No,Yes,Yes,Yes
18879,6734-GMPVK,Yes,Yes,Fiber optic,No,Yes,Yes,No,Yes,Yes
18880,6734-JDTTV,Yes,No,No,No internet service,No internet service,No internet service,No internet service,No internet service,No internet service
18881,6734-PSBAW,Yes,Yes,No,No internet service,No internet service,No internet service,No internet service,No internet service,No internet service
18882,6736-DHUQI,Yes,No,Fiber optic,Yes,Yes,Yes,No,No,No
18883,6738-ISCBM,No,No phone service,DSL,Yes,No,Yes,No,Yes,Yes
18884,6741-EGCBI,Yes,Yes,Fiber optic,Yes,No,No,No,No,Yes
18885,6741-QRLUP,Yes,Yes,DSL,Yes,Yes,Yes,Yes,No,Yes
18886,6743-HHQPF,No,No phone service,DSL,No,No,No,No,No,No
18887,6745-JEFZB,Yes,Yes,Fiber optic,No,No,No,Yes,Yes,No
18888,6746-WAUWT,Yes,No,No,No internet service,No internet service,No internet service,No internet service,No internet service,No internet service
18889,6749-UTDVX,Yes,Yes,Fiber optic,No,Yes,Yes,No,Yes,Yes
18890,6752-APNJL,Yes,No,DSL,Yes,Yes,No,No,No,No
18891,6754-LZUKA,Yes,Yes,DSL,No,Yes,Yes,No,Yes,Yes
18892,6754-WKSHP,Yes,Yes,No,No internet service,No internet service,No internet service,No internet service,No internet service,No internet service
18893,6762-NSODU,Yes,No,No,No internet service,No internet service,No internet service,No internet service,No internet service,No internet service
18894,6762-QVYJO,No,No phone service,DSL,Yes,No,Yes,Yes,Yes,Yes
18895,6765-MBQNU,Yes,Yes,No,No internet service,No internet service,No internet service,No internet service,No internet service,No internet service
18896,6766-HFKLA,Yes,Yes,Fiber optic,No,No,Yes,Yes,Yes,Yes
18897,6769-DCQLI,Yes,No,Fiber optic,No,Yes,Yes,Yes,Yes,Yes
18898,6769-DYBQN,Yes,No,Fiber optic,Yes,No,No,No,No,Yes
18899,6770-UAYGJ,Yes,Yes,No,No internet service,No internet service,No internet service,No internet service,No internet service,No internet service
18900,6770-XUAGN,Yes,No,No,No internet service,No internet service,No internet service,No internet service,No internet service,No internet service
18901,6771-XWBDM,Yes,Yes,Fiber optic,No,Yes,Yes,No,Yes,Yes
18902,6772-KSATR,Yes,Yes,Fiber optic,Yes,No,No,No,No,No
18903,6772-WFQRD,Yes,No,No,No internet service,No internet service,No internet service,No internet service,No internet service,No internet service
18904,6773-LQTVT,No,No phone service,DSL,No,Yes,Yes,No,No,No
18905,6776-TLWOI,Yes,No,No,No internet service,No internet service,No internet service,No internet service,No internet service,No internet service
18906,6777-TGHTM,Yes,Yes,Fiber optic,Yes,No,Yes,No,Yes,Yes
18907,6778-EICRF,Yes,Yes,DSL,Yes,No,No,No,Yes,Yes
18908,6778-JFCMK,No,No phone service,DSL,Yes,No,No,No,Yes,Yes
18909,6778-YSNIH,Yes,No,DSL,No,Yes,No,No,Yes,No
18910,6784-XYJAE,Yes,Yes,DSL,No,No,Yes,No,No,No
18911,6786-OBWQR,Yes,No,Fiber optic,No,No,No,No,Yes,No
18912,6789-HJBWG,Yes,No,DSL,No,Yes,No,No,No,No
18913,6791-YBNAK,No,No phone service,DSL,No,No,No,No,No,No
18914,6794-HKIAJ,Yes,Yes,Fiber optic,Yes,Yes,Yes,No,No,No
18915,6797-LNAQX,Yes,Yes,Fiber optic,No,Yes,No,No,Yes,Yes
18916,6797-UCJHZ,Yes,Yes,Fiber optic,No,Yes,Yes,No,Yes,Yes
18917,6804-GDMOI,Yes,Yes,Fiber optic,No,No,Yes,Yes,Yes,Yes
18918,6806-YDEUL,Yes,No,No,No internet service,No internet service,No internet service,No internet service,No internet service,No internet service
18919,6807-SIWJI,Yes,Yes,Fiber optic,Yes,Yes,No,No,Yes,Yes
18920,6810-VCAEX,No,No phone service,DSL,Yes,Yes,No,Yes,No,No
18921,6813-GZQCG,Yes,Yes,No,No internet service,No internet service,No internet service,No internet service,No internet service,No internet service
18922,6814-ZPWFQ,Yes,Yes,No,No internet service,No internet service,No internet service,No internet service,No internet service,No internet service
18923,6815-ABQFQ,Yes,Yes,Fiber optic,No,Yes,No,Yes,Yes,Yes
18924,6817-WTYHE,Yes,No,DSL,No,No,No,No,No,No
18925,6818-DJXAA,Yes,No,Fiber optic,No,No,Yes,Yes,Yes,No
18926,6818-WOBHJ,Yes,Yes,Fiber optic,No,Yes,No,No,No,Yes
18927,6821-BUXUX,Yes,Yes,Fiber optic,Yes,Yes,No,No,Yes,No
18928,6821-JPCDC,Yes,No,Fiber optic,No,Yes,Yes,No,Yes,Yes
18929,6823-SIDFQ,Yes,No,No,No internet service,No internet service,No internet service,No internet service,No internet service,No internet service
18930,6825-UYPFK,Yes,Yes,Fiber optic,No,No,No,No,No,No
18931,6827-IEAUQ,Yes,No,DSL,Yes,Yes,Yes,Yes,No,No
18932,6828-HMKWP,Yes,No,No,No internet service,No internet service,No internet service,No internet service,No internet service,No internet service
18933,6833-JMZYP,Yes,No,Fiber optic,No,No,Yes,No,Yes,Yes
18934,6834-NXDCA,No,No phone service,DSL,No,No,No,No,No,No
18935,6837-BJYDQ,Yes,No,No,No internet service,No internet service,No internet service,No internet service,No internet service,No internet service
18936,6837-HAEVO,Yes,Yes,Fiber optic,No,Yes,Yes,No,Yes,Yes
18937,6838-HVLXG,Yes,No,No,No internet service,No internet service,No internet service,No internet service,No internet service,No internet service
18938,6838-YAUVY,Yes,Yes,Fiber optic,No,No,Yes,Yes,No,Yes
18939,6839-ITVZJ,Yes,Yes,DSL,No,Yes,No,Yes,No,No
18940,6840-RESVB,Yes,Yes,DSL,Yes,No,Yes,Yes,Yes,Yes
18941,6844-DZKRF,Yes,No,DSL,No,No,No,Yes,No,No
18942,6845-RGTYS,Yes,Yes,Fiber optic,Yes,Yes,Yes,No,Yes,No
18943,6847-KJLTS,Yes,Yes,Fiber optic,No,No,No,Yes,Yes,Yes
18944,6848-HJTXY,Yes,No,No,No internet service,No internet service,No internet service,No internet service,No internet service,No internet service
18945,6848-YLDFR,Yes,No,DSL,No,Yes,No,Yes,Yes,Yes
18946,6849-OYAMU,Yes,No,Fiber optic,No,Yes,No,Yes,Yes,Yes
18947,6849-WLEYG,Yes,No,No,No internet service,No internet service,No internet service,No internet service,No internet service,No internet service
18948,6851-WEFYX,Yes,Yes,Fiber optic,No,No,Yes,No,Yes,Yes
18949,6854-EXGSF,Yes,Yes,DSL,Yes,Yes,Yes,No,No,No
18950,6855-VLGOS,Yes,No,No,No internet service,No internet service,No internet service,No internet service,No internet service,No internet service
18951,6856-RAURS,Yes,Yes,Fiber optic,No,No,No,No,No,No
18952,6857-TKDJV,Yes,Yes,No,No internet service,No internet service,No internet service,No internet service,No internet service,No internet service
18953,6857-VWJDT,Yes,Yes,Fiber optic,No,No,No,No,Yes,Yes
18954,6859-QNXIQ,Yes,Yes,Fiber optic,Yes,Yes,Yes,Yes,Yes,Yes
18955,6859-RKMZJ,Yes,No,DSL,No,No,No,No,Yes,No
18956,6860-YRJZP,Yes,Yes,Fiber optic,No,No,No,No,No,No
18957,6861-OKBCE,Yes,No,No,No internet service,No internet service,No internet service,No internet service,No internet service,No internet service
18958,6861-XWTWQ,Yes,Yes,Fiber optic,No,No,Yes,No,Yes,Yes
18959,6862-CQUMB,Yes,No,Fiber optic,No,Yes,No,No,Yes,Yes
18960,6865-JZNKO,Yes,No,DSL,Yes,Yes,No,No,No,No
18961,6867-ACCZI,No,No phone service,DSL,Yes,Yes,Yes,Yes,No,Yes
18962,6869-FGJJC,Yes,No,Fiber optic,No,Yes,Yes,No,No,No
18963,6870-ECSHE,Yes,No,No,No internet service,No internet service,No internet service,No internet service,No internet service,No internet service
18964,6870-ZWMNX,Yes,Yes,DSL,No,Yes,Yes,Yes,Yes,No
18965,6872-HXFNF,Yes,Yes,DSL,No,No,Yes,Yes,No,No
18966,6873-UDNLD,Yes,No,DSL,Yes,No,Yes,No,No,Yes
18967,6874-SGLHU,Yes,No,Fiber optic,No,Yes,No,No,Yes,Yes
18968,6876-ADESB,Yes,No,DSL,No,No,Yes,No,No,No
18969,6877-LGWXO,Yes,No,Fiber optic,No,No,No,No,No,Yes
18970,6877-TJMBR,Yes,No,Fiber optic,No,No,No,Yes,Yes,No
18971,6878-GGDWG,Yes,No,No,No internet service,No internet service,No internet service,No internet service,No internet service,No internet service
18972,6885-PKOAM,Yes,Yes,DSL,Yes,Yes,Yes,Yes,Yes,Yes
18973,6888-SBYAI,Yes,No,DSL,Yes,No,No,No,No,No
18974,6890-PFRQX,Yes,Yes,DSL,Yes,No,Yes,No,Yes,No
18975,6891-JPYFF,Yes,Yes,Fiber optic,Yes,Yes,No,No,Yes,Yes
18976,6892-BOGQE,Yes,No,No,No internet service,No internet service,No internet service,No internet service,No internet service,No internet service
18977,6892-EZDTG,Yes,Yes,Fiber optic,No,Yes,No,No,Yes,No
18978,6892-XPFPU,Yes,Yes,Fiber optic,No,Yes,Yes,No,Yes,Yes
18979,6893-ODYYE,Yes,No,Fiber optic,Yes,Yes,Yes,Yes,No,No
18980,6894-LFHLY,Yes,Yes,Fiber optic,No,No,No,No,No,No
18981,6896-SRVYQ,Yes,No,Fiber optic,No,No,Yes,No,No,No
18982,6897-RWMUB,Yes,No,DSL,Yes,Yes,Yes,Yes,No,No
18983,6897-UUBNU,Yes,No,Fiber optic,No,Yes,No,Yes,Yes,No
18984,6898-MDLZW,Yes,No,DSL,No,Yes,No,Yes,No,No
18985,6898-RBTLU,Yes,Yes,DSL,No,Yes,No,Yes,Yes,Yes
18986,6899-PPEEA,Yes,Yes,Fiber optic,No,No,No,No,Yes,Yes
18987,6900-PXRMS,Yes,Yes,Fiber optic,No,Yes,Yes,No,Yes,Yes
18988,6900-RBKER,Yes,Yes,Fiber optic,No,No,Yes,No,No,Yes
18989,6901-GOGZG,Yes,Yes,DSL,Yes,No,Yes,Yes,Yes,Yes
18990,6904-JLBGY,Yes,Yes,Fiber optic,Yes,Yes,Yes,Yes,Yes,Yes
18991,6905-NIQIN,Yes,No,DSL,No,Yes,No,No,No,No
18992,6906-ANDWJ,Yes,Yes,Fiber optic,No,No,No,No,No,No
18993,6906-MPARY,Yes,No,Fiber optic,No,Yes,No,Yes,No,Yes
18994,6907-CQGPN,No,No phone service,DSL,No,Yes,No,Yes,No,No
18995,6907-FLBER,Yes,Yes,DSL,No,Yes,No,No,No,No
18996,6907-NZZIJ,Yes,Yes,Fiber optic,No,Yes,No,No,Yes,Yes
18997,6908-VVYHM,Yes,Yes,Fiber optic,No,Yes,No,No,No,Yes
18998,6910-HADCM,Yes,No,Fiber optic,No,No,Yes,No,No,No
18999,6916-HIJSE,Yes,No,DSL,Yes,Yes,Yes,Yes,Yes,Yes
19000,6917-FIJHC,Yes,Yes,No,No internet service,No internet service,No internet service,No internet service,No internet service,No internet service
19001,6917-IAYHD,No,No phone service,DSL,No,Yes,No,Yes,No,No
19002,6917-YACBP,Yes,Yes,Fiber optic,Yes,Yes,Yes,No,No,No
19003,6918-UMQCG,Yes,No,Fiber optic,No,No,No,No,Yes,No
19004,6919-ELBGL,Yes,Yes,Fiber optic,Yes,Yes,Yes,Yes,Yes,Yes
19005,6921-OZMFH,Yes,Yes,DSL,No,No,No,Yes,No,No
19006,6922-NCEDI,Yes,No,No,No internet service,No internet service,No internet service,No internet service,No internet service,No internet service
19007,6923-AQONU,Yes,No,No,No internet service,No internet service,No internet service,No internet service,No internet service,No internet service
19008,6923-EFPNL,Yes,Yes,DSL,No,No,No,No,No,No
19009,6923-JHPMP,Yes,No,Fiber optic,Yes,No,Yes,No,No,No
19010,6924-TDGMT,Yes,No,No,No internet service,No internet service,No internet service,No internet service,No internet service,No internet service
19011,6925-BAYGL,Yes,Yes,No,No internet service,No internet service,No internet service,No internet service,No internet service,No internet service
19012,6927-WTFIV,Yes,No,Fiber optic,No,No,No,No,No,No
19013,6928-ONTRW,Yes,No,No,No internet service,No internet service,No internet service,No internet service,No internet service,No internet service
19014,6933-FHBZC,Yes,No,DSL,No,Yes,Yes,No,No,No
19015,6933-VLYFX,No,No phone service,DSL,Yes,No,Yes,Yes,Yes,Yes
19016,6937-GCDGQ,Yes,No,DSL,Yes,No,No,No,No,No
19017,6941-KXRRV,Yes,No,DSL,No,Yes,No,No,No,Yes
19018,6941-PMGEP,Yes,No,Fiber optic,No,No,No,No,No,Yes
19019,6942-LBFDP,Yes,No,No,No internet service,No internet service,No internet service,No internet service,No internet service,No internet service
19020,6946-LMSQS,Yes,Yes,Fiber optic,Yes,No,No,No,No,Yes
19021,6950-TWMYB,Yes,No,Fiber optic,No,Yes,No,Yes,No,No
19022,6952-OMNWB,Yes,Yes,Fiber optic,No,No,Yes,No,No,No
19023,6953-PBDIN,Yes,Yes,DSL,No,Yes,Yes,Yes,Yes,No
19024,6954-OOYZZ,Yes,No,DSL,No,No,No,No,No,No
19025,6956-SMUCM,Yes,No,Fiber optic,Yes,No,Yes,No,Yes,Yes
19026,6959-GQEGV,Yes,No,DSL,Yes,No,Yes,No,Yes,Yes
19027,6959-UWKHF,Yes,No,DSL,No,No,No,No,No,No
19028,6960-HVYXR,Yes,Yes,Fiber optic,No,No,No,No,No,No
19029,6961-MJKBO,Yes,No,No,No internet service,No internet service,No internet service,No internet service,No internet service,No internet service
19030,6961-VCPMC,Yes,No,Fiber optic,No,No,No,No,No,Yes
19031,6963-EZQEE,Yes,Yes,DSL,Yes,Yes,Yes,Yes,Yes,Yes
19032,6963-KQYQB,Yes,Yes,No,No internet service,No internet service,No internet service,No internet service,No internet service,No internet service
19033,6967-PEJLL,No,No phone service,DSL,Yes,No,Yes,Yes,No,No
19034,6967-QIQRV,Yes,No,Fiber optic,Yes,No,No,Yes,Yes,Yes
19035,6968-GMKPR,Yes,No,Fiber optic,No,Yes,Yes,No,No,No
19036,6968-MHOMU,No,No phone service,DSL,No,No,No,No,Yes,Yes
19037,6968-URWQU,Yes,No,DSL,No,No,No,No,Yes,No
19038,6969-MVBAI,Yes,Yes,Fiber optic,No,No,Yes,No,Yes,No
19039,6972-SNKKW,Yes,No,No,No internet service,No internet service,No internet service,No internet service,No internet service,No internet service
19040,6974-DAFLI,Yes,No,No,No internet service,No internet service,No internet service,No internet service,No internet service,No internet service
19041,6976-BWGLQ,Yes,Yes,No,No internet service,No internet service,No internet service,No internet service,No internet service,No internet service
19042,6979-TNDEU,Yes,No,No,No internet service,No internet service,No internet service,No internet service,No internet service,No internet service
19043,6979-ZNSFF,Yes,Yes,Fiber optic,No,No,No,No,Yes,No
19044,6980-CDGFC,Yes,No,No,No internet service,No internet service,No internet service,No internet service,No internet service,No internet service
19045,6980-IMXXE,Yes,No,No,No internet service,No internet service,No internet service,No internet service,No internet service,No internet service
19046,6981-TDRFT,No,No phone service,DSL,No,No,Yes,Yes,Yes,Yes
19047,6982-SSHFK,Yes,No,DSL,No,No,No,No,No,No
19048,6982-UQZLY,Yes,No,No,No internet service,No internet service,No internet service,No internet service,No internet service,No internet service
19049,6985-HAYWX,Yes,Yes,Fiber optic,No,Yes,No,No,No,No
19050,6986-IJDHX,Yes,No,Fiber optic,No,Yes,No,No,Yes,No
19051,6986-IXNDM,Yes,No,Fiber optic,No,No,No,No,Yes,Yes
19052,6987-XQSJT,Yes,Yes,Fiber optic,No,Yes,No,No,No,No
19053,6988-CJEYV,Yes,Yes,Fiber optic,No,Yes,No,No,Yes,Yes
19054,6990-YNRIO,Yes,Yes,Fiber optic,Yes,No,Yes,Yes,Yes,Yes
19055,6992-TKNYO,Yes,Yes,DSL,No,No,Yes,Yes,No,Yes
19056,6993-OHLXR,Yes,No,Fiber optic,No,No,No,No,No,No
19057,6993-YCOBK,Yes,Yes,Fiber optic,Yes,No,Yes,Yes,Yes,Yes
19058,6993-YGFJV,Yes,Yes,Fiber optic,Yes,Yes,Yes,Yes,Yes,Yes
19059,6994-FGRHH,Yes,No,Fiber optic,No,Yes,Yes,Yes,Yes,Yes
19060,6994-KERXL,Yes,No,DSL,No,No,No,No,No,Yes
19061,6994-ORCWG,Yes,Yes,DSL,No,Yes,No,No,No,No
19062,6996-KNSML,Yes,No,Fiber optic,No,No,Yes,No,No,No
19063,6997-UVGOX,Yes,No,DSL,Yes,Yes,Yes,Yes,Yes,Yes
19064,6999-CHVCF,Yes,Yes,Fiber optic,Yes,Yes,Yes,No,No,Yes
19065,7000-WCEVQ,Yes,Yes,DSL,No,No,No,No,No,Yes
19066,7005-CCBKV,Yes,No,Fiber optic,No,Yes,No,No,No,Yes
19067,7005-CYUIL,Yes,No,Fiber optic,Yes,Yes,Yes,Yes,Yes,No
19068,7008-LZVOZ,Yes,Yes,No,No internet service,No internet service,No internet service,No internet service,No internet service,No internet service
19069,7009-LGECI,Yes,No,DSL,Yes,No,No,No,No,No
19070,7009-PCARS,Yes,No,No,No internet service,No internet service,No internet service,No internet service,No internet service,No internet service
19071,7010-BRBUU,Yes,Yes,No,No internet service,No internet service,No internet service,No internet service,No internet service,No internet service
19072,7010-ZMVBF,Yes,No,No,No internet service,No internet service,No internet service,No internet service,No internet service,No internet service
19073,7011-CVEUC,Yes,No,Fiber optic,No,No,No,Yes,Yes,Yes
19074,7013-PSXHK,Yes,Yes,DSL,No,No,Yes,Yes,Yes,Yes
19075,7014-ZZXAW,Yes,Yes,No,No internet service,No internet service,No internet service,No internet service,No internet service,No internet service
19076,7016-BPGEU,No,No phone service,DSL,No,No,No,No,No,No
19077,7016-NVRIC,Yes,No,Fiber optic,Yes,No,Yes,No,No,Yes
19078,7017-VFHAY,Yes,Yes,Fiber optic,Yes,Yes,Yes,Yes,Yes,Yes
19079,7017-VFULY,Yes,No,No,No internet service,No internet service,No internet service,No internet service,No internet service,No internet service
19080,7018-FPXHH,Yes,No,DSL,Yes,Yes,Yes,No,No,No
19081,7018-WBJNK,Yes,No,Fiber optic,No,No,No,No,Yes,No
19082,7020-OZKXZ,Yes,No,Fiber optic,No,No,Yes,No,No,No
19083,7021-XSNYE,No,No phone service,DSL,Yes,No,Yes,Yes,No,Yes
19084,7024-OHCCK,Yes,Yes,Fiber optic,No,No,No,No,Yes,Yes
19085,7025-IWFHT,Yes,No,Fiber optic,No,Yes,No,Yes,Yes,No
19086,7025-WCBNE,Yes,Yes,DSL,No,Yes,No,Yes,No,No
19087,7026-YMSBE,Yes,No,No,No internet service,No internet service,No internet service,No internet service,No internet service,No internet service
19088,7028-DVOIQ,Yes,Yes,Fiber optic,No,No,Yes,No,Yes,Yes
19089,7029-IJEJK,No,No phone service,DSL,Yes,No,No,Yes,No,Yes
19090,7029-RPUAV,Yes,Yes,Fiber optic,No,No,Yes,No,Yes,Yes
19091,7030-FZTFM,Yes,Yes,Fiber optic,No,Yes,Yes,Yes,Yes,Yes
19092,7030-NJVDP,Yes,No,Fiber optic,Yes,No,No,Yes,No,Yes
19093,7032-LMBHI,Yes,Yes,DSL,Yes,No,No,No,Yes,No
19094,7033-CLAMM,Yes,No,No,No internet service,No internet service,No internet service,No internet service,No internet service,No internet service
19095,7036-TYDEC,Yes,Yes,Fiber optic,No,No,Yes,Yes,Yes,Yes
19096,7036-ZZKBD,Yes,No,DSL,No,No,Yes,Yes,No,Yes
19097,7037-MTYVW,Yes,Yes,DSL,Yes,No,Yes,Yes,Yes,Yes
19098,7041-TXQJH,No,No phone service,DSL,No,No,Yes,No,No,Yes
19099,7044-YAACC,Yes,No,Fiber optic,No,No,No,No,No,No
19100,7047-FWEYA,Yes,Yes,Fiber optic,No,Yes,No,Yes,Yes,Yes
19101,7047-YXDMZ,Yes,No,No,No internet service,No internet service,No internet service,No internet service,No internet service,No internet service
19102,7048-GXDAY,Yes,Yes,Fiber optic,Yes,Yes,No,No,Yes,Yes
19103,7049-GKVZY,Yes,No,DSL,Yes,Yes,No,Yes,Yes,Yes
19104,7054-DMVAS,Yes,No,DSL,Yes,Yes,No,No,Yes,No
19105,7054-ENNGU,Yes,No,DSL,No,Yes,No,No,No,No
19106,7054-LGEQW,Yes,No,DSL,No,No,No,No,No,No
19107,7055-HNEOJ,Yes,No,DSL,No,No,Yes,Yes,No,No
19108,7055-JCGNI,Yes,Yes,Fiber optic,Yes,Yes,Yes,Yes,Yes,Yes
19109,7055-VKGDA,Yes,No,Fiber optic,Yes,Yes,No,Yes,Yes,Yes
19110,7056-IMHCC,Yes,Yes,Fiber optic,No,Yes,No,No,Yes,Yes
19111,7061-OVMIM,Yes,No,No,No internet service,No internet service,No internet service,No internet service,No internet service,No internet service
19112,7064-FRRSW,Yes,Yes,Fiber optic,No,Yes,No,No,Yes,Yes
19113,7064-JHXCE,Yes,No,No,No internet service,No internet service,No internet service,No internet service,No internet service,No internet service
19114,7065-YUNRY,Yes,No,DSL,No,No,No,No,No,No
19115,7067-KSAZT,Yes,Yes,Fiber optic,No,Yes,Yes,No,Yes,Yes
19116,7072-MBHEV,Yes,Yes,Fiber optic,No,No,Yes,No,No,No
19117,7073-QETQY,Yes,No,No,No internet service,No internet service,No internet service,No internet service,No internet service,No internet service
19118,7074-IEVOJ,Yes,Yes,Fiber optic,No,Yes,No,No,No,No
19119,7074-STDCN,No,No phone service,DSL,No,No,No,Yes,No,Yes
19120,7075-BNDVQ,No,No phone service,DSL,Yes,No,Yes,No,No,No
19121,7077-XJMET,Yes,No,DSL,No,No,Yes,Yes,Yes,Yes
19122,7078-NVFAM,No,No phone service,DSL,Yes,Yes,No,No,No,No
19123,7079-QRCBC,Yes,Yes,Fiber optic,No,No,Yes,No,Yes,Yes
19124,7080-TNUWP,Yes,Yes,Fiber optic,No,Yes,Yes,No,Yes,No
19125,7083-MIOPC,Yes,No,No,No internet service,No internet service,No internet service,No internet service,No internet service,No internet service
19126,7083-YNSKY,Yes,Yes,No,No internet service,No internet service,No internet service,No internet service,No internet service,No internet service
19127,7088-FBAWU,Yes,No,DSL,Yes,Yes,No,No,Yes,Yes
19128,7089-IVVAZ,Yes,Yes,Fiber optic,Yes,No,No,Yes,Yes,Yes
19129,7089-RKVSZ,Yes,Yes,No,No internet service,No internet service,No internet service,No internet service,No internet service,No internet service
19130,7089-XXAYG,No,No phone service,DSL,No,No,Yes,No,Yes,No
19131,7094-MSZAO,Yes,No,No,No internet service,No internet service,No internet service,No internet service,No internet service,No internet service
19132,7096-UCLNH,Yes,No,No,No internet service,No internet service,No internet service,No internet service,No internet service,No internet service
19133,7096-ZNBZI,Yes,Yes,No,No internet service,No internet service,No internet service,No internet service,No internet service,No internet service
19134,7100-FQPRV,Yes,Yes,DSL,Yes,No,No,Yes,No,Yes
19135,7101-HRBLJ,Yes,No,DSL,Yes,Yes,Yes,Yes,Yes,Yes
19136,7102-JJVTX,Yes,No,DSL,Yes,No,No,No,No,No
19137,7103-IPXPJ,Yes,Yes,Fiber optic,No,No,No,Yes,Yes,Yes
19138,7103-ZGVNT,Yes,Yes,DSL,Yes,Yes,No,Yes,Yes,No
19139,7105-BENQF,Yes,No,DSL,Yes,No,Yes,No,No,Yes
19140,7105-MXJLL,Yes,No,DSL,No,No,Yes,No,No,Yes
19141,7107-UBYKY,Yes,Yes,No,No internet service,No internet service,No internet service,No internet service,No internet service,No internet service
19142,7108-DGVUU,Yes,Yes,DSL,No,Yes,Yes,No,No,Yes
19143,7109-CQYUZ,Yes,Yes,DSL,Yes,Yes,Yes,Yes,Yes,Yes
19144,7109-MFBYV,Yes,No,DSL,No,No,No,No,No,No
19145,7110-BDTWG,No,No phone service,DSL,No,No,Yes,Yes,No,Yes
19146,7112-OPOTK,Yes,No,Fiber optic,No,No,No,No,No,No
19147,7113-HIPFI,Yes,No,DSL,Yes,Yes,Yes,Yes,No,No
19148,7114-AEOZE,Yes,No,No,No internet service,No internet service,No internet service,No internet service,No internet service,No internet service
19149,7115-IRDHS,Yes,Yes,No,No internet service,No internet service,No internet service,No internet service,No internet service,No internet service
19150,7120-RFMVS,Yes,Yes,Fiber optic,No,No,No,No,Yes,No
19151,7123-WQUHX,Yes,Yes,Fiber optic,No,No,Yes,Yes,Yes,No
19152,7124-UGSUR,Yes,Yes,Fiber optic,No,Yes,Yes,No,Yes,Yes
19153,7126-RBHSD,Yes,Yes,Fiber optic,Yes,No,No,No,No,No
19154,7128-GGCNO,Yes,Yes,Fiber optic,No,No,No,No,No,No
19155,7129-ACFOG,Yes,Yes,DSL,Yes,No,No,No,No,No
19156,7129-AZJDE,Yes,No,Fiber optic,No,No,No,No,No,Yes
19157,7129-CAKJW,Yes,Yes,Fiber optic,No,No,Yes,No,No,No
19158,7130-CTCUS,Yes,No,DSL,Yes,Yes,No,No,No,No
19159,7130-VTEWQ,Yes,Yes,Fiber optic,No,No,No,No,No,No
19160,7130-YXBRO,Yes,Yes,Fiber optic,Yes,Yes,Yes,No,Yes,Yes
19161,7131-ZQZNK,No,No phone service,DSL,Yes,No,Yes,Yes,Yes,Yes
19162,7133-VBDCG,Yes,No,Fiber optic,Yes,Yes,No,No,No,No
19163,7134-HBPBS,Yes,Yes,Fiber optic,No,Yes,Yes,Yes,Yes,Yes
19164,7134-MJPDY,Yes,Yes,Fiber optic,No,No,Yes,Yes,Yes,Yes
19165,7136-IHZJA,Yes,No,DSL,Yes,Yes,No,Yes,No,Yes
19166,7136-RVDTZ,No,No phone service,DSL,No,No,No,No,Yes,Yes
19167,7137-NAXML,Yes,No,No,No internet service,No internet service,No internet service,No internet service,No internet service,No internet service
19168,7137-RYLPP,Yes,Yes,Fiber optic,No,No,No,No,Yes,No
19169,7138-GIRSH,Yes,Yes,DSL,No,No,Yes,Yes,No,Yes
19170,7139-JZFVG,Yes,No,DSL,Yes,Yes,Yes,No,No,No
19171,7140-ADSMJ,Yes,No,No,No internet service,No internet service,No internet service,No internet service,No internet service,No internet service
19172,7142-HVGBG,Yes,Yes,Fiber optic,No,Yes,Yes,No,Yes,Yes
19173,7143-BQIBA,Yes,No,DSL,Yes,No,No,Yes,Yes,No
19174,7145-FEJWU,Yes,Yes,Fiber optic,No,Yes,Yes,No,Yes,Yes
19175,7147-AYBAA,Yes,No,Fiber optic,No,No,No,No,No,No
19176,7148-XZPHA,Yes,No,Fiber optic,No,Yes,No,Yes,No,No
19177,7153-CHRBV,Yes,No,DSL,Yes,No,Yes,Yes,No,No
19178,7153-OANIO,Yes,No,Fiber optic,No,No,No,No,No,No
19179,7156-MHUGY,Yes,No,Fiber optic,No,No,No,No,Yes,Yes
19180,7156-MXBJE,Yes,Yes,DSL,No,Yes,Yes,Yes,Yes,Yes
19181,7157-SMCFK,Yes,No,No,No internet service,No internet service,No internet service,No internet service,No internet service,No internet service
19182,7159-FVYPK,Yes,Yes,DSL,No,Yes,Yes,No,Yes,No
19183,7159-NOKYQ,Yes,Yes,Fiber optic,No,Yes,Yes,No,No,Yes
19184,7161-DFHUF,Yes,Yes,No,No internet service,No internet service,No internet service,No internet service,No internet service,No internet service
19185,7162-WPHPM,Yes,Yes,DSL,Yes,Yes,Yes,Yes,No,No
19186,7163-OCEQI,Yes,Yes,DSL,No,No,Yes,Yes,Yes,Yes
19187,7164-BPTUT,Yes,Yes,DSL,Yes,Yes,Yes,Yes,Yes,Yes
19188,7167-PCEYD,Yes,No,No,No internet service,No internet service,No internet service,No internet service,No internet service,No internet service
19189,7168-HDQHG,Yes,No,No,No internet service,No internet service,No internet service,No internet service,No internet service,No internet service
19190,7169-YWAMK,Yes,No,DSL,Yes,Yes,No,Yes,Yes,No
19191,7173-TETGO,Yes,Yes,Fiber optic,Yes,No,No,No,No,No
19192,7175-NTIXE,Yes,No,DSL,Yes,No,No,Yes,Yes,Yes
19193,7176-WIONM,No,No phone service,DSL,No,No,Yes,No,Yes,Yes
19194,7176-WRTNX,Yes,Yes,Fiber optic,Yes,Yes,Yes,Yes,Yes,Yes
19195,7180-PISOG,Yes,Yes,Fiber optic,No,No,No,No,No,No
19196,7181-BQYBV,Yes,Yes,Fiber optic,Yes,No,Yes,No,Yes,Yes
19197,7181-OQCUT,Yes,Yes,Fiber optic,Yes,No,Yes,No,Yes,Yes
19198,7182-OVLBJ,Yes,Yes,Fiber optic,Yes,No,No,No,Yes,Yes
19199,7184-LRUUR,Yes,No,DSL,No,Yes,Yes,No,Yes,No
19200,7188-CBBBA,Yes,Yes,Fiber optic,No,Yes,Yes,No,Yes,No
19201,7190-XHTWJ,Yes,No,No,No internet service,No internet service,No internet service,No internet service,No internet service,No internet service
19202,7191-ADRGF,No,No phone service,DSL,No,Yes,Yes,No,Yes,Yes
19203,7196-LIWRH,Yes,No,No,No internet service,No internet service,No internet service,No internet service,No internet service,No internet service
19204,7197-VOJMM,Yes,No,DSL,Yes,Yes,No,Yes,No,Yes
19205,7198-GLXTC,Yes,No,Fiber optic,No,No,No,No,Yes,No
19206,7203-OYKCT,Yes,Yes,Fiber optic,No,Yes,Yes,No,Yes,Yes
19207,7205-BAIAD,Yes,No,No,No internet service,No internet service,No internet service,No internet service,No internet service,No internet service
19208,7206-GZCDC,Yes,No,Fiber optic,No,No,No,No,No,No
19209,7206-PQBBZ,Yes,No,Fiber optic,No,No,No,No,No,No
19210,7207-RMRDB,Yes,Yes,Fiber optic,No,Yes,Yes,No,Yes,Yes
19211,7208-PSIHR,Yes,Yes,Fiber optic,No,No,Yes,Yes,Yes,Yes
19212,7209-JCUDS,Yes,No,Fiber optic,No,No,Yes,No,Yes,Yes
19213,7216-EWTRS,Yes,Yes,Fiber optic,No,No,Yes,No,Yes,Yes
19214,7216-KAOID,Yes,No,No,No internet service,No internet service,No internet service,No internet service,No internet service,No internet service
19215,7217-JYHOQ,Yes,No,DSL,Yes,Yes,No,Yes,No,Yes
19216,7218-HKQFK,Yes,No,Fiber optic,No,No,No,Yes,Yes,Yes
19217,7219-TLZHO,Yes,No,No,No internet service,No internet service,No internet service,No internet service,No internet service,No internet service
19218,7225-CBZPL,Yes,Yes,Fiber optic,No,No,No,No,Yes,Yes
19219,7225-IILWY,Yes,Yes,No,No internet service,No internet service,No internet service,No internet service,No internet service,No internet service
19220,7228-OMTPN,Yes,No,Fiber optic,No,No,No,No,Yes,Yes
19221,7228-PAQPD,Yes,No,DSL,No,No,No,Yes,No,Yes
19222,7233-DRTRF,Yes,Yes,Fiber optic,No,Yes,Yes,No,Yes,Yes
19223,7233-IOQNP,No,No phone service,DSL,Yes,No,No,Yes,No,No
19224,7233-PAHHL,Yes,Yes,DSL,Yes,No,Yes,Yes,Yes,Yes
19225,7234-FECYN,Yes,Yes,Fiber optic,No,No,Yes,No,Yes,Yes
19226,7234-KMNRQ,Yes,No,No,No internet service,No internet service,No internet service,No internet service,No internet service,No internet service
19227,7235-NXZCP,Yes,Yes,Fiber optic,No,No,No,No,No,No
19228,7239-HZZCX,Yes,No,No,No internet service,No internet service,No internet service,No internet service,No internet service,No internet service
19229,7240-ETPTR,No,No phone service,DSL,No,No,Yes,No,Yes,Yes
19230,7240-FQLHE,Yes,Yes,Fiber optic,No,No,No,Yes,Yes,Yes
19231,7241-AJHFS,Yes,Yes,Fiber optic,Yes,No,No,Yes,No,No
19232,7242-EDTYC,Yes,No,No,No internet service,No internet service,No internet service,No internet service,No internet service,No internet service
19233,7242-QZLXF,No,No phone service,DSL,No,No,No,No,No,No
19234,7243-LCGGZ,Yes,No,No,No internet service,No internet service,No internet service,No internet service,No internet service,No internet service
19235,7244-KXYZN,Yes,No,No,No internet service,No internet service,No internet service,No internet service,No internet service,No internet service
19236,7244-QWYHG,No,No phone service,DSL,Yes,No,No,Yes,Yes,No
19237,7245-JMTTQ,Yes,Yes,Fiber optic,No,Yes,Yes,Yes,Yes,Yes
19238,7245-NIIWQ,Yes,No,Fiber optic,No,No,No,No,No,No
19239,7246-ZGQDF,Yes,No,DSL,Yes,No,No,Yes,No,No
19240,7247-XOZPB,Yes,Yes,DSL,Yes,No,Yes,Yes,Yes,No
19241,7248-VZQLC,Yes,Yes,Fiber optic,No,Yes,Yes,No,No,No
19242,7249-WBIYX,Yes,Yes,Fiber optic,No,No,No,No,Yes,No
19243,7250-EQKIY,Yes,No,DSL,No,No,Yes,No,No,No
19244,7251-LJBQN,Yes,Yes,Fiber optic,No,No,Yes,Yes,Yes,Yes
19245,7251-XFOIL,Yes,Yes,Fiber optic,No,No,Yes,No,No,Yes
19246,7252-NTGSS,Yes,No,DSL,No,No,No,No,No,No
19247,7253-UVNDW,Yes,No,DSL,No,No,Yes,Yes,No,No
19248,7254-IQWOZ,Yes,No,Fiber optic,No,No,No,No,No,No
19249,7255-SSFBC,Yes,Yes,Fiber optic,No,Yes,Yes,Yes,Yes,Yes
19250,7266-GSSJX,Yes,No,No,No internet service,No internet service,No internet service,No internet service,No internet service,No internet service
19251,7267-FRMJW,Yes,No,No,No internet service,No internet service,No internet service,No internet service,No internet service,No internet service
19252,7268-IGMFD,Yes,Yes,Fiber optic,No,No,Yes,Yes,Yes,No
19253,7268-WNTCP,Yes,No,No,No internet service,No internet service,No internet service,No internet service,No internet service,No internet service
19254,7269-JISCY,Yes,No,DSL,No,No,No,No,No,No
19255,7270-BDIOA,Yes,Yes,Fiber optic,No,No,No,Yes,Yes,No
19256,7271-AJDTL,Yes,Yes,Fiber optic,No,Yes,Yes,No,Yes,No
19257,7272-QDCKA,Yes,Yes,Fiber optic,No,Yes,No,No,Yes,Yes
19258,7273-TEFQD,No,No phone service,DSL,No,No,Yes,No,No,Yes
19259,7274-CGTOD,No,No phone service,DSL,Yes,Yes,Yes,Yes,No,No
19260,7274-RTAPZ,Yes,No,Fiber optic,No,No,No,No,Yes,Yes
19261,7277-KAMWT,Yes,No,No,No internet service,No internet service,No internet service,No internet service,No internet service,No internet service
19262,7277-OZCGZ,Yes,No,Fiber optic,Yes,No,No,Yes,No,Yes
19263,7278-CKDNC,Yes,Yes,Fiber optic,No,Yes,No,No,No,No
19264,7279-BUYWN,Yes,Yes,Fiber optic,Yes,Yes,Yes,No,Yes,Yes
19265,7279-NMVJC,Yes,No,No,No internet service,No internet service,No internet service,No internet service,No internet service,No internet service
19266,7284-BUYEC,No,No phone service,DSL,No,Yes,No,No,Yes,Yes
19267,7284-ZZLOH,Yes,No,DSL,Yes,No,Yes,No,No,No
19268,7285-KLOTR,Yes,Yes,DSL,Yes,No,Yes,No,Yes,Yes
19269,7291-CDTMJ,Yes,No,No,No internet service,No internet service,No internet service,No internet service,No internet service,No internet service
19270,7293-LSCDV,Yes,No,No,No internet service,No internet service,No internet service,No internet service,No internet service,No internet service
19271,7294-TMAOP,Yes,No,Fiber optic,No,No,No,No,Yes,Yes
19272,7295-JOMMD,Yes,No,Fiber optic,No,No,Yes,Yes,Yes,Yes
19273,7296-PIXQY,Yes,No,Fiber optic,No,No,No,No,No,No
19274,7297-DVYGA,Yes,No,No,No internet service,No internet service,No internet service,No internet service,No internet service,No internet service
19275,7298-IZWLY,Yes,No,No,No internet service,No internet service,No internet service,No internet service,No internet service,No internet service
19276,7299-GNVPL,Yes,No,Fiber optic,Yes,Yes,No,Yes,No,No
19277,7301-ABVAD,Yes,Yes,DSL,No,Yes,Yes,Yes,Yes,Yes
19278,7302-ZHMHP,Yes,No,No,No internet service,No internet service,No internet service,No internet service,No internet service,No internet service
19279,7305-ZWMAJ,Yes,No,No,No internet service,No internet service,No internet service,No internet service,No internet service,No internet service
19280,7306-YDSOI,Yes,No,DSL,Yes,Yes,Yes,No,No,No
19281,7310-EGVHZ,Yes,No,No,No internet service,No internet service,No internet service,No internet service,No internet service,No internet service
19282,7311-MQJCH,Yes,No,No,No internet service,No internet service,No internet service,No internet service,No internet service,No internet service
19283,7312-XSBAT,Yes,No,DSL,Yes,No,No,No,No,No
19284,7314-OXENN,Yes,Yes,Fiber optic,No,Yes,No,No,No,No
19285,7315-WYOAW,Yes,Yes,Fiber optic,No,No,No,Yes,Yes,Yes
19286,7317-GGVPB,Yes,Yes,Fiber optic,No,Yes,Yes,Yes,Yes,Yes
19287,7318-EIVKO,Yes,Yes,DSL,No,No,No,No,Yes,No
19288,7319-VENRZ,Yes,No,DSL,No,No,Yes,Yes,Yes,No
19289,7319-ZNRTR,Yes,No,No,No internet service,No internet service,No internet service,No internet service,No internet service,No internet service
19290,7321-KKSDU,Yes,No,No,No internet service,No internet service,No internet service,No internet service,No internet service,No internet service
19291,7321-PKUYW,Yes,Yes,Fiber optic,No,No,No,Yes,Yes,No
19292,7321-VGNKU,Yes,No,Fiber optic,No,No,No,No,No,No
19293,7321-ZNSLA,No,No phone service,DSL,Yes,Yes,No,Yes,No,No
19294,7322-OCWHC,Yes,Yes,Fiber optic,Yes,Yes,Yes,Yes,No,No
19295,7325-ENZFI,No,No phone service,DSL,Yes,Yes,No,Yes,No,No
19296,7326-RIGQZ,Yes,No,Fiber optic,No,No,No,No,No,No
19297,7328-OWMOM,Yes,No,No,No internet service,No internet service,No internet service,No internet service,No internet service,No internet service
19298,7328-ZJAJO,Yes,No,No,No internet service,No internet service,No internet service,No internet service,No internet service,No internet service
19299,7330-WZLNC,Yes,Yes,Fiber optic,No,Yes,No,No,Yes,No
19300,7336-RLLRH,Yes,Yes,DSL,Yes,No,No,Yes,Yes,Yes
19301,7337-CINUD,Yes,No,No,No internet service,No internet service,No internet service,No internet service,No internet service,No internet service
19302,7338-ERIVA,No,No phone service,DSL,Yes,No,No,Yes,Yes,No
19303,7339-POGZN,Yes,Yes,DSL,No,No,No,No,No,No
19304,7340-KEFQE,No,No phone service,DSL,Yes,No,No,Yes,No,No
19305,7341-LXCAF,Yes,Yes,Fiber optic,No,No,No,No,No,No
19306,7343-EOBEU,Yes,Yes,No,No internet service,No internet service,No internet service,No internet service,No internet service,No internet service
19307,7346-MEDWM,Yes,Yes,Fiber optic,No,Yes,Yes,No,No,No
19308,7349-ALMUX,Yes,No,DSL,Yes,Yes,Yes,Yes,No,No
19309,7351-KYHQH,Yes,No,DSL,No,Yes,Yes,No,Yes,No
19310,7351-MHQVU,No,No phone service,DSL,Yes,Yes,No,Yes,No,Yes
19311,7353-YOWFP,Yes,No,No,No internet service,No internet service,No internet service,No internet service,No internet service,No internet service
19312,7354-OIJLX,Yes,Yes,Fiber optic,No,No,No,No,No,No
19313,7356-AYNJP,Yes,Yes,No,No internet service,No internet service,No internet service,No internet service,No internet service,No internet service
19314,7356-IWLFW,Yes,Yes,Fiber optic,No,Yes,No,No,No,No
19315,7359-PTSXY,Yes,No,DSL,No,No,No,No,No,No
19316,7359-SSBJK,Yes,No,DSL,Yes,Yes,No,Yes,Yes,No
19317,7359-WWYJV,Yes,Yes,Fiber optic,Yes,Yes,Yes,Yes,Yes,Yes
19318,7361-YPXFS,Yes,Yes,DSL,No,Yes,Yes,Yes,No,No
19319,7363-QTBIW,Yes,No,Fiber optic,No,No,No,No,No,Yes
19320,7365-BVCJH,No,No phone service,DSL,No,No,No,No,No,No
19321,7369-TRPFD,Yes,No,No,No internet service,No internet service,No internet service,No internet service,No internet service,No internet service
19322,7375-WMVMT,Yes,No,Fiber optic,No,Yes,Yes,Yes,No,Yes
19323,7377-DMMRI,Yes,No,DSL,Yes,No,No,No,No,No
19324,7379-FNIUJ,Yes,No,Fiber optic,Yes,Yes,No,No,Yes,Yes
19325,7379-POKDZ,Yes,No,Fiber optic,No,No,No,No,No,No
19326,7382-DFJTU,Yes,No,DSL,No,No,Yes,Yes,No,No
19327,7384-GHBPI,No,No phone service,DSL,No,No,No,No,No,Yes
19328,7389-KBFIT,No,No phone service,DSL,No,Yes,No,No,No,No
19329,7392-YYPYJ,Yes,Yes,Fiber optic,No,Yes,No,No,Yes,Yes
19330,7394-FKDNK,Yes,No,Fiber optic,No,No,No,No,Yes,Yes
19331,7394-LWLYN,Yes,No,Fiber optic,No,No,No,No,No,No
19332,7395-IGJOS,Yes,No,Fiber optic,No,No,No,No,No,Yes
19333,7395-XWZOY,No,No phone service,DSL,Yes,Yes,Yes,Yes,Yes,No
19334,7396-VJUZB,Yes,No,DSL,No,No,No,No,No,No
19335,7398-HPYZQ,Yes,Yes,DSL,Yes,Yes,Yes,Yes,Yes,Yes
19336,7398-LXGYX,Yes,Yes,Fiber optic,Yes,No,Yes,No,No,No
19337,7398-SKNQZ,Yes,Yes,Fiber optic,No,No,No,No,Yes,Yes
19338,7399-QHBJS,Yes,Yes,DSL,Yes,Yes,No,Yes,No,No
19339,7401-JIXNM,Yes,Yes,DSL,Yes,Yes,Yes,Yes,Yes,Yes
19340,7401-RUBNK,Yes,No,Fiber optic,Yes,No,No,No,No,No
19341,7402-EYFXX,Yes,Yes,Fiber optic,No,No,No,No,Yes,Yes
19342,7402-PWYJJ,Yes,Yes,Fiber optic,No,No,No,Yes,No,Yes
19343,7404-JLKQG,Yes,No,DSL,No,No,Yes,No,Yes,No
19344,7407-SUJIZ,Yes,No,No,No internet service,No internet service,No internet service,No internet service,No internet service,No internet service
19345,7408-OFWXJ,Yes,Yes,DSL,Yes,Yes,Yes,Yes,Yes,Yes
19346,7409-JURKQ,Yes,Yes,Fiber optic,No,Yes,Yes,Yes,Yes,Yes
19347,7409-KIUTL,Yes,No,Fiber optic,No,No,No,No,No,No
19348,7410-KTVFV,Yes,No,DSL,No,No,Yes,No,No,No
19349,7410-OIEDU,Yes,No,Fiber optic,Yes,No,Yes,No,No,No
19350,7410-YTJIK,Yes,Yes,Fiber optic,No,No,No,No,No,No
19351,7416-CKTEP,Yes,No,No,No internet service,No internet service,No internet service,No internet service,No internet service,No internet service
19352,7421-ZLUPA,No,No phone service,DSL,No,Yes,No,No,No,No
19353,7422-WNBTY,Yes,Yes,Fiber optic,No,Yes,Yes,No,No,Yes
19354,7426-GSWPO,Yes,Yes,Fiber optic,Yes,Yes,No,No,Yes,Yes
19355,7426-RHZGU,Yes,No,Fiber optic,No,No,No,Yes,Yes,Yes
19356,7426-WEIJX,Yes,Yes,Fiber optic,Yes,No,No,No,No,No
19357,7427-AUFPY,Yes,No,No,No internet service,No internet service,No internet service,No internet service,No internet service,No internet service
19358,7432-FFVAR,Yes,No,Fiber optic,No,No,Yes,Yes,No,Yes
19359,7434-SHXLS,Yes,No,No,No internet service,No internet service,No internet service,No internet service,No internet service,No internet service
19360,7435-ZNUYY,Yes,No,No,No internet service,No internet service,No internet service,No internet service,No internet service,No internet service
19361,7439-DKZTW,Yes,No,Fiber optic,No,No,No,No,Yes,No
19362,7442-YGZFK,Yes,Yes,DSL,No,No,No,No,No,No
19363,7445-WMRBW,Yes,Yes,DSL,No,Yes,Yes,Yes,Yes,No
19364,7446-KQISO,Yes,Yes,Fiber optic,No,Yes,Yes,Yes,Yes,Yes
19365,7446-SFAOA,Yes,No,No,No internet service,No internet service,No internet service,No internet service,No internet service,No internet service
19366,7446-YPODE,Yes,Yes,DSL,Yes,Yes,No,No,No,No
19367,7449-HVPIV,Yes,Yes,Fiber optic,No,No,Yes,No,Yes,No
19368,7450-NWRTR,Yes,Yes,Fiber optic,No,No,Yes,No,Yes,Yes
19369,7452-FOLON,Yes,Yes,No,No internet service,No internet service,No internet service,No internet service,No internet service,No internet service
19370,7459-IMVYU,Yes,Yes,DSL,Yes,Yes,Yes,Yes,No,No
19371,7459-RRWQZ,Yes,Yes,DSL,Yes,No,No,No,No,Yes
19372,7460-ITWWP,Yes,No,Fiber optic,No,No,Yes,No,No,Yes
19373,7463-IFMQU,Yes,No,No,No internet service,No internet service,No internet service,No internet service,No internet service,No internet service
19374,7465-ZZRVX,Yes,No,Fiber optic,No,No,No,No,No,No
19375,7469-LKBCI,Yes,No,No,No internet service,No internet service,No internet service,No internet service,No internet service,No internet service
19376,7470-DYNOE,Yes,No,DSL,No,No,Yes,No,No,Yes
19377,7470-MCQTK,No,No phone service,DSL,No,No,Yes,No,Yes,Yes
19378,7471-MQPOS,Yes,Yes,DSL,No,Yes,Yes,Yes,No,Yes
19379,7471-WNSUF,Yes,Yes,No,No internet service,No internet service,No internet service,No internet service,No internet service,No internet service
19380,7472-EQOAV,Yes,No,Fiber optic,Yes,Yes,Yes,No,No,No
19381,7473-ZBDSN,Yes,No,No,No internet service,No internet service,No internet service,No internet service,No internet service,No internet service
19382,7479-NITWS,Yes,Yes,Fiber optic,No,No,Yes,No,Yes,No
19383,7480-QNVZJ,Yes,Yes,Fiber optic,No,No,No,No,Yes,Yes
19384,7480-SPLEF,Yes,Yes,No,No internet service,No internet service,No internet service,No internet service,No internet service,No internet service
19385,7481-ATQQS,Yes,Yes,Fiber optic,No,No,Yes,No,No,Yes
19386,7483-IQWIB,Yes,Yes,Fiber optic,No,Yes,Yes,No,Yes,No
19387,7486-KSRVI,Yes,Yes,Fiber optic,No,No,No,Yes,Yes,Yes
19388,7488-MXJIV,Yes,Yes,Fiber optic,No,No,No,No,Yes,No
19389,7492-TAFJD,No,No phone service,DSL,Yes,Yes,Yes,No,No,No
19390,7493-GVFIO,Yes,No,No,No internet service,No internet service,No internet service,No internet service,No internet service,No internet service
19391,7493-TPUWZ,Yes,Yes,Fiber optic,No,Yes,No,No,No,No
19392,7495-OOKFY,Yes,Yes,Fiber optic,No,Yes,No,No,No,No
19393,7501-IWUNG,Yes,No,DSL,No,No,Yes,Yes,Yes,Yes
19394,7501-VTYLJ,Yes,No,DSL,No,Yes,No,No,No,No
19395,7502-BNYGS,Yes,No,DSL,No,Yes,No,No,Yes,Yes
19396,7503-EPSZW,Yes,Yes,No,No internet service,No internet service,No internet service,No internet service,No internet service,No internet service
19397,7503-MIOGA,Yes,Yes,DSL,Yes,Yes,Yes,Yes,Yes,Yes
19398,7503-QQRVF,Yes,No,Fiber optic,No,Yes,No,No,No,No
19399,7503-ZGUZJ,Yes,Yes,Fiber optic,No,No,No,No,Yes,No
19400,7504-UWHNB,Yes,No,Fiber optic,No,No,No,No,No,No
19401,7508-DQAKK,Yes,Yes,DSL,Yes,Yes,Yes,Yes,Yes,Yes
19402,7508-KBIMB,Yes,No,DSL,Yes,No,Yes,No,No,No
19403,7508-MYBOG,Yes,Yes,Fiber optic,No,No,No,No,Yes,No
19404,7508-SMHXL,Yes,Yes,Fiber optic,No,Yes,No,No,Yes,No
19405,7511-YMXVQ,No,No phone service,DSL,No,No,No,No,Yes,Yes
19406,7515-LODFU,Yes,No,No,No internet service,No internet service,No internet service,No internet service,No internet service,No internet service
19407,7516-GMHUV,Yes,Yes,Fiber optic,Yes,No,Yes,No,Yes,Yes
19408,7517-LDMPS,Yes,No,Fiber optic,No,Yes,No,No,No,Yes
19409,7517-SAWMO,Yes,No,Fiber optic,Yes,No,No,No,No,No
19410,7519-JTWQH,Yes,Yes,Fiber optic,No,Yes,Yes,Yes,Yes,Yes
19411,7520-HQWJU,Yes,Yes,DSL,Yes,Yes,Yes,No,No,No
19412,7521-AFHAB,Yes,No,DSL,No,No,No,No,No,No
19413,7521-YXVZY,Yes,No,No,No internet service,No internet service,No internet service,No internet service,No internet service,No internet service
19414,7524-VRLPL,Yes,Yes,DSL,Yes,No,Yes,Yes,No,Yes
19415,7526-BEZQB,Yes,Yes,Fiber optic,No,No,No,No,Yes,Yes
19416,7526-IVLYU,Yes,No,No,No internet service,No internet service,No internet service,No internet service,No internet service,No internet service
19417,7527-QNRUS,Yes,Yes,No,No internet service,No internet service,No internet service,No internet service,No internet service,No internet service
19418,7529-ZDFXI,Yes,Yes,Fiber optic,No,Yes,No,No,No,Yes
19419,7530-HDYDS,Yes,No,Fiber optic,No,Yes,Yes,Yes,No,No
19420,7531-GQHME,Yes,No,No,No internet service,No internet service,No internet service,No internet service,No internet service,No internet service
19421,7534-BFESC,Yes,Yes,Fiber optic,No,No,No,No,No,No
19422,7537-CBQUZ,Yes,Yes,Fiber optic,Yes,Yes,Yes,No,Yes,Yes
19423,7537-RBWEA,No,No phone service,DSL,No,No,No,No,No,No
19424,7538-GWHML,Yes,No,Fiber optic,No,No,No,No,No,No
19425,7541-YLXCL,Yes,No,DSL,No,Yes,No,Yes,No,Yes
19426,7542-CYDDM,Yes,No,No,No internet service,No internet service,No internet service,No internet service,No internet service,No internet service
19427,7544-ZVIKX,Yes,Yes,Fiber optic,No,No,Yes,Yes,Yes,Yes
19428,7547-EKNFS,Yes,Yes,Fiber optic,No,Yes,Yes,No,Yes,No
19429,7548-SEPYI,Yes,No,Fiber optic,No,Yes,No,No,Yes,Yes
19430,7549-MYGPK,Yes,Yes,Fiber optic,Yes,Yes,Yes,No,Yes,No
19431,7550-WIQVA,Yes,Yes,Fiber optic,Yes,Yes,Yes,No,Yes,Yes
19432,7551-DACSP,Yes,No,DSL,No,Yes,Yes,No,No,No
19433,7551-JOHTI,Yes,No,No,No internet service,No internet service,No internet service,No internet service,No internet service,No internet service
19434,7552-KEYGT,Yes,No,No,No internet service,No internet service,No internet service,No internet service,No internet service,No internet service
19435,7554-AKDQF,Yes,No,DSL,No,No,No,No,No,No
19436,7554-NEWDD,Yes,Yes,No,No internet service,No internet service,No internet service,No internet service,No internet service,No internet service
19437,7558-IMLMT,Yes,No,No,No internet service,No internet service,No internet service,No internet service,No internet service,No internet service
19438,7560-QJAVJ,Yes,No,DSL,Yes,No,Yes,Yes,Yes,Yes
19439,7560-QRBXH,Yes,No,No,No internet service,No internet service,No internet service,No internet service,No internet service,No internet service
19440,7562-GSUHK,Yes,No,Fiber optic,No,Yes,Yes,No,No,Yes
19441,7562-UXTPG,Yes,No,Fiber optic,No,No,No,No,No,No
19442,7563-BIUPC,Yes,No,Fiber optic,No,No,No,No,Yes,No
19443,7564-GHCVB,Yes,Yes,Fiber optic,Yes,No,No,No,No,No
19444,7566-DSRLQ,Yes,Yes,Fiber optic,No,Yes,Yes,Yes,Yes,Yes
19445,7567-ECMCM,Yes,No,Fiber optic,No,No,No,No,No,Yes
19446,7568-PODML,No,No phone service,DSL,No,No,No,No,Yes,Yes
19447,7569-NMZYQ,Yes,Yes,Fiber optic,Yes,Yes,Yes,Yes,Yes,Yes
19448,7570-WELNY,Yes,Yes,Fiber optic,Yes,Yes,No,No,No,No
19449,7571-YXDAD,Yes,Yes,Fiber optic,No,No,No,No,No,No
19450,7572-KPVKK,Yes,Yes,Fiber optic,No,No,Yes,Yes,Yes,Yes
19451,7576-ASEJU,Yes,No,DSL,Yes,No,No,Yes,Yes,Yes
19452,7576-JMYWV,Yes,Yes,Fiber optic,Yes,Yes,No,Yes,Yes,Yes
19453,7576-OYWBN,Yes,Yes,Fiber optic,No,No,No,No,No,No
19454,7577-SWIFR,Yes,No,Fiber optic,No,No,No,No,Yes,Yes
19455,7579-KKLOE,Yes,Yes,DSL,Yes,Yes,Yes,Yes,Yes,Yes
19456,7579-OOPEC,Yes,No,DSL,No,Yes,No,No,No,No
19457,7580-UGXNC,Yes,No,DSL,Yes,Yes,No,No,No,No
19458,7581-EBBOU,Yes,No,DSL,No,Yes,Yes,Yes,Yes,No
19459,7586-ZATGZ,Yes,Yes,Fiber optic,No,No,No,No,Yes,No
19460,7587-AOVVU,Yes,Yes,Fiber optic,Yes,Yes,No,Yes,Yes,No
19461,7587-RZNME,Yes,No,DSL,No,No,No,No,No,No
19462,7590-VHVEG,No,No phone service,DSL,No,Yes,No,No,No,No
19463,7593-JNWRU,Yes,No,DSL,No,No,No,No,No,No
19464,7593-XFKDI,Yes,No,DSL,No,No,No,No,No,No
19465,7594-LZNWR,Yes,No,Fiber optic,No,No,No,No,No,No
19466,7594-RQHXR,Yes,No,Fiber optic,No,No,No,No,No,Yes
19467,7595-EHCDL,No,No phone service,DSL,No,No,Yes,No,Yes,Yes
19468,7595-EUIVN,Yes,No,Fiber optic,No,Yes,No,No,No,No
19469,7596-IIWYC,Yes,No,No,No internet service,No internet service,No internet service,No internet service,No internet service,No internet service
19470,7596-LDUXP,Yes,No,Fiber optic,Yes,No,No,No,Yes,No
19471,7596-ZYWBB,Yes,No,DSL,Yes,Yes,No,Yes,No,No
19472,7598-UAASY,Yes,No,Fiber optic,No,No,Yes,No,No,No
19473,7599-FKVXZ,Yes,Yes,Fiber optic,No,No,Yes,Yes,Yes,Yes
19474,7599-NTMDP,No,No phone service,DSL,Yes,Yes,No,Yes,Yes,No
19475,7601-DHFWZ,Yes,Yes,No,No internet service,No internet service,No internet service,No internet service,No internet service,No internet service
19476,7601-GNDYK,Yes,No,No,No internet service,No internet service,No internet service,No internet service,No internet service,No internet service
19477,7601-WFVZV,Yes,No,No,No internet service,No internet service,No internet service,No internet service,No internet service,No internet service
19478,7602-DBTOU,Yes,No,No,No internet service,No internet service,No internet service,No internet service,No internet service,No internet service
19479,7602-MVRMB,Yes,Yes,Fiber optic,Yes,No,Yes,Yes,Yes,Yes
19480,7603-USHJS,Yes,Yes,Fiber optic,No,No,No,No,No,No
19481,7605-BDWDC,No,No phone service,DSL,Yes,Yes,No,Yes,No,Yes
19482,7605-SNLQG,Yes,No,DSL,No,No,Yes,No,No,No
19483,7606-BPHHN,Yes,No,No,No internet service,No internet service,No internet service,No internet service,No internet service,No internet service
19484,7607-QKKTJ,Yes,Yes,Fiber optic,No,Yes,Yes,No,No,Yes
19485,7608-RGIRO,Yes,Yes,No,No internet service,No internet service,No internet service,No internet service,No internet service,No internet service
19486,7609-NRNCA,Yes,No,No,No internet service,No internet service,No internet service,No internet service,No internet service,No internet service
19487,7609-YBPXG,Yes,Yes,DSL,Yes,No,Yes,Yes,Yes,Yes
19488,7610-TVOPG,Yes,Yes,No,No internet service,No internet service,No internet service,No internet service,No internet service,No internet service
19489,7611-YKYTC,Yes,No,Fiber optic,Yes,No,No,No,No,No
19490,7613-LLQFO,Yes,Yes,Fiber optic,No,No,No,No,Yes,No
19491,7614-QVWQL,No,No phone service,DSL,No,Yes,No,No,Yes,Yes
19492,7615-ESMYF,No,No phone service,DSL,No,No,No,No,Yes,Yes
19493,7617-EYGLW,Yes,No,No,No internet service,No internet service,No internet service,No internet service,No internet service,No internet service
19494,7619-ODSGN,Yes,Yes,DSL,Yes,No,No,No,No,No
19495,7619-PLRLP,Yes,Yes,DSL,Yes,Yes,Yes,No,No,Yes
19496,7621-VPNET,Yes,Yes,Fiber optic,No,No,Yes,Yes,No,No
19497,7622-FWGEW,Yes,No,DSL,Yes,Yes,Yes,Yes,Yes,Yes
19498,7622-NXQZR,No,No phone service,DSL,No,No,No,Yes,No,No
19499,7623-HKYRK,Yes,No,No,No internet service,No internet service,No internet service,No internet service,No internet service,No internet service
19500,7623-TRNQN,Yes,No,DSL,No,No,No,Yes,No,No
19501,7625-XCQRH,Yes,Yes,Fiber optic,No,No,No,No,No,No
19502,7627-JKIAZ,Yes,Yes,Fiber optic,No,No,Yes,No,No,No
19503,7629-WFGLW,Yes,Yes,Fiber optic,Yes,Yes,Yes,Yes,No,No
19504,7629-WIXZF,Yes,No,DSL,Yes,No,No,No,No,Yes
19505,7632-MNYOY,Yes,Yes,Fiber optic,No,Yes,Yes,Yes,Yes,Yes
19506,7632-YUTXB,Yes,No,No,No internet service,No internet service,No internet service,No internet service,No internet service,No internet service
19507,7633-MVPUY,Yes,No,DSL,Yes,Yes,No,Yes,No,No
19508,7634-HLQJR,Yes,No,No,No internet service,No internet service,No internet service,No internet service,No internet service,No internet service
19509,7634-WSWDB,No,No phone service,DSL,Yes,No,No,No,No,Yes
19510,7636-OWBPG,No,No phone service,DSL,No,Yes,No,No,No,No
19511,7636-PEPNS,Yes,No,DSL,No,No,No,No,No,No
19512,7636-XUHWW,Yes,No,No,No internet service,No internet service,No internet service,No internet service,No internet service,No internet service
19513,7638-QVMVY,Yes,No,Fiber optic,No,No,No,No,Yes,No
19514,7639-LIAYI,Yes,Yes,DSL,Yes,No,No,Yes,Yes,Yes
19515,7639-OPLNG,Yes,Yes,DSL,Yes,Yes,Yes,Yes,Yes,No
19516,7639-SUPCW,Yes,No,DSL,Yes,No,No,No,No,No
19517,7641-EUYET,Yes,Yes,Fiber optic,Yes,Yes,Yes,No,Yes,No
19518,7641-TQFHN,Yes,Yes,Fiber optic,No,No,No,Yes,Yes,Yes
19519,7643-RCHXS,Yes,No,No,No internet service,No internet service,No internet service,No internet service,No internet service,No internet service
19520,7644-OMVMY,Yes,No,No,No internet service,No internet service,No internet service,No internet service,No internet service,No internet service
19521,7647-GYYKX,Yes,No,No,No internet service,No internet service,No internet service,No internet service,No internet service,No internet service
19522,7649-PHJVR,Yes,No,No,No internet service,No internet service,No internet service,No internet service,No internet service,No internet service
19523,7649-SIJJF,Yes,Yes,DSL,Yes,Yes,Yes,Yes,No,Yes
19524,7654-YWJUF,Yes,No,Fiber optic,Yes,No,Yes,Yes,No,No
19525,7657-DYEPJ,Yes,No,DSL,No,Yes,Yes,Yes,Yes,No
19526,7658-UYUQS,Yes,No,Fiber optic,No,No,Yes,No,Yes,No
19527,7660-HDPJV,Yes,No,Fiber optic,No,No,No,No,No,No
19528,7661-CPURM,Yes,No,Fiber optic,No,No,No,Yes,No,Yes
19529,7663-CUXZB,Yes,Yes,Fiber optic,Yes,Yes,Yes,Yes,Yes,Yes
19530,7663-RGWBC,Yes,No,DSL,No,No,No,No,No,No
19531,7663-YJHSN,Yes,Yes,Fiber optic,Yes,Yes,Yes,Yes,Yes,No
19532,7663-ZTEGJ,Yes,Yes,Fiber optic,No,Yes,Yes,Yes,No,Yes
19533,7665-NKLAV,No,No phone service,DSL,Yes,No,Yes,Yes,No,No
19534,7665-TOALD,Yes,No,Fiber optic,No,No,No,No,No,No
19535,7665-VIGUD,Yes,No,No,No internet service,No internet service,No internet service,No internet service,No internet service,No internet service
19536,7666-WKRON,Yes,No,Fiber optic,No,No,Yes,Yes,No,No
19537,7668-XCFYV,Yes,Yes,Fiber optic,No,No,No,No,Yes,Yes
19538,7669-LCRSD,Yes,No,DSL,No,No,No,No,Yes,No
19539,7670-ZBPOQ,Yes,Yes,DSL,Yes,No,No,Yes,No,No
19540,7672-VFMXZ,Yes,No,DSL,Yes,No,No,Yes,No,No
19541,7673-BQGKU,Yes,No,No,No internet service,No internet service,No internet service,No internet service,No internet service,No internet service
19542,7673-LPRNY,Yes,Yes,DSL,Yes,No,Yes,No,Yes,Yes
19543,7674-YTAFD,Yes,No,Fiber optic,No,Yes,No,Yes,No,No
19544,7675-OZCZG,Yes,No,DSL,No,No,No,No,No,No
19545,7677-SJJJK,Yes,No,No,No internet service,No internet service,No internet service,No internet service,No internet service,No internet service
19546,7682-AZNDK,Yes,No,Fiber optic,No,Yes,Yes,No,Yes,No
19547,7683-CBDKJ,Yes,No,DSL,Yes,Yes,No,No,Yes,No
19548,7684-XSZIY,Yes,Yes,No,No internet service,No internet service,No internet service,No internet service,No internet service,No internet service
19549,7688-AWMDX,Yes,No,DSL,Yes,No,No,Yes,No,No
19550,7690-KPNCU,Yes,No,DSL,Yes,No,Yes,No,Yes,Yes
19551,7691-KGKGP,Yes,No,DSL,No,Yes,No,Yes,Yes,No
19552,7691-XVTZH,Yes,Yes,Fiber optic,No,No,Yes,No,Yes,No
19553,7693-LCKZL,Yes,Yes,Fiber optic,No,Yes,No,No,No,No
19554,7693-QPEFS,Yes,Yes,Fiber optic,No,No,No,No,No,No
19555,7694-VLBWQ,Yes,Yes,Fiber optic,No,Yes,Yes,No,Yes,Yes
19556,7695-PKLCZ,Yes,No,No,No internet service,No internet service,No internet service,No internet service,No internet service,No internet service
19557,7696-AMHOD,Yes,No,DSL,No,Yes,Yes,No,Yes,Yes
19558,7696-CFTAT,Yes,No,No,No internet service,No internet service,No internet service,No internet service,No internet service,No internet service
19559,7698-YFGEZ,Yes,No,No,No internet service,No internet service,No internet service,No internet service,No internet service,No internet service
19560,7703-ZEKEF,Yes,Yes,Fiber optic,No,No,Yes,No,No,No
19561,7706-DZNKK,Yes,No,No,No internet service,No internet service,No internet service,No internet service,No internet service,No internet service
19562,7706-YLMQA,Yes,No,No,No internet service,No internet service,No internet service,No internet service,No internet service,No internet service
19563,7707-PYBBH,Yes,No,DSL,Yes,Yes,No,Yes,No,No
19564,7710-JSYOA,Yes,Yes,Fiber optic,No,Yes,No,Yes,No,Yes
19565,7711-GQBZC,Yes,Yes,No,No internet service,No internet service,No internet service,No internet service,No internet service,No internet service
19566,7711-YIJWC,Yes,No,DSL,Yes,Yes,Yes,Yes,Yes,Yes
19567,7714-YXSMB,Yes,Yes,Fiber optic,No,No,Yes,No,Yes,Yes
19568,7716-YTYHG,Yes,Yes,Fiber optic,No,No,No,No,No,Yes
19569,7717-BICXI,Yes,No,No,No internet service,No internet service,No internet service,No internet service,No internet service,No internet service
19570,7718-RXDGG,Yes,No,Fiber optic,No,No,No,No,No,No
19571,7718-UPSKJ,Yes,No,Fiber optic,Yes,Yes,No,Yes,Yes,Yes
19572,7721-DVEKZ,Yes,No,No,No internet service,No internet service,No internet service,No internet service,No internet service,No internet service
19573,7721-JXEAW,No,No phone service,DSL,No,Yes,No,No,No,Yes
19574,7722-CVFXN,Yes,Yes,Fiber optic,No,Yes,No,Yes,Yes,Yes
19575,7722-VJRQD,No,No phone service,DSL,Yes,No,Yes,Yes,Yes,Yes
19576,7727-SHVZV,Yes,No,No,No internet service,No internet service,No internet service,No internet service,No internet service,No internet service
19577,7729-JTEEC,Yes,No,DSL,No,No,No,No,No,No
19578,7729-XBTWX,Yes,No,No,No internet service,No internet service,No internet service,No internet service,No internet service,No internet service
19579,7730-CLDSV,Yes,Yes,Fiber optic,No,Yes,Yes,Yes,No,Yes
19580,7730-IUTDZ,Yes,No,Fiber optic,Yes,No,No,No,No,No
19581,7733-UDMTP,No,No phone service,DSL,No,Yes,Yes,No,Yes,Yes
19582,7734-DBOAI,No,No phone service,DSL,No,No,No,Yes,Yes,No
19583,7739-LAXOG,Yes,Yes,Fiber optic,No,No,Yes,No,No,Yes
19584,7740-BTPUX,Yes,Yes,Fiber optic,No,Yes,Yes,Yes,Yes,Yes
19585,7740-KKCXF,No,No phone service,DSL,No,Yes,No,No,No,No
19586,7742-MYPGI,Yes,No,DSL,No,No,No,Yes,No,No
19587,7743-EXURX,Yes,No,DSL,No,No,Yes,No,No,No
19588,7746-AWNQW,No,No phone service,DSL,No,No,Yes,Yes,No,No
19589,7746-QYVCO,Yes,No,DSL,Yes,Yes,No,No,No,No
19590,7748-UMTRK,Yes,Yes,Fiber optic,No,No,No,Yes,Yes,Yes
19591,7750-EYXWZ,No,No phone service,DSL,No,Yes,Yes,Yes,Yes,Yes
19592,7752-XUSCI,Yes,Yes,Fiber optic,No,Yes,Yes,No,Yes,Yes
19593,7753-USQYQ,Yes,No,DSL,No,Yes,No,Yes,No,Yes
19594,7754-IXRMC,Yes,No,DSL,No,No,No,No,No,No
19595,7758-UJWYS,No,No phone service,DSL,No,No,No,Yes,Yes,No
19596,7758-XKCBS,No,No phone service,DSL,No,No,No,Yes,No,No
19597,7760-OYPDY,Yes,No,Fiber optic,No,No,No,No,Yes,No
19598,7762-ONLJY,Yes,No,No,No internet service,No internet service,No internet service,No internet service,No internet service,No internet service
19599,7762-URZQH,Yes,Yes,Fiber optic,Yes,No,Yes,No,Yes,Yes
19600,7764-BDPEE,Yes,No,No,No internet service,No internet service,No internet service,No internet service,No internet service,No internet service
19601,7765-LWVVH,Yes,Yes,Fiber optic,Yes,Yes,No,No,Yes,No
19602,7766-CLTIC,Yes,No,DSL,No,No,No,Yes,No,Yes
19603,7767-UXAGJ,Yes,Yes,DSL,No,No,No,No,No,No
19604,7771-CFQRQ,Yes,No,DSL,No,Yes,No,Yes,No,Yes
19605,7771-ZONAT,No,No phone service,DSL,No,No,Yes,Yes,Yes,Yes
19606,7774-OJSXI,Yes,Yes,Fiber optic,No,Yes,Yes,No,Yes,Yes
19607,7776-QGYJC,Yes,No,Fiber optic,No,No,Yes,Yes,No,No
19608,7776-QWNFX,Yes,No,DSL,No,Yes,No,No,No,No
19609,7777-UNYHB,Yes,No,No,No internet service,No internet service,No internet service,No internet service,No internet service,No internet service
19610,7779-LGOVN,Yes,Yes,Fiber optic,No,No,No,No,No,Yes
19611,7779-ORAEL,Yes,Yes,DSL,Yes,No,Yes,Yes,No,Yes
19612,7780-OTDSO,Yes,Yes,Fiber optic,Yes,No,No,No,Yes,Yes
19613,7781-EWARA,No,No phone service,DSL,No,Yes,Yes,Yes,Yes,Yes
19614,7781-HVGMK,No,No phone service,DSL,Yes,Yes,Yes,Yes,Yes,Yes
19615,7783-YKGDV,Yes,Yes,Fiber optic,Yes,Yes,Yes,No,No,Yes
19616,7785-RDVIG,Yes,No,No,No internet service,No internet service,No internet service,No internet service,No internet service,No internet service
19617,7786-WBJYI,Yes,Yes,Fiber optic,No,Yes,No,No,No,No
19618,7787-BNTZM,Yes,No,No,No internet service,No internet service,No internet service,No internet service,No internet service,No internet service
19619,7789-CRUVC,Yes,Yes,Fiber optic,Yes,Yes,Yes,Yes,No,No
19620,7789-HKSBS,Yes,Yes,Fiber optic,Yes,No,Yes,No,Yes,Yes
19621,7794-JASDG,Yes,No,DSL,Yes,No,No,No,No,No
19622,7795-CFOCW,No,No phone service,DSL,Yes,No,Yes,Yes,No,No
19623,7797-EJMDP,Yes,No,DSL,Yes,No,No,Yes,No,Yes
19624,7798-JVXYM,Yes,No,DSL,No,No,No,Yes,Yes,Yes
19625,7799-DSEWS,Yes,No,DSL,Yes,No,Yes,Yes,Yes,No
19626,7799-LGRDP,Yes,Yes,No,No internet service,No internet service,No internet service,No internet service,No internet service,No internet service
19627,7801-CEDNV,Yes,No,DSL,Yes,No,No,No,No,No
19628,7801-KICAO,Yes,Yes,Fiber optic,No,No,No,No,No,No
19629,7802-EFKNY,No,No phone service,DSL,No,No,No,No,No,No
19630,7803-XOCCZ,Yes,No,Fiber optic,Yes,No,Yes,Yes,No,No
19631,7808-DVWEP,Yes,No,No,No internet service,No internet service,No internet service,No internet service,No internet service,No internet service
19632,7811-JIVPF,Yes,No,DSL,No,No,Yes,No,No,No
19633,7812-FZHPE,Yes,Yes,No,No internet service,No internet service,No internet service,No internet service,No internet service,No internet service
19634,7813-TKCVO,Yes,No,No,No internet service,No internet service,No internet service,No internet service,No internet service,No internet service
19635,7813-ZGGAW,Yes,Yes,Fiber optic,No,No,Yes,Yes,Yes,No
19636,7814-LEEVE,Yes,No,No,No internet service,No internet service,No internet service,No internet service,No internet service,No internet service
19637,7815-PDTHL,Yes,No,No,No internet service,No internet service,No internet service,No internet service,No internet service,No internet service
19638,7816-VGHTO,No,No phone service,DSL,No,Yes,Yes,Yes,No,No
19639,7817-BOQPW,Yes,Yes,Fiber optic,No,No,No,No,No,No
19640,7817-OMJNA,Yes,No,No,No internet service,No internet service,No internet service,No internet service,No internet service,No internet service
19641,7820-ZYGNY,Yes,Yes,Fiber optic,No,Yes,No,No,No,Yes
19642,7821-DPRQE,Yes,Yes,Fiber optic,Yes,Yes,No,Yes,Yes,Yes
19643,7823-JSOAG,Yes,Yes,Fiber optic,No,No,No,No,No,No
19644,7824-PANSQ,Yes,Yes,Fiber optic,No,No,No,Yes,No,No
19645,7825-ECJRF,Yes,No,Fiber optic,Yes,No,Yes,Yes,Yes,Yes
19646,7825-GKXMW,Yes,No,DSL,No,No,No,No,No,No
19647,7826-VVKWT,Yes,No,Fiber optic,No,No,Yes,No,Yes,Yes
19648,7831-QGOXH,Yes,Yes,Fiber optic,No,No,No,No,Yes,No
19649,7833-PKIHD,Yes,No,DSL,Yes,No,No,Yes,Yes,Yes
19650,7838-LAZFO,Yes,No,DSL,Yes,Yes,Yes,No,Yes,Yes
19651,7839-NUIAA,Yes,Yes,DSL,Yes,Yes,No,No,No,No
19652,7839-QRKXN,Yes,No,No,No internet service,No internet service,No internet service,No internet service,No internet service,No internet service
19653,7841-FCRQD,Yes,No,DSL,No,Yes,No,Yes,No,No
19654,7841-TZDMQ,Yes,No,DSL,No,No,No,No,No,No
19655,7845-URHJN,Yes,No,No,No internet service,No internet service,No internet service,No internet service,No internet service,No internet service
19656,7850-THJMU,Yes,No,No,No internet service,No internet service,No internet service,No internet service,No internet service,No internet service
19657,7850-VWJUU,Yes,No,Fiber optic,Yes,No,No,No,No,No
19658,7851-FLGGQ,No,No phone service,DSL,No,Yes,No,Yes,No,Yes
19659,7851-WZEKY,Yes,Yes,Fiber optic,No,No,No,No,Yes,Yes
19660,7852-LECYP,Yes,Yes,Fiber optic,Yes,Yes,No,No,No,Yes
19661,7853-GVUDZ,Yes,No,No,No internet service,No internet service,No internet service,No internet service,No internet service,No internet service
19662,7853-OETYL,No,No phone service,DSL,Yes,No,No,No,No,No
19663,7853-WNZSY,Yes,No,No,No internet service,No internet service,No internet service,No internet service,No internet service,No internet service
19664,7854-EDSSA,Yes,Yes,DSL,Yes,Yes,No,No,No,No
19665,7854-EKTJL,Yes,No,No,No internet service,No internet service,No internet service,No internet service,No internet service,No internet service
19666,7854-FOKSF,No,No phone service,DSL,No,No,No,No,No,Yes
19667,7855-DIWPO,Yes,No,Fiber optic,No,No,No,No,No,No
19668,7856-GANIL,Yes,Yes,Fiber optic,No,Yes,Yes,Yes,Yes,No
19669,7858-GTZSP,Yes,Yes,Fiber optic,No,No,No,No,No,Yes
19670,7860-KSUGX,Yes,Yes,DSL,Yes,Yes,Yes,No,No,No
19671,7860-UXCRM,Yes,No,DSL,Yes,Yes,Yes,Yes,Yes,No
19672,7861-UVUFT,Yes,No,Fiber optic,No,No,Yes,No,Yes,No
19673,7868-BGSZA,Yes,Yes,DSL,Yes,No,Yes,No,Yes,Yes
19674,7868-TMWMZ,Yes,No,Fiber optic,Yes,Yes,Yes,Yes,Yes,Yes
19675,7869-ZYDST,Yes,Yes,DSL,No,No,No,No,Yes,No
19676,7872-BAAZR,Yes,No,No,No internet service,No internet service,No internet service,No internet service,No internet service,No internet service
19677,7872-RDDLZ,Yes,Yes,DSL,No,Yes,No,No,No,No
19678,7873-CVMAW,Yes,Yes,DSL,Yes,Yes,Yes,Yes,Yes,Yes
19679,7874-ECPQJ,Yes,No,No,No internet service,No internet service,No internet service,No internet service,No internet service,No internet service
19680,7876-AEHIG,No,No phone service,DSL,Yes,No,Yes,Yes,Yes,Yes
19681,7876-BEUTG,Yes,Yes,DSL,No,No,No,No,No,No
19682,7876-DNYAP,Yes,No,No,No internet service,No internet service,No internet service,No internet service,No internet service,No internet service
19683,7878-JGDKK,Yes,No,DSL,No,No,No,No,No,No
19684,7878-RTCZG,Yes,No,No,No internet service,No internet service,No internet service,No internet service,No internet service,No internet service
19685,7879-CGSFV,Yes,No,Fiber optic,Yes,Yes,No,No,Yes,Yes
19686,7880-XSOJX,No,No phone service,DSL,Yes,Yes,No,Yes,No,No
19687,7881-EVUAD,No,No phone service,DSL,Yes,Yes,No,No,No,Yes
19688,7881-INRLC,Yes,Yes,Fiber optic,No,Yes,No,No,Yes,Yes
19689,7883-ROJOC,Yes,No,DSL,No,No,No,No,No,No
19690,7890-VYYWG,No,No phone service,DSL,No,No,No,No,Yes,No
19691,7892-POOKP,Yes,Yes,Fiber optic,No,No,Yes,Yes,Yes,Yes
19692,7892-QVYKW,Yes,Yes,Fiber optic,No,No,No,No,No,Yes
19693,7893-IXHRQ,Yes,No,No,No internet service,No internet service,No internet service,No internet service,No internet service,No internet service
19694,7895-VONWT,No,No phone service,DSL,No,No,Yes,No,Yes,Yes
19695,7898-PDWQE,Yes,Yes,DSL,Yes,Yes,Yes,Yes,No,Yes
19696,7901-HXJVA,Yes,No,Fiber optic,No,No,Yes,No,No,No
19697,7901-IIDQV,Yes,Yes,DSL,No,No,No,Yes,No,No
19698,7901-TBKJX,Yes,Yes,Fiber optic,No,No,Yes,No,Yes,Yes
19699,7903-CMPEY,Yes,Yes,Fiber optic,Yes,No,No,No,No,No
19700,7905-NJMXS,Yes,Yes,DSL,Yes,Yes,No,Yes,No,No
19701,7905-TVXTA,Yes,No,DSL,Yes,No,No,Yes,Yes,No
19702,7908-QCBCA,Yes,No,Fiber optic,No,No,No,No,No,No
19703,7909-FIOIY,No,No phone service,DSL,No,No,No,No,No,No
19704,7912-SYRQT,Yes,Yes,Fiber optic,No,No,No,No,No,No
19705,7916-VCCPB,Yes,No,Fiber optic,No,Yes,No,No,No,No
19706,7919-ZODZZ,Yes,No,DSL,No,Yes,Yes,No,No,Yes
19707,7921-BEPCI,Yes,Yes,DSL,Yes,Yes,No,No,No,No
19708,7921-LMDFQ,Yes,No,Fiber optic,No,No,Yes,No,Yes,Yes
19709,7923-IYJWY,Yes,Yes,Fiber optic,Yes,Yes,Yes,Yes,Yes,Yes
19710,7924-GJZFI,Yes,No,Fiber optic,No,No,No,No,No,No
19711,7925-PNRGI,Yes,Yes,DSL,Yes,Yes,Yes,Yes,Yes,No
19712,7926-IJOOU,Yes,No,No,No internet service,No internet service,No internet service,No internet service,No internet service,No internet service
19713,7927-AUXBZ,Yes,No,Fiber optic,No,No,No,Yes,Yes,No
19714,7928-VJYAB,Yes,No,Fiber optic,No,No,No,No,Yes,Yes
19715,7929-DMBCV,Yes,No,Fiber optic,No,No,Yes,Yes,No,No
19716,7929-SKFGK,Yes,Yes,Fiber optic,Yes,Yes,Yes,Yes,Yes,Yes
19717,7931-PXHFC,Yes,No,DSL,No,No,Yes,Yes,No,Yes
19718,7932-WPTDS,No,No phone service,DSL,No,No,No,No,No,No
19719,7938-OUHIO,Yes,No,Fiber optic,No,No,Yes,Yes,Yes,Yes
19720,7940-UQQUG,Yes,Yes,Fiber optic,Yes,No,No,Yes,Yes,Yes
19721,7941-RCJOW,Yes,No,No,No internet service,No internet service,No internet service,No internet service,No internet service,No internet service
19722,7943-RQCHR,Yes,Yes,Fiber optic,No,No,No,No,Yes,Yes
19723,7945-HLKEA,Yes,Yes,DSL,Yes,No,Yes,Yes,No,No
19724,7945-PRBVF,Yes,No,No,No internet service,No internet service,No internet service,No internet service,No internet service,No internet service
19725,7950-XWOVN,No,No phone service,DSL,No,Yes,Yes,No,No,No
19726,7951-QKZPL,Yes,Yes,No,No internet service,No internet service,No internet service,No internet service,No internet service,No internet service
19727,7951-VRDVK,Yes,No,DSL,Yes,Yes,Yes,Yes,Yes,Yes
19728,7952-OBOYL,Yes,No,Fiber optic,No,No,Yes,Yes,Yes,No
19729,7954-MLBUN,Yes,No,Fiber optic,No,No,Yes,Yes,Yes,Yes
19730,7956-XQWGU,Yes,No,No,No internet service,No internet service,No internet service,No internet service,No internet service,No internet service
19731,7957-RYHQD,Yes,No,Fiber optic,Yes,Yes,No,No,No,No
19732,7963-GQRMY,Yes,No,DSL,No,No,No,No,No,No
19733,7963-SHNDT,No,No phone service,DSL,Yes,Yes,No,Yes,No,No
19734,7964-VEXDG,Yes,Yes,Fiber optic,Yes,No,No,No,No,No
19735,7964-YESJC,Yes,Yes,DSL,Yes,Yes,Yes,No,No,No
19736,7964-ZRKKG,Yes,Yes,Fiber optic,No,Yes,No,No,Yes,No
19737,7966-YOTQW,Yes,Yes,DSL,Yes,No,No,No,No,No
19738,7967-HYCDE,Yes,No,Fiber optic,No,No,No,No,No,No
19739,7968-QUXNS,Yes,No,No,No internet service,No internet service,No internet service,No internet service,No internet service,No internet service
19740,7969-AULMZ,Yes,Yes,Fiber optic,No,No,No,No,Yes,Yes
19741,7969-FFOWG,Yes,No,No,No internet service,No internet service,No internet service,No internet service,No internet service,No internet service
19742,7971-HLVXI,Yes,Yes,Fiber optic,No,No,No,No,No,Yes
19743,7973-DZRKH,Yes,Yes,Fiber optic,Yes,No,Yes,Yes,No,No
19744,7975-JMZNT,Yes,Yes,DSL,Yes,Yes,Yes,Yes,Yes,Yes
19745,7975-TZMLR,Yes,Yes,Fiber optic,No,Yes,Yes,No,Yes,Yes
19746,7976-CICYS,Yes,No,No,No internet service,No internet service,No internet service,No internet service,No internet service,No internet service
19747,7977-HXJKU,Yes,No,No,No internet service,No internet service,No internet service,No internet service,No internet service,No internet service
19748,7978-DKUQH,Yes,No,Fiber optic,No,No,Yes,No,No,No
19749,7979-CORPM,Yes,Yes,Fiber optic,No,Yes,No,No,Yes,No
19750,7980-MHFLQ,Yes,Yes,No,No internet service,No internet service,No internet service,No internet service,No internet service,No internet service
19751,7982-VCELR,Yes,No,Fiber optic,No,Yes,No,No,Yes,Yes
19752,7989-AWGEH,No,No phone service,DSL,Yes,No,No,No,No,Yes
19753,7989-CHGTL,Yes,No,No,No internet service,No internet service,No internet service,No internet service,No internet service,No internet service
19754,7989-VCQOH,Yes,No,DSL,Yes,No,Yes,Yes,Yes,Yes
19755,7993-NQLJE,Yes,No,Fiber optic,Yes,No,No,No,No,No
19756,7993-PYKOF,Yes,No,Fiber optic,Yes,No,No,No,No,No
19757,7994-UYIVZ,Yes,Yes,Fiber optic,No,No,No,No,No,Yes
19758,7994-XIRTR,Yes,No,DSL,No,No,Yes,Yes,No,Yes
19759,7995-ZHHNZ,Yes,Yes,DSL,Yes,No,No,No,No,No
19760,7996-BPXHY,Yes,Yes,No,No internet service,No internet service,No internet service,No internet service,No internet service,No internet service
19761,7996-MHXLW,Yes,Yes,No,No internet service,No internet service,No internet service,No internet service,No internet service,No internet service
19762,7997-EASSD,Yes,Yes,Fiber optic,No,No,No,Yes,No,No
19763,7998-WNZEM,Yes,Yes,DSL,Yes,Yes,Yes,Yes,No,Yes
19764,7998-ZLXWN,Yes,No,No,No internet service,No internet service,No internet service,No internet service,No internet service,No internet service
19765,8000-REIQB,Yes,No,Fiber optic,No,No,No,No,No,No
19766,8003-EWNDZ,Yes,No,No,No internet service,No internet service,No internet service,No internet service,No internet service,No internet service
19767,8006-PYCSW,Yes,No,No,No internet service,No internet service,No internet service,No internet service,No internet service,No internet service
19768,8007-YYPWD,Yes,Yes,No,No internet service,No internet service,No internet service,No internet service,No internet service,No internet service
19769,8008-ESFLK,Yes,No,Fiber optic,Yes,Yes,Yes,Yes,Yes,Yes
19770,8008-HAWED,No,No phone service,DSL,No,No,Yes,No,Yes,Yes
19771,8008-OTEZX,Yes,No,No,No internet service,No internet service,No internet service,No internet service,No internet service,No internet service
19772,8010-EZLOU,Yes,Yes,Fiber optic,No,Yes,No,No,No,No
19773,8012-SOUDQ,Yes,Yes,Fiber optic,No,Yes,No,No,Yes,No
19774,8015-IHCGW,Yes,Yes,Fiber optic,Yes,Yes,Yes,Yes,Yes,Yes
19775,8016-NCFVO,Yes,Yes,Fiber optic,Yes,Yes,Yes,Yes,Yes,Yes
19776,8016-ZMGMO,Yes,Yes,DSL,No,Yes,Yes,No,Yes,No
19777,8017-LXHFA,Yes,No,Fiber optic,No,Yes,No,No,Yes,Yes
19778,8017-UVSZU,Yes,Yes,DSL,No,Yes,No,No,No,No
19779,8019-ENHXU,Yes,Yes,Fiber optic,No,Yes,Yes,Yes,No,Yes
19780,8020-BWHYL,Yes,No,Fiber optic,No,Yes,No,No,No,No
19781,8022-BECSI,Yes,No,No,No internet service,No internet service,No internet service,No internet service,No internet service,No internet service
19782,8023-QHAIO,Yes,Yes,Fiber optic,No,No,No,Yes,No,No
19783,8024-XNAFQ,Yes,Yes,Fiber optic,Yes,Yes,Yes,Yes,No,Yes
19784,8028-PNXHQ,Yes,Yes,No,No internet service,No internet service,No internet service,No internet service,No internet service,No internet service
19785,8029-XYPWT,Yes,Yes,Fiber optic,Yes,Yes,Yes,Yes,Yes,Yes
19786,8033-ATFAS,Yes,No,DSL,No,No,Yes,No,Yes,No
19787,8033-VCZGH,Yes,Yes,Fiber optic,Yes,No,Yes,No,Yes,Yes
19788,8034-RYTVV,Yes,Yes,Fiber optic,Yes,No,Yes,No,No,No
19789,8035-BUYVG,No,No phone service,DSL,Yes,Yes,Yes,No,No,No
19790,8035-PWSEV,Yes,No,Fiber optic,No,No,Yes,Yes,No,Yes
19791,8039-ACLPL,Yes,No,DSL,Yes,Yes,Yes,No,No,Yes
19792,8039-EQPIM,No,No phone service,DSL,Yes,No,Yes,Yes,Yes,Yes
19793,8040-MNRTF,Yes,No,Fiber optic,No,No,No,No,No,No
19794,8041-TMEID,Yes,Yes,Fiber optic,Yes,Yes,Yes,No,Yes,Yes
19795,8042-JVNFH,Yes,No,Fiber optic,No,No,No,No,No,No
19796,8042-RNLKO,Yes,Yes,No,No internet service,No internet service,No internet service,No internet service,No internet service,No internet service
19797,8043-PNYSD,Yes,No,No,No internet service,No internet service,No internet service,No internet service,No internet service,No internet service
19798,8044-BGWPI,Yes,No,No,No internet service,No internet service,No internet service,No internet service,No internet service,No internet service
19799,8046-DNVTL,No,No phone service,DSL,Yes,Yes,No,Yes,No,No
19800,8048-DSDFQ,Yes,No,No,No internet service,No internet service,No internet service,No internet service,No internet service,No internet service
19801,8049-WJCLQ,Yes,No,DSL,No,No,Yes,No,Yes,No
19802,8050-DVOJX,Yes,Yes,DSL,Yes,Yes,Yes,Yes,No,Yes
19803,8050-WYBND,No,No phone service,DSL,No,No,Yes,No,Yes,Yes
19804,8050-XGRVL,Yes,No,DSL,Yes,No,Yes,No,No,No
19805,8051-HJRLT,Yes,No,Fiber optic,No,No,No,No,No,No
19806,8053-WWDRO,Yes,No,No,No internet service,No internet service,No internet service,No internet service,No internet service,No internet service
19807,8058-DMYRU,Yes,Yes,Fiber optic,No,Yes,No,No,No,Yes
19808,8058-INTPH,Yes,No,Fiber optic,No,No,No,No,Yes,No
19809,8058-JMEQO,Yes,Yes,Fiber optic,No,No,No,No,No,Yes
19810,8059-UDZFY,Yes,Yes,Fiber optic,No,Yes,Yes,No,Yes,Yes
19811,8060-HIWJJ,Yes,Yes,DSL,No,Yes,Yes,Yes,Yes,Yes
19812,8062-YBDOE,Yes,No,Fiber optic,No,No,No,No,No,No
19813,8063-GBATB,Yes,Yes,Fiber optic,No,No,No,No,No,Yes
19814,8063-RJYNF,Yes,No,Fiber optic,Yes,No,No,No,Yes,Yes
19815,8064-RAVOH,Yes,No,DSL,No,No,Yes,No,No,No
19816,8065-BVEPF,Yes,No,Fiber optic,No,Yes,Yes,No,Yes,Yes
19817,8065-QBYTO,Yes,Yes,Fiber optic,Yes,Yes,No,Yes,Yes,No
19818,8065-YKXKD,Yes,Yes,Fiber optic,No,No,No,No,No,No
19819,8066-POXGX,No,No phone service,DSL,No,No,No,No,No,Yes
19820,8067-NIOYM,Yes,No,No,No internet service,No internet service,No internet service,No internet service,No internet service,No internet service
19821,8069-RHUXK,No,No phone service,DSL,Yes,No,No,Yes,No,No
19822,8069-YQQAJ,No,No phone service,DSL,No,Yes,No,No,No,No
19823,8070-AAWZP,No,No phone service,DSL,No,No,Yes,Yes,No,No
19824,8071-SBTRN,Yes,Yes,Fiber optic,Yes,Yes,Yes,No,Yes,Yes
19825,8073-IJDCM,Yes,No,No,No internet service,No internet service,No internet service,No internet service,No internet service,No internet service
19826,8075-GXIUB,Yes,No,No,No internet service,No internet service,No internet service,No internet service,No internet service,No internet service
19827,8076-FEZKJ,Yes,No,No,No internet service,No internet service,No internet service,No internet service,No internet service,No internet service
19828,8079-XRJRS,Yes,Yes,Fiber optic,Yes,Yes,Yes,No,No,No
19829,8080-DDEMJ,Yes,No,DSL,No,No,No,No,No,No
19830,8080-POTJR,Yes,Yes,DSL,Yes,No,Yes,No,Yes,Yes
19831,8082-GHXOP,Yes,No,DSL,No,No,No,No,No,No
19832,8083-YTZES,Yes,Yes,Fiber optic,No,No,No,No,No,No
19833,8084-OIVBS,Yes,No,No,No internet service,No internet service,No internet service,No internet service,No internet service,No internet service
19834,8085-MSNLK,Yes,Yes,Fiber optic,Yes,Yes,Yes,Yes,Yes,Yes
19835,8086-OVPWV,Yes,No,Fiber optic,No,No,No,No,No,Yes
19836,8087-LGYHQ,Yes,No,Fiber optic,No,No,Yes,No,Yes,Yes
19837,8089-UZWLX,Yes,Yes,Fiber optic,No,No,Yes,No,Yes,Yes
19838,8091-TTVAX,Yes,Yes,Fiber optic,No,No,Yes,No,Yes,Yes
19839,8092-NLTGF,Yes,Yes,No,No internet service,No internet service,No internet service,No internet service,No internet service,No internet service
19840,8095-WANWK,Yes,No,DSL,No,No,No,No,No,No
19841,8096-LOIST,Yes,No,DSL,No,No,No,No,No,Yes
19842,8097-OMULG,Yes,No,DSL,No,Yes,Yes,Yes,Yes,Yes
19843,8097-VBQTZ,Yes,No,DSL,Yes,Yes,No,Yes,Yes,No
19844,8098-LLAZX,Yes,Yes,Fiber optic,No,No,No,No,Yes,Yes
19845,8098-TDCBU,Yes,Yes,No,No internet service,No internet service,No internet service,No internet service,No internet service,No internet service
19846,8099-MZPUJ,Yes,Yes,Fiber optic,Yes,Yes,Yes,Yes,Yes,Yes
19847,8100-HZZLJ,Yes,No,DSL,Yes,Yes,No,No,No,Yes
19848,8100-PNJMH,Yes,Yes,DSL,Yes,Yes,Yes,Yes,Yes,Yes
19849,8104-OSKWT,Yes,Yes,Fiber optic,Yes,No,No,No,No,No
19850,8106-GWQOK,No,No phone service,DSL,Yes,Yes,No,Yes,Yes,Yes
19851,8107-KNCIM,Yes,Yes,Fiber optic,No,No,No,No,No,No
19852,8107-RZLNV,Yes,Yes,Fiber optic,No,Yes,Yes,No,Yes,Yes
19853,8108-UXRQN,No,No phone service,DSL,Yes,No,No,No,Yes,Yes
19854,8109-YUOHE,Yes,No,DSL,Yes,Yes,No,No,No,No
19855,8111-BKVDS,No,No phone service,DSL,Yes,Yes,Yes,No,No,No
19856,8111-RKSPX,Yes,Yes,Fiber optic,No,No,No,No,No,No
19857,8111-SLLHI,Yes,Yes,Fiber optic,No,Yes,Yes,No,Yes,Yes
19858,8118-LSUEL,Yes,Yes,Fiber optic,No,Yes,Yes,No,Yes,Yes
19859,8118-TJAFG,Yes,No,Fiber optic,No,Yes,No,Yes,Yes,Yes
19860,8120-JDCAM,Yes,No,Fiber optic,No,No,No,No,No,No
19861,8123-QBNAZ,Yes,Yes,Fiber optic,Yes,No,Yes,No,Yes,Yes
19862,8124-NZVGJ,No,No phone service,DSL,No,No,No,Yes,Yes,Yes
19863,8125-QPFJD,Yes,Yes,DSL,Yes,No,Yes,Yes,Yes,Yes
19864,8128-YVJRG,Yes,Yes,Fiber optic,Yes,No,No,No,No,No
19865,8129-GMVGI,Yes,No,No,No internet service,No internet service,No internet service,No internet service,No internet service,No internet service
19866,8132-YPVBX,Yes,No,Fiber optic,No,Yes,No,No,No,Yes
19867,8133-ANHHJ,Yes,Yes,Fiber optic,Yes,Yes,Yes,Yes,No,Yes
19868,8138-EALND,Yes,No,No,No internet service,No internet service,No internet service,No internet service,No internet service,No internet service
19869,8143-ETQTI,Yes,No,No,No internet service,No internet service,No internet service,No internet service,No internet service,No internet service
19870,8144-DGHXP,Yes,No,DSL,Yes,No,Yes,Yes,Yes,Yes
19871,8146-QQKZH,Yes,No,DSL,Yes,No,Yes,Yes,Yes,Yes
19872,8148-BPLZQ,Yes,No,DSL,No,Yes,No,No,No,No
19873,8148-NLEGT,Yes,Yes,No,No internet service,No internet service,No internet service,No internet service,No internet service,No internet service
19874,8148-WOCMK,Yes,No,No,No internet service,No internet service,No internet service,No internet service,No internet service,No internet service
19875,8149-AIQCG,Yes,Yes,Fiber optic,No,No,No,No,No,No
19876,8149-RSOUN,Yes,Yes,Fiber optic,No,No,No,No,Yes,Yes
19877,8150-QUDFX,Yes,No,No,No internet service,No internet service,No internet service,No internet service,No internet service,No internet service
19878,8152-UOBNY,Yes,Yes,Fiber optic,No,Yes,No,Yes,Yes,Yes
19879,8152-VETUR,Yes,Yes,Fiber optic,No,Yes,No,No,Yes,Yes
19880,8155-IBNHG,Yes,Yes,Fiber optic,No,No,No,No,No,No
19881,8158-WPEZG,No,No phone service,DSL,No,Yes,No,Yes,No,No
19882,8160-HOWOX,Yes,No,DSL,No,No,No,No,Yes,Yes
19883,8161-QYMTT,Yes,Yes,Fiber optic,No,No,No,No,Yes,Yes
19884,8164-OCKUJ,Yes,No,No,No internet service,No internet service,No internet service,No internet service,No internet service,No internet service
19885,8165-CBKXO,No,No phone service,DSL,No,Yes,Yes,No,Yes,Yes
19886,8165-ZJRNM,Yes,Yes,No,No internet service,No internet service,No internet service,No internet service,No internet service,No internet service
19887,8166-ORCHU,Yes,No,Fiber optic,Yes,Yes,No,Yes,No,Yes
19888,8166-ZZTFS,Yes,Yes,DSL,No,Yes,Yes,No,Yes,Yes
19889,8167-GJLRN,No,No phone service,DSL,No,No,No,Yes,No,No
19890,8168-UQWWF,Yes,Yes,Fiber optic,No,No,Yes,No,Yes,Yes
19891,8169-SAEJD,No,No phone service,DSL,Yes,Yes,No,No,Yes,Yes
19892,8173-RXAYP,Yes,No,No,No internet service,No internet service,No internet service,No internet service,No internet service,No internet service
19893,8174-LNWMW,Yes,No,No,No internet service,No internet service,No internet service,No internet service,No internet service,No internet service
19894,8174-TBVCF,Yes,Yes,DSL,Yes,Yes,Yes,Yes,Yes,Yes
19895,8178-EYZUO,Yes,Yes,Fiber optic,Yes,Yes,No,No,No,Yes
19896,8180-AKMJV,Yes,No,DSL,No,No,No,No,No,No
19897,8181-YHCMF,No,No phone service,DSL,No,Yes,Yes,Yes,Yes,Yes
19898,8182-BJDSI,Yes,Yes,Fiber optic,No,Yes,No,No,No,Yes
19899,8182-PNAGI,Yes,No,DSL,No,No,No,Yes,No,No
19900,8183-ONMXC,Yes,No,Fiber optic,No,No,No,No,No,Yes
19901,8184-WMOFI,Yes,No,DSL,Yes,No,Yes,Yes,No,Yes
19902,8185-UPYBR,Yes,Yes,Fiber optic,No,No,No,No,No,No
19903,8189-DUKMV,Yes,No,No,No internet service,No internet service,No internet service,No internet service,No internet service,No internet service
19904,8189-HBVRW,Yes,Yes,Fiber optic,Yes,Yes,Yes,No,No,No
19905,8189-XRIKE,Yes,No,Fiber optic,No,No,No,No,Yes,Yes
19906,8190-ZTQFB,No,No phone service,DSL,No,No,Yes,No,Yes,Yes
19907,8191-XWSZG,Yes,No,No,No internet service,No internet service,No internet service,No internet service,No internet service,No internet service
19908,8194-PEEBY,Yes,No,No,No internet service,No internet service,No internet service,No internet service,No internet service,No internet service
19909,8197-BFWVU,Yes,Yes,DSL,Yes,Yes,Yes,Yes,Yes,Yes
19910,8198-RKSZG,Yes,Yes,DSL,No,Yes,No,Yes,Yes,Yes
19911,8199-ZLLSA,Yes,Yes,Fiber optic,Yes,Yes,Yes,Yes,Yes,Yes
19912,8200-KLNYW,Yes,No,DSL,Yes,No,Yes,Yes,Yes,Yes
19913,8200-LGKSR,Yes,Yes,DSL,Yes,No,Yes,Yes,Yes,Yes
19914,8201-AAXCB,Yes,Yes,DSL,No,No,No,No,Yes,No
19915,8203-XJZRC,Yes,No,No,No internet service,No internet service,No internet service,No internet service,No internet service,No internet service
19916,8204-TIFGJ,Yes,No,No,No internet service,No internet service,No internet service,No internet service,No internet service,No internet service
19917,8204-YJCLA,No,No phone service,DSL,Yes,Yes,Yes,Yes,Yes,Yes
19918,8205-MQUGY,Yes,No,DSL,Yes,No,No,No,No,No
19919,8205-OTCHB,No,No phone service,DSL,No,Yes,Yes,No,No,Yes
19920,8205-VSLRB,Yes,Yes,DSL,Yes,No,Yes,Yes,No,Yes
19921,8207-DMRVL,Yes,Yes,Fiber optic,Yes,Yes,Yes,Yes,Yes,Yes
19922,8207-VVMYB,Yes,Yes,No,No internet service,No internet service,No internet service,No internet service,No internet service,No internet service
19923,8208-EUMTE,No,No phone service,DSL,Yes,Yes,Yes,Yes,Yes,No
19924,8212-CRQXP,Yes,No,Fiber optic,No,No,No,No,Yes,No
19925,8212-DJRCH,Yes,No,Fiber optic,Yes,No,Yes,No,No,Yes
19926,8213-TAZPM,Yes,Yes,Fiber optic,No,Yes,Yes,Yes,Yes,Yes
19927,8215-NGSPE,Yes,No,No,No internet service,No internet service,No internet service,No internet service,No internet service,No internet service
19928,8216-AZUUZ,Yes,No,Fiber optic,No,No,Yes,Yes,Yes,Yes
19929,8217-QYOHV,Yes,No,DSL,Yes,No,No,Yes,No,No
19930,8218-FFJDS,Yes,Yes,DSL,Yes,Yes,No,Yes,Yes,Yes
19931,8219-VYBVI,Yes,Yes,No,No internet service,No internet service,No internet service,No internet service,No internet service,No internet service
19932,8220-OCUFY,Yes,No,DSL,Yes,No,Yes,Yes,No,No
19933,8221-EQDGL,Yes,No,DSL,Yes,Yes,Yes,No,No,No
19934,8221-HVAYI,Yes,Yes,DSL,Yes,Yes,Yes,Yes,No,No
19935,8224-DWCKX,Yes,Yes,Fiber optic,No,No,No,No,No,No
19936,8224-IVVPA,Yes,No,DSL,Yes,Yes,No,No,No,No
19937,8224-KDLKN,Yes,Yes,No,No internet service,No internet service,No internet service,No internet service,No internet service,No internet service
19938,8224-UAXBZ,No,No phone service,DSL,Yes,Yes,No,No,Yes,No
19939,8225-BTJAU,Yes,No,Fiber optic,No,No,No,No,No,Yes
19940,8226-BXGES,Yes,Yes,Fiber optic,Yes,Yes,Yes,No,No,No
19941,8229-BUJHX,Yes,No,No,No internet service,No internet service,No internet service,No internet service,No internet service,No internet service
19942,8229-MYEJZ,Yes,No,DSL,No,Yes,No,No,No,No
19943,8229-TNIQA,Yes,No,DSL,No,No,No,No,No,No
19944,8231-BSWXX,Yes,Yes,Fiber optic,No,Yes,No,No,No,No
19945,8232-CTLKO,Yes,No,DSL,Yes,No,No,No,Yes,No
19946,8232-UTFOZ,Yes,No,No,No internet service,No internet service,No internet service,No internet service,No internet service,No internet service
19947,8234-GSZYK,Yes,Yes,No,No internet service,No internet service,No internet service,No internet service,No internet service,No internet service
19948,8237-ULIXL,Yes,Yes,No,No internet service,No internet service,No internet service,No internet service,No internet service,No internet service
19949,8241-JUIQO,Yes,No,No,No internet service,No internet service,No internet service,No internet service,No internet service,No internet service
19950,8242-JSVBO,Yes,No,DSL,No,No,No,No,No,No
19951,8242-PDSGJ,No,No phone service,DSL,Yes,No,Yes,Yes,No,No
19952,8242-SOQUO,Yes,No,Fiber optic,No,Yes,No,No,Yes,No
19953,8245-UMPYT,Yes,Yes,Fiber optic,No,No,No,No,Yes,Yes
19954,8246-SHFGA,Yes,No,No,No internet service,No internet service,No internet service,No internet service,No internet service,No internet service
19955,8249-THVEC,Yes,No,No,No internet service,No internet service,No internet service,No internet service,No internet service,No internet service
19956,8250-ZNGGW,Yes,No,DSL,Yes,Yes,No,Yes,No,No
19957,8257-RZAHR,Yes,Yes,DSL,Yes,No,No,No,Yes,No
19958,8258-GSTJK,Yes,Yes,Fiber optic,No,No,No,No,No,No
19959,8259-DZLIZ,Yes,Yes,DSL,No,Yes,No,No,No,No
19960,8259-NFJTV,No,No phone service,DSL,Yes,No,No,Yes,No,No
19961,8260-NGFNY,No,No phone service,DSL,No,No,No,No,No,No
19962,8261-GWDBQ,Yes,Yes,Fiber optic,Yes,Yes,Yes,Yes,Yes,Yes
19963,8262-COGGB,Yes,No,No,No internet service,No internet service,No internet service,No internet service,No internet service,No internet service
19964,8263-JQAIK,No,No phone service,DSL,No,No,No,No,No,No
19965,8263-OKETD,Yes,Yes,DSL,No,Yes,No,Yes,No,Yes
19966,8263-QMNTJ,Yes,Yes,Fiber optic,Yes,Yes,Yes,Yes,Yes,Yes
19967,8265-HKSOW,Yes,Yes,Fiber optic,Yes,Yes,Yes,Yes,No,Yes
19968,8266-VBFQL,Yes,No,Fiber optic,No,No,Yes,Yes,No,Yes
19969,8267-KFGYD,Yes,No,No,No internet service,No internet service,No internet service,No internet service,No internet service,No internet service
19970,8267-ZNYVZ,Yes,No,Fiber optic,Yes,No,Yes,Yes,Yes,Yes
19971,8268-YDIXR,Yes,Yes,Fiber optic,Yes,Yes,Yes,No,No,No
19972,8270-RKSAP,Yes,No,Fiber optic,No,No,No,No,No,No
19973,8272-ONJLV,Yes,No,Fiber optic,No,No,Yes,No,Yes,Yes
19974,8276-MQBYC,Yes,Yes,Fiber optic,No,No,Yes,No,Yes,Yes
19975,8277-RVRSV,Yes,Yes,No,No internet service,No internet service,No internet service,No internet service,No internet service,No internet service
19976,8280-MQRQN,Yes,No,DSL,No,No,Yes,No,No,No
19977,8285-ABVLB,Yes,No,No,No internet service,No internet service,No internet service,No internet service,No internet service,No internet service
19978,8286-AFUYI,Yes,No,DSL,Yes,No,No,No,No,No
19979,8290-YWKHZ,Yes,Yes,Fiber optic,No,No,No,No,Yes,Yes
19980,8292-FRFZQ,No,No phone service,DSL,Yes,Yes,No,Yes,No,No
19981,8292-ITGYJ,Yes,Yes,No,No internet service,No internet service,No internet service,No internet service,No internet service,No internet service
19982,8292-TYSPY,Yes,No,DSL,No,No,Yes,Yes,No,No
19983,8294-UIMBA,Yes,No,Fiber optic,No,No,No,Yes,Yes,Yes
19984,8295-FHIVV,Yes,No,No,No internet service,No internet service,No internet service,No internet service,No internet service,No internet service
19985,8295-KMENE,Yes,Yes,DSL,Yes,No,Yes,Yes,Yes,No
19986,8305-VHZBZ,Yes,No,No,No internet service,No internet service,No internet service,No internet service,No internet service,No internet service
19987,8309-IEYJD,Yes,No,Fiber optic,No,No,No,No,No,No
19988,8309-PPCED,Yes,Yes,Fiber optic,No,Yes,Yes,Yes,Yes,Yes
19989,8311-UEUAB,Yes,Yes,DSL,Yes,No,No,No,Yes,Yes
19990,8313-AFGBW,Yes,No,DSL,No,Yes,Yes,No,Yes,Yes
19991,8313-KTIHG,Yes,No,DSL,No,No,No,Yes,Yes,No
19992,8313-NDOIA,Yes,Yes,Fiber optic,No,Yes,Yes,No,Yes,Yes
19993,8314-DPQHL,No,No phone service,DSL,Yes,No,Yes,Yes,No,Yes
19994,8314-HTWVE,Yes,No,No,No internet service,No internet service,No internet service,No internet service,No internet service,No internet service
19995,8316-BBQAY,No,No phone service,DSL,Yes,No,Yes,Yes,Yes,Yes
19996,8317-BVKSO,Yes,No,No,No internet service,No internet service,No internet service,No internet service,No internet service,No internet service
19997,8318-LCNBW,No,No phone service,DSL,Yes,No,Yes,No,Yes,Yes
19998,8319-QBEHW,No,No phone service,DSL,No,Yes,No,No,Yes,No
19999,8325-QRPZR,Yes,No,Fiber optic,No,No,Yes,No,No,No
20000,8327-LZKAS,Yes,Yes,Fiber optic,No,No,Yes,Yes,Yes,Yes
20001,8327-WKMIE,Yes,No,No,No internet service,No internet service,No internet service,No internet service,No internet service,No internet service
20002,8328-SKJNO,No,No phone service,DSL,Yes,Yes,No,Yes,No,No
20003,8329-GWVPJ,Yes,No,Fiber optic,No,No,No,No,No,No
20004,8329-IBCTI,Yes,No,No,No internet service,No internet service,No internet service,No internet service,No internet service,No internet service
20005,8329-UTMVM,Yes,Yes,Fiber optic,No,Yes,No,Yes,Yes,Yes
20006,8331-ZXFOE,Yes,Yes,DSL,Yes,Yes,Yes,Yes,No,No
20007,8332-OSJDW,Yes,Yes,No,No internet service,No internet service,No internet service,No internet service,No internet service,No internet service
20008,8336-TAVKX,Yes,Yes,DSL,Yes,Yes,Yes,Yes,No,Yes
20009,8337-MSSXB,Yes,No,Fiber optic,No,Yes,No,No,No,Yes
20010,8337-UPOAQ,Yes,Yes,Fiber optic,No,No,Yes,No,No,Yes
20011,8338-QIUNR,Yes,Yes,DSL,Yes,No,Yes,Yes,No,No
20012,8344-WFMFH,Yes,No,DSL,No,Yes,No,No,No,No
20013,8345-MVDYC,Yes,No,DSL,Yes,No,Yes,Yes,Yes,Yes
20014,8347-GDTMP,Yes,No,No,No internet service,No internet service,No internet service,No internet service,No internet service,No internet service
20015,8348-HFYIV,No,No phone service,DSL,No,No,Yes,No,Yes,Yes
20016,8348-JLBUG,Yes,No,Fiber optic,Yes,No,Yes,No,No,No
20017,8350-NYMVI,No,No phone service,DSL,No,Yes,Yes,Yes,No,No
20018,8356-WUAOJ,Yes,No,DSL,No,No,No,No,No,No
20019,8357-EQXFO,Yes,No,Fiber optic,No,No,Yes,No,Yes,Yes
20020,8361-LBRDI,Yes,Yes,No,No internet service,No internet service,No internet service,No internet service,No internet service,No internet service
20021,8361-LTMKD,Yes,Yes,Fiber optic,No,No,No,No,No,No
20022,8364-TRMMK,Yes,Yes,DSL,No,No,No,No,No,No
20023,8372-JUXUI,Yes,Yes,Fiber optic,No,No,No,No,No,No
20024,8374-UULRV,Yes,Yes,DSL,Yes,Yes,No,Yes,Yes,Yes
20025,8374-XGEJJ,Yes,Yes,Fiber optic,No,Yes,No,No,Yes,Yes
20026,8375-DKEBR,Yes,No,Fiber optic,No,No,No,No,No,No
20027,8375-KVTHK,Yes,No,Fiber optic,No,Yes,No,Yes,Yes,Yes
20028,8378-LKJAF,Yes,Yes,Fiber optic,No,No,Yes,No,Yes,Yes
20029,8380-MQINP,Yes,No,No,No internet service,No internet service,No internet service,No internet service,No internet service,No internet service
20030,8380-PEFPE,Yes,No,Fiber optic,No,No,No,No,No,No
20031,8382-SHQEH,Yes,Yes,Fiber optic,No,No,No,No,No,Yes
20032,8383-SGHJU,Yes,Yes,DSL,Yes,No,No,Yes,No,No
20033,8384-FZBJK,Yes,Yes,Fiber optic,No,Yes,No,No,Yes,Yes
20034,8387-MOJJT,Yes,No,Fiber optic,No,No,No,No,Yes,No
20035,8387-UGUSU,Yes,No,No,No internet service,No internet service,No internet service,No internet service,No internet service,No internet service
20036,8388-DMKAE,Yes,No,No,No internet service,No internet service,No internet service,No internet service,No internet service,No internet service
20037,8388-FYNPZ,Yes,No,DSL,Yes,No,Yes,No,No,No
20038,8390-FESFV,Yes,Yes,DSL,No,Yes,Yes,Yes,Yes,Yes
20039,8393-DLHGA,Yes,No,Fiber optic,No,Yes,No,No,Yes,Yes
20040,8393-JMVMB,Yes,No,No,No internet service,No internet service,No internet service,No internet service,No internet service,No internet service
20041,8395-ETZKQ,Yes,No,No,No internet service,No internet service,No internet service,No internet service,No internet service,No internet service
20042,8397-MVTAZ,Yes,Yes,Fiber optic,No,No,Yes,No,Yes,Yes
20043,8398-TBIYD,Yes,Yes,Fiber optic,Yes,No,No,Yes,No,No
20044,8399-YNDCH,Yes,No,DSL,No,No,Yes,No,Yes,No
20045,8400-WZICQ,Yes,No,DSL,Yes,Yes,No,No,No,No
20046,8401-EMUWF,Yes,Yes,DSL,Yes,Yes,No,No,Yes,No
20047,8402-EIVQS,Yes,No,Fiber optic,Yes,Yes,No,No,Yes,Yes
20048,8402-OOOHJ,Yes,No,No,No internet service,No internet service,No internet service,No internet service,No internet service,No internet service
20049,8404-FYDIB,Yes,Yes,Fiber optic,Yes,Yes,No,No,No,No
20050,8404-GFGCZ,Yes,Yes,DSL,No,No,Yes,No,Yes,No
20051,8404-VIOMB,No,No phone service,DSL,Yes,Yes,Yes,Yes,Yes,Yes
20052,8404-VLQFB,Yes,Yes,No,No internet service,No internet service,No internet service,No internet service,No internet service,No internet service
20053,8405-IGQFX,Yes,No,Fiber optic,No,No,Yes,Yes,Yes,No
20054,8406-LNMHF,Yes,No,Fiber optic,Yes,Yes,Yes,No,No,No
20055,8409-WQJUX,No,No phone service,DSL,No,No,Yes,Yes,Yes,Yes
20056,8410-BGQXN,Yes,No,No,No internet service,No internet service,No internet service,No internet service,No internet service,No internet service
20057,8413-VONUO,Yes,No,Fiber optic,No,Yes,No,No,Yes,Yes
20058,8413-YNHNV,Yes,Yes,DSL,Yes,Yes,Yes,Yes,Yes,Yes
20059,8414-MYSHR,Yes,No,Fiber optic,No,No,No,No,Yes,Yes
20060,8414-OOEEL,Yes,No,DSL,No,Yes,Yes,Yes,Yes,Yes
20061,8417-FMLZI,Yes,No,Fiber optic,No,Yes,No,No,No,Yes
20062,8417-GSODA,Yes,Yes,Fiber optic,No,No,No,No,Yes,Yes
20063,8421-WZOOW,Yes,No,Fiber optic,No,Yes,Yes,Yes,Yes,No
20064,8429-XIBUM,Yes,Yes,Fiber optic,Yes,No,No,No,Yes,Yes
20065,8430-TWCBX,Yes,No,No,No internet service,No internet service,No internet service,No internet service,No internet service,No internet service
20066,8433-WPJTV,Yes,Yes,Fiber optic,No,No,Yes,Yes,Yes,Yes
20067,8433-WXGNA,Yes,No,Fiber optic,Yes,No,No,No,No,No
20068,8434-PNQZX,Yes,Yes,DSL,No,No,Yes,Yes,Yes,Yes
20069,8434-VGEQQ,Yes,No,No,No internet service,No internet service,No internet service,No internet service,No internet service,No internet service
20070,8436-BJUMM,Yes,Yes,Fiber optic,No,No,No,No,Yes,No
20071,8439-LTUGF,Yes,No,No,No internet service,No internet service,No internet service,No internet service,No internet service,No internet service
20072,8441-SHIPE,Yes,Yes,No,No internet service,No internet service,No internet service,No internet service,No internet service,No internet service
20073,8443-WVPSS,Yes,No,Fiber optic,No,Yes,No,Yes,Yes,Yes
20074,8443-ZRDBZ,Yes,Yes,Fiber optic,No,No,No,No,No,No
20075,8444-WRIDW,Yes,Yes,Fiber optic,No,Yes,No,No,No,No
20076,8445-DNBAE,Yes,Yes,DSL,No,No,No,No,No,No
20077,8450-JOVAH,Yes,Yes,DSL,Yes,No,No,No,No,No
20078,8450-LUGUK,Yes,Yes,No,No internet service,No internet service,No internet service,No internet service,No internet service,No internet service
20079,8450-UYIBU,No,No phone service,DSL,No,No,Yes,No,Yes,No
20080,8454-AATJP,Yes,Yes,Fiber optic,Yes,Yes,Yes,Yes,Yes,Yes
20081,8455-HIRAQ,Yes,No,DSL,No,No,No,No,No,No
20082,8456-QDAVC,Yes,No,Fiber optic,No,No,No,No,Yes,No
20083,8457-XIGKN,Yes,No,No,No internet service,No internet service,No internet service,No internet service,No internet service,No internet service
20084,8461-EFQYM,Yes,Yes,No,No internet service,No internet service,No internet service,No internet service,No internet service,No internet service
20085,8464-EETCQ,Yes,No,No,No internet service,No internet service,No internet service,No internet service,No internet service,No internet service
20086,8465-SBRXP,Yes,Yes,Fiber optic,No,No,Yes,Yes,Yes,No
20087,8466-PZBLH,Yes,Yes,Fiber optic,Yes,No,No,Yes,Yes,Yes
20088,8467-WYNSR,Yes,No,DSL,Yes,No,No,Yes,No,No
20089,8468-EHYJA,Yes,Yes,Fiber optic,Yes,No,No,No,Yes,Yes
20090,8468-FZTOE,Yes,No,DSL,Yes,Yes,Yes,Yes,No,Yes
20091,8469-SNFFH,Yes,Yes,DSL,Yes,Yes,Yes,Yes,Yes,No
20092,8473-VUVJN,Yes,Yes,Fiber optic,No,No,No,No,No,No
20093,8474-UMLNT,Yes,No,DSL,Yes,Yes,No,Yes,No,Yes
20094,8480-PPONV,Yes,Yes,Fiber optic,Yes,Yes,Yes,Yes,Yes,Yes
20095,8481-YYXWG,Yes,No,Fiber optic,No,Yes,No,Yes,No,Yes
20096,8485-GJCDN,Yes,No,Fiber optic,No,No,No,No,No,No
20097,8486-AYEQH,Yes,Yes,Fiber optic,No,No,No,No,No,No
20098,8490-BXHEO,Yes,Yes,Fiber optic,No,Yes,No,No,No,No
20099,8495-LJDFO,Yes,Yes,Fiber optic,Yes,No,Yes,Yes,Yes,Yes
20100,8495-PRWFH,Yes,Yes,DSL,No,No,Yes,No,No,No
20101,8496-DMZUK,Yes,Yes,Fiber optic,Yes,Yes,Yes,No,No,No
20102,8496-EJAUI,Yes,No,Fiber optic,No,Yes,No,No,No,No
20103,8498-XXGWA,Yes,No,DSL,Yes,No,Yes,No,No,No
20104,8499-BRXTD,Yes,No,No,No internet service,No internet service,No internet service,No internet service,No internet service,No internet service
20105,8510-AWCXC,Yes,Yes,Fiber optic,Yes,No,No,No,Yes,Yes
20106,8510-BBWMU,Yes,No,No,No internet service,No internet service,No internet service,No internet service,No internet service,No internet service
20107,8510-TMWYB,Yes,Yes,DSL,No,Yes,Yes,No,No,No
20108,8512-WIWYV,Yes,No,No,No internet service,No internet service,No internet service,No internet service,No internet service,No internet service
20109,8513-OLYGY,Yes,Yes,Fiber optic,Yes,Yes,Yes,Yes,Yes,Yes
20110,8514-VZHEB,Yes,No,No,No internet service,No internet service,No internet service,No internet service,No internet service,No internet service
20111,8515-OCTJS,Yes,Yes,No,No internet service,No internet service,No internet service,No internet service,No internet service,No internet service
20112,8519-IMDHU,Yes,Yes,Fiber optic,No,No,No,No,No,Yes
20113,8519-QJGJD,Yes,No,Fiber optic,No,No,Yes,No,No,No
20114,8532-UEFWH,Yes,Yes,No,No internet service,No internet service,No internet service,No internet service,No internet service,No internet service
20115,8535-SFUTN,Yes,Yes,Fiber optic,Yes,No,Yes,No,Yes,Yes
20116,8540-ZQGEA,Yes,No,No,No internet service,No internet service,No internet service,No internet service,No internet service,No internet service
20117,8541-QVFKM,Yes,Yes,Fiber optic,No,No,No,No,No,No
20118,8543-MSDMF,Yes,No,DSL,Yes,No,Yes,No,Yes,Yes
20119,8544-GOQSH,Yes,No,Fiber optic,No,Yes,No,Yes,No,No
20120,8544-JNBOX,Yes,No,No,No internet service,No internet service,No internet service,No internet service,No internet service,No internet service
20121,8547-NSBBO,Yes,Yes,Fiber optic,Yes,Yes,Yes,Yes,No,No
20122,8548-AWOFC,Yes,Yes,DSL,No,No,No,Yes,No,Yes
20123,8550-XSXUQ,Yes,Yes,DSL,No,Yes,Yes,No,No,Yes
20124,8552-OBVRU,Yes,No,Fiber optic,Yes,No,Yes,Yes,Yes,Yes
20125,8559-CIZFV,Yes,Yes,DSL,Yes,Yes,No,Yes,Yes,No
20126,8559-WNQZS,Yes,No,No,No internet service,No internet service,No internet service,No internet service,No internet service,No internet service
20127,8561-NMTBD,Yes,Yes,Fiber optic,No,Yes,Yes,Yes,Yes,Yes
20128,8562-GHPPI,Yes,No,No,No internet service,No internet service,No internet service,No internet service,No internet service,No internet service
20129,8563-IIOXK,Yes,No,DSL,Yes,No,No,No,No,No
20130,8563-OYMQY,Yes,No,Fiber optic,No,Yes,Yes,No,No,Yes
20131,8564-LDKFL,Yes,Yes,Fiber optic,No,Yes,Yes,No,Yes,Yes
20132,8565-CLBZW,Yes,Yes,Fiber optic,No,No,Yes,No,Yes,No
20133,8565-HBFNN,Yes,Yes,Fiber optic,Yes,Yes,Yes,Yes,No,Yes
20134,8565-WUXZU,Yes,No,Fiber optic,Yes,Yes,No,Yes,No,No
20135,8566-YPRGL,Yes,No,No,No internet service,No internet service,No internet service,No internet service,No internet service,No internet service
20136,8570-KLJYJ,Yes,Yes,DSL,Yes,No,No,No,No,No
20137,8571-ZCMCX,No,No phone service,DSL,Yes,Yes,Yes,No,Yes,Yes
20138,8573-CGOCC,Yes,No,No,No internet service,No internet service,No internet service,No internet service,No internet service,No internet service
20139,8573-JGCZW,Yes,No,No,No internet service,No internet service,No internet service,No internet service,No internet service,No internet service
20140,8577-QSOCG,Yes,No,No,No internet service,No internet service,No internet service,No internet service,No internet service,No internet service
20141,8580-AECUZ,Yes,No,Fiber optic,No,No,No,No,Yes,No
20142,8580-QVLOC,Yes,Yes,DSL,Yes,Yes,Yes,Yes,Yes,Yes
20143,8582-KRHPJ,No,No phone service,DSL,Yes,Yes,No,No,No,No
20144,8584-KMVXD,Yes,No,Fiber optic,No,Yes,No,No,No,No
20145,8587-XYZSF,Yes,No,DSL,No,No,No,Yes,No,No
20146,8590-OHDIW,Yes,No,No,No internet service,No internet service,No internet service,No internet service,No internet service,No internet service
20147,8590-YFFQO,Yes,No,DSL,Yes,Yes,Yes,Yes,No,No
20148,8591-NXRCV,Yes,Yes,DSL,Yes,No,Yes,Yes,No,Yes
20149,8591-TKMZH,Yes,Yes,Fiber optic,Yes,Yes,No,Yes,Yes,Yes
20150,8592-PLTMQ,Yes,Yes,No,No internet service,No internet service,No internet service,No internet service,No internet service,No internet service
20151,8593-WHYHV,Yes,Yes,Fiber optic,No,No,No,No,No,Yes
20152,8595-SIZNC,Yes,Yes,No,No internet service,No internet service,No internet service,No internet service,No internet service,No internet service
20153,8597-CTXVJ,Yes,Yes,DSL,Yes,Yes,No,Yes,No,No
20154,8597-CWYHH,Yes,Yes,Fiber optic,No,No,No,No,Yes,Yes
20155,8601-QACRS,Yes,Yes,DSL,No,No,No,No,No,No
20156,8603-IJWDN,Yes,Yes,Fiber optic,No,No,No,No,No,Yes
20157,8605-ITULD,Yes,No,No,No internet service,No internet service,No internet service,No internet service,No internet service,No internet service
20158,8606-CIQUL,Yes,Yes,Fiber optic,Yes,Yes,Yes,Yes,Yes,Yes
20159,8606-OEGQZ,Yes,Yes,No,No internet service,No internet service,No internet service,No internet service,No internet service,No internet service
20160,8608-OZTLB,Yes,No,DSL,Yes,Yes,Yes,Yes,Yes,No
20161,8610-WFCJF,Yes,Yes,Fiber optic,No,No,No,No,Yes,Yes
20162,8610-ZIKJJ,Yes,No,No,No internet service,No internet service,No internet service,No internet service,No internet service,No internet service
20163,8612-GXIDD,Yes,Yes,No,No internet service,No internet service,No internet service,No internet service,No internet service,No internet service
20164,8614-VGMMV,Yes,Yes,DSL,No,No,No,No,No,No
20165,8617-ENBDS,Yes,No,Fiber optic,No,No,Yes,No,No,No
20166,8619-IJNDK,Yes,No,DSL,Yes,Yes,Yes,Yes,No,No
20167,8620-RJPZN,Yes,No,No,No internet service,No internet service,No internet service,No internet service,No internet service,No internet service
20168,8621-MNIHH,Yes,Yes,Fiber optic,No,Yes,Yes,No,No,Yes
20169,8622-ZLFKO,Yes,Yes,Fiber optic,No,Yes,No,No,No,Yes
20170,8623-TMRBY,Yes,Yes,Fiber optic,No,Yes,Yes,No,No,No
20171,8623-ULFNQ,Yes,Yes,DSL,No,No,No,Yes,No,Yes
20172,8624-GIOUT,Yes,Yes,DSL,Yes,Yes,No,No,No,No
20173,8625-AZYZY,Yes,Yes,Fiber optic,No,Yes,Yes,No,Yes,Yes
20174,8626-PTQGE,No,No phone service,DSL,Yes,Yes,No,Yes,Yes,Yes
20175,8626-XHBIE,Yes,Yes,No,No internet service,No internet service,No internet service,No internet service,No internet service,No internet service
20176,8627-EHGIP,No,No phone service,DSL,No,Yes,Yes,No,Yes,Yes
20177,8627-ZYGSZ,Yes,Yes,Fiber optic,No,Yes,No,No,No,No
20178,8628-MFKAX,Yes,Yes,Fiber optic,Yes,Yes,Yes,Yes,Yes,Yes
20179,8630-FJLIB,Yes,No,Fiber optic,No,No,No,No,No,No
20180,8630-QSGXK,Yes,Yes,DSL,No,No,No,Yes,Yes,Yes
20181,8631-NBHFZ,Yes,Yes,DSL,Yes,Yes,Yes,Yes,Yes,No
20182,8631-WUXGY,Yes,No,Fiber optic,No,Yes,Yes,No,Yes,Yes
20183,8631-XVRZL,Yes,No,No,No internet service,No internet service,No internet service,No internet service,No internet service,No internet service
20184,8634-CILSZ,Yes,Yes,Fiber optic,No,Yes,No,Yes,Yes,Yes
20185,8634-MPHTR,Yes,Yes,Fiber optic,No,No,Yes,No,Yes,Yes
20186,8637-XJIVR,Yes,Yes,Fiber optic,Yes,No,No,No,No,No
20187,8639-NHQEI,Yes,Yes,Fiber optic,Yes,Yes,No,No,Yes,No
20188,8640-SDGKB,Yes,No,DSL,No,No,Yes,Yes,Yes,Yes
20189,8642-GVWRF,Yes,No,Fiber optic,No,Yes,Yes,No,No,No
20190,8644-XLFBW,Yes,No,Fiber optic,No,No,No,No,No,No
20191,8644-XYTSV,No,No phone service,DSL,Yes,No,No,No,Yes,No
20192,8645-KOMJQ,Yes,Yes,DSL,No,Yes,Yes,Yes,Yes,Yes
20193,8645-KWHJO,No,No phone service,DSL,No,No,Yes,Yes,Yes,Yes
20194,8646-JCOMS,Yes,Yes,Fiber optic,No,Yes,Yes,Yes,No,No
20195,8647-SDTWQ,Yes,Yes,Fiber optic,No,No,No,No,No,No
20196,8648-PFRMP,No,No phone service,DSL,No,No,No,No,Yes,Yes
20197,8650-RHRKE,No,No phone service,DSL,No,No,Yes,No,No,No
20198,8651-ENBZX,Yes,Yes,Fiber optic,No,No,Yes,Yes,Yes,Yes
20199,8652-YHIYU,Yes,Yes,Fiber optic,No,No,No,Yes,No,No
20200,8654-DHAOW,Yes,Yes,DSL,No,Yes,No,No,No,No
20201,8659-HDIYE,Yes,Yes,DSL,No,Yes,Yes,Yes,No,Yes
20202,8659-IOOPU,Yes,Yes,Fiber optic,Yes,No,Yes,Yes,No,Yes
20203,8660-BUETV,Yes,No,DSL,No,No,No,No,No,No
20204,8661-BOYNW,Yes,Yes,DSL,Yes,No,Yes,Yes,Yes,Yes
20205,8663-UPDGF,Yes,Yes,DSL,Yes,Yes,No,No,Yes,No
20206,8665-UTDHZ,No,No phone service,DSL,No,Yes,No,No,No,No
20207,8668-KNZTI,Yes,No,DSL,Yes,No,Yes,No,No,No
20208,8670-ERCJH,Yes,Yes,Fiber optic,Yes,Yes,Yes,Yes,Yes,Yes
20209,8670-MEFCP,Yes,Yes,DSL,Yes,Yes,Yes,Yes,Yes,Yes
20210,8671-KKKOS,No,No phone service,DSL,Yes,Yes,No,No,Yes,No
20211,8672-OAUPW,Yes,No,DSL,No,No,No,Yes,No,No
20212,8676-OOQEJ,No,No phone service,DSL,No,No,No,Yes,No,No
20213,8676-TRMJS,Yes,Yes,Fiber optic,No,No,No,No,No,No
20214,8677-HDZEE,Yes,Yes,Fiber optic,No,Yes,No,Yes,Yes,Yes
20215,8679-JOEVF,Yes,No,DSL,No,No,No,Yes,Yes,No
20216,8679-LZBMD,Yes,No,Fiber optic,No,No,No,No,Yes,Yes
20217,8680-CGLTP,Yes,No,DSL,Yes,Yes,No,Yes,No,No
20218,8681-ICONS,Yes,No,No,No internet service,No internet service,No internet service,No internet service,No internet service,No internet service
20219,8685-WHQPW,Yes,Yes,Fiber optic,No,No,No,No,No,No
20220,8687-BAFGU,Yes,No,Fiber optic,No,No,No,Yes,No,No
20221,8690-UPCZI,Yes,Yes,DSL,Yes,No,No,Yes,Yes,No
20222,8690-ZVLCL,Yes,Yes,DSL,Yes,Yes,Yes,Yes,Yes,Yes
20223,8695-ARGXZ,Yes,Yes,Fiber optic,No,No,No,No,No,No
20224,8695-WDYEA,Yes,No,DSL,Yes,No,No,No,No,No
20225,8696-JKZNU,Yes,Yes,Fiber optic,No,No,No,No,No,No
20226,8699-ASUFO,Yes,Yes,Fiber optic,No,No,No,No,No,No
20227,8701-DGLVH,Yes,No,No,No internet service,No internet service,No internet service,No internet service,No internet service,No internet service
20228,8705-DWKTI,Yes,No,Fiber optic,No,No,Yes,No,No,Yes
20229,8705-WZCYL,Yes,No,DSL,No,No,No,No,No,No
20230,8706-HRADD,No,No phone service,DSL,Yes,No,No,Yes,Yes,No
20231,8707-HOEDG,Yes,Yes,Fiber optic,No,Yes,Yes,Yes,Yes,Yes
20232,8707-RMEZH,Yes,No,Fiber optic,Yes,Yes,No,No,No,Yes
20233,8708-XPXHZ,Yes,Yes,Fiber optic,No,No,No,No,Yes,Yes
20234,8709-KRDVL,Yes,Yes,Fiber optic,No,Yes,No,No,Yes,Yes
20235,8710-YGLWG,Yes,No,DSL,No,No,No,No,No,No
20236,8711-LOBKY,Yes,No,No,No internet service,No internet service,No internet service,No internet service,No internet service,No internet service
20237,8713-IGZSO,Yes,Yes,No,No internet service,No internet service,No internet service,No internet service,No internet service,No internet service
20238,8714-CTZJW,Yes,No,Fiber optic,No,No,Yes,No,No,Yes
20239,8714-EUHJO,Yes,Yes,Fiber optic,No,Yes,No,No,No,Yes
20240,8715-KKTFG,Yes,Yes,Fiber optic,No,No,Yes,Yes,Yes,Yes
20241,8717-VCTXJ,Yes,No,No,No internet service,No internet service,No internet service,No internet service,No internet service,No internet service
20242,8718-PTMEZ,No,No phone service,DSL,No,Yes,No,No,No,No
20243,8720-RQSBJ,Yes,No,DSL,No,No,No,No,No,No
20244,8722-NGNBH,No,No phone service,DSL,Yes,No,Yes,Yes,No,No
20245,8722-PRFDV,Yes,No,DSL,Yes,No,Yes,No,Yes,Yes
20246,8725-JEDFD,Yes,No,Fiber optic,No,No,No,No,No,No
20247,8727-JQFHV,Yes,No,No,No internet service,No internet service,No internet service,No internet service,No internet service,No internet service
20248,8727-XDPUD,No,No phone service,DSL,No,No,No,No,Yes,No
20249,8728-SKJLR,Yes,No,Fiber optic,No,No,No,Yes,No,No
20250,8731-WBBMB,Yes,No,DSL,No,Yes,Yes,Yes,Yes,Yes
20251,8734-DKSTZ,Yes,Yes,Fiber optic,No,No,No,No,No,Yes
20252,8734-FNWVH,Yes,Yes,DSL,No,No,No,No,No,Yes
20253,8735-DCXNF,Yes,No,DSL,Yes,No,No,Yes,No,No
20254,8735-IJJEG,Yes,No,DSL,No,No,Yes,No,No,No
20255,8735-NBLWT,Yes,No,No,No internet service,No internet service,No internet service,No internet service,No internet service,No internet service
20256,8735-SDUFN,Yes,Yes,No,No internet service,No internet service,No internet service,No internet service,No internet service,No internet service
20257,8738-JOKAR,Yes,No,DSL,Yes,Yes,No,Yes,No,Yes
20258,8739-QOTTN,Yes,No,No,No internet service,No internet service,No internet service,No internet service,No internet service,No internet service
20259,8739-WWKDU,Yes,Yes,Fiber optic,No,Yes,No,No,Yes,No
20260,8739-XNIKG,Yes,Yes,Fiber optic,No,No,No,No,Yes,No
20261,8740-CRYFY,Yes,No,Fiber optic,No,No,No,No,Yes,No
20262,8740-XLHDR,No,No phone service,DSL,Yes,Yes,Yes,Yes,No,No
20263,8741-LQOBK,No,No phone service,DSL,Yes,Yes,No,No,No,No
20264,8745-PVESG,No,No phone service,DSL,Yes,No,Yes,Yes,No,No
20265,8746-BFOAJ,Yes,No,No,No internet service,No internet service,No internet service,No internet service,No internet service,No internet service
20266,8746-OQQRW,Yes,Yes,No,No internet service,No internet service,No internet service,No internet service,No internet service,No internet service
20267,8747-UDCOI,Yes,No,No,No internet service,No internet service,No internet service,No internet service,No internet service,No internet service
20268,8748-HFWBO,Yes,No,No,No internet service,No internet service,No internet service,No internet service,No internet service,No internet service
20269,8749-CLJXC,Yes,No,No,No internet service,No internet service,No internet service,No internet service,No internet service,No internet service
20270,8749-JMNKX,Yes,Yes,Fiber optic,Yes,No,Yes,No,Yes,No
20271,8749-TZYEC,Yes,Yes,No,No internet service,No internet service,No internet service,No internet service,No internet service,No internet service
20272,8750-QWZAJ,Yes,No,No,No internet service,No internet service,No internet service,No internet service,No internet service,No internet service
20273,8751-EDEKA,Yes,No,Fiber optic,No,Yes,Yes,No,No,Yes
20274,8752-GHJFU,Yes,Yes,Fiber optic,Yes,Yes,Yes,Yes,No,No
20275,8752-IMQOS,Yes,No,No,No internet service,No internet service,No internet service,No internet service,No internet service,No internet service
20276,8752-STIVR,Yes,No,Fiber optic,No,No,No,No,Yes,No
20277,8755-IWJHN,Yes,Yes,Fiber optic,No,Yes,Yes,No,No,Yes
20278,8755-OGKNA,Yes,No,No,No internet service,No internet service,No internet service,No internet service,No internet service,No internet service
20279,8756-RDDLT,No,No phone service,DSL,No,Yes,No,Yes,No,Yes
20280,8757-TFHHJ,Yes,No,DSL,Yes,No,No,No,No,No
20281,8760-ZRHKE,Yes,Yes,DSL,Yes,Yes,No,No,Yes,No
20282,8761-NSOBC,Yes,No,Fiber optic,No,Yes,No,Yes,Yes,Yes
20283,8763-KIAFH,Yes,No,No,No internet service,No internet service,No internet service,No internet service,No internet service,No internet service
20284,8766-PAFNE,Yes,No,DSL,No,Yes,Yes,Yes,Yes,Yes
20285,8769-KKTPH,Yes,Yes,Fiber optic,Yes,No,No,No,Yes,Yes
20286,8773-HHUOZ,Yes,No,DSL,No,No,No,No,Yes,Yes
20287,8774-GSBUN,Yes,Yes,No,No internet service,No internet service,No internet service,No internet service,No internet service,No internet service
20288,8775-CEBBJ,Yes,No,DSL,No,No,No,No,No,No
20289,8775-ERLNB,Yes,Yes,Fiber optic,No,No,No,No,No,No
20290,8775-LHDJH,Yes,Yes,Fiber optic,No,Yes,No,No,Yes,No
20291,8777-MBMTS,Yes,No,Fiber optic,No,Yes,Yes,Yes,Yes,Yes
20292,8777-PVYGU,Yes,No,DSL,Yes,No,Yes,No,Yes,No
20293,8778-LMWTJ,Yes,No,Fiber optic,Yes,No,No,No,No,No
20294,8779-QRDMV,No,No phone service,DSL,No,No,Yes,No,No,Yes
20295,8779-YIQQA,Yes,No,No,No internet service,No internet service,No internet service,No internet service,No internet service,No internet service
20296,8780-IHCRN,Yes,Yes,No,No internet service,No internet service,No internet service,No internet service,No internet service,No internet service
20297,8780-IXSTS,Yes,Yes,Fiber optic,No,Yes,No,No,Yes,No
20298,8780-RSYYU,Yes,No,No,No internet service,No internet service,No internet service,No internet service,No internet service,No internet service
20299,8780-YRMTT,No,No phone service,DSL,Yes,Yes,Yes,Yes,No,No
20300,8782-LKFPK,Yes,Yes,Fiber optic,No,No,Yes,No,No,Yes
20301,8782-NUUOL,Yes,No,DSL,Yes,No,Yes,Yes,Yes,Yes
20302,8784-CGILN,Yes,Yes,Fiber optic,No,No,No,Yes,Yes,Yes
20303,8785-CJSHH,Yes,Yes,Fiber optic,No,Yes,No,No,Yes,Yes
20304,8785-EPNCG,Yes,Yes,No,No internet service,No internet service,No internet service,No internet service,No internet service,No internet service
20305,8788-DOXSU,Yes,No,DSL,No,No,Yes,No,No,Yes
20306,8791-GFXLZ,Yes,No,DSL,No,Yes,No,No,No,No
20307,8792-AOROI,Yes,No,DSL,Yes,No,No,Yes,No,Yes
20308,8799-OXZMD,No,No phone service,DSL,No,No,Yes,No,No,No
20309,8800-JOOCF,Yes,Yes,Fiber optic,No,No,No,No,Yes,No
20310,8800-ZKRFW,Yes,Yes,Fiber optic,No,Yes,Yes,Yes,Yes,Yes
20311,8802-UNOJF,Yes,No,Fiber optic,No,Yes,Yes,Yes,No,No
20312,8805-JNRAZ,Yes,No,DSL,No,Yes,No,No,No,No
20313,8806-EAGWC,Yes,No,DSL,No,No,No,No,Yes,No
20314,8807-ARQET,No,No phone service,DSL,No,Yes,No,No,No,Yes
20315,8807-OPMBM,Yes,Yes,No,No internet service,No internet service,No internet service,No internet service,No internet service,No internet service
20316,8808-ELEHO,Yes,Yes,Fiber optic,No,No,Yes,No,No,No
20317,8809-RIHDD,Yes,Yes,Fiber optic,No,Yes,Yes,No,Yes,Yes
20318,8809-XKHMD,Yes,Yes,Fiber optic,Yes,Yes,No,Yes,No,Yes
20319,8812-ZRHFP,Yes,No,Fiber optic,No,No,Yes,No,No,Yes
20320,8815-LMFLX,Yes,Yes,No,No internet service,No internet service,No internet service,No internet service,No internet service,No internet service
20321,8816-VXNZD,Yes,Yes,Fiber optic,No,No,No,No,No,No
20322,8818-DOPVL,Yes,Yes,Fiber optic,No,Yes,Yes,No,Yes,Yes
20323,8818-XYFCQ,Yes,Yes,Fiber optic,Yes,No,No,No,Yes,Yes
20324,8819-IMISP,Yes,Yes,Fiber optic,No,Yes,No,No,No,No
20325,8819-WFGGJ,No,No phone service,DSL,Yes,No,Yes,No,Yes,Yes
20326,8819-ZBYNA,Yes,Yes,Fiber optic,Yes,Yes,No,Yes,Yes,Yes
20327,8821-KVZKQ,No,No phone service,DSL,No,Yes,Yes,Yes,Yes,Yes
20328,8821-XNHVZ,Yes,No,Fiber optic,No,No,No,No,Yes,No
20329,8822-KNBHV,Yes,Yes,DSL,Yes,Yes,Yes,No,Yes,Yes
20330,8823-RLPWL,Yes,Yes,Fiber optic,Yes,Yes,Yes,No,Yes,Yes
20331,8824-RWFXJ,Yes,No,DSL,No,Yes,Yes,No,No,No
20332,8835-VSDSE,Yes,No,Fiber optic,No,No,No,No,No,No
20333,8837-VVWLQ,Yes,No,Fiber optic,Yes,No,No,No,Yes,No
20334,8838-GPHZP,Yes,No,No,No internet service,No internet service,No internet service,No internet service,No internet service,No internet service
20335,8840-DQLGN,Yes,Yes,Fiber optic,Yes,Yes,No,Yes,Yes,No
20336,8844-TONUD,Yes,No,Fiber optic,No,No,Yes,No,Yes,Yes
20337,8845-LWKGE,Yes,No,DSL,No,No,Yes,Yes,Yes,No
20338,8847-GEOOQ,No,No phone service,DSL,No,Yes,Yes,Yes,Yes,Yes
20339,8849-AYPTR,Yes,No,Fiber optic,No,No,No,No,Yes,Yes
20340,8849-GYOKR,Yes,Yes,Fiber optic,Yes,Yes,No,No,Yes,Yes
20341,8849-PRIQJ,Yes,Yes,Fiber optic,Yes,No,Yes,Yes,Yes,Yes
20342,8851-RAGOV,Yes,No,DSL,Yes,Yes,No,Yes,No,Yes
20343,8853-TZDGH,Yes,Yes,Fiber optic,No,Yes,Yes,Yes,Yes,Yes
20344,8854-CCVSQ,Yes,Yes,Fiber optic,No,Yes,No,No,No,No
20345,8857-CUPFQ,Yes,No,No,No internet service,No internet service,No internet service,No internet service,No internet service,No internet service
20346,8859-AXJZP,Yes,Yes,No,No internet service,No internet service,No internet service,No internet service,No internet service,No internet service
20347,8859-DZTGQ,Yes,No,No,No internet service,No internet service,No internet service,No internet service,No internet service,No internet service
20348,8859-YSTWS,Yes,No,No,No internet service,No internet service,No internet service,No internet service,No internet service,No internet service
20349,8861-HGGKB,Yes,Yes,Fiber optic,No,No,No,No,No,Yes
20350,8865-TNMNX,Yes,No,DSL,No,Yes,No,No,No,No
20351,8868-GAGIO,Yes,Yes,Fiber optic,Yes,No,Yes,No,No,No
20352,8868-WOZGU,Yes,Yes,Fiber optic,No,Yes,Yes,No,Yes,Yes
20353,8869-LIHMK,Yes,Yes,Fiber optic,Yes,Yes,Yes,Yes,Yes,Yes
20354,8869-TORSS,Yes,No,DSL,Yes,No,Yes,Yes,No,No
20355,8871-JLMHM,Yes,Yes,Fiber optic,No,Yes,Yes,Yes,No,No
20356,8873-GLDMH,Yes,Yes,Fiber optic,No,No,No,No,No,No
20357,8873-TMKGR,Yes,No,No,No internet service,No internet service,No internet service,No internet service,No internet service,No internet service
20358,8874-EJNSR,Yes,Yes,No,No internet service,No internet service,No internet service,No internet service,No internet service,No internet service
20359,8875-AKBYH,Yes,Yes,Fiber optic,No,No,No,No,Yes,No
20360,8878-HMWBV,Yes,No,DSL,No,No,Yes,No,No,No
20361,8878-RYUKI,Yes,No,DSL,No,No,Yes,No,No,Yes
20362,8879-XUAHX,Yes,Yes,Fiber optic,Yes,Yes,Yes,Yes,Yes,Yes
20363,8879-ZKJOF,Yes,No,DSL,Yes,No,Yes,Yes,Yes,Yes
20364,8882-TLVRW,No,No phone service,DSL,Yes,No,Yes,Yes,No,No
20365,8883-ANODQ,Yes,Yes,Fiber optic,No,Yes,Yes,No,No,No
20366,8883-GRDWQ,Yes,No,DSL,Yes,No,No,Yes,No,No
20367,8884-ADFVN,Yes,Yes,Fiber optic,No,No,Yes,No,Yes,Yes
20368,8884-FEEWR,Yes,No,No,No internet service,No internet service,No internet service,No internet service,No internet service,No internet service
20369,8884-MRNSU,Yes,No,No,No internet service,No internet service,No internet service,No internet service,No internet service,No internet service
20370,8885-QSQBX,Yes,No,DSL,Yes,No,No,No,No,No
20371,8887-IPQNC,Yes,No,DSL,No,No,No,No,No,No
20372,8894-JVDCV,Yes,Yes,Fiber optic,Yes,Yes,Yes,Yes,Yes,Yes
20373,8896-BQTTI,Yes,Yes,No,No internet service,No internet service,No internet service,No internet service,No internet service,No internet service
20374,8896-RAZCR,Yes,No,No,No internet service,No internet service,No internet service,No internet service,No internet service,No internet service
20375,8898-KASCD,No,No phone service,DSL,No,No,Yes,Yes,No,No
20376,8901-HJXTF,No,No phone service,DSL,No,Yes,No,No,No,No
20377,8901-UPRHR,Yes,Yes,Fiber optic,No,Yes,Yes,Yes,Yes,Yes
20378,8902-ZEOVF,Yes,No,No,No internet service,No internet service,No internet service,No internet service,No internet service,No internet service
20379,8903-WMRNW,Yes,No,Fiber optic,Yes,No,Yes,No,Yes,Yes
20380,8903-XEBGX,Yes,No,DSL,No,No,No,No,No,Yes
20381,8904-OPDCK,No,No phone service,DSL,No,No,No,No,No,No
20382,8905-IAZPF,Yes,No,Fiber optic,No,Yes,No,No,Yes,Yes
20383,8908-NMQTX,No,No phone service,DSL,Yes,Yes,Yes,Yes,Yes,Yes
20384,8908-SLFCJ,Yes,No,No,No internet service,No internet service,No internet service,No internet service,No internet service,No internet service
20385,8909-BOLNL,Yes,No,No,No internet service,No internet service,No internet service,No internet service,No internet service,No internet service
20386,8910-ICHIU,Yes,No,Fiber optic,Yes,Yes,Yes,No,Yes,No
20387,8910-LEDAG,Yes,No,Fiber optic,No,No,No,No,No,No
20388,8914-RBTSB,Yes,Yes,Fiber optic,No,Yes,Yes,No,Yes,No
20389,8915-NNTRC,Yes,Yes,Fiber optic,Yes,Yes,No,Yes,Yes,Yes
20390,8917-FAEMR,Yes,No,No,No internet service,No internet service,No internet service,No internet service,No internet service,No internet service
20391,8917-SZTTJ,Yes,No,No,No internet service,No internet service,No internet service,No internet service,No internet service,No internet service
20392,8919-FYFQZ,No,No phone service,DSL,No,Yes,No,No,No,No
20393,8920-NAVAY,Yes,Yes,Fiber optic,No,Yes,Yes,Yes,Yes,Yes
20394,8922-LIEGH,Yes,Yes,Fiber optic,No,Yes,No,No,No,Yes
20395,8922-NPKBJ,Yes,No,No,No internet service,No internet service,No internet service,No internet service,No internet service,No internet service
20396,8929-KSWIH,Yes,No,Fiber optic,No,No,Yes,Yes,Yes,Yes
20397,8930-XOTDP,Yes,No,DSL,No,No,No,No,Yes,No
20398,8931-GJJIQ,Yes,Yes,Fiber optic,No,No,No,No,No,Yes
20399,8932-CZHRQ,Yes,Yes,DSL,Yes,Yes,Yes,No,No,Yes
20400,8937-RDTHP,Yes,No,Fiber optic,Yes,No,No,No,No,Yes
20401,8938-UMKPI,Yes,Yes,Fiber optic,No,Yes,Yes,No,Yes,Yes
20402,8942-DBMHZ,Yes,No,No,No internet service,No internet service,No internet service,No internet service,No internet service,No internet service
20403,8943-URTMR,Yes,No,Fiber optic,No,No,No,No,Yes,No
20404,8944-AILEF,Yes,No,No,No internet service,No internet service,No internet service,No internet service,No internet service,No internet service
20405,8945-GRKHX,Yes,No,Fiber optic,No,No,No,No,No,Yes
20406,8945-MUQUF,Yes,Yes,Fiber optic,Yes,Yes,No,No,Yes,No
20407,8946-BFWSG,Yes,Yes,No,No internet service,No internet service,No internet service,No internet service,No internet service,No internet service
20408,8947-YRTDV,Yes,No,Fiber optic,Yes,Yes,Yes,No,No,Yes
20409,8949-JTMAY,Yes,Yes,Fiber optic,No,No,Yes,No,Yes,Yes
20410,8950-MTZNV,Yes,No,DSL,No,No,No,No,No,No
20411,8952-WCVCD,Yes,No,Fiber optic,Yes,Yes,Yes,No,Yes,Yes
20412,8957-THMOA,Yes,No,No,No internet service,No internet service,No internet service,No internet service,No internet service,No internet service
20413,8958-JPTRR,Yes,Yes,No,No internet service,No internet service,No internet service,No internet service,No internet service,No internet service
20414,8961-QDZZJ,Yes,No,Fiber optic,No,Yes,No,No,Yes,Yes
20415,8963-JLGJT,Yes,No,DSL,Yes,No,Yes,No,No,No
20416,8963-MQVYN,Yes,No,No,No internet service,No internet service,No internet service,No internet service,No internet service,No internet service
20417,8966-KZXXA,Yes,Yes,No,No internet service,No internet service,No internet service,No internet service,No internet service,No internet service
20418,8966-OIQHG,Yes,No,No,No internet service,No internet service,No internet service,No internet service,No internet service,No internet service
20419,8966-SNIZF,Yes,No,No,No internet service,No internet service,No internet service,No internet service,No internet service,No internet service
20420,8967-SZQAS,Yes,No,DSL,No,Yes,No,No,No,No
20421,8969-PRHFK,Yes,No,No,No internet service,No internet service,No internet service,No internet service,No internet service,No internet service
20422,8970-ANWXO,Yes,Yes,DSL,No,No,No,Yes,Yes,Yes
20423,8972-HJWNV,Yes,Yes,Fiber optic,No,No,No,No,No,Yes
20424,8974-OVACP,Yes,No,No,No internet service,No internet service,No internet service,No internet service,No internet service,No internet service
20425,8975-SKGRX,Yes,Yes,Fiber optic,Yes,Yes,Yes,Yes,Yes,Yes
20426,8976-OQHGT,Yes,No,DSL,No,Yes,No,Yes,No,No
20427,8979-CAMGB,Yes,Yes,Fiber optic,No,No,Yes,Yes,Yes,Yes
20428,8980-WQFWL,Yes,No,DSL,No,No,Yes,No,No,Yes
20429,8981-FJGLA,Yes,Yes,Fiber optic,No,No,Yes,No,No,No
20430,8982-NHAVY,Yes,Yes,Fiber optic,No,No,Yes,No,Yes,Yes
20431,8984-EYLLL,Yes,Yes,Fiber optic,No,Yes,No,Yes,Yes,Yes
20432,8984-HPEMB,Yes,Yes,Fiber optic,Yes,Yes,Yes,Yes,Yes,Yes
20433,8985-OOPOS,Yes,No,DSL,No,No,Yes,Yes,Yes,Yes
20434,8988-ECPJR,Yes,Yes,Fiber optic,No,Yes,No,No,No,No
20435,8990-YOZLV,Yes,Yes,DSL,Yes,Yes,No,Yes,No,No
20436,8990-ZXLSU,Yes,No,Fiber optic,No,No,No,No,No,No
20437,8992-CEUEN,Yes,No,No,No internet service,No internet service,No internet service,No internet service,No internet service,No internet service
20438,8992-JQYUN,No,No phone service,DSL,No,No,Yes,No,Yes,Yes
20439,8992-OBVDG,Yes,No,DSL,No,No,Yes,No,No,Yes
20440,8992-VONJD,Yes,No,DSL,Yes,Yes,No,No,No,No
20441,8993-IZEUX,Yes,No,Fiber optic,No,No,No,No,No,No
20442,8993-PHFWD,No,No phone service,DSL,No,No,No,No,No,No
20443,8996-ZROXE,Yes,No,DSL,No,No,Yes,Yes,No,No
20444,8999-BOHSE,Yes,No,Fiber optic,No,No,No,No,Yes,Yes
20445,8999-EXMNO,Yes,No,No,No internet service,No internet service,No internet service,No internet service,No internet service,No internet service
20446,8999-XXGNS,Yes,Yes,Fiber optic,No,Yes,Yes,No,Yes,Yes
20447,8999-YPYBV,Yes,No,DSL,Yes,Yes,Yes,Yes,Yes,Yes
20448,9000-PLFUZ,No,No phone service,DSL,No,Yes,No,No,Yes,Yes
20449,9003-CPATH,Yes,Yes,Fiber optic,No,No,Yes,No,No,No
20450,9013-AQORL,No,No phone service,DSL,No,Yes,Yes,No,No,Yes
20451,9018-PCIOK,Yes,No,DSL,No,Yes,Yes,No,No,Yes
20452,9019-QVLZD,Yes,No,Fiber optic,No,No,No,No,Yes,No
20453,9025-AOMKI,Yes,Yes,Fiber optic,No,No,No,No,Yes,Yes
20454,9025-ZRPVR,Yes,No,No,No internet service,No internet service,No internet service,No internet service,No internet service,No internet service
20455,9026-LHEVG,No,No phone service,DSL,No,Yes,No,No,No,Yes
20456,9026-RNUJS,Yes,No,DSL,No,No,Yes,No,No,No
20457,9027-TMATR,Yes,No,DSL,Yes,No,Yes,Yes,Yes,Yes
20458,9027-YFHQJ,Yes,Yes,No,No internet service,No internet service,No internet service,No internet service,No internet service,No internet service
20459,9028-LIHRP,Yes,No,Fiber optic,Yes,Yes,Yes,Yes,Yes,No
20460,9029-FEGVJ,Yes,Yes,Fiber optic,No,No,Yes,No,No,No
20461,9030-QGZNL,Yes,No,No,No internet service,No internet service,No internet service,No internet service,No internet service,No internet service
20462,9031-ZVQPT,Yes,Yes,Fiber optic,No,Yes,Yes,Yes,Yes,Yes
20463,9033-EOXWV,Yes,Yes,DSL,No,No,No,Yes,Yes,Yes
20464,9036-CSKBW,Yes,Yes,Fiber optic,Yes,Yes,Yes,No,Yes,Yes
20465,9039-RBEEE,No,No phone service,DSL,Yes,Yes,No,Yes,Yes,No
20466,9039-ZVJDC,Yes,No,No,No internet service,No internet service,No internet service,No internet service,No internet service,No internet service
20467,9040-KZVWO,Yes,No,Fiber optic,No,Yes,No,No,No,No
20468,9046-DQMTP,Yes,No,No,No internet service,No internet service,No internet service,No internet service,No internet service,No internet service
20469,9046-JBFWA,Yes,No,No,No internet service,No internet service,No internet service,No internet service,No internet service,No internet service
20470,9048-JVYVF,Yes,No,DSL,No,No,No,Yes,Yes,Yes
20471,9050-IKDZA,Yes,No,Fiber optic,No,No,No,No,Yes,No
20472,9050-QLROH,Yes,Yes,Fiber optic,No,No,Yes,No,No,Yes
20473,9052-DHNKM,Yes,Yes,DSL,Yes,Yes,No,No,No,No
20474,9052-VKDUW,Yes,Yes,Fiber optic,Yes,Yes,Yes,No,Yes,Yes
20475,9053-EJUNL,Yes,Yes,Fiber optic,No,Yes,No,No,Yes,No
20476,9053-JZFKV,Yes,Yes,Fiber optic,Yes,Yes,Yes,Yes,Yes,Yes
20477,9054-FOWNV,Yes,Yes,Fiber optic,No,No,Yes,No,Yes,No
20478,9055-MOJJJ,Yes,No,DSL,Yes,No,No,Yes,Yes,No
20479,9057-MSWCO,No,No phone service,DSL,Yes,No,No,No,No,No
20480,9057-SIHCH,Yes,Yes,Fiber optic,No,No,No,No,Yes,Yes
20481,9058-CBREO,Yes,Yes,DSL,No,No,No,No,No,No
20482,9058-HRZSV,Yes,No,Fiber optic,Yes,Yes,Yes,No,No,Yes
20483,9058-MJLZC,Yes,No,Fiber optic,Yes,No,No,No,Yes,Yes
20484,9060-HJJRW,No,No phone service,DSL,No,Yes,Yes,No,Yes,Yes
20485,9061-TIHDA,Yes,Yes,Fiber optic,No,No,No,No,Yes,Yes
20486,9063-ZGTUY,Yes,No,No,No internet service,No internet service,No internet service,No internet service,No internet service,No internet service
20487,9065-ZCPQX,Yes,Yes,DSL,Yes,Yes,Yes,Yes,No,Yes
20488,9066-QRSDU,Yes,Yes,No,No internet service,No internet service,No internet service,No internet service,No internet service,No internet service
20489,9067-SQTNS,Yes,No,No,No internet service,No internet service,No internet service,No internet service,No internet service,No internet service
20490,9067-YGSCA,Yes,Yes,No,No internet service,No internet service,No internet service,No internet service,No internet service,No internet service
20491,9068-FHQHD,Yes,No,No,No internet service,No internet service,No internet service,No internet service,No internet service,No internet service
20492,9068-VPWQQ,Yes,Yes,DSL,Yes,No,Yes,Yes,No,Yes
20493,9069-LGEUL,Yes,No,DSL,Yes,No,No,No,No,Yes
20494,9070-BCKQP,Yes,Yes,Fiber optic,Yes,No,Yes,Yes,Yes,Yes
20495,9073-ZZIAY,Yes,No,DSL,Yes,Yes,Yes,Yes,Yes,Yes
20496,9074-KGVOX,No,No phone service,DSL,Yes,No,No,No,Yes,No
20497,9076-AXYIK,Yes,Yes,Fiber optic,No,No,Yes,Yes,Yes,Yes
20498,9079-LWTFD,Yes,Yes,Fiber optic,Yes,Yes,No,Yes,Yes,No
20499,9079-YEXQJ,Yes,Yes,Fiber optic,No,Yes,Yes,Yes,Yes,Yes
20500,9081-WWXKP,Yes,No,No,No internet service,No internet service,No internet service,No internet service,No internet service,No internet service
20501,9084-OAYKL,Yes,No,No,No internet service,No internet service,No internet service,No internet service,No internet service,No internet service
20502,9086-YJYXS,Yes,Yes,DSL,No,No,Yes,No,Yes,Yes
20503,9087-EYCPR,Yes,Yes,No,No internet service,No internet service,No internet service,No internet service,No internet service,No internet service
20504,9089-UOWJG,Yes,No,DSL,No,No,Yes,No,Yes,No
20505,9090-SGQXL,Yes,Yes,Fiber optic,No,Yes,Yes,No,Yes,Yes
20506,9091-WTUUY,Yes,No,DSL,Yes,No,Yes,Yes,Yes,No
20507,9092-GDZKO,Yes,Yes,No,No internet service,No internet service,No internet service,No internet service,No internet service,No internet service
20508,9093-FPDLG,Yes,No,Fiber optic,No,Yes,Yes,Yes,No,Yes
20509,9094-AZPHK,Yes,Yes,Fiber optic,No,Yes,No,No,Yes,Yes
20510,9095-HFAFX,Yes,No,Fiber optic,No,No,No,No,Yes,No
20511,9097-ZUBYC,Yes,No,DSL,No,No,No,Yes,No,No
20512,9099-FTUHS,Yes,Yes,DSL,Yes,No,No,No,No,No
20513,9101-BWFSS,Yes,Yes,Fiber optic,Yes,Yes,No,Yes,Yes,Yes
20514,9101-NTIXF,Yes,No,No,No internet service,No internet service,No internet service,No internet service,No internet service,No internet service
20515,9102-IAYHT,Yes,Yes,Fiber optic,No,No,No,No,No,Yes
20516,9102-OXKFY,Yes,Yes,DSL,No,No,Yes,No,No,No
20517,9103-CXVOK,Yes,No,No,No internet service,No internet service,No internet service,No internet service,No internet service,No internet service
20518,9103-TCIHJ,Yes,Yes,DSL,Yes,No,No,No,No,No
20519,9107-UKCKY,Yes,Yes,DSL,No,Yes,Yes,No,Yes,Yes
20520,9108-EJFJP,Yes,No,DSL,Yes,Yes,No,No,No,No
20521,9108-EQPNQ,Yes,Yes,No,No internet service,No internet service,No internet service,No internet service,No internet service,No internet service
20522,9110-HSGTV,Yes,No,DSL,Yes,No,Yes,Yes,Yes,Yes
20523,9112-WSNPU,Yes,No,Fiber optic,No,No,No,No,No,No
20524,9114-AAFQH,Yes,No,DSL,No,Yes,Yes,No,No,Yes
20525,9114-DPSIA,Yes,Yes,DSL,Yes,Yes,Yes,Yes,No,Yes
20526,9114-VEPUF,Yes,Yes,Fiber optic,Yes,Yes,No,No,No,Yes
20527,9115-YQHGA,Yes,No,DSL,No,No,No,Yes,No,No
20528,9117-SHLZX,Yes,No,DSL,No,No,No,No,No,No
20529,9121-PHQSR,Yes,Yes,Fiber optic,No,No,No,No,Yes,No
20530,9122-UMROB,Yes,No,No,No internet service,No internet service,No internet service,No internet service,No internet service,No internet service
20531,9124-LHCJQ,Yes,Yes,Fiber optic,No,No,No,No,No,Yes
20532,9127-FHJBZ,Yes,Yes,Fiber optic,Yes,Yes,Yes,Yes,Yes,Yes
20533,9127-QRZMH,Yes,No,DSL,Yes,Yes,No,Yes,No,No
20534,9128-CPXKI,Yes,No,Fiber optic,No,No,Yes,No,Yes,Yes
20535,9129-UXERG,Yes,Yes,Fiber optic,No,Yes,No,Yes,Yes,Yes
20536,9133-AYJZG,Yes,Yes,Fiber optic,No,Yes,No,No,Yes,Yes
20537,9134-CEQMF,Yes,No,Fiber optic,No,No,No,No,Yes,Yes
20538,9134-WYRVP,Yes,No,Fiber optic,Yes,No,No,No,Yes,No
20539,9135-HSWOC,Yes,No,No,No internet service,No internet service,No internet service,No internet service,No internet service,No internet service
20540,9135-MGVPY,Yes,No,DSL,Yes,Yes,Yes,Yes,Yes,Yes
20541,9136-ALYBR,No,No phone service,DSL,No,No,No,No,No,No
20542,9137-NOQKA,Yes,No,No,No internet service,No internet service,No internet service,No internet service,No internet service,No internet service
20543,9137-UIYPG,Yes,No,Fiber optic,Yes,No,Yes,Yes,Yes,Yes
20544,9138-EFSMO,Yes,No,Fiber optic,No,No,No,No,No,Yes
20545,9139-TWBAS,No,No phone service,DSL,Yes,Yes,Yes,No,Yes,No
20546,9139-WQQDY,Yes,Yes,Fiber optic,No,Yes,No,No,Yes,Yes
20547,9140-CZQZZ,Yes,No,DSL,Yes,Yes,No,Yes,Yes,Yes
20548,9142-KZXOP,Yes,No,Fiber optic,No,No,No,No,No,No
20549,9142-XMYJH,Yes,No,No,No internet service,No internet service,No internet service,No internet service,No internet service,No internet service
20550,9143-CANJF,Yes,No,DSL,Yes,No,No,Yes,No,No
20551,9146-JRIOX,Yes,Yes,No,No internet service,No internet service,No internet service,No internet service,No internet service,No internet service
20552,9150-HEPMB,Yes,No,DSL,Yes,No,Yes,No,No,No
20553,9150-KPBJQ,Yes,No,No,No internet service,No internet service,No internet service,No internet service,No internet service,No internet service
20554,9152-AMKAK,Yes,No,DSL,Yes,No,Yes,Yes,Yes,Yes
20555,9153-BTBVV,Yes,Yes,No,No internet service,No internet service,No internet service,No internet service,No internet service,No internet service
20556,9154-QDGTH,Yes,Yes,Fiber optic,No,No,Yes,Yes,Yes,Yes
20557,9158-VCTQB,Yes,Yes,Fiber optic,Yes,Yes,Yes,Yes,Yes,Yes
20558,9163-GHAYE,Yes,No,DSL,No,Yes,No,No,No,No
20559,9167-APMXZ,Yes,Yes,Fiber optic,No,No,No,No,Yes,No
20560,9168-INPSZ,Yes,Yes,Fiber optic,No,No,Yes,Yes,Yes,Yes
20561,9169-BSVIN,Yes,Yes,DSL,No,No,Yes,No,Yes,Yes
20562,9170-ARBTB,Yes,No,No,No internet service,No internet service,No internet service,No internet service,No internet service,No internet service
20563,9170-CCKOU,Yes,Yes,Fiber optic,Yes,Yes,Yes,No,No,No
20564,9170-GYZJC,Yes,Yes,DSL,Yes,Yes,Yes,Yes,No,Yes
20565,9172-ANCRX,Yes,Yes,Fiber optic,Yes,No,No,No,Yes,Yes
20566,9172-JITSM,Yes,No,Fiber optic,No,No,No,No,Yes,Yes
20567,9173-IVZVP,Yes,No,No,No internet service,No internet service,No internet service,No internet service,No internet service,No internet service
20568,9174-FKWZE,Yes,No,No,No internet service,No internet service,No internet service,No internet service,No internet service,No internet service
20569,9174-IHETN,Yes,No,Fiber optic,No,No,No,No,No,No
20570,9178-JHUVJ,Yes,Yes,No,No internet service,No internet service,No internet service,No internet service,No internet service,No internet service
20571,9184-GALIL,Yes,No,No,No internet service,No internet service,No internet service,No internet service,No internet service,No internet service
20572,9185-TQCVP,Yes,Yes,Fiber optic,No,No,No,No,No,Yes
20573,9189-JWSHV,Yes,Yes,Fiber optic,No,No,No,No,Yes,Yes
20574,9190-MFJLN,Yes,No,Fiber optic,No,No,Yes,No,Yes,Yes
20575,9191-MYQKX,Yes,No,Fiber optic,No,No,Yes,No,No,No
20576,9194-GFVOI,Yes,Yes,DSL,Yes,No,Yes,Yes,Yes,Yes
20577,9199-PWQVC,Yes,Yes,DSL,Yes,Yes,No,No,Yes,Yes
20578,9200-NLNPD,No,No phone service,DSL,No,No,Yes,Yes,Yes,Yes
20579,9206-GVPEQ,No,No phone service,DSL,Yes,No,No,Yes,Yes,Yes
20580,9207-ZPANB,Yes,Yes,DSL,Yes,Yes,Yes,Yes,No,No
20581,9208-OLGAQ,Yes,No,Fiber optic,No,No,Yes,No,No,Yes
20582,9209-NWPGU,Yes,No,DSL,Yes,No,No,Yes,Yes,No
20583,9210-IAHGH,Yes,No,DSL,No,No,No,Yes,Yes,Yes
20584,9214-EKVXR,Yes,No,DSL,No,No,No,No,No,No
20585,9220-CXRSC,Yes,Yes,DSL,Yes,No,No,Yes,No,No
20586,9220-ZNKJI,Yes,No,Fiber optic,No,No,Yes,Yes,Yes,No
20587,9221-OTIVJ,Yes,Yes,Fiber optic,No,Yes,Yes,No,Yes,Yes
20588,9223-UCPVT,Yes,No,Fiber optic,No,No,Yes,No,Yes,Yes
20589,9224-VTYID,Yes,Yes,DSL,Yes,Yes,Yes,Yes,Yes,Yes
20590,9225-BZLNZ,Yes,Yes,DSL,Yes,Yes,Yes,No,Yes,Yes
20591,9227-LUNBG,No,No phone service,DSL,No,No,No,No,No,No
20592,9227-UAQFT,Yes,No,No,No internet service,No internet service,No internet service,No internet service,No internet service,No internet service
20593,9227-YBAXE,Yes,Yes,DSL,Yes,Yes,No,Yes,Yes,Yes
20594,9229-RQABD,Yes,Yes,No,No internet service,No internet service,No internet service,No internet service,No internet service,No internet service
20595,9231-ZJYAM,Yes,No,Fiber optic,No,No,No,No,Yes,No
20596,9233-PSYHO,Yes,Yes,Fiber optic,No,No,Yes,No,Yes,Yes
20597,9236-NDUCW,No,No phone service,DSL,Yes,No,No,Yes,No,No
20598,9237-HQITU,Yes,No,Fiber optic,No,No,No,No,No,No
20599,9239-GZHZE,Yes,Yes,Fiber optic,Yes,Yes,Yes,Yes,Yes,Yes
20600,9239-ZBZZV,No,No phone service,DSL,No,No,Yes,No,Yes,Yes
20601,9242-TKFSV,No,No phone service,DSL,Yes,Yes,Yes,Yes,Yes,Yes
20602,9244-ZVAPM,Yes,No,DSL,No,No,No,No,No,No
20603,9248-OJYKK,Yes,Yes,Fiber optic,No,No,No,No,No,No
20604,9249-FXSCK,Yes,Yes,Fiber optic,Yes,Yes,No,Yes,Yes,Yes
20605,9250-WYPLL,Yes,Yes,Fiber optic,No,No,No,No,No,No
20606,9251-AWQGT,Yes,No,No,No internet service,No internet service,No internet service,No internet service,No internet service,No internet service
20607,9251-WNSOD,Yes,Yes,DSL,Yes,Yes,Yes,No,No,Yes
20608,9253-QXKBE,Yes,Yes,Fiber optic,No,No,No,No,Yes,Yes
20609,9253-VIFJQ,Yes,Yes,DSL,Yes,Yes,Yes,No,No,No
20610,9254-RBFON,Yes,No,Fiber optic,No,No,Yes,Yes,Yes,Yes
20611,9256-JTBNZ,Yes,No,No,No internet service,No internet service,No internet service,No internet service,No internet service,No internet service
20612,9257-AZMTZ,Yes,No,No,No internet service,No internet service,No internet service,No internet service,No internet service,No internet service
20613,9258-CNWAC,Yes,Yes,Fiber optic,Yes,Yes,Yes,Yes,Yes,Yes
20614,9259-PACGQ,Yes,Yes,DSL,Yes,Yes,No,Yes,No,No
20615,9261-WDCAF,Yes,No,DSL,No,No,No,No,No,Yes
20616,9269-CQOOL,Yes,No,DSL,No,No,No,No,Yes,No
20617,9272-LSVYH,Yes,No,Fiber optic,No,No,No,No,No,No
20618,9274-CNFMO,Yes,Yes,Fiber optic,No,No,No,No,No,No
20619,9274-UARKJ,Yes,No,Fiber optic,No,Yes,No,No,Yes,No
20620,9277-JOOMO,Yes,Yes,No,No internet service,No internet service,No internet service,No internet service,No internet service,No internet service
20621,9278-VZKCD,Yes,Yes,Fiber optic,Yes,Yes,Yes,No,Yes,Yes
20622,9279-CJEOJ,Yes,Yes,Fiber optic,No,No,No,No,Yes,Yes
20623,9281-CEDRU,Yes,No,DSL,No,Yes,No,Yes,Yes,No
20624,9281-OFDMF,Yes,Yes,Fiber optic,No,Yes,No,No,No,Yes
20625,9281-PKKZE,No,No phone service,DSL,No,No,No,No,Yes,Yes
20626,9282-IZGQK,Yes,Yes,Fiber optic,No,No,No,No,No,Yes
20627,9283-LZQOH,Yes,Yes,Fiber optic,No,No,No,No,No,No
20628,9286-BHDQG,No,No phone service,DSL,Yes,Yes,Yes,Yes,No,No
20629,9286-DOJGF,Yes,Yes,Fiber optic,No,No,No,No,No,No
20630,9289-LBQVU,Yes,Yes,DSL,No,Yes,No,Yes,No,Yes
20631,9290-SHCMB,Yes,No,Fiber optic,No,No,Yes,No,Yes,Yes
20632,9294-TDIPC,Yes,No,No,No internet service,No internet service,No internet service,No internet service,No internet service,No internet service
20633,9297-EONCV,Yes,Yes,DSL,Yes,Yes,Yes,Yes,Yes,Yes
20634,9297-FVVDH,Yes,Yes,DSL,Yes,No,Yes,Yes,Yes,Yes
20635,9298-WGMRW,Yes,Yes,Fiber optic,Yes,Yes,Yes,Yes,Yes,Yes
20636,9300-AGZNL,Yes,Yes,Fiber optic,No,No,No,No,Yes,Yes
20637,9300-RENDD,Yes,No,Fiber optic,No,No,No,No,Yes,No
20638,9305-CDSKC,Yes,Yes,Fiber optic,No,No,Yes,No,Yes,Yes
20639,9306-CPCBC,Yes,Yes,Fiber optic,No,No,No,No,No,No
20640,9308-ANMVE,Yes,No,DSL,Yes,Yes,No,No,No,No
20641,9309-BZGNT,No,No phone service,DSL,No,No,Yes,No,No,No
20642,9313-CDOGY,Yes,No,No,No internet service,No internet service,No internet service,No internet service,No internet service,No internet service
20643,9313-QOLTZ,Yes,No,No,No internet service,No internet service,No internet service,No internet service,No internet service,No internet service
20644,9314-IJWSQ,Yes,Yes,Fiber optic,No,No,No,No,Yes,No
20645,9314-QDMDW,Yes,No,DSL,No,Yes,No,No,Yes,No
20646,9317-WZPGV,Yes,No,Fiber optic,No,No,No,No,No,Yes
20647,9318-NKNFC,Yes,No,No,No internet service,No internet service,No internet service,No internet service,No internet service,No internet service
20648,9323-HGFWY,Yes,No,Fiber optic,Yes,No,No,Yes,Yes,Yes
20649,9327-QSDED,Yes,No,DSL,No,No,No,No,No,No
20650,9330-DHBFL,Yes,No,DSL,Yes,Yes,Yes,Yes,No,No
20651,9330-IJWIO,Yes,Yes,Fiber optic,Yes,No,No,No,Yes,Yes
20652,9330-VOFSZ,Yes,Yes,Fiber optic,No,Yes,Yes,Yes,Yes,Yes
20653,9332-GYWLO,Yes,No,DSL,No,No,No,No,Yes,No
20654,9334-GWGOW,Yes,Yes,Fiber optic,No,No,No,No,No,No
20655,9337-SRRNI,Yes,Yes,No,No internet service,No internet service,No internet service,No internet service,No internet service,No internet service
20656,9339-FIIJL,Yes,Yes,DSL,No,Yes,Yes,Yes,Yes,Yes
20657,9342-VNIMQ,Yes,Yes,DSL,No,Yes,No,No,No,No
20658,9347-AERRL,Yes,No,No,No internet service,No internet service,No internet service,No internet service,No internet service,No internet service
20659,9348-ROUAI,Yes,Yes,DSL,Yes,Yes,Yes,Yes,Yes,Yes
20660,9348-YVOMK,Yes,No,DSL,No,No,No,No,No,No
20661,9350-VLHMB,Yes,Yes,Fiber optic,No,Yes,No,No,No,Yes
20662,9350-ZXYJC,Yes,Yes,No,No internet service,No internet service,No internet service,No internet service,No internet service,No internet service
20663,9351-HXDMR,Yes,Yes,Fiber optic,Yes,No,Yes,Yes,Yes,Yes
20664,9351-LZYGF,Yes,Yes,DSL,Yes,Yes,No,Yes,No,No
20665,9355-NPPFS,Yes,No,Fiber optic,No,No,No,No,No,Yes
20666,9356-AXGMP,Yes,Yes,Fiber optic,Yes,No,Yes,Yes,Yes,Yes
20667,9357-UJRUN,Yes,Yes,DSL,Yes,No,No,Yes,No,No
20668,9359-JANWS,Yes,No,DSL,Yes,No,Yes,Yes,No,No
20669,9359-UGBTK,Yes,No,DSL,Yes,No,Yes,Yes,No,Yes
20670,9360-AHGNL,Yes,Yes,Fiber optic,Yes,No,Yes,Yes,Yes,Yes
20671,9360-OMDZZ,Yes,Yes,Fiber optic,No,No,No,No,Yes,Yes
20672,9361-YNQWJ,Yes,Yes,No,No internet service,No internet service,No internet service,No internet service,No internet service,No internet service
20673,9362-MWODR,Yes,No,DSL,Yes,No,No,Yes,Yes,No
20674,9364-YKUVW,Yes,No,No,No internet service,No internet service,No internet service,No internet service,No internet service,No internet service
20675,9365-CSLBQ,Yes,Yes,No,No internet service,No internet service,No internet service,No internet service,No internet service,No internet service
20676,9365-SRSZE,Yes,No,Fiber optic,No,No,No,No,No,No
20677,9367-OIUXP,Yes,No,No,No internet service,No internet service,No internet service,No internet service,No internet service,No internet service
20678,9367-TCUYN,Yes,No,No,No internet service,No internet service,No internet service,No internet service,No internet service,No internet service
20679,9367-WXLCH,Yes,Yes,Fiber optic,No,No,No,No,No,Yes
20680,9369-XFEHK,Yes,Yes,Fiber optic,No,Yes,No,No,No,No
20681,9371-BITHB,Yes,No,No,No internet service,No internet service,No internet service,No internet service,No internet service,No internet service
20682,9372-TXXPS,Yes,No,DSL,Yes,Yes,No,Yes,No,No
20683,9373-WSLOY,No,No phone service,DSL,No,Yes,Yes,Yes,Yes,No
20684,9374-YOLBJ,Yes,No,No,No internet service,No internet service,No internet service,No internet service,No internet service,No internet service
20685,9375-MHRRS,Yes,No,DSL,No,No,No,Yes,No,No
20686,9378-FXTIZ,Yes,Yes,DSL,No,No,No,No,Yes,Yes
20687,9381-NDKME,No,No phone service,DSL,No,No,Yes,No,No,Yes
20688,9385-EHGDO,Yes,No,No,No internet service,No internet service,No internet service,No internet service,No internet service,No internet service
20689,9385-NXKDA,Yes,Yes,DSL,Yes,Yes,Yes,No,Yes,Yes
20690,9386-LDCZR,Yes,No,Fiber optic,Yes,Yes,Yes,Yes,No,No
20691,9388-ZEYVT,No,No phone service,DSL,No,No,Yes,Yes,No,Yes
20692,9389-ACWBI,Yes,No,Fiber optic,No,No,No,No,No,No
20693,9391-DXGGG,Yes,No,Fiber optic,No,Yes,Yes,No,No,Yes
20694,9391-EOYLI,Yes,No,Fiber optic,No,No,No,No,No,Yes
20695,9391-LMANN,Yes,No,Fiber optic,Yes,Yes,Yes,No,No,Yes
20696,9391-TTOYH,Yes,No,No,No internet service,No internet service,No internet service,No internet service,No internet service,No internet service
20697,9391-YZEJW,Yes,Yes,Fiber optic,No,No,No,No,Yes,Yes
20698,9392-XBGTD,Yes,No,No,No internet service,No internet service,No internet service,No internet service,No internet service,No internet service
20699,9396-ZSFLL,Yes,Yes,DSL,No,No,No,No,No,No
20700,9397-TZSHA,Yes,Yes,No,No internet service,No internet service,No internet service,No internet service,No internet service,No internet service
20701,9398-MMQTO,Yes,No,Fiber optic,No,Yes,No,No,No,No
20702,9399-APLBT,Yes,No,Fiber optic,No,Yes,No,No,No,No
20703,9402-CXWPL,Yes,Yes,Fiber optic,No,Yes,No,No,Yes,Yes
20704,9402-ORRAH,Yes,No,Fiber optic,No,No,No,No,Yes,Yes
20705,9402-ROUMJ,Yes,Yes,Fiber optic,Yes,No,Yes,Yes,No,Yes
20706,9405-GPBBG,Yes,Yes,Fiber optic,No,Yes,Yes,Yes,Yes,Yes
20707,9408-HRXRK,Yes,Yes,Fiber optic,Yes,Yes,No,No,Yes,Yes
20708,9408-SSNVZ,Yes,No,Fiber optic,No,No,No,No,No,No
20709,9411-TPQQV,No,No phone service,DSL,Yes,No,No,Yes,Yes,Yes
20710,9412-ARGBX,Yes,No,Fiber optic,No,Yes,Yes,Yes,Yes,No
20711,9412-GHEEC,Yes,Yes,Fiber optic,No,No,Yes,Yes,Yes,Yes
20712,9415-DPEWS,Yes,Yes,Fiber optic,No,No,No,Yes,Yes,No
20713,9415-TPKRV,Yes,Yes,DSL,No,Yes,No,No,No,No
20714,9415-ZNBSX,Yes,Yes,DSL,Yes,Yes,Yes,Yes,Yes,Yes
20715,9418-RUKPH,Yes,No,No,No internet service,No internet service,No internet service,No internet service,No internet service,No internet service
20716,9419-IPPBE,Yes,Yes,Fiber optic,No,No,Yes,No,No,Yes
20717,9420-LOJKX,Yes,No,Fiber optic,Yes,Yes,No,No,Yes,Yes
20718,9424-CMPOG,Yes,No,No,No internet service,No internet service,No internet service,No internet service,No internet service,No internet service
20719,9426-SXNHE,Yes,No,No,No internet service,No internet service,No internet service,No internet service,No internet service,No internet service
20720,9430-FRQOC,Yes,Yes,Fiber optic,No,No,Yes,Yes,No,No
20721,9430-NKQLY,Yes,Yes,No,No internet service,No internet service,No internet service,No internet service,No internet service,No internet service
20722,9432-RUVSL,Yes,No,Fiber optic,Yes,No,Yes,Yes,Yes,Yes
20723,9432-VOFYX,Yes,No,Fiber optic,No,No,No,No,No,No
20724,9435-JMLSX,Yes,No,DSL,Yes,Yes,Yes,Yes,Yes,Yes
20725,9436-ZBZCT,Yes,Yes,Fiber optic,No,No,No,Yes,Yes,No
20726,9441-QHEVC,Yes,No,No,No internet service,No internet service,No internet service,No internet service,No internet service,No internet service
20727,9442-JTWDL,Yes,No,No,No internet service,No internet service,No internet service,No internet service,No internet service,No internet service
20728,9443-JUBUO,No,No phone service,DSL,Yes,Yes,Yes,Yes,Yes,Yes
20729,9444-JTXHZ,Yes,No,Fiber optic,No,No,Yes,No,No,No
20730,9445-SZLCH,Yes,Yes,Fiber optic,No,Yes,Yes,No,Yes,No
20731,9445-ZUEQE,Yes,Yes,Fiber optic,No,Yes,No,Yes,No,No
20732,9447-YPTBX,Yes,No,No,No internet service,No internet service,No internet service,No internet service,No internet service,No internet service
20733,9448-REEVD,Yes,No,DSL,No,No,No,No,No,No
20734,9450-TRJUU,Yes,Yes,Fiber optic,No,No,No,No,Yes,No
20735,9451-LPGOO,Yes,Yes,Fiber optic,No,No,No,No,No,Yes
20736,9451-WLYRI,Yes,No,No,No internet service,No internet service,No internet service,No internet service,No internet service,No internet service
20737,9453-PATOS,Yes,No,DSL,Yes,Yes,Yes,Yes,Yes,Yes
20738,9462-MJUAW,Yes,Yes,DSL,No,No,No,No,No,No
20739,9465-RWMXL,Yes,Yes,Fiber optic,No,No,Yes,No,No,No
20740,9467-ROOLM,Yes,No,No,No internet service,No internet service,No internet service,No internet service,No internet service,No internet service
20741,9469-WEJBT,Yes,No,Fiber optic,No,No,Yes,Yes,No,Yes
20742,9470-RTWDV,Yes,Yes,DSL,No,No,Yes,Yes,Yes,Yes
20743,9470-XCCEM,Yes,Yes,Fiber optic,No,Yes,No,No,Yes,No
20744,9470-YFUYI,Yes,No,DSL,Yes,Yes,No,Yes,Yes,No
20745,9473-CBZOP,Yes,Yes,DSL,Yes,No,Yes,No,No,No
20746,9474-PHLYD,Yes,No,DSL,No,No,Yes,No,No,Yes
20747,9475-NNDGC,Yes,Yes,Fiber optic,No,Yes,Yes,Yes,Yes,Yes
20748,9477-LGWQI,Yes,No,DSL,Yes,Yes,Yes,No,Yes,Yes
20749,9479-HYNYL,Yes,No,DSL,No,Yes,Yes,Yes,Yes,Yes
20750,9480-BQJEI,Yes,Yes,Fiber optic,Yes,Yes,No,No,No,Yes
20751,9481-IEBZY,Yes,Yes,Fiber optic,Yes,Yes,Yes,Yes,Yes,Yes
20752,9481-SFCQY,Yes,No,DSL,No,No,Yes,No,Yes,No
20753,9481-WHGWY,Yes,No,DSL,Yes,No,No,Yes,Yes,Yes
20754,9483-GCPWE,Yes,No,No,No internet service,No internet service,No internet service,No internet service,No internet service,No internet service
20755,9488-FVZCC,Yes,Yes,DSL,Yes,Yes,Yes,Yes,No,Yes
20756,9488-FYQAU,Yes,Yes,Fiber optic,No,Yes,Yes,Yes,Yes,Yes
20757,9488-HGMJH,Yes,No,Fiber optic,No,No,No,No,No,No
20758,9489-DEDVP,Yes,Yes,DSL,Yes,Yes,No,No,Yes,No
20759,9489-JMTTN,Yes,Yes,DSL,Yes,Yes,Yes,Yes,Yes,Yes
20760,9489-UTFKA,Yes,No,DSL,Yes,No,No,No,Yes,No
20761,9490-DFPMD,Yes,Yes,Fiber optic,No,No,No,No,Yes,No
20762,9492-TOKRI,Yes,Yes,Fiber optic,No,Yes,No,No,Yes,No
20763,9494-BDNNC,Yes,Yes,Fiber optic,No,Yes,Yes,No,No,Yes
20764,9494-MRNYX,Yes,Yes,Fiber optic,No,No,No,No,No,No
20765,9495-REDIY,No,No phone service,DSL,Yes,No,No,No,Yes,No
20766,9495-SKLKD,Yes,Yes,Fiber optic,No,Yes,Yes,No,No,Yes
20767,9496-IVVRP,Yes,No,DSL,Yes,No,No,No,No,No
20768,9497-QCMMS,Yes,Yes,Fiber optic,No,No,No,No,Yes,Yes
20769,9498-FIMXL,Yes,No,No,No internet service,No internet service,No internet service,No internet service,No internet service,No internet service
20770,9499-XPZXM,Yes,Yes,DSL,Yes,Yes,No,Yes,No,No
20771,9500-IWPXQ,Yes,Yes,DSL,Yes,Yes,Yes,Yes,No,Yes
20772,9500-LTVBP,Yes,Yes,Fiber optic,No,No,No,Yes,No,No
20773,9500-WBGRP,Yes,No,No,No internet service,No internet service,No internet service,No internet service,No internet service,No internet service
20774,9501-UKKNL,No,No phone service,DSL,No,No,No,Yes,Yes,Yes
20775,9503-XJUME,Yes,No,No,No internet service,No internet service,No internet service,No internet service,No internet service,No internet service
20776,9504-DSHWM,Yes,Yes,DSL,Yes,No,No,Yes,No,No
20777,9504-YAZWB,Yes,No,No,No internet service,No internet service,No internet service,No internet service,No internet service,No internet service
20778,9505-SQFSW,No,No phone service,DSL,No,Yes,No,No,No,Yes
20779,9506-UXUSK,Yes,No,Fiber optic,No,No,No,No,No,No
20780,9507-EXLTT,Yes,No,Fiber optic,No,No,No,No,Yes,No
20781,9507-HSMMZ,Yes,No,No,No internet service,No internet service,No internet service,No internet service,No internet service,No internet service
20782,9508-ILZDG,Yes,Yes,Fiber optic,No,Yes,No,Yes,Yes,No
20783,9509-MPYOD,Yes,No,No,No internet service,No internet service,No internet service,No internet service,No internet service,No internet service
20784,9512-PHSMG,Yes,No,No,No internet service,No internet service,No internet service,No internet service,No internet service,No internet service
20785,9512-UIBFX,Yes,No,Fiber optic,No,No,Yes,No,Yes,Yes
20786,9513-DXHDA,Yes,No,DSL,Yes,No,Yes,Yes,Yes,Yes
20787,9514-JDSKI,No,No phone service,DSL,No,Yes,No,No,Yes,No
20788,9518-IMLHK,Yes,No,DSL,Yes,Yes,Yes,Yes,Yes,No
20789,9518-RWHZL,Yes,Yes,Fiber optic,No,No,Yes,No,Yes,Yes
20790,9518-XXBXE,Yes,No,Fiber optic,Yes,No,No,No,No,No
20791,9522-BNTHX,No,No phone service,DSL,No,Yes,Yes,No,Yes,Yes
20792,9522-ZSINC,Yes,No,No,No internet service,No internet service,No internet service,No internet service,No internet service,No internet service
20793,9524-EGPJC,Yes,Yes,Fiber optic,No,No,No,Yes,No,Yes
20794,9526-BIHHD,No,No phone service,DSL,Yes,No,No,No,No,No
20795,9526-JAWYF,Yes,No,Fiber optic,No,Yes,Yes,No,Yes,No
20796,9529-OFXHY,Yes,Yes,Fiber optic,Yes,No,No,No,Yes,No
20797,9530-EHPOH,Yes,Yes,DSL,No,No,Yes,No,No,No
20798,9530-GRMJG,Yes,Yes,DSL,No,Yes,Yes,Yes,Yes,Yes
20799,9531-NSBMR,Yes,No,No,No internet service,No internet service,No internet service,No internet service,No internet service,No internet service
20800,9534-NSXEM,Yes,No,No,No internet service,No internet service,No internet service,No internet service,No internet service,No internet service
20801,9537-JALFH,Yes,No,No,No internet service,No internet service,No internet service,No internet service,No internet service,No internet service
20802,9537-VHDTA,Yes,No,DSL,Yes,No,No,No,No,No
20803,9540-JYROE,Yes,No,Fiber optic,No,No,No,No,No,No
20804,9541-PWTWO,Yes,Yes,DSL,No,No,Yes,Yes,Yes,Yes
20805,9541-ZPSEA,Yes,No,Fiber optic,Yes,No,Yes,No,No,No
20806,9544-PYPSJ,Yes,Yes,Fiber optic,No,Yes,Yes,No,No,Yes
20807,9546-CQJSU,Yes,Yes,Fiber optic,No,No,Yes,No,Yes,No
20808,9546-KDTRB,Yes,Yes,No,No internet service,No internet service,No internet service,No internet service,No internet service,No internet service
20809,9547-ITEFG,Yes,Yes,Fiber optic,No,Yes,Yes,No,Yes,Yes
20810,9548-LERKT,Yes,No,No,No internet service,No internet service,No internet service,No internet service,No internet service,No internet service
20811,9548-LIGTA,Yes,No,DSL,Yes,Yes,No,Yes,Yes,Yes
20812,9548-ZMVTX,Yes,Yes,Fiber optic,No,Yes,Yes,Yes,No,No
20813,9552-TGUZV,Yes,No,Fiber optic,Yes,No,No,No,No,No
20814,9553-DLCLU,Yes,Yes,DSL,Yes,Yes,Yes,Yes,Yes,Yes
20815,9554-DFKIC,Yes,Yes,DSL,Yes,No,No,No,No,No
20816,9555-SAHUZ,Yes,No,DSL,Yes,Yes,No,No,No,No
20817,9558-IHEZX,Yes,Yes,Fiber optic,Yes,Yes,Yes,No,Yes,Yes
20818,9560-ARGQJ,Yes,No,Fiber optic,No,No,No,No,Yes,No
20819,9560-BBZXK,No,No phone service,DSL,Yes,No,No,No,No,No
20820,9564-KCLHR,Yes,No,DSL,No,No,No,Yes,No,No
20821,9565-AXSMR,Yes,No,No,No internet service,No internet service,No internet service,No internet service,No internet service,No internet service
20822,9565-DJPIB,Yes,Yes,Fiber optic,No,Yes,No,No,Yes,No
20823,9565-FLVCG,Yes,Yes,DSL,Yes,Yes,No,No,No,Yes
20824,9565-JSNFM,Yes,No,Fiber optic,No,No,No,No,No,No
20825,9570-KYEUA,Yes,Yes,Fiber optic,Yes,No,Yes,Yes,No,Yes
20826,9571-EDEBV,Yes,Yes,Fiber optic,No,No,Yes,No,Yes,Yes
20827,9572-MTILT,Yes,Yes,Fiber optic,Yes,Yes,Yes,Yes,Yes,No
20828,9572-WUKSB,No,No phone service,DSL,No,No,No,Yes,No,No
20829,9574-BOSMD,Yes,Yes,No,No internet service,No internet service,No internet service,No internet service,No internet service,No internet service
20830,9574-RKJIF,Yes,Yes,Fiber optic,Yes,Yes,No,No,Yes,No
20831,9575-IWCAZ,Yes,Yes,No,No internet service,No internet service,No internet service,No internet service,No internet service,No internet service
20832,9576-ANLXO,Yes,No,Fiber optic,No,No,No,No,No,No
20833,9576-SYUHJ,Yes,Yes,Fiber optic,Yes,No,No,No,Yes,No
20834,9577-WJVCQ,Yes,Yes,DSL,Yes,No,No,No,No,No
20835,9578-FOMUK,Yes,Yes,No,No internet service,No internet service,No internet service,No internet service,No internet service,No internet service
20836,9578-VRMNM,Yes,Yes,DSL,No,No,Yes,No,No,Yes
20837,9581-GVBXT,No,No phone service,DSL,Yes,No,Yes,No,No,No
20838,9584-EXCDZ,Yes,No,Fiber optic,No,No,No,No,No,No
20839,9585-KKMFD,Yes,No,No,No internet service,No internet service,No internet service,No internet service,No internet service,No internet service
20840,9586-JGQKH,Yes,Yes,Fiber optic,No,Yes,No,Yes,Yes,Yes
20841,9588-OZDMQ,Yes,No,DSL,No,No,No,No,No,No
20842,9588-YRFHY,Yes,No,No,No internet service,No internet service,No internet service,No internet service,No internet service,No internet service
20843,9589-ABEPT,Yes,Yes,Fiber optic,No,Yes,No,Yes,Yes,No
20844,9591-YVTEB,No,No phone service,DSL,Yes,Yes,No,No,Yes,No
20845,9592-ERDKV,Yes,Yes,DSL,Yes,No,Yes,No,Yes,Yes
20846,9593-CVZKR,Yes,Yes,No,No internet service,No internet service,No internet service,No internet service,No internet service,No internet service
20847,9600-NAXZN,Yes,Yes,Fiber optic,No,Yes,No,No,Yes,Yes
20848,9600-UDOPK,Yes,Yes,Fiber optic,No,No,No,No,Yes,Yes
20849,9601-BRXPO,Yes,Yes,Fiber optic,No,No,Yes,Yes,Yes,Yes
20850,9602-WCXPI,Yes,No,No,No internet service,No internet service,No internet service,No internet service,No internet service,No internet service
20851,9603-OAIHC,Yes,No,Fiber optic,No,No,No,No,No,No
20852,9605-WGJVW,Yes,No,Fiber optic,No,No,No,No,No,No
20853,9606-PBKBQ,Yes,Yes,Fiber optic,No,No,No,No,No,Yes
20854,9609-BENEA,Yes,Yes,DSL,No,Yes,No,Yes,Yes,No
20855,9610-WCESF,No,No phone service,DSL,Yes,No,No,Yes,Yes,No
20856,9611-CTWIH,Yes,No,Fiber optic,No,No,No,No,Yes,Yes
20857,9614-RMGHA,Yes,Yes,Fiber optic,No,Yes,No,No,Yes,No
20858,9617-INGJY,Yes,No,Fiber optic,No,No,No,No,No,No
20859,9617-UDPEU,Yes,No,No,No internet service,No internet service,No internet service,No internet service,No internet service,No internet service
20860,9618-LFJRU,Yes,No,No,No internet service,No internet service,No internet service,No internet service,No internet service,No internet service
20861,9619-GSATL,Yes,No,DSL,No,Yes,No,Yes,No,No
20862,9620-ENEJV,Yes,No,Fiber optic,No,No,No,No,No,No
20863,9620-QJREV,Yes,No,No,No internet service,No internet service,No internet service,No internet service,No internet service,No internet service
20864,9621-OUPYD,Yes,No,No,No internet service,No internet service,No internet service,No internet service,No internet service,No internet service
20865,9624-EGDEQ,Yes,No,No,No internet service,No internet service,No internet service,No internet service,No internet service,No internet service
20866,9625-QNLUX,Yes,No,Fiber optic,Yes,Yes,Yes,No,Yes,Yes
20867,9625-QSTYE,Yes,No,Fiber optic,No,Yes,Yes,No,No,No
20868,9625-RZFUK,Yes,No,No,No internet service,No internet service,No internet service,No internet service,No internet service,No internet service
20869,9626-VFRGG,Yes,Yes,Fiber optic,No,Yes,No,No,Yes,No
20870,9626-WEQRM,No,No phone service,DSL,Yes,No,No,No,No,No
20871,9629-NHXFW,Yes,No,No,No internet service,No internet service,No internet service,No internet service,No internet service,No internet service
20872,9631-RXVJM,Yes,No,No,No internet service,No internet service,No internet service,No internet service,No internet service,No internet service
20873,9631-XEYKE,Yes,Yes,DSL,No,No,No,No,No,No
20874,9633-DENPU,Yes,No,DSL,No,Yes,No,No,Yes,No
20875,9633-XQABV,Yes,No,Fiber optic,No,No,No,No,No,No
20876,9637-CDTKZ,Yes,Yes,Fiber optic,Yes,Yes,Yes,Yes,Yes,Yes
20877,9637-EIHEQ,Yes,No,DSL,No,No,No,Yes,No,No
20878,9638-JIQYA,No,No phone service,DSL,No,No,No,No,No,No
20879,9639-BUJXT,Yes,No,No,No internet service,No internet service,No internet service,No internet service,No internet service,No internet service
20880,9640-ZSLDC,Yes,No,DSL,No,No,Yes,No,No,Yes
20881,9643-AVVWI,Yes,No,Fiber optic,No,Yes,No,Yes,No,No
20882,9643-YBLUR,Yes,Yes,DSL,No,Yes,Yes,No,No,Yes
20883,9644-KVCNC,Yes,Yes,Fiber optic,No,No,Yes,No,Yes,No
20884,9644-UMGQA,Yes,No,DSL,Yes,No,No,No,No,No
20885,9646-NMHXE,Yes,No,No,No internet service,No internet service,No internet service,No internet service,No internet service,No internet service
20886,9647-ERGBE,Yes,Yes,Fiber optic,No,No,Yes,No,Yes,Yes
20887,9648-BCHKM,Yes,Yes,No,No internet service,No internet service,No internet service,No internet service,No internet service,No internet service
20888,9650-VBUOG,Yes,Yes,No,No internet service,No internet service,No internet service,No internet service,No internet service,No internet service
20889,9651-GTSAQ,Yes,No,Fiber optic,Yes,Yes,Yes,No,Yes,Yes
20890,9658-WYUFB,Yes,Yes,Fiber optic,Yes,Yes,No,No,Yes,No
20891,9659-QEQSY,Yes,Yes,Fiber optic,Yes,Yes,Yes,Yes,Yes,Yes
20892,9659-ZTWSM,Yes,Yes,Fiber optic,No,Yes,Yes,Yes,Yes,Yes
20893,9661-ACXBS,Yes,Yes,Fiber optic,Yes,No,Yes,No,Yes,Yes
20894,9661-JALZV,Yes,Yes,No,No internet service,No internet service,No internet service,No internet service,No internet service,No internet service
20895,9661-MHUMO,Yes,No,DSL,No,No,No,Yes,No,No
20896,9667-EQRXU,No,No phone service,DSL,No,No,Yes,No,Yes,No
20897,9667-TKTVZ,Yes,Yes,DSL,No,No,No,Yes,No,No
20898,9668-PUGNU,Yes,Yes,No,No internet service,No internet service,No internet service,No internet service,No internet service,No internet service
20899,9670-BPNXF,Yes,No,DSL,Yes,Yes,No,Yes,No,No
20900,9674-EHPPG,No,No phone service,DSL,Yes,No,Yes,Yes,No,No
20901,9675-ICXCT,Yes,No,DSL,Yes,No,Yes,Yes,Yes,Yes
20902,9677-AVKED,Yes,Yes,DSL,No,Yes,Yes,Yes,Yes,Yes
20903,9680-NIAUV,Yes,Yes,Fiber optic,Yes,Yes,Yes,No,Yes,Yes
20904,9681-KYGYB,Yes,Yes,Fiber optic,Yes,Yes,Yes,No,No,No
20905,9681-OXGVC,Yes,Yes,Fiber optic,No,No,Yes,No,Yes,Yes
20906,9685-WKZGT,Yes,Yes,Fiber optic,No,No,No,No,No,No
20907,9688-YGXVR,Yes,No,Fiber optic,No,Yes,Yes,No,Yes,No
20908,9689-PTNPG,Yes,No,Fiber optic,No,No,No,No,Yes,No
20909,9691-HKOVS,Yes,Yes,DSL,Yes,Yes,Yes,Yes,Yes,Yes
20910,9692-TUSXH,Yes,No,Fiber optic,Yes,No,No,No,Yes,Yes
20911,9693-XMUOB,No,No phone service,DSL,No,Yes,No,No,Yes,Yes
20912,9695-IDRZR,Yes,Yes,Fiber optic,Yes,Yes,Yes,Yes,Yes,Yes
20913,9696-RMYBA,Yes,No,Fiber optic,No,No,No,No,Yes,No
20914,9699-UBQFS,Yes,Yes,Fiber optic,Yes,Yes,No,No,Yes,No
20915,9700-ISPUP,Yes,No,DSL,No,Yes,No,Yes,No,Yes
20916,9700-ZCLOT,Yes,No,No,No internet service,No internet service,No internet service,No internet service,No internet service,No internet service
20917,9701-CDXHR,Yes,No,Fiber optic,No,No,No,No,No,No
20918,9702-AIUJO,Yes,No,DSL,No,No,No,No,No,No
20919,9705-IOVQQ,Yes,Yes,Fiber optic,No,Yes,No,No,Yes,Yes
20920,9705-ZJBCG,Yes,No,DSL,Yes,No,No,Yes,No,No
20921,9708-HPXWZ,No,No phone service,DSL,No,No,Yes,Yes,Yes,No
20922,9708-KFDBY,Yes,No,No,No internet service,No internet service,No internet service,No internet service,No internet service,No internet service
20923,9710-NJERN,Yes,No,No,No internet service,No internet service,No internet service,No internet service,No internet service,No internet service
20924,9710-ZUSHQ,Yes,Yes,Fiber optic,Yes,Yes,No,No,Yes,Yes
20925,9711-FJTBX,Yes,No,Fiber optic,No,Yes,Yes,Yes,No,No
20926,9714-EDSUC,Yes,No,Fiber optic,Yes,Yes,No,Yes,No,Yes
20927,9715-SBVSU,Yes,No,DSL,Yes,Yes,No,No,No,Yes
20928,9715-WZCLW,Yes,Yes,Fiber optic,Yes,No,No,No,Yes,Yes
20929,9717-IOAAF,Yes,Yes,No,No internet service,No internet service,No internet service,No internet service,No internet service,No internet service
20930,9717-QEBGU,Yes,No,Fiber optic,No,No,No,No,No,No
20931,9720-JJJOR,Yes,No,DSL,Yes,Yes,Yes,No,No,No
20932,9722-UJOJR,Yes,No,Fiber optic,No,No,No,No,No,No
20933,9725-SCPZG,Yes,No,Fiber optic,No,No,No,No,Yes,Yes
20934,9728-FTTVZ,Yes,No,Fiber optic,No,No,No,No,No,No
20935,9730-DRTMJ,Yes,Yes,DSL,Yes,No,No,Yes,Yes,No
20936,9732-EQMWY,Yes,No,Fiber optic,No,Yes,Yes,No,Yes,Yes
20937,9732-KPKBW,Yes,No,DSL,Yes,No,No,Yes,No,No
20938,9732-OUYRN,Yes,No,No,No internet service,No internet service,No internet service,No internet service,No internet service,No internet service
20939,9734-UYXQI,Yes,Yes,DSL,No,No,No,No,No,No
20940,9734-YWGEX,Yes,Yes,Fiber optic,No,No,Yes,No,Yes,Yes
20941,9738-QLWTP,Yes,No,Fiber optic,No,No,Yes,Yes,No,No
20942,9739-JLPQJ,Yes,Yes,Fiber optic,Yes,Yes,Yes,Yes,Yes,Yes
20943,9741-YLNTD,Yes,Yes,Fiber optic,No,No,No,Yes,No,Yes
20944,9742-XOKTS,Yes,Yes,Fiber optic,Yes,Yes,No,Yes,No,No
20945,9743-DQKQW,No,No phone service,DSL,No,No,No,No,No,No
20946,9746-MDMBK,Yes,Yes,Fiber optic,Yes,Yes,Yes,Yes,Yes,Yes
20947,9746-UGFAC,Yes,No,No,No internet service,No internet service,No internet service,No internet service,No internet service,No internet service
20948,9746-YKGXB,No,No phone service,DSL,Yes,No,Yes,No,No,Yes
20949,9747-DDZOS,Yes,No,Fiber optic,No,No,Yes,No,No,No
20950,9750-BOOHV,No,No phone service,DSL,Yes,No,No,No,No,No
20951,9752-ZNQUT,Yes,No,DSL,No,Yes,No,No,No,No
20952,9753-OYLBX,Yes,No,No,No internet service,No internet service,No internet service,No internet service,No internet service,No internet service
20953,9754-CLVZW,No,No phone service,DSL,Yes,Yes,No,Yes,No,No
20954,9755-JHNMN,Yes,No,DSL,Yes,Yes,Yes,Yes,No,No
20955,9758-MFWGD,No,No phone service,DSL,No,Yes,No,No,No,No
20956,9761-XUJWD,Yes,No,DSL,No,Yes,No,Yes,No,Yes
20957,9762-YAQAA,Yes,Yes,Fiber optic,No,Yes,No,No,No,No
20958,9763-GRSKD,Yes,No,DSL,Yes,No,No,No,No,No
20959,9763-PDTKK,Yes,No,Fiber optic,Yes,No,Yes,Yes,No,Yes
20960,9764-REAFF,Yes,No,No,No internet service,No internet service,No internet service,No internet service,No internet service,No internet service
20961,9766-HGEDE,Yes,No,No,No internet service,No internet service,No internet service,No internet service,No internet service,No internet service
20962,9767-FFLEM,Yes,No,Fiber optic,No,No,No,No,No,No
20963,9769-TSBZE,Yes,Yes,DSL,Yes,Yes,No,Yes,No,No
20964,9770-KXGQU,Yes,Yes,Fiber optic,Yes,Yes,Yes,No,Yes,No
20965,9770-LXDBK,Yes,No,No,No internet service,No internet service,No internet service,No internet service,No internet service,No internet service
20966,9773-PEQBZ,Yes,Yes,Fiber optic,No,Yes,No,No,No,No
20967,9774-NRNAU,Yes,Yes,DSL,No,Yes,Yes,Yes,Yes,Yes
20968,9776-CLUJA,Yes,Yes,Fiber optic,Yes,No,No,No,No,No
20969,9776-OJUZI,Yes,Yes,Fiber optic,No,Yes,Yes,No,Yes,No
20970,9777-IQHWP,Yes,Yes,Fiber optic,Yes,No,Yes,No,No,Yes
20971,9777-WJJPR,Yes,Yes,Fiber optic,No,No,Yes,No,Yes,No
20972,9778-OGKQZ,Yes,Yes,DSL,Yes,Yes,Yes,Yes,Yes,Yes
20973,9779-DPNEJ,Yes,No,Fiber optic,No,No,No,No,No,Yes
20974,9780-FKVVF,Yes,No,DSL,Yes,No,No,No,No,Yes
20975,9782-LGXMC,Yes,No,DSL,Yes,No,Yes,Yes,No,No
20976,9786-IJYDL,Yes,Yes,Fiber optic,Yes,Yes,Yes,Yes,Yes,Yes
20977,9786-YWNHU,Yes,No,DSL,Yes,Yes,Yes,Yes,No,No
20978,9787-XVQIU,Yes,Yes,Fiber optic,No,No,No,No,No,No
20979,9788-HNGUT,Yes,Yes,Fiber optic,Yes,Yes,Yes,Yes,Yes,Yes
20980,9788-YTFGE,Yes,No,No,No internet service,No internet service,No internet service,No internet service,No internet service,No internet service
20981,9793-WECQC,Yes,No,Fiber optic,No,Yes,No,No,Yes,Yes
20982,9795-NREXC,Yes,Yes,DSL,Yes,No,Yes,Yes,Yes,Yes
20983,9795-SHUHB,Yes,No,DSL,Yes,Yes,No,Yes,No,No
20984,9795-VOWON,No,No phone service,DSL,No,No,No,No,No,No
20985,9796-BPKIW,Yes,No,Fiber optic,No,No,No,No,No,No
20986,9796-MVYXX,No,No phone service,DSL,Yes,No,Yes,Yes,No,No
20987,9798-DRYDS,Yes,Yes,DSL,No,No,Yes,Yes,No,No
20988,9798-OPFEM,Yes,No,No,No internet service,No internet service,No internet service,No internet service,No internet service,No internet service
20989,9799-CAYJJ,Yes,No,Fiber optic,No,No,No,No,No,No
20990,9800-ONTFE,Yes,Yes,Fiber optic,No,No,No,No,No,No
20991,9800-OUIGR,Yes,No,No,No internet service,No internet service,No internet service,No internet service,No internet service,No internet service
20992,9801-GDWGV,Yes,Yes,Fiber optic,No,Yes,Yes,No,Yes,Yes
20993,9801-NOSHQ,Yes,No,No,No internet service,No internet service,No internet service,No internet service,No internet service,No internet service
20994,9802-CAQUT,Yes,Yes,Fiber optic,Yes,Yes,Yes,No,Yes,Yes
20995,9803-FTJCG,Yes,Yes,DSL,Yes,Yes,No,Yes,No,No
20996,9804-ICWBG,Yes,No,Fiber optic,No,No,No,No,No,No
20997,9805-FILKB,Yes,No,No,No internet service,No internet service,No internet service,No internet service,No internet service,No internet service
20998,9809-IMGCQ,Yes,Yes,Fiber optic,No,No,No,No,Yes,Yes
20999,9812-GHVRI,Yes,Yes,Fiber optic,No,No,No,No,No,Yes
21000,9814-AOUDH,Yes,No,No,No internet service,No internet service,No internet service,No internet service,No internet service,No internet service
21001,9817-APLHW,Yes,Yes,No,No internet service,No internet service,No internet service,No internet service,No internet service,No internet service
21002,9818-XQCUV,Yes,No,No,No internet service,No internet service,No internet service,No internet service,No internet service,No internet service
21003,9819-FBNSV,Yes,No,Fiber optic,No,No,No,No,No,No
21004,9820-RMCQV,Yes,No,DSL,Yes,No,No,No,No,No
21005,9821-BESNZ,Yes,Yes,Fiber optic,No,Yes,No,Yes,Yes,Yes
21006,9821-POOTN,Yes,Yes,Fiber optic,No,No,No,No,No,No
21007,9822-BIIGN,Yes,Yes,DSL,Yes,No,No,Yes,No,Yes
21008,9822-OAOVB,Yes,No,DSL,No,No,No,No,No,Yes
21009,9822-WMWVG,Yes,Yes,Fiber optic,Yes,Yes,Yes,Yes,Yes,No
21010,9823-EALYC,Yes,Yes,DSL,Yes,Yes,Yes,Yes,Yes,No
21011,9824-BEMCV,Yes,No,Fiber optic,No,No,No,No,No,No
21012,9824-QCJPK,Yes,No,No,No internet service,No internet service,No internet service,No internet service,No internet service,No internet service
21013,9825-YCXWZ,Yes,No,Fiber optic,No,No,Yes,Yes,Yes,Yes
21014,9828-AOQLM,Yes,No,DSL,No,No,No,No,No,No
21015,9828-QHFBK,Yes,No,DSL,Yes,No,No,No,No,No
21016,9830-ECLEN,No,No phone service,DSL,Yes,Yes,Yes,No,Yes,No
21017,9831-BPFRI,Yes,Yes,Fiber optic,No,Yes,Yes,Yes,No,No
21018,9833-TGFHX,Yes,Yes,Fiber optic,Yes,No,No,No,Yes,Yes
21019,9835-ZIITK,Yes,Yes,Fiber optic,No,Yes,Yes,Yes,Yes,Yes
21020,9837-BMCLM,Yes,No,Fiber optic,No,No,No,No,Yes,No
21021,9837-FWLCH,Yes,No,No,No internet service,No internet service,No internet service,No internet service,No internet service,No internet service
21022,9838-BFCQT,Yes,Yes,No,No internet service,No internet service,No internet service,No internet service,No internet service,No internet service
21023,9839-ETQOE,No,No phone service,DSL,Yes,Yes,Yes,No,No,No
21024,9840-DVNDC,Yes,No,Fiber optic,No,No,No,No,Yes,No
21025,9840-EFJQB,Yes,No,Fiber optic,No,Yes,No,No,No,No
21026,9842-EFSYY,No,No phone service,DSL,Yes,Yes,Yes,No,Yes,Yes
21027,9844-FELAJ,Yes,Yes,Fiber optic,No,Yes,Yes,Yes,Yes,Yes
21028,9845-PEEKO,Yes,Yes,Fiber optic,No,Yes,No,No,No,No
21029,9845-QOMAD,Yes,No,No,No internet service,No internet service,No internet service,No internet service,No internet service,No internet service
21030,9846-GKXAS,Yes,No,Fiber optic,No,No,No,No,Yes,Yes
21031,9847-HNVGP,Yes,No,No,No internet service,No internet service,No internet service,No internet service,No internet service,No internet service
21032,9848-JQJTX,Yes,Yes,Fiber optic,No,Yes,Yes,No,Yes,Yes
21033,9850-OWRHQ,Yes,Yes,Fiber optic,No,No,No,No,No,No
21034,9851-KIELU,Yes,No,Fiber optic,Yes,Yes,Yes,Yes,Yes,Yes
21035,9851-QXEEQ,Yes,Yes,Fiber optic,No,Yes,Yes,No,Yes,Yes
21036,9853-JFZDU,Yes,No,DSL,No,Yes,No,Yes,No,No
21037,9860-LISIZ,Yes,No,No,No internet service,No internet service,No internet service,No internet service,No internet service,No internet service
21038,9861-PDSZP,Yes,Yes,Fiber optic,No,Yes,Yes,Yes,Yes,Yes
21039,9862-KJTYK,No,No phone service,DSL,No,No,No,No,No,No
21040,9863-JZAIC,Yes,No,DSL,No,No,No,No,Yes,No
21041,9866-OCCKE,Yes,Yes,Fiber optic,Yes,No,Yes,Yes,Yes,Yes
21042,9866-QEVEE,Yes,Yes,Fiber optic,No,No,No,No,No,Yes
21043,9867-JCZSP,Yes,No,No,No internet service,No internet service,No internet service,No internet service,No internet service,No internet service
21044,9867-NNXLC,Yes,No,No,No internet service,No internet service,No internet service,No internet service,No internet service,No internet service
21045,9867-XOBQA,No,No phone service,DSL,Yes,Yes,Yes,Yes,Yes,No
21046,9871-ELEYA,Yes,No,DSL,Yes,No,Yes,Yes,Yes,No
21047,9873-MNDKV,Yes,No,DSL,No,No,No,No,No,No
21048,9874-QLCLH,Yes,Yes,Fiber optic,Yes,No,Yes,No,Yes,Yes
21049,9878-TNQGW,Yes,No,Fiber optic,No,No,No,No,No,Yes
21050,9880-TDQAC,No,No phone service,DSL,No,Yes,Yes,Yes,Yes,Yes
21051,9881-VCZEP,Yes,Yes,DSL,No,Yes,No,No,No,No
21052,9885-AIBVB,Yes,Yes,Fiber optic,No,Yes,Yes,No,No,No
21053,9885-CSMWE,Yes,No,Fiber optic,No,No,No,No,Yes,No
21054,9885-MFVSU,No,No phone service,DSL,Yes,No,No,Yes,Yes,No
21055,9888-ZCUMM,No,No phone service,DSL,Yes,No,Yes,Yes,Yes,Yes
21056,9889-TMAHG,Yes,No,Fiber optic,Yes,No,No,Yes,Yes,Yes
21057,9891-NQDBD,Yes,Yes,No,No internet service,No internet service,No internet service,No internet service,No internet service,No internet service
21058,9894-EZEWG,Yes,No,Fiber optic,No,Yes,No,No,No,No
21059,9894-QMIMJ,Yes,No,DSL,No,Yes,Yes,No,No,No
21060,9895-VFOXH,No,No phone service,DSL,No,No,No,No,No,No
21061,9896-UYMIE,Yes,Yes,Fiber optic,Yes,Yes,Yes,Yes,Yes,Yes
21062,9897-KXHCM,Yes,No,Fiber optic,No,No,No,No,No,Yes
21063,9898-KZQDZ,Yes,Yes,Fiber optic,No,No,No,No,Yes,Yes
21064,9903-LYSAB,Yes,Yes,Fiber optic,No,No,No,No,No,No
21065,9904-EHEVJ,Yes,Yes,Fiber optic,No,No,Yes,No,Yes,No
21066,9906-NHHVC,No,No phone service,DSL,No,Yes,Yes,No,Yes,Yes
21067,9907-SWKKF,No,No phone service,DSL,No,No,No,No,No,No
21068,9909-DFRJA,Yes,No,Fiber optic,Yes,No,Yes,Yes,No,Yes
21069,9909-IDLEK,Yes,Yes,Fiber optic,No,Yes,No,Yes,Yes,No
21070,9912-GVSEQ,Yes,Yes,Fiber optic,No,Yes,Yes,No,No,Yes
21071,9912-OMZDS,Yes,Yes,Fiber optic,No,Yes,Yes,No,Yes,Yes
21072,9916-AYHTC,Yes,No,No,No internet service,No internet service,No internet service,No internet service,No internet service,No internet service
21073,9917-KWRBE,Yes,Yes,DSL,Yes,Yes,Yes,No,Yes,No
21074,9919-FZDED,Yes,Yes,DSL,Yes,Yes,Yes,No,Yes,Yes
21075,9919-KNPOO,Yes,Yes,Fiber optic,No,No,No,No,Yes,Yes
21076,9919-YLNNG,Yes,No,Fiber optic,No,Yes,Yes,Yes,Yes,Yes
21077,9921-EZKBY,Yes,Yes,Fiber optic,Yes,No,Yes,No,No,Yes
21078,9921-QFQUL,Yes,Yes,Fiber optic,No,No,Yes,No,No,Yes
21079,9921-ZVRHG,Yes,Yes,Fiber optic,No,No,Yes,No,No,No
21080,9924-JPRMC,Yes,Yes,Fiber optic,Yes,Yes,Yes,Yes,Yes,Yes
21081,9926-PJHDQ,Yes,Yes,DSL,No,No,Yes,No,Yes,Yes
21082,9927-DSWDF,Yes,No,Fiber optic,Yes,Yes,No,Yes,Yes,Yes
21083,9928-BZVLZ,No,No phone service,DSL,Yes,No,Yes,Yes,No,Yes
21084,9929-PLVPA,Yes,No,No,No internet service,No internet service,No internet service,No internet service,No internet service,No internet service
21085,9931-DCEZH,Yes,No,DSL,No,Yes,No,Yes,No,No
21086,9931-KGHOA,Yes,Yes,DSL,Yes,No,No,No,No,No
21087,9932-WBWIK,Yes,No,No,No internet service,No internet service,No internet service,No internet service,No internet service,No internet service
21088,9933-QRGTX,Yes,No,Fiber optic,Yes,No,No,Yes,Yes,Yes
21089,9938-EKRGF,Yes,No,DSL,Yes,Yes,Yes,Yes,Yes,Yes
21090,9938-PRCVK,Yes,No,No,No internet service,No internet service,No internet service,No internet service,No internet service,No internet service
21091,9938-TKDGL,Yes,No,Fiber optic,Yes,No,No,Yes,Yes,Yes
21092,9938-ZREHM,Yes,Yes,DSL,No,Yes,No,Yes,No,Yes
21093,9940-HPQPG,Yes,Yes,Fiber optic,Yes,Yes,Yes,No,No,No
21094,9940-RHLFB,Yes,No,Fiber optic,No,No,Yes,No,No,No
21095,9943-VSZUV,Yes,Yes,Fiber optic,No,No,No,No,No,No
21096,9944-AEXBM,Yes,Yes,Fiber optic,No,No,No,No,No,Yes
21097,9944-HKVVB,Yes,No,Fiber optic,No,Yes,No,No,Yes,Yes
21098,9945-PSVIP,Yes,No,No,No internet service,No internet service,No internet service,No internet service,No internet service,No internet service
21099,9947-OTFQU,Yes,No,Fiber optic,No,Yes,No,No,No,No
21100,9948-YPTDG,Yes,No,Fiber optic,Yes,Yes,No,No,No,No
21101,9950-MTGYX,Yes,No,No,No internet service,No internet service,No internet service,No internet service,No internet service,No internet service
21102,9953-ZMKSM,Yes,Yes,No,No internet service,No internet service,No internet service,No internet service,No internet service,No internet service
21103,9955-QOPOY,No,No phone service,DSL,No,Yes,Yes,Yes,Yes,Yes
21104,9957-YODKZ,Yes,Yes,Fiber optic,No,No,Yes,No,No,No
21105,9958-MEKUC,Yes,Yes,Fiber optic,Yes,Yes,Yes,Yes,No,Yes
21106,9959-WOFKT,Yes,Yes,Fiber optic,Yes,No,Yes,No,Yes,Yes
21107,9961-JBNMK,Yes,No,Fiber optic,No,No,Yes,No,Yes,Yes
21108,9962-BFPDU,Yes,No,No,No internet service,No internet service,No internet service,No internet service,No internet service,No internet service
21109,9964-WBQDJ,Yes,Yes,No,No internet service,No internet service,No internet service,No internet service,No internet service,No internet service
21110,9965-YOKZB,Yes,Yes,Fiber optic,No,No,No,No,No,Yes
21111,9967-ATRFS,Yes,No,No,No internet service,No internet service,No internet service,No internet service,No internet service,No internet service
21112,9968-FFVVH,Yes,Yes,DSL,Yes,Yes,Yes,Yes,No,No
21113,9970-QBCDA,Yes,No,No,No internet service,No internet service,No internet service,No internet service,No internet service,No internet service
21114,9971-ZWPBF,Yes,Yes,Fiber optic,No,Yes,Yes,Yes,Yes,Yes
21115,9972-EWRJS,Yes,No,No,No internet service,No internet service,No internet service,No internet service,No internet service,No internet service
21116,9972-NKTFD,Yes,No,DSL,No,Yes,No,Yes,No,No
21117,9972-VAFJJ,Yes,No,Fiber optic,No,Yes,Yes,Yes,Yes,No
21118,9974-JFBHQ,Yes,No,Fiber optic,No,Yes,No,Yes,Yes,Yes
21119,9975-GPKZU,Yes,No,No,No internet service,No internet service,No internet service,No internet service,No internet service,No internet service
21120,9975-SKRNR,Yes,No,No,No internet service,No internet service,No internet service,No internet service,No internet service,No internet service
21121,9978-HYCIN,Yes,No,Fiber optic,No,Yes,No,No,Yes,No
21122,9979-RGMZT,Yes,No,Fiber optic,No,Yes,No,No,Yes,Yes
21123,9985-MWVIX,Yes,No,Fiber optic,No,No,No,No,No,No
21124,9986-BONCE,Yes,No,No,No internet service,No internet service,No internet service,No internet service,No internet service,No internet service
21125,9987-LUTYD,Yes,No,DSL,Yes,No,No,Yes,No,No
21126,9992-RRAMN,Yes,Yes,Fiber optic,No,No,No,No,No,Yes
21127,9992-UJOEL,Yes,No,DSL,No,Yes,No,No,No,No
21128,9993-LHIEB,Yes,No,DSL,Yes,No,Yes,Yes,No,Yes
21129,9995-HOTOH,No,No phone service,DSL,Yes,Yes,Yes,No,Yes,Yes
