SubscriptionID,CustomerID,Tenure,MonthlyCharges,TotalCharges,ChurnFlag
7044,7590-VHVEG,1,29.85,29.85,0
7045,5575-GNVDE,34,56.95,1889.5,0
7046,3668-QPYBK,2,53.85,108.15,1
7047,7795-CFOCW,45,42.3,1840.75,0
7048,9237-HQITU,2,70.7,151.65,1
7049,9305-CDSKC,8,99.65,820.5,1
7050,1452-KIOVK,22,89.1,1949.4,0
7051,6713-OKOMC,10,29.75,301.9,0
7052,7892-POOKP,28,104.8,3046.05,1
7053,6388-TABGU,62,56.15,3487.95,0
7054,9763-GRSKD,13,49.95,587.45,0
7055,7469-LKBCI,16,18.95,326.8,0
7056,8091-TTVAX,58,100.35,5681.1,0
7057,0280-XJGEX,49,103.7,5036.3,1
7058,5129-JLPIS,25,105.5,2686.05,0
7059,3655-SNQYZ,69,113.25,7895.15,0
7060,8191-XWSZG,52,20.65,1022.95,0
7061,9959-WOFKT,71,106.7,7382.25,0
7062,4190-MFLUW,10,55.2,528.35,1
7063,4183-MYFRB,21,90.05,1862.9,0
7064,8779-QRDMV,1,39.65,39.65,1
7065,1680-VDCWW,12,19.8,202.25,0
7066,1066-JKSGK,1,20.15,20.15,1
7067,3638-WEABW,58,59.9,3505.1,0
7068,6322-HRPFA,49,59.6,2970.3,0
7069,6865-JZNKO,30,55.3,1530.6,0
7070,6467-CHFZW,47,99.35,4749.15,1
7071,8665-UTDHZ,1,30.2,30.2,1
7072,5248-YGIJN,72,90.25,6369.45,0
7073,8773-HHUOZ,17,64.7,1093.1,1
7074,3841-NFECX,71,96.35,6766.95,0
7075,4929-XIHVW,2,95.5,181.65,0
7076,6827-IEAUQ,27,66.15,1874.45,0
7077,7310-EGVHZ,1,20.2,20.2,0
7078,3413-BMNZE,1,45.25,45.25,0
7079,6234-RAAPL,72,99.9,7251.7,0
7080,6047-YHPVI,5,69.7,316.9,1
7081,6572-ADKRS,46,74.8,3548.3,0
7082,5380-WJKOV,34,106.35,3549.25,1
7083,8168-UQWWF,11,97.85,1105.4,1
7084,8865-TNMNX,10,49.55,475.7,0
7085,9489-DEDVP,70,69.2,4872.35,0
7086,9867-JCZSP,17,20.75,418.25,0
7087,4671-VJLCL,63,79.85,4861.45,0
7088,4080-IIARD,13,76.2,981.45,0
7089,3714-NTNFO,49,84.5,3906.7,0
7090,5948-UJZLF,2,49.25,97.0,0
7091,7760-OYPDY,2,80.65,144.15,1
7092,7639-LIAYI,52,79.75,4217.8,0
7093,2954-PIBKO,69,64.15,4254.1,0
7094,8012-SOUDQ,43,90.25,3838.75,0
7095,9420-LOJKX,15,99.1,1426.4,1
7096,6575-SUVOI,25,69.5,1752.65,0
7097,7495-OOKFY,8,80.65,633.3,1
7098,4667-QONEA,60,74.85,4456.35,0
7099,1658-BYGOY,18,95.45,1752.55,1
7100,8769-KKTPH,63,99.65,6311.2,0
7101,5067-XJQFU,66,108.45,7076.35,0
7102,3957-SQXML,34,24.95,894.3,0
7103,5954-BDFSG,72,107.5,7853.7,0
7104,0434-CSFON,47,100.5,4707.1,0
7105,1215-FIGMP,60,89.9,5450.7,0
7106,0526-SXDJP,72,42.1,2962.0,0
7107,0557-ASKVU,18,54.4,957.1,0
7108,5698-BQJOH,9,94.4,857.25,1
7109,5122-CYFXA,3,75.3,244.1,0
7110,8627-ZYGSZ,47,78.9,3650.35,0
7111,3410-YOQBQ,31,79.2,2497.2,0
7112,3170-NMYVV,50,20.15,930.9,0
7113,7410-OIEDU,10,79.85,887.35,0
7114,2273-QCKXA,1,49.05,49.05,0
7115,0731-EBJQB,52,20.4,1090.65,0
7116,1891-QRQSA,64,111.6,7099.0,0
7117,8028-PNXHQ,62,24.25,1424.6,0
7118,5630-AHZIL,3,64.5,177.4,0
7119,2673-CXQEU,56,110.5,6139.5,0
7120,6416-JNVRK,46,55.65,2688.85,0
7121,5590-ZSKRV,8,54.65,482.25,0
7122,0191-ZHSKZ,30,74.75,2111.3,0
7123,3887-PBQAO,45,25.9,1216.6,0
7124,5919-TMRGD,1,79.35,79.35,1
7125,8108-UXRQN,11,50.55,565.35,0
7126,9191-MYQKX,7,75.15,496.9,1
7127,9919-YLNNG,42,103.8,4327.5,0
7128,0318-ZOPWS,49,20.15,973.35,0
7129,4445-ZJNMU,9,99.3,918.75,0
7130,4808-YNLEU,35,62.15,2215.45,0
7131,1862-QRWPE,48,20.65,1057.0,0
7132,2796-NNUFI,46,19.95,927.1,0
7133,3016-KSVCP,29,33.75,1009.25,0
7134,4767-HZZHQ,30,82.05,2570.2,0
7135,2424-WVHPL,1,74.7,74.7,0
7136,7233-PAHHL,66,84.0,5714.25,0
7137,6067-NGCEU,65,111.05,7107.0,0
7138,9848-JQJTX,72,100.9,7459.05,0
7139,8637-XJIVR,12,78.95,927.35,1
7140,9803-FTJCG,71,66.85,4748.7,0
7141,0278-YXOOG,5,21.05,113.85,1
7142,3212-KXOCR,52,21.0,1107.2,0
7143,4598-XLKNJ,25,98.5,2514.5,1
7144,6380-ARCEH,1,20.2,20.2,0
7145,3679-XASPY,1,19.45,19.45,0
7146,7123-WQUHX,38,95.0,3605.6,0
7147,5386-THSLQ,66,45.55,3027.25,0
7148,3192-NQECA,68,110.0,7611.85,1
7149,6180-YBIQI,5,24.3,100.2,0
7150,6728-DKUCO,72,104.15,7303.05,0
7151,9750-BOOHV,32,30.15,927.65,0
7152,8597-CWYHH,43,94.35,3921.3,0
7153,0486-HECZI,55,96.75,5238.9,1
7154,2848-YXSMW,72,19.4,1363.25,0
7155,4549-ZDQYY,52,57.95,3042.25,0
7156,5712-AHQNN,43,91.65,3954.1,0
7157,4846-WHAFZ,37,76.5,2868.15,1
7158,5256-SKJGO,64,54.6,3423.5,0
7159,3071-VBYPO,3,89.85,248.4,0
7160,9560-BBZXK,36,31.05,1126.35,0
7161,5299-RULOA,10,100.25,1064.65,1
7162,8402-OOOHJ,41,20.65,835.15,0
7163,9445-ZUEQE,27,85.2,2151.6,0
7164,1091-SOZGA,56,99.8,5515.45,0
7165,2928-HLDBA,6,20.7,112.75,0
7166,0404-SWRVG,3,74.4,229.55,1
7167,6497-TILVL,7,50.7,350.35,0
7168,7219-TLZHO,4,20.85,62.9,0
7169,4622-YNKIJ,33,88.95,3027.65,0
7170,4412-YLTKF,27,78.05,2135.5,1
7171,6734-PSBAW,72,23.55,1723.95,0
7172,3930-ZGWVE,1,19.75,19.75,0
7173,2639-UGMAZ,71,56.45,3985.35,0
7174,2876-GZYZC,13,85.95,1215.65,0
7175,6207-WIOLX,25,58.6,1502.65,1
7176,8587-XYZSF,67,50.55,3260.1,0
7177,3091-FYHKI,1,35.45,35.45,1
7178,2372-HWUHI,2,44.35,81.25,1
7179,3376-BMGFE,4,70.9,273.0,1
7180,7799-LGRDP,43,25.7,1188.2,0
7181,7850-VWJUU,23,75.0,1778.5,0
7182,3774-VBNXY,64,20.2,1277.75,0
7183,6217-KDYWC,57,19.6,1170.55,0
7184,0390-DCFDQ,1,70.45,70.45,1
7185,3146-MSEGF,72,88.05,6425.65,0
7186,4080-OGPJL,8,71.15,563.65,1
7187,1095-WGNGG,61,101.05,5971.25,0
7188,2636-SJDOU,64,84.3,5289.05,0
7189,1131-QQZEB,71,23.95,1756.2,0
7190,5716-EZXZN,65,99.05,6416.7,0
7191,6837-BJYDQ,3,19.6,61.35,0
7192,2135-RXIHG,1,45.65,45.65,1
7193,6440-DKQGE,30,64.5,1929.95,0
7194,3466-BYAVD,15,69.5,1071.4,0
7195,3780-YVMFA,8,68.55,564.35,0
7196,3874-EQOEP,7,95.0,655.5,1
7197,1679-JRFBR,70,108.15,7930.55,0
7198,9073-ZZIAY,62,86.1,5215.25,0
7199,3077-RSNTJ,6,19.7,113.5,0
7200,6551-GNYDG,14,80.9,1152.8,0
7201,9167-APMXZ,22,84.15,1821.95,0
7202,6371-NZYEG,16,64.25,1024.0,0
7203,8992-VONJD,13,56.0,764.55,0
7204,0867-MKZVY,20,82.4,1592.35,1
7205,4482-EWFMI,2,69.7,135.2,0
7206,4648-YPBTM,53,73.9,3958.25,0
7207,2749-CTKAJ,22,20.15,419.9,0
7208,7554-NEWDD,10,25.7,251.6,0
7209,2907-ILJBN,11,20.6,233.9,0
7210,6345-FZOQH,69,19.9,1363.45,0
7211,5997-OPVFA,72,89.05,6254.45,0
7212,3445-HXXGF,58,45.3,2651.2,1
7213,1159-WFSGR,16,20.4,321.4,0
7214,7654-YWJUF,43,84.25,3539.25,0
7215,1875-QIVME,2,104.4,242.8,1
7216,6727-IOTLZ,14,81.95,1181.75,0
7217,0691-JVSYA,53,94.85,5000.2,1
7218,5918-VUKWP,32,20.55,654.55,0
7219,1744-JHKYS,34,24.7,780.2,0
7220,2656-FMOKZ,15,74.45,1145.7,1
7221,2070-FNEXE,7,76.45,503.6,1
7222,5947-SGKCL,15,105.35,1559.25,0
7223,3712-PKXZA,61,20.55,1252.0,0
7224,6317-YPKDH,1,29.95,29.95,1
7225,6582-OIVSP,1,45.3,45.3,0
7226,9367-WXLCH,8,84.5,662.65,1
7227,5524-KHNJP,33,74.75,2453.3,0
7228,1918-ZBFQJ,13,79.25,1111.65,1
7229,1024-GUALD,1,24.8,24.8,1
7230,4827-USJHP,20,51.8,1023.85,0
7231,8167-GJLRN,3,30.4,82.15,0
7232,0956-SYCWG,13,19.65,244.8,0
7233,8017-UVSZU,40,56.6,2379.1,0
7234,7100-FQPRV,43,71.9,3173.35,0
7235,2472-OVKUP,6,91.0,531.0,1
7236,2984-RGEYA,69,19.75,1375.4,0
7237,9680-NIAUV,72,109.7,8129.3,0
7238,2146-EGVDT,59,19.3,1192.7,0
7239,2604-IJPDU,20,96.55,1901.65,0
7240,9178-JHUVJ,24,24.1,587.4,0
7241,6168-YBYNP,59,111.35,6519.75,0
7242,7255-SSFBC,72,112.25,8041.65,0
7243,3645-DEYGF,1,20.75,20.75,0
7244,9323-HGFWY,27,101.9,2681.15,0
7245,8544-GOQSH,14,80.05,1112.3,0
7246,3363-DTIVD,71,105.55,7405.5,0
7247,7018-WBJNK,13,78.3,1033.95,0
7248,9142-KZXOP,44,68.85,2958.95,0
7249,7674-YTAFD,33,79.95,2684.85,0
7250,6348-SNFUS,72,55.45,4179.2,0
7251,1285-OKIPP,1,79.9,79.9,1
7252,7825-ECJRF,19,106.6,1934.45,1
7253,1347-KTTTA,64,102.45,6654.1,0
7254,7841-TZDMQ,2,46.0,84.5,1
7255,4195-NZGTA,1,25.25,25.25,0
7256,2504-DSHIH,23,86.8,1975.85,0
7257,0699-NDKJM,57,58.75,3437.45,0
7258,7157-SMCFK,61,19.75,1124.2,0
7259,4709-LKHYG,29,20.0,540.05,0
7260,9286-BHDQG,72,45.25,3139.8,0
7261,0230-WEQUW,66,56.6,3789.2,0
7262,2040-LDIWQ,65,84.2,5324.5,0
7263,6496-JDSSB,8,80.0,624.6,0
7264,9408-SSNVZ,4,70.15,268.35,1
7265,4443-EMBNA,71,24.75,1836.9,0
7266,6469-MRVET,1,20.2,20.2,0
7267,0742-MOABM,4,50.05,179.35,1
7268,5961-VUSRV,12,19.35,219.35,0
7269,6778-JFCMK,24,50.6,1288.75,0
7270,6341-JVQGF,31,81.15,2545.75,0
7271,2232-DMLXU,1,55.2,55.2,1
7272,4811-JBUVU,30,89.9,2723.15,0
7273,0945-TSONX,47,85.3,4107.25,0
7274,2651-ZCBXV,54,108.0,5760.65,0
7275,3316-UWXUY,50,93.5,4747.5,0
7276,8937-RDTHP,1,84.6,84.6,1
7277,7083-MIOPC,72,20.25,1566.9,0
7278,1984-GPTEH,29,25.15,702.0,0
7279,1251-KRREG,2,54.4,114.1,1
7280,0621-JFHOL,10,29.6,299.05,0
7281,9903-LYSAB,18,73.15,1305.95,0
7282,0094-OIFMO,11,95.0,1120.3,1
7283,7633-MVPUY,57,59.75,3450.15,0
7284,9227-UAQFT,16,19.75,284.35,0
7285,7301-ABVAD,72,86.6,6350.5,0
7286,6614-FHDBO,72,109.2,7878.3,0
7287,7576-ASEJU,41,74.7,3187.65,0
7288,9058-HRZSV,65,94.4,6126.15,0
7289,4522-AKYLR,13,54.8,731.3,0
7290,0221-WMXNQ,4,75.35,273.4,0
7291,0303-UNCIP,41,65.0,2531.8,0
7292,9947-OTFQU,15,74.4,1074.3,1
7293,0322-YINQP,1,48.55,48.55,1
7294,0959-WHOKV,42,99.0,4298.45,0
7295,4075-JFPGR,51,93.5,4619.55,0
7296,4629-NRXKX,2,70.4,147.15,1
7297,9514-JDSKI,1,40.2,40.2,1
7298,3282-ZISZV,32,83.7,2633.3,0
7299,3675-YDUPJ,10,19.85,193.05,0
7300,4111-BNXIF,67,59.55,4103.9,0
7301,7017-VFHAY,61,115.1,7008.15,0
7302,6655-LHBYW,50,114.35,5791.1,0
7303,4959-JOSRX,2,44.6,80.55,1
7304,5046-NUHWD,29,45.0,1228.65,0
7305,7273-TEFQD,3,41.15,132.2,1
7306,3606-TWKGI,13,106.9,1364.3,1
7307,7529-ZDFXI,57,89.85,4925.35,0
7308,7605-BDWDC,31,49.85,1520.1,0
7309,1950-KSVVJ,45,113.3,5032.25,0
7310,0123-CRBRT,61,88.1,5526.75,0
7311,3197-ARFOY,19,105.0,2007.25,0
7312,4385-GZQXV,16,94.45,1511.2,1
7313,6292-TOSSS,50,24.9,1195.25,0
7314,6323-AYBRX,59,19.35,1099.6,1
7315,7014-ZZXAW,71,24.25,1732.95,0
7316,6366-ZGQGL,1,24.8,24.8,1
7317,4716-HHKQH,20,107.05,2172.05,0
7318,5940-AHUHD,1,70.6,70.6,1
7319,6432-TWQLB,5,85.4,401.1,1
7320,4484-GLZOU,52,105.05,5624.85,1
7321,3179-GBRWV,21,64.95,1339.8,0
7322,8645-KWHJO,14,55.0,771.95,0
7323,4130-MZLCC,5,50.55,244.75,0
7324,0314-TKOSI,6,55.15,322.9,0
7325,8229-MYEJZ,10,51.2,498.25,0
7326,2080-SRCDE,1,25.4,25.4,0
7327,9577-WJVCQ,68,54.45,3687.75,0
7328,9512-UIBFX,18,95.15,1779.95,1
7329,6202-DYYFX,22,76.0,1783.6,0
7330,3808-HFKDE,20,44.35,927.15,0
7331,5583-SXDAG,1,70.0,70.0,1
7332,3488-PGMQJ,8,74.5,606.55,1
7333,3580-REOAC,10,44.85,435.4,1
7334,7534-BFESC,24,76.1,1712.7,1
7335,3727-OWVYD,35,61.2,2021.2,0
7336,2294-SALNE,23,86.8,1940.8,0
7337,4847-TAJYI,6,89.35,567.8,0
7338,9880-TDQAC,72,60.0,4264.0,0
7339,8705-WZCYL,1,44.8,44.8,0
7340,7102-JJVTX,9,48.6,422.3,0
7341,1563-IWQEX,12,19.7,220.35,0
7342,8203-XJZRC,1,20.25,20.25,0
7343,6556-DBKZF,71,76.05,5436.45,0
7344,6851-WEFYX,35,100.8,3437.5,0
7345,2985-JUUBZ,40,74.55,3015.75,0
7346,6390-DSAZX,1,73.6,73.6,1
7347,0895-LMRSF,23,64.9,1509.8,0
7348,8098-LLAZX,4,95.45,396.1,1
7349,8266-VBFQL,4,90.4,356.65,0
7350,8181-YHCMF,68,60.3,4109.0,0
7351,2240-HSJQD,38,81.85,3141.7,0
7352,1248-DYXUB,52,24.8,1229.1,0
7353,0265-EDXBD,32,74.9,2303.35,1
7354,4115-BNPJY,29,75.55,2054.4,0
7355,3167-SNQPL,38,101.15,3741.85,0
7356,4091-TVOCN,48,78.75,3682.45,0
7357,1098-TDVUQ,1,19.25,19.25,0
7358,7277-OZCGZ,22,89.05,1886.25,0
7359,1557-EMYVT,43,115.05,4895.1,0
7360,2799-ARNLO,5,69.35,341.6,0
7361,7563-BIUPC,5,80.6,415.55,1
7362,5027-YOCXN,51,110.05,5686.4,0
7363,3973-SKMLN,71,19.9,1355.1,0
7364,2321-OMBXY,38,80.3,3058.65,1
7365,2840-XANRC,24,93.15,2231.05,1
7366,6745-JEFZB,35,91.5,3236.35,0
7367,5020-ZSTTY,54,82.45,4350.1,1
7368,8626-PTQGE,69,60.05,4176.7,0
7369,4983-CLMLV,52,102.7,5138.1,0
7370,5701-YVSVF,11,82.9,880.05,0
7371,5804-LEPIM,2,70.35,139.05,1
7372,5697-GOMBF,28,35.9,973.65,0
7373,2739-CACDQ,17,82.65,1470.05,0
7374,9385-EHGDO,35,19.85,739.35,0
7375,9498-FIMXL,8,19.2,161.95,0
7376,2379-GYFLQ,46,94.9,4422.95,0
7377,0122-OAHPZ,7,73.85,511.25,1
7378,2868-SNELZ,2,80.6,155.8,1
7379,4322-RCYMT,68,75.8,5293.95,1
7380,6680-NENYN,43,104.6,4759.85,1
7381,2088-IEBAU,68,88.15,6148.45,0
7382,7982-VCELR,36,94.8,3565.65,0
7383,1343-EHPYB,63,103.4,6603.0,1
7384,6035-BXTTY,32,54.65,1830.1,0
7385,6885-PKOAM,71,85.75,6223.8,0
7386,7520-HQWJU,66,67.45,4508.65,0
7387,9639-BUJXT,63,20.5,1328.15,0
7388,5924-SNGKP,41,20.25,865.0,0
7389,0021-IKXGC,1,72.1,72.1,0
7390,2034-GDRCN,2,90.4,168.2,1
7391,6243-OZGFH,23,44.95,996.85,0
7392,4654-DLAMQ,64,97.0,6430.9,0
7393,0513-RBGPE,37,62.8,2278.75,0
7394,5160-UXJED,17,44.6,681.4,0
7395,4115-NZRKS,7,89.15,574.35,0
7396,8966-SNIZF,70,19.45,1303.5,0
7397,0219-YTZUE,4,84.8,371.9,1
7398,0623-IIHUG,21,41.9,840.1,1
7399,4572-DVCGN,10,80.25,846.0,1
7400,3351-NGXYI,16,54.1,889.0,0
7401,8984-EYLLL,64,105.25,6823.4,0
7402,9057-MSWCO,27,30.75,805.1,1
7403,9833-TGFHX,42,97.1,4016.75,0
7404,9294-TDIPC,5,20.2,83.75,0
7405,5229-DTFYB,41,98.8,3959.15,0
7406,0104-PPXDV,58,50.3,2878.55,0
7407,5176-LMJXE,47,20.55,945.7,0
7408,3583-KRKMD,18,75.9,1373.05,0
7409,1010-DIAUQ,5,96.5,492.55,1
7410,9069-LGEUL,23,59.95,1406.0,0
7411,7302-ZHMHP,1,19.15,19.15,0
7412,9571-EDEBV,71,98.65,6962.85,0
7413,3520-FJGCV,72,112.6,8126.65,0
7414,6563-VRERX,33,20.6,690.25,0
7415,0259-GBZSH,2,85.65,181.5,1
7416,6122-EFVKN,24,35.75,830.8,0
7417,2805-EDJPQ,56,99.75,5608.4,0
7418,6862-CQUMB,37,96.1,3646.8,0
7419,7156-MXBJE,43,85.1,3662.25,0
7420,6158-HDPXZ,1,25.35,25.35,0
7421,9601-BRXPO,25,104.95,2566.5,1
7422,2863-IMQDR,61,89.65,5308.7,0
7423,5686-CMAWK,17,86.75,1410.25,0
7424,5651-CRHKQ,41,86.2,3339.05,0
7425,6905-NIQIN,1,50.65,50.65,1
7426,8204-YJCLA,72,64.8,4732.35,0
7427,5167-ZFFMM,1,90.85,90.85,1
7428,6583-SZVGP,48,108.1,5067.45,0
7429,4895-TMWIR,11,19.95,214.75,1
7430,0533-BNWKF,55,85.45,4874.7,1
7431,1708-PBBOA,42,54.75,2348.45,0
7432,8782-LKFPK,44,90.4,4063.0,0
7433,5522-JBWMO,1,44.0,44.0,0
7434,3597-MVHJT,27,95.6,2595.25,0
7435,9774-NRNAU,27,84.8,2309.55,0
7436,0224-RLWWD,2,44.3,89.3,0
7437,9967-ATRFS,19,19.9,367.55,0
7438,3951-NJCVI,42,95.05,3944.5,0
7439,2977-CEBSX,66,90.05,5965.95,0
7440,0177-PXBAT,33,109.9,3694.7,0
7441,6599-CEBNN,34,73.95,2524.45,1
7442,2519-ERQOJ,33,54.6,1803.7,0
7443,5876-QMYLD,23,20.05,415.1,0
7444,2277-AXSDC,32,19.75,624.15,0
7445,9442-JTWDL,11,20.05,237.7,0
7446,0979-PHULV,69,99.45,7007.6,1
7447,3067-SVMTC,68,55.9,3848.8,0
7448,4742-DRORA,60,95.4,5812.0,0
7449,0111-KLBQG,32,93.95,2861.45,0
7450,5495-GPSRW,20,19.7,419.4,0
7451,7606-BPHHN,72,19.8,1468.75,0
7452,4800-VHZKI,1,19.9,19.9,1
7453,7989-CHGTL,1,19.6,19.6,1
7454,0334-GDDSO,3,81.35,233.7,1
7455,4163-NCJAK,46,24.45,1066.15,0
7456,5233-AOZUF,29,74.95,2149.05,0
7457,5973-EJGDP,51,87.35,4473.0,0
7458,1996-DBMUS,48,70.65,3545.05,0
7459,7916-VCCPB,16,73.25,1195.75,0
7460,4686-GEFRM,70,98.7,6858.9,0
7461,5249-QYHEX,40,24.8,1024.7,0
7462,0578-SKVMF,22,83.3,1845.9,1
7463,5564-NEMQO,1,75.3,75.3,1
7464,2233-FAGXV,5,24.3,132.25,0
7465,5605-IYGFG,7,69.85,515.45,0
7466,7663-ZTEGJ,29,100.55,2830.45,0
7467,3935-TBRZZ,44,25.7,1110.5,0
7468,8111-BKVDS,10,40.7,449.3,0
7469,2055-SIFSS,55,51.65,2838.55,0
7470,2806-MLNTI,52,105.1,5376.4,0
7471,8734-DKSTZ,10,85.95,858.6,0
7472,4360-PNRQB,18,75.6,1395.05,0
7473,6152-ONASV,68,58.25,3975.7,0
7474,1452-VOQCH,1,75.1,75.1,0
7475,9063-ZGTUY,61,19.4,1182.55,1
7476,7781-HVGMK,72,65.2,4784.45,0
7477,2181-UAESM,2,53.45,119.5,0
7478,2957-LOLHO,12,45.4,518.9,1
7479,6048-NJXHX,41,19.75,899.45,0
7480,2320-SLKMB,26,44.45,1183.8,0
7481,4980-URKXC,36,20.85,720.05,0
7482,4376-KFVRS,72,114.05,8468.2,0
7483,5886-VLQVU,35,89.85,3161.2,0
7484,3577-AMVUX,1,55.05,55.05,0
7485,0771-WLCLA,16,112.95,1882.55,0
7486,5628-RKIFK,49,101.55,5070.4,0
7487,0206-TBWLC,54,114.65,6049.5,0
7488,2937-FTHUR,18,64.8,1166.7,0
7489,1910-FMXJM,36,80.4,2937.65,0
7490,7752-XUSCI,60,105.9,6396.45,1
7491,4110-PFEUZ,1,69.55,69.55,1
7492,0732-OCQOC,52,25.05,1270.25,0
7493,5168-MSWXT,8,94.75,759.55,0
7494,1090-ESELR,72,105.5,7611.55,0
7495,8592-PLTMQ,64,24.7,1642.75,0
7496,5760-WRAHC,22,69.75,1545.4,0
7497,8847-GEOOQ,60,60.2,3582.4,0
7498,0256-LTHVJ,28,81.05,2227.1,1
7499,8313-NDOIA,24,104.15,2494.65,0
7500,5149-CUZUJ,28,92.9,2768.35,0
7501,0942-KOWSM,30,80.8,2369.3,0
7502,4785-FCIFB,61,24.4,1417.9,0
7503,4237-CLSMM,2,20.0,38.0,0
7504,4719-UMSIY,6,19.65,100.9,0
7505,6614-VBEGU,24,69.45,1614.05,0
7506,0880-TKATG,4,101.15,385.9,1
7507,3811-VBYBZ,7,99.8,673.25,1
7508,1480-BKXGA,72,116.05,8404.9,0
7509,2996-XAUVF,70,40.05,2799.75,0
7510,9076-AXYIK,64,102.1,6538.45,0
7511,5968-XQIVE,72,89.7,6588.95,0
7512,8896-RAZCR,44,19.9,868.1,0
7513,4640-UHDOS,13,55.95,734.35,1
7514,4933-IKULF,17,20.65,330.6,0
7515,3583-EKAPL,1,55.0,55.0,1
7516,1304-BCCFO,9,70.05,564.4,0
7517,4104-PVRPS,24,53.6,1315.35,0
7518,9399-APLBT,1,74.7,74.7,1
7519,2359-KMGLI,24,80.25,1861.5,1
7520,3780-DDGSE,35,76.05,2747.2,0
7521,4431-EDMIQ,7,75.7,554.05,0
7522,0306-JAELE,5,96.1,453.4,1
7523,6227-HWPWX,15,69.0,994.8,1
7524,0486-LGCCH,11,19.65,225.75,0
7525,0447-BEMNG,48,45.3,2145.0,1
7526,4612-SSVHJ,20,81.45,1671.6,0
7527,5168-MQQCA,72,108.5,8003.8,0
7528,5949-XIKAE,8,83.55,680.05,1
7529,7971-HLVXI,72,84.5,6130.85,0
7530,9094-AZPHK,15,100.15,1415.0,0
7531,3649-JPUGY,72,88.6,6201.95,0
7532,4472-LVYGI,0,52.55,0.0,0
7533,8372-JUXUI,1,74.35,74.35,1
7534,3552-CTCYF,63,104.8,6597.25,0
7535,6778-YSNIH,2,59.0,114.15,0
7536,0388-EOPEX,2,74.4,139.4,1
7537,5756-OZRIO,61,64.05,3902.6,0
7538,6579-JPICP,1,20.4,20.4,0
7539,8205-OTCHB,22,43.75,903.6,1
7540,4134-BSXLX,28,60.9,1785.65,0
7541,0505-SPOOW,70,19.8,1397.65,0
7542,6235-VDHOM,5,28.45,131.05,1
7543,7783-YKGDV,12,99.7,1238.45,1
7544,4374-YMUSQ,34,116.25,3899.05,0
7545,4513-CXYIX,71,80.7,5676.0,0
7546,3957-HHLMR,70,65.2,4543.15,0
7547,7803-XOCCZ,52,84.05,4326.8,0
7548,5736-YEJAX,69,79.45,5502.55,0
7549,5609-CEBID,20,94.1,1782.4,1
7550,8981-FJGLA,11,78.0,851.8,0
7551,7218-HKQFK,2,94.2,167.5,1
7552,4636-QRJKY,6,80.5,502.85,1
7553,4332-MUOEZ,20,94.3,1818.3,0
7554,8535-SFUTN,61,106.45,6300.15,0
7555,5956-VKDTT,5,74.35,334.8,1
7556,8677-HDZEE,56,105.45,5916.95,0
7557,2475-MROZF,30,95.0,2852.4,0
7558,1135-LMECX,1,19.85,19.85,0
7559,9412-GHEEC,40,104.8,4131.95,1
7560,3482-ABPKK,28,54.3,1546.3,0
7561,6705-LXORM,5,70.05,302.6,0
7562,0257-ZESQC,27,75.2,1929.35,1
7563,7531-GQHME,12,20.05,265.45,0
7564,5174-ITUMV,67,105.4,6989.45,0
7565,4109-CYRBD,29,51.6,1442.0,0
7566,0913-XWSCN,55,85.5,4713.4,0
7567,6825-UYPFK,23,75.6,1758.6,1
7568,8397-MVTAZ,34,100.05,3480.0,1
7569,0750-EBAIU,52,91.25,4738.3,0
7570,8606-CIQUL,72,115.75,8399.15,0
7571,3571-DPYUH,58,94.7,5430.35,0
7572,7601-GNDYK,35,19.6,686.95,0
7573,0356-OBMAC,56,99.9,5706.3,0
7574,8067-NIOYM,24,21.1,490.65,0
7575,1403-GYAFU,70,20.05,1360.25,0
7576,4234-XTNEA,2,79.95,174.45,0
7577,1297-VQDRP,68,107.15,7379.8,0
7578,9282-IZGQK,1,85.0,85.0,1
7579,5348-CAGXB,12,89.55,1021.75,0
7580,0621-HJWXJ,63,81.55,5029.05,0
7581,5844-QVTAT,33,58.45,1955.4,0
7582,8905-IAZPF,69,95.65,6744.2,0
7583,5394-MEITZ,60,80.6,4946.7,0
7584,6859-QNXIQ,72,113.1,8248.5,0
7585,2782-LFZVW,11,58.95,601.6,0
7586,2866-IKBTM,1,19.55,19.55,0
7587,1342-JPNKI,10,86.05,834.1,1
7588,2817-NTQDO,13,45.55,597.0,1
7589,7129-AZJDE,34,78.95,2647.2,0
7590,6986-IJDHX,39,86.3,3266.0,1
7591,2560-PPCHE,65,105.05,6744.25,0
7592,4676-MQUEA,50,101.9,5265.5,0
7593,8138-EALND,15,19.75,311.6,0
7594,3580-HYCSP,72,110.3,7966.9,0
7595,1352-HNSAW,72,115.6,8220.4,0
7596,2075-PUEPR,55,19.35,1153.25,0
7597,1982-FEBTD,23,25.6,514.75,0
7598,5301-GAUUY,32,80.35,2596.15,1
7599,5791-KAJFD,56,68.75,3808.0,0
7600,2654-VBVPB,1,19.9,19.9,0
7601,1154-HYWWO,38,70.6,2708.2,0
7602,2501-XWWTZ,11,70.2,760.05,0
7603,3716-UVSPD,1,49.3,49.3,0
7604,6815-ABQFQ,56,107.25,6033.3,0
7605,7343-EOBEU,3,23.6,89.05,0
7606,3701-SFMUH,7,69.7,516.15,0
7607,6103-LIANB,59,99.5,5861.75,0
7608,7319-VENRZ,7,64.3,445.95,0
7609,5846-NEQVZ,71,70.85,4973.4,0
7610,6967-QIQRV,15,101.9,1667.25,0
7611,5781-RFZRP,71,73.5,5357.75,0
7612,0939-YAPAF,35,100.25,3527.6,1
7613,0308-IVGOK,11,40.4,422.6,0
7614,7293-LSCDV,60,19.25,1103.25,0
7615,7025-WCBNE,47,59.6,2754.0,0
7616,5756-JYOJT,11,64.9,697.25,0
7617,4710-FDUIZ,56,100.3,5614.45,1
7618,6030-REHUX,28,110.85,3204.4,0
7619,9548-LIGTA,61,81.05,4747.65,0
7620,5150-LJNSR,31,98.05,3082.1,0
7621,8270-RKSAP,9,70.5,597.9,0
7622,6522-YRBXD,35,94.55,3365.4,0
7623,2640-LYMOV,2,19.65,38.8,0
7624,1218-VKFPE,12,19.0,233.55,1
7625,3627-FHKBK,1,75.3,75.3,1
7626,2865-TCHJW,4,89.2,346.2,1
7627,1423-BMPBQ,1,19.0,19.0,0
7628,2393-DIVAI,3,20.0,61.7,0
7629,5192-EBGOV,1,85.7,85.7,1
7630,4568-KNYWR,52,63.25,3342.45,0
7631,8752-IMQOS,5,20.1,85.1,0
7632,0742-LAFQK,72,99.15,7422.1,0
7633,0795-LAFGP,71,90.4,6668.05,0
7634,0619-OLYUR,72,111.9,8071.05,0
7635,0459-SPZHJ,63,83.5,5435.0,0
7636,0215-BQKGS,30,84.3,2438.6,0
7637,9244-ZVAPM,1,45.6,45.6,0
7638,5512-IDZEI,46,24.9,1174.8,0
7639,0719-SYFRB,12,61.65,713.75,1
7640,8208-EUMTE,16,54.85,916.15,0
7641,5172-MIGPM,4,65.55,237.2,0
7642,1710-RCXUS,51,90.35,4614.55,0
7643,0374-FIUCA,65,20.4,1414.45,0
7644,5839-SUYVZ,16,74.55,1170.5,0
7645,5173-ZXXXL,2,19.95,47.7,0
7646,1096-ADRUX,66,74.25,4859.25,0
7647,2001-MCUUW,46,108.65,4903.2,0
7648,2731-GJRDG,32,109.55,3608.0,0
7649,4723-BEGSG,72,86.65,6094.25,0
7650,6516-NKQBO,38,81.0,3084.9,0
7651,8672-OAUPW,51,47.85,2356.75,0
7652,8207-DMRVL,72,114.55,8306.05,0
7653,3419-SNJJD,65,105.25,6786.4,1
7654,6543-CPZMK,9,29.95,248.95,1
7655,4765-OXPPD,9,65.0,663.05,1
7656,2804-ETQDK,66,20.55,1357.1,0
7657,6689-VRRTK,44,109.8,4860.35,0
7658,7138-GIRSH,50,69.5,3418.2,0
7659,9396-ZSFLL,15,48.85,631.4,0
7660,6464-KEXXH,8,25.25,186.3,0
7661,7134-MJPDY,66,102.85,6976.75,0
7662,5240-CAOYT,57,87.55,4884.85,0
7663,4059-IIEBK,7,78.55,522.95,0
7664,4881-JVQOD,10,34.55,362.6,0
7665,0516-UXRMT,62,92.05,5755.8,0
7666,4851-BQDNX,40,85.05,3355.65,0
7667,5148-HKFIR,20,19.7,406.95,0
7668,1009-IRMNA,7,20.0,137.6,1
7669,3003-CMDUU,25,95.15,2395.7,0
7670,5016-IBERQ,23,84.25,1968.1,0
7671,6797-UCJHZ,66,104.6,6819.45,0
7672,2469-DTSGX,72,111.65,7943.45,0
7673,4554-YGZIH,49,90.05,4547.25,1
7674,5099-BAILX,43,110.75,4687.9,1
7675,9931-KGHOA,46,55.0,2473.95,0
7676,1775-KWJKQ,72,89.85,6562.9,0
7677,7665-VIGUD,10,20.35,176.3,0
7678,9411-TPQQV,40,54.55,2236.2,0
7679,7207-RMRDB,65,105.5,6985.65,1
7680,7954-MLBUN,31,99.45,3109.9,0
7681,2077-DDHJK,68,70.9,4911.35,0
7682,4913-EHYUI,56,104.55,5794.65,1
7683,0195-IESCP,10,85.25,855.3,1
7684,9574-BOSMD,68,25.4,1620.2,0
7685,4580-TMHJU,43,56.15,2499.3,1
7686,0970-ETWGE,1,89.55,89.55,1
7687,4908-XAXAY,49,89.85,4287.2,0
7688,8404-VLQFB,15,25.25,394.85,0
7689,1626-ERCMM,20,94.55,1899.65,1
7690,0887-HJGAR,1,45.7,45.7,1
7691,2391-IPLOP,50,69.65,3442.15,0
7692,5644-PDMZC,2,89.5,161.5,1
7693,3509-GWQGF,24,70.0,1732.6,0
7694,9576-ANLXO,3,69.55,222.3,1
7695,2024-BASKD,1,74.6,74.6,1
7696,5845-BZZIB,35,20.1,655.3,0
7697,1140-UKVZG,17,24.8,475.25,0
7698,4160-AMJTL,8,19.65,164.3,1
7699,5183-SNMJQ,10,95.1,865.1,0
7700,8100-PNJMH,68,88.85,6132.7,0
7701,7838-LAZFO,45,78.8,3597.5,0
7702,4464-JCOLN,2,19.85,35.9,1
7703,2085-JVGAD,37,20.35,697.65,0
7704,5650-VDUDS,4,24.25,96.05,1
7705,8095-WANWK,10,45.25,428.7,0
7706,3030-ZKIWL,1,20.05,20.05,0
7707,9565-FLVCG,65,69.55,4459.15,0
7708,8755-OGKNA,57,19.5,1167.6,0
7709,2800-VEQXM,3,74.75,238.1,0
7710,7538-GWHML,2,69.65,145.15,1
7711,5533-RJFTJ,49,30.2,1453.1,0
7712,3859-CVCET,4,45.65,191.05,1
7713,0214-JHPFW,70,57.8,4039.3,0
7714,3276-HDUEG,1,75.05,75.05,1
7715,0823-HSCDJ,52,49.15,2550.9,1
7716,3729-OWRVL,65,110.35,7246.15,0
7717,0822-GAVAP,2,34.7,62.25,1
7718,5760-IFJOZ,3,107.95,313.6,0
7719,5642-MHDQT,53,19.85,1039.45,0
7720,3088-FVYWK,53,25.55,1336.1,0
7721,9092-GDZKO,22,24.85,493.4,0
7722,2324-AALNO,48,24.55,1203.95,0
7723,2826-UWHIS,45,81.4,3775.85,0
7724,1448-PWKYE,1,80.0,80.0,1
7725,7501-IWUNG,61,73.8,4616.05,0
7726,4957-TREIR,3,64.4,195.65,0
7727,7251-LJBQN,40,103.75,4188.4,0
7728,8040-MNRTF,1,71.1,71.1,0
7729,1536-HBSWP,1,49.9,49.9,0
7730,5313-FPXWG,51,24.6,1266.4,0
7731,0067-DKWBL,2,49.25,91.1,1
7732,0946-FKYTX,52,30.1,1623.4,0
7733,5076-YVXCM,51,83.4,4149.45,0
7734,8262-COGGB,1,20.45,20.45,0
7735,6663-JOCQO,31,75.25,2344.5,0
7736,9620-QJREV,47,20.55,1013.05,0
7737,2276-YDAVZ,3,75.1,270.7,1
7738,2682-KEVRP,22,20.05,417.0,0
7739,5244-IRFIH,33,94.5,3105.55,1
7740,6786-OBWQR,5,80.85,356.1,0
7741,2684-EIWEO,30,91.7,2758.15,1
7742,2753-JMMCV,65,74.2,4805.65,0
7743,6439-GTPCA,45,87.25,3941.7,1
7744,2480-JZOSN,1,20.65,20.65,0
7745,0078-XZMHT,72,85.15,6316.2,0
7746,5896-NPFWW,3,50.15,168.15,1
7747,9978-HYCIN,47,84.95,4018.05,0
7748,8338-QIUNR,72,66.5,4811.6,0
7749,1525-LNLOJ,66,63.3,4189.7,0
7750,9450-TRJUU,35,83.15,2848.45,0
7751,1766-GKNMI,29,84.9,2516.2,0
7752,6942-LBFDP,2,20.55,33.6,0
7753,1456-TWCGB,4,49.25,208.45,0
7754,7133-VBDCG,25,79.85,2015.35,1
7755,7596-ZYWBB,65,59.6,3739.8,0
7756,8329-UTMVM,27,104.65,2964.0,0
7757,3014-WJKSM,29,75.3,2263.4,0
7758,3347-YJZZE,29,80.1,2211.8,0
7759,1029-QFBEN,1,19.55,19.55,1
7760,7929-DMBCV,20,81.0,1683.7,0
7761,9661-JALZV,58,24.7,1519.0,0
7762,5433-KYGHE,14,86.0,1164.05,0
7763,4312-KFRXN,72,25.4,1710.9,0
7764,5575-TPIZQ,46,89.15,4245.55,0
7765,0114-IGABW,71,58.25,4145.9,0
7766,9944-AEXBM,32,85.65,2664.3,0
7767,1853-ARAAQ,26,50.35,1277.5,0
7768,6952-OMNWB,68,80.35,5589.3,0
7769,4952-YSOGZ,4,85.95,381.3,1
7770,1589-AGTLK,3,45.35,141.5,1
7771,4697-LUPSU,2,20.2,34.75,0
7772,8434-VGEQQ,61,20.55,1305.95,0
7773,6549-YMFAW,9,21.25,204.55,0
7774,4950-HKQTE,22,26.25,605.9,0
7775,6621-YOBKI,5,20.35,92.75,0
7776,1216-JWVUX,25,75.5,1901.05,0
7777,7564-GHCVB,72,79.05,5730.7,0
7778,1173-NOEYG,27,90.15,2423.4,0
7779,7595-EHCDL,32,50.6,1653.45,0
7780,6647-ZEDXT,30,110.45,3327.05,0
7781,2521-NPUZR,70,101.0,7085.5,0
7782,1307-TVUFB,42,79.35,3344.1,0
7783,7503-MIOGA,72,89.85,6697.35,0
7784,4381-MHQDC,47,65.0,2879.9,0
7785,6923-JHPMP,2,80.45,137.1,0
7786,5138-WVKYJ,10,98.55,1008.55,1
7787,4018-PPNDW,61,24.1,1551.6,0
7788,1635-FJFCC,5,44.05,202.15,0
7789,2499-AJYUA,72,110.8,7882.25,0
7790,6919-ELBGL,72,114.95,8196.4,0
7791,3966-HRMZA,3,75.05,202.9,0
7792,6425-JWTDV,48,19.25,855.1,0
7793,8405-IGQFX,63,90.05,5817.0,0
7794,8224-IVVPA,27,56.7,1652.95,0
7795,9477-LGWQI,70,80.15,5600.15,0
7796,1410-RSCMR,7,71.35,515.75,0
7797,3115-CZMZD,0,20.25,0.0,0
7798,0139-IVFJG,2,90.35,190.5,0
7799,6683-VLCTZ,20,98.55,1842.8,1
7800,5730-DBDSI,66,19.7,1253.8,0
7801,0030-FNXPP,3,19.85,57.2,0
7802,2189-WWOEW,15,85.9,1269.55,1
7803,5684-FJVYR,72,90.35,6563.4,0
7804,4013-GUXND,1,20.8,20.8,0
7805,1894-IGFSG,22,89.25,1907.85,1
7806,7379-POKDZ,3,70.3,208.85,1
7807,1266-NZYUI,72,66.85,4758.8,0
7808,7969-FFOWG,65,19.9,1292.6,0
7809,4718-DHSMV,11,35.8,363.15,0
7810,5175-WLYXL,22,78.85,1600.25,0
7811,7817-OMJNA,14,20.4,275.7,0
7812,8728-SKJLR,41,74.25,3089.1,0
7813,3137-NYQQI,17,64.8,1175.6,0
7814,7706-DZNKK,11,20.45,237.3,0
7815,0236-HFWSV,15,93.35,1444.65,1
7816,3900-AQPHZ,1,19.9,19.9,1
7817,5842-POCOP,5,88.9,454.15,1
7818,2037-XJFUP,33,95.8,3036.75,1
7819,8823-RLPWL,72,110.65,8065.65,0
7820,9505-SQFSW,3,40.3,92.5,0
7821,7314-OXENN,2,82.0,184.65,1
7822,3758-CKOQL,59,107.0,6152.3,0
7823,0322-CHQRU,2,45.35,89.5,1
7824,5676-CFLYY,71,73.35,5154.5,0
7825,7521-AFHAB,5,44.8,220.45,0
7826,0285-INHLN,27,54.75,1510.3,0
7827,4678-DVQEO,1,52.2,52.2,1
7828,5125-CNDSP,63,40.6,2588.95,0
7829,0691-IFBQW,46,110.0,4874.8,1
7830,4992-LTJNE,72,55.3,3983.6,0
7831,2202-OUTMO,34,60.85,2003.6,0
7832,0810-BDHAW,24,78.4,1832.4,0
7833,0229-LFJAF,72,69.65,4908.25,0
7834,7131-ZQZNK,60,59.85,3590.2,0
7835,3442-ZHHCC,68,76.9,5023.0,0
7836,5726-CVNYA,8,19.85,146.6,0
7837,9871-ELEYA,34,67.65,2339.3,0
7838,4257-GAESD,6,45.0,298.7,0
7839,5173-WXOQV,2,64.2,143.65,0
7840,2040-OBMLJ,31,81.7,2548.65,0
7841,6286-ZHAOK,20,25.55,507.4,0
7842,3807-XHCJH,1,20.0,20.0,0
7843,3009-JWMPU,62,96.75,6125.4,1
7844,5671-RQRLP,70,75.65,5411.4,0
7845,1450-GALXR,10,98.5,1058.25,1
7846,3174-AKMAS,46,64.2,3009.5,0
7847,3138-BKYAV,6,85.35,489.45,1
7848,9926-PJHDQ,72,76.8,5468.45,0
7849,7382-DFJTU,18,55.2,1058.1,0
7850,2798-NYLMZ,71,108.55,7616.0,0
7851,8859-AXJZP,39,23.8,903.8,0
7852,4289-DTDKW,40,101.3,4113.1,1
7853,1820-TQVEV,1,69.55,69.55,1
7854,2239-JALAW,58,103.25,6017.65,1
7855,4853-RULSV,70,104.0,7250.15,1
7856,8098-TDCBU,42,25.25,1108.2,0
7857,3551-GAEGL,34,30.4,938.65,0
7858,4785-NKHCX,5,20.05,94.15,0
7859,3196-NVXLZ,25,84.6,2088.05,0
7860,6275-YDUVO,2,86.2,178.7,1
7861,0036-IHMOT,55,103.7,5656.75,0
7862,0115-TFERT,21,111.2,2317.1,1
7863,4178-EGMON,70,88.0,5986.45,0
7864,4220-TINQT,61,106.35,6751.35,0
7865,5318-YKDPV,43,79.15,3566.6,0
7866,7975-TZMLR,47,103.1,4889.3,0
7867,0295-QVKPB,5,63.95,318.1,0
7868,4335-BSMJS,62,25.8,1563.95,0
7869,2311-QYMUQ,16,89.45,1430.25,1
7870,3643-AHCFP,7,95.6,644.35,1
7871,9146-JRIOX,14,25.55,372.45,0
7872,3104-OWCGK,60,90.95,5453.4,1
7873,5337-IIWKZ,34,44.85,1442.6,0
7874,9101-BWFSS,50,108.55,5610.7,1
7875,5275-PMFUT,72,64.8,4719.75,0
7876,9777-IQHWP,64,93.4,5822.3,0
7877,0947-MUGVO,20,73.65,1463.5,1
7878,9650-VBUOG,38,25.05,963.95,0
7879,3487-EARAT,70,74.1,5222.3,0
7880,2672-TGEFF,37,88.8,3340.55,0
7881,9231-ZJYAM,4,78.85,292.8,1
7882,4250-WAROZ,60,93.25,5774.55,0
7883,8184-WMOFI,62,71.4,4487.3,0
7884,6982-SSHFK,1,44.4,44.4,1
7885,6092-QZVPP,36,79.2,2854.95,0
7886,4625-LAMOB,44,20.4,905.55,0
7887,0727-BMPLR,55,100.0,5509.3,1
7888,0392-BZIUW,72,105.0,7589.8,0
7889,1038-ZAGBI,12,19.8,229.6,1
7890,6549-NNDYT,13,30.85,394.1,0
7891,3027-ZTDHO,1,89.9,89.9,1
7892,0422-OHQHQ,15,20.55,295.95,0
7893,6916-HIJSE,65,84.85,5459.2,0
7894,2316-ESMLS,12,33.15,444.75,0
7895,9778-OGKQZ,72,92.0,6782.15,0
7896,7408-OFWXJ,72,89.8,6510.45,0
7897,6007-TCTST,72,115.8,8476.5,0
7898,2252-NKNSI,52,85.15,4461.85,0
7899,8713-IGZSO,2,24.85,62.0,0
7900,7905-TVXTA,5,64.35,352.65,0
7901,2382-BCKQJ,62,100.15,6413.65,1
7902,8374-UULRV,72,86.05,6309.65,0
7903,2207-NHRJK,1,50.8,50.8,1
7904,3224-DFQNQ,66,89.0,5898.6,0
7905,7695-PKLCZ,68,20.5,1424.9,0
7906,4795-UXVCJ,26,19.8,457.3,0
7907,9944-HKVVB,3,95.1,307.4,1
7908,4124-MMETB,22,94.65,2104.55,1
7909,3671-SHRSP,4,80.6,319.15,1
7910,0979-MOZQI,62,39.0,2337.45,0
7911,2732-ISEZX,5,20.5,104.3,0
7912,3313-QKNKB,59,85.55,5084.65,1
7913,0323-XWWTN,3,26.4,121.25,0
7914,1937-OTUKY,72,98.2,7015.9,0
7915,1573-LGXBA,57,97.55,5598.0,0
7916,1764-VUUMT,66,19.95,1269.1,0
7917,5073-WXOYN,60,50.8,3027.4,1
7918,4713-ZBURT,45,99.7,4634.35,0
7919,3050-GBUSH,3,34.8,113.95,0
7920,0207-MDKNV,15,105.1,1582.75,1
7921,7876-AEHIG,51,60.15,3077.0,0
7922,7945-HLKEA,60,64.75,4039.5,0
7923,9342-VNIMQ,33,54.65,1665.2,0
7924,9851-KIELU,10,110.1,1043.3,1
7925,3523-BRGUW,26,19.3,504.2,0
7926,3908-BLSYF,6,83.9,497.55,1
7927,3199-NPKCN,67,111.25,7511.65,0
7928,5170-PTRKA,49,35.8,1782.0,0
7929,7649-SIJJF,71,80.1,5585.4,0
7930,3097-NNSPB,2,49.05,91.1,1
7931,4661-NJEUX,1,20.05,20.05,0
7932,2123-AGEEN,7,84.35,609.65,0
7933,1258-YMZNM,27,110.5,2857.6,0
7934,0048-LUMLS,37,91.2,3247.55,0
7935,7549-MYGPK,63,100.55,6215.35,1
7936,5898-IGSLP,31,89.3,2823.0,0
7937,3804-RVTGV,50,103.85,5017.9,1
7938,6259-WJQLC,32,81.1,2619.25,0
7939,9227-LUNBG,1,24.6,24.6,1
7940,7997-EASSD,63,81.2,4965.1,0
7941,0730-KOAVE,30,94.3,2679.7,0
7942,8975-SKGRX,71,116.1,8310.55,0
7943,0678-RLHVP,53,105.55,5682.25,0
7944,4315-MURBD,12,98.9,1120.95,1
7945,2267-FPIMA,50,94.4,4914.9,0
7946,1051-GEJLJ,2,19.5,27.55,0
7947,9734-YWGEX,9,98.3,923.5,1
7948,2719-BDAQO,17,93.85,1625.65,1
7949,5285-MVEHD,56,105.6,6068.65,0
7950,0379-DJQHR,67,81.35,5398.6,0
7951,0781-LKXBR,9,100.5,918.6,1
7952,5543-QDCRY,4,56.4,234.85,0
7953,0297-RBCSG,19,65.35,1231.85,0
7954,4694-PHWFW,8,19.95,170.9,0
7955,0835-JKADZ,71,111.25,7984.15,0
7956,1907-UBQFC,10,72.85,688.65,1
7957,7508-SMHXL,15,89.0,1288.3,0
7958,3865-YIOTT,72,106.1,7848.5,0
7959,5993-BQHEA,12,20.05,267.0,0
7960,6024-RUGGH,72,25.2,1798.9,0
7961,6513-EECDB,1,73.55,73.55,1
7962,3956-CJUST,23,75.4,1643.55,0
7963,4079-WWQQQ,72,65.55,4807.45,0
7964,6103-BOCOU,26,80.7,2193.0,0
7965,5149-TGWDZ,21,104.55,2239.4,0
7966,7471-WNSUF,60,24.15,1505.9,0
7967,8942-DBMHZ,12,20.45,255.35,0
7968,4301-VVZKA,16,75.4,1189.4,0
7969,9199-PWQVC,63,79.7,4786.15,0
7970,4824-GUCBY,22,81.7,1820.9,0
7971,5393-HJZSM,32,76.3,2404.15,0
7972,7074-IEVOJ,3,79.4,205.05,1
7973,9625-QSTYE,13,81.15,952.3,1
7974,0862-PRCBS,68,103.75,7039.45,0
7975,8812-ZRHFP,30,86.45,2538.05,0
7976,5146-CBVOE,16,75.1,1212.85,0
7977,0454-OKRCT,33,80.6,2651.1,0
7978,5787-KXGIY,72,19.3,1304.8,0
7979,4750-ZRXIU,4,84.6,360.1,1
7980,4198-VFOEA,12,33.6,435.45,0
7981,6630-UJZMY,4,83.25,308.05,0
7982,5709-LVOEQ,0,80.85,0.0,0
7983,6400-BWQKW,6,79.05,434.5,1
7984,2692-AQCPF,65,108.05,7118.9,0
7985,0811-GSDTP,13,30.15,382.2,0
7986,0347-UBKUZ,15,19.9,320.45,0
7987,0835-DUUIQ,24,21.05,531.55,0
7988,7567-ECMCM,24,79.85,2001.0,0
7989,6115-ZTBFQ,72,65.5,4919.7,0
7990,6353-BRMMA,54,104.1,5645.8,0
7991,6680-WKXRZ,3,74.4,215.8,1
7992,6231-WFGFH,4,20.5,77.6,0
7993,9904-EHEVJ,32,91.35,2896.55,0
7994,7028-DVOIQ,35,99.05,3395.8,1
7995,6169-PPETC,35,20.5,759.35,0
7996,4208-UFFGW,2,44.95,85.15,1
7997,8584-KMVXD,8,75.6,535.55,0
7998,8467-WYNSR,22,55.1,1253.15,0
7999,0851-DFJKB,15,58.95,955.15,0
8000,5382-SOYZL,22,95.1,2162.6,0
8001,9448-REEVD,1,44.7,44.7,1
8002,3261-CQXOL,71,25.45,1813.35,0
8003,8388-FYNPZ,4,56.75,245.15,0
8004,4002-BQWPQ,25,81.75,2028.8,0
8005,5651-YLPRD,32,86.1,2723.75,0
8006,2826-DXLQO,7,29.8,220.45,0
8007,4378-BZYFP,17,20.5,365.8,0
8008,9489-UTFKA,8,60.9,551.95,0
8009,4849-PYRLQ,56,73.25,4054.2,0
8010,9117-SHLZX,1,45.7,45.7,1
8011,9889-TMAHG,8,100.3,832.35,1
8012,4541-RMRLG,7,19.25,112.3,1
8013,7764-BDPEE,3,20.85,60.65,0
8014,3429-IFLEM,71,77.35,5550.1,0
8015,3158-MOERK,2,96.0,174.8,1
8016,7294-TMAOP,1,90.55,90.55,1
8017,5002-GCQFH,49,93.85,4733.1,0
8018,0556-FJEGU,58,70.1,4048.95,0
8019,8919-FYFQZ,44,30.35,1359.7,1
8020,0604-THJFP,59,75.95,4542.35,0
8021,2834-JRTUA,71,108.05,7532.15,1
8022,5875-YPQFJ,1,69.9,69.9,1
8023,5879-SESNB,11,75.25,888.65,0
8024,6646-QVXLR,62,103.75,6383.35,1
8025,6461-PPAXN,35,54.95,1916.0,0
8026,3318-ISQFQ,20,19.5,413.0,0
8027,1106-HRLKZ,40,19.6,808.95,0
8028,2483-XSSMZ,39,47.85,1886.4,0
8029,8603-IJWDN,1,86.6,86.6,1
8030,8165-ZJRNM,72,23.75,1679.25,0
8031,9369-XFEHK,33,80.6,2656.5,1
8032,2604-XVDAM,12,43.8,540.95,0
8033,3717-OFRTN,1,19.75,19.75,0
8034,1206-EHBDD,56,80.3,4513.65,0
8035,3842-IYKUE,35,85.3,2917.5,1
8036,6641-XRPSU,34,70.0,2416.1,1
8037,1374-DMZUI,4,94.3,424.45,1
8038,9046-JBFWA,27,19.15,537.35,0
8039,3280-NMUVX,34,19.6,678.8,0
8040,8361-LBRDI,58,24.35,1423.85,0
8041,4883-KCPZJ,22,25.25,555.4,0
8042,9108-EQPNQ,10,26.1,225.55,0
8043,7277-KAMWT,13,20.0,268.45,0
8044,2545-LXYVJ,72,20.7,1492.1,0
8045,3234-VKACU,2,70.3,132.4,0
8046,8357-EQXFO,7,95.35,660.9,1
8047,1989-PRJHP,27,75.5,1893.95,1
8048,8120-JDCAM,4,69.55,284.9,0
8049,8917-FAEMR,37,19.85,784.25,0
8050,7047-YXDMZ,21,20.0,417.7,0
8051,2858-EIMXH,53,95.85,5016.25,0
8052,9524-EGPJC,18,90.1,1612.75,1
8053,6993-OHLXR,2,68.95,119.75,1
8054,8818-XYFCQ,32,99.55,3204.65,1
8055,6419-ZTTLE,23,20.75,485.2,0
8056,0929-HYQEW,3,50.15,160.85,0
8057,6614-YOLAC,71,58.65,4145.25,0
8058,7426-RHZGU,9,95.9,827.45,0
8059,4065-JJAVA,1,49.5,49.5,0
8060,4695-VADHF,18,57.45,990.85,1
8061,3863-IUBJR,12,53.65,696.35,1
8062,9361-YNQWJ,64,24.4,1601.2,0
8063,3748-FVMZZ,4,40.05,162.45,0
8064,9391-TTOYH,23,19.5,470.2,0
8065,1452-XRSJV,39,51.05,2066.0,0
8066,3422-WJOYD,28,54.35,1426.45,0
8067,8242-SOQUO,5,84.7,392.5,0
8068,7460-ITWWP,45,86.1,3861.45,0
8069,7147-AYBAA,37,70.35,2552.9,0
8070,7868-TMWMZ,60,110.0,6668.35,0
8071,4822-RVYBB,8,100.6,819.4,1
8072,6732-FZUGP,47,94.9,4615.25,0
8073,8436-BJUMM,26,83.75,2070.6,1
8074,4184-TJFAN,3,88.3,273.75,1
8075,8329-GWVPJ,50,69.75,3557.7,0
8076,1352-VHKAJ,27,71.6,1957.1,0
8077,4145-UQXUQ,8,92.1,729.95,1
8078,2632-TACXW,62,23.65,1416.75,0
8079,8146-QQKZH,71,81.85,5924.4,0
8080,1767-CJKBA,66,25.1,1697.7,0
8081,6445-TNRXS,68,114.7,7849.85,0
8082,4581-LNWUM,13,49.15,649.4,0
8083,4869-EPIUS,56,80.9,4557.5,0
8084,9948-YPTDG,38,79.45,3013.05,1
8085,1236-WFCDV,14,90.45,1266.1,1
8086,7296-PIXQY,14,70.2,1046.5,0
8087,4883-QICIH,32,69.75,2347.9,1
8088,3354-OADJP,8,54.25,447.75,0
8089,3524-WQDSG,43,99.3,4209.95,0
8090,1915-OAKWD,16,19.3,360.35,0
8091,0810-DHDBD,52,74.0,3877.65,0
8092,4026-SKKHW,3,50.25,152.3,0
8093,2829-HYVZP,29,19.8,572.2,0
8094,8329-IBCTI,1,19.65,19.65,1
8095,1271-SJBGZ,12,43.65,526.95,1
8096,3845-JHAMY,16,35.5,552.7,0
8097,7013-PSXHK,40,80.75,3208.65,0
8098,5669-SRAIP,5,39.5,210.75,1
8099,5981-ITEMU,40,97.1,3706.95,1
8100,3486-NPGST,36,19.55,620.75,0
8101,6941-PMGEP,5,80.0,412.5,1
8102,1624-WOIWJ,10,84.7,832.05,1
8103,2074-GKOWZ,2,89.55,185.55,1
8104,0376-YMCJC,23,90.6,1943.2,1
8105,6100-FJZDG,26,20.05,505.9,0
8106,4829-ZLJTK,72,112.4,8046.85,0
8107,1730-VFMWO,34,50.2,1815.3,0
8108,7143-BQIBA,10,62.25,612.95,0
8109,3800-LYTRK,14,55.7,795.15,0
8110,0634-SZPQA,23,90.05,2169.8,1
8111,9646-NMHXE,47,19.65,973.1,0
8112,7030-NJVDP,24,89.25,2210.2,0
8113,5536-RTPWK,49,99.05,4853.75,1
8114,8883-GRDWQ,20,54.0,1055.9,0
8115,6166-ILMNY,2,69.75,144.55,1
8116,7771-ZONAT,22,56.75,1304.85,0
8117,0655-RBDUG,7,98.05,713.0,1
8118,2111-DWYHN,1,21.1,21.1,0
8119,4194-WHFCB,59,96.65,5580.8,0
8120,4121-AGSIN,58,24.5,1497.9,0
8121,4361-BKAXE,41,114.5,4527.45,1
8122,9845-PEEKO,59,79.2,4590.35,0
8123,0455-XFASS,3,69.55,200.2,0
8124,0301-KOBTQ,32,20.05,614.45,0
8125,1751-NCDLI,46,98.85,4564.9,0
8126,4367-NUYAO,0,25.75,0.0,0
8127,9878-TNQGW,2,80.95,171.15,1
8128,9170-ARBTB,52,19.6,1012.4,0
8129,4441-NIHPT,13,74.3,940.35,1
8130,8999-BOHSE,11,89.7,1047.7,1
8131,7241-AJHFS,32,87.65,2766.4,0
8132,7029-RPUAV,17,100.45,1622.45,1
8133,4546-FOKWR,16,74.75,1129.35,0
8134,9036-CSKBW,51,107.45,5680.9,0
8135,5832-TRLPB,29,75.35,2243.9,0
8136,8590-YFFQO,70,64.95,4523.25,0
8137,8659-IOOPU,71,100.45,7159.7,0
8138,1338-CECEE,41,68.5,2839.95,0
8139,7439-DKZTW,1,80.55,80.55,0
8140,4646-QZXTF,7,81.25,580.1,0
8141,4607-CHPCA,25,90.4,2178.6,1
8142,9742-XOKTS,67,89.55,6038.55,0
8143,6921-OZMFH,5,55.7,259.4,0
8144,9578-FOMUK,15,24.8,324.15,0
8145,4712-UYOOI,20,20.0,417.65,0
8146,8824-RWFXJ,3,56.15,168.15,1
8147,7722-CVFXN,54,105.2,5637.85,0
8148,8717-VCTXJ,42,19.55,839.4,0
8149,7363-QTBIW,9,79.75,769.1,0
8150,4159-NAAIX,63,97.45,6253.0,0
8151,0971-QIFJK,69,24.25,1641.8,0
8152,9397-TZSHA,69,24.6,1678.05,0
8153,3391-JSQEW,40,50.15,2058.5,0
8154,0343-QLUZP,60,39.6,2424.5,0
8155,9763-PDTKK,4,94.4,387.2,1
8156,2176-LVPNX,71,89.85,6293.45,0
8157,7627-JKIAZ,37,78.95,2839.65,1
8158,3312-UUMZW,32,98.85,3145.9,0
8159,1271-UODNO,39,53.85,2200.7,0
8160,8461-EFQYM,38,24.25,914.4,0
8161,6900-RBKER,52,89.45,4577.75,0
8162,6891-JPYFF,48,105.25,4997.5,0
8163,1459-QNFQT,70,59.5,4144.8,0
8164,1047-NNCBF,20,70.55,1493.55,0
8165,3696-XRIEN,50,82.5,4179.1,0
8166,4081-DYXAV,19,44.85,893.55,1
8167,0074-HDKDG,25,61.6,1611.0,0
8168,8791-GFXLZ,12,49.05,593.05,0
8169,8111-SLLHI,39,105.65,4284.8,1
8170,0927-LCSMG,7,74.65,544.55,1
8171,9330-DHBFL,23,66.25,1533.8,0
8172,0098-BOWSO,27,19.4,529.8,0
8173,3452-ABWRL,47,86.05,3865.6,0
8174,5859-HZYLF,26,19.15,515.75,0
8175,8257-RZAHR,14,64.7,941.0,1
8176,5293-WXJAK,11,104.05,1133.65,1
8177,3156-QLHBO,2,19.25,48.35,0
8178,2208-NQBCT,26,81.95,2070.05,0
8179,1779-PWPMG,72,114.65,8333.95,0
8180,6621-NRZAK,63,20.0,1209.25,0
8181,0831-JNISG,71,19.8,1396.25,0
8182,0774-IFUVM,11,65.15,723.35,0
8183,3082-WQRVY,14,19.65,228.65,0
8184,9553-DLCLU,13,88.95,1161.75,0
8185,1641-BYBTK,6,20.2,98.35,0
8186,2460-NGXBJ,11,75.2,775.3,0
8187,2446-ZKVAF,18,56.8,1074.65,0
8188,0841-NULXI,1,35.55,35.55,1
8189,3522-CDKHF,32,75.5,2324.7,0
8190,1430-SFQSA,29,35.6,1072.6,0
8191,0411-EZJZE,3,60.25,170.5,0
8192,7851-WZEKY,2,95.15,196.9,1
8193,8844-TONUD,13,96.65,1162.85,1
8194,8807-ARQET,41,40.35,1677.85,0
8195,8992-CEUEN,1,18.85,18.85,0
8196,4320-QMLLA,7,54.85,370.4,0
8197,8777-PVYGU,52,64.3,3410.6,0
8198,8292-ITGYJ,45,24.65,1138.8,0
8199,6870-ZWMNX,70,76.1,5264.25,0
8200,0621-CXBKL,53,18.7,1005.7,0
8201,5268-DSMNQ,62,97.95,5936.55,0
8202,5334-JLAXU,60,94.1,5475.9,0
8203,4086-YQSNZ,3,80.4,224.05,1
8204,6242-MBHPK,23,95.1,2326.05,0
8205,5868-CZJDR,1,31.35,31.35,1
8206,9359-UGBTK,67,72.35,4991.5,0
8207,0135-NMXAP,12,89.75,1052.4,1
8208,4782-OSFXZ,71,82.7,5831.2,0
8209,6479-OAUSD,25,19.9,510.8,0
8210,7129-ACFOG,5,53.8,283.95,0
8211,4189-NAKJS,26,51.55,1295.4,0
8212,5562-BETPV,1,19.65,19.65,0
8213,1282-IHQAC,70,44.05,3011.65,0
8214,9127-FHJBZ,72,114.0,8093.15,0
8215,6270-OMFIW,60,94.4,5610.25,1
8216,1641-RQDAY,32,100.4,3217.65,0
8217,0107-WESLM,1,19.85,19.85,1
8218,6994-ORCWG,14,54.25,773.2,0
8219,1346-UFHAX,13,80.0,1029.35,0
8220,3992-YWPKO,6,109.9,669.45,1
8221,2933-XEUJM,46,79.2,3593.8,0
8222,0125-LZQXK,15,101.35,1553.95,1
8223,5461-QKNTN,43,94.3,3953.15,0
8224,4835-YSJMR,39,49.8,1971.15,0
8225,8399-YNDCH,21,60.05,1236.15,1
8226,3164-YAXFY,57,53.75,3196.0,0
8227,0887-WBJVH,53,93.45,4872.2,0
8228,4660-IRIBM,18,87.9,1500.5,0
8229,5673-FSSMF,1,60.15,60.15,1
8230,7670-ZBPOQ,58,61.05,3478.75,0
8231,8089-UZWLX,71,104.05,7413.55,0
8232,0080-OROZO,35,99.25,3532.0,0
8233,3916-NRPAP,3,85.7,256.75,0
8234,6807-SIWJI,38,104.85,3887.25,0
8235,8221-HVAYI,35,69.15,2490.15,0
8236,1579-KLYDT,7,90.45,593.45,1
8237,5232-NXPAY,47,74.45,3510.3,0
8238,8967-SZQAS,14,50.45,765.45,0
8239,4468-KAZHE,20,60.0,1259.35,0
8240,0455-ENTCR,66,85.25,5538.35,0
8241,8944-AILEF,15,19.45,340.85,0
8242,5542-NKVRU,42,20.75,844.45,0
8243,7126-RBHSD,17,78.9,1348.95,0
8244,5370-IIVVL,37,104.5,3778.0,0
8245,6789-HJBWG,12,49.4,611.65,0
8246,3927-NLNRY,53,94.25,4867.95,1
8247,6791-YBNAK,18,25.55,467.85,0
8248,6358-LYNGM,1,74.9,74.9,1
8249,6077-BDPXA,3,70.15,194.2,0
8250,0013-MHZWF,9,69.4,571.45,0
8251,9087-EYCPR,60,25.0,1505.05,0
8252,5494-HECPR,1,80.25,80.25,1
8253,8268-YDIXR,56,93.15,5253.95,0
8254,9824-BEMCV,17,69.0,1149.65,1
8255,1373-ORVIZ,11,66.35,740.8,1
8256,4291-SHSBH,7,69.55,521.35,0
8257,6980-IMXXE,69,20.2,1412.65,0
8258,9866-QEVEE,19,86.0,1532.45,1
8259,9897-KXHCM,3,80.3,250.05,1
8260,0040-HALCW,54,20.4,1090.6,0
8261,0784-GTUUK,62,23.75,1446.8,0
8262,7979-CORPM,24,90.55,2282.55,1
8263,2294-DMMUS,62,70.45,4300.45,0
8264,0872-JCPIB,17,65.75,1111.2,0
8265,3055-MJDSB,9,24.6,190.1,0
8266,9091-WTUUY,64,69.25,4447.75,0
8267,1618-CFHME,2,75.9,143.35,1
8268,3165-HDOEW,1,45.85,45.85,1
8269,6581-NQCBA,16,49.95,810.2,1
8270,7115-IRDHS,72,24.65,1830.05,0
8271,8496-DMZUK,30,90.4,2820.65,0
8272,2040-VZIKE,49,100.85,4847.35,0
8273,9068-VPWQQ,61,75.35,4729.3,0
8274,0178-SZBHO,47,87.2,4017.45,0
8275,0384-RVBPI,20,64.4,1398.6,0
8276,1689-MRZQR,34,78.3,2564.3,1
8277,4741-WWJQZ,2,80.15,194.55,0
8278,1299-AURJA,70,24.7,1685.9,0
8279,4525-VZCZG,54,105.85,5826.65,0
8280,1543-LLLFT,61,98.3,6066.55,0
8281,5835-BEQEU,3,76.95,228.4,1
8282,2788-CJQAQ,13,19.45,270.2,0
8283,5565-FILXA,16,96.15,1529.2,1
8284,0319-QZTCO,3,58.7,168.6,0
8285,2120-SMPEX,25,20.15,536.35,0
8286,0096-FCPUF,30,64.5,1888.45,0
8287,0668-OGMHD,21,28.5,629.35,0
8288,5552-ZNFSJ,1,45.3,45.3,1
8289,2223-KAGMX,15,19.4,289.3,1
8290,6507-ZJSUR,23,90.45,2117.25,0
8291,9408-HRXRK,45,105.15,4730.9,0
8292,5593-SUAOO,24,83.15,2033.05,0
8293,7321-PKUYW,11,90.15,987.95,1
8294,2833-SLKDQ,1,45.05,45.05,1
8295,6766-HFKLA,56,103.2,5744.35,0
8296,7595-EUIVN,1,75.8,75.8,1
8297,7617-EYGLW,1,19.45,19.45,0
8298,2026-TGDHM,7,79.3,523.15,1
8299,9220-ZNKJI,55,88.8,4805.3,0
8300,4030-VPZBD,2,30.9,59.05,1
8301,2226-ICFDO,72,85.9,6110.75,0
8302,0723-VSOBE,45,34.2,1596.6,0
8303,4187-CINZD,46,95.25,4424.2,1
8304,9992-UJOEL,2,50.3,92.75,0
8305,5529-GIBVH,47,20.15,1046.2,0
8306,6625-UTXEW,12,51.25,612.1,0
8307,6818-WOBHJ,68,89.6,6127.6,1
8308,6244-BESBM,69,95.2,6671.7,0
8309,1004-NOZNR,56,94.8,5264.3,0
8310,1251-STYSZ,4,80.25,303.7,0
8311,2612-PHGOX,64,76.1,4818.8,0
8312,2408-TZMJL,59,110.15,6448.05,1
8313,8480-PPONV,62,115.55,7159.05,0
8314,8780-IHCRN,63,24.65,1574.5,0
8315,4598-ZADCK,53,53.6,2879.2,0
8316,1257-SXUXQ,5,19.45,86.05,0
8317,9681-KYGYB,49,88.2,4159.45,0
8318,7182-OVLBJ,62,101.15,6638.35,0
8319,5095-ETBRJ,55,56.8,3112.05,0
8320,7005-CYUIL,71,99.4,7168.25,0
8321,4821-WQOYN,72,20.1,1326.25,0
8322,4730-AWNAU,36,60.7,2234.55,0
8323,3452-FLHYD,25,20.95,495.15,0
8324,2388-LAESQ,72,114.85,8317.95,0
8325,9531-NSBMR,36,19.25,679.8,0
8326,6260-ONULR,1,62.8,62.8,0
8327,4389-UEFCZ,72,105.5,7544.0,0
8328,6599-RCLCJ,47,109.55,5124.55,1
8329,9831-BPFRI,39,89.55,3474.45,1
8330,1084-MNSMJ,51,85.5,4421.95,0
8331,8711-LOBKY,59,19.85,1188.25,0
8332,9134-CEQMF,7,89.5,676.7,1
8333,8985-OOPOS,1,74.1,74.1,0
8334,8800-ZKRFW,30,107.5,3242.5,0
8335,2616-FLVQC,64,19.55,1240.15,0
8336,9968-FFVVH,63,68.8,4111.35,0
8337,3108-PCCGG,72,84.45,5899.85,0
8338,7993-PYKOF,8,75.0,632.95,1
8339,8390-FESFV,62,84.5,5193.2,0
8340,3022-BEXHZ,67,111.2,7530.8,0
8341,5027-XWQHA,6,44.75,270.95,1
8342,6248-TKCQV,70,80.6,5460.2,0
8343,6729-GDNGC,20,80.7,1614.2,0
8344,6198-ZFIOJ,5,75.6,402.5,0
8345,5989-OMNJE,24,57.6,1367.75,0
8346,4566-QVRRW,11,44.05,483.7,1
8347,1291-CUOCY,72,110.6,7962.2,0
8348,9795-SHUHB,66,58.2,3810.8,0
8349,3230-IUALN,45,81.0,3533.6,0
8350,0042-RLHYP,69,19.7,1396.9,0
8351,8519-IMDHU,15,85.6,1345.55,1
8352,4945-RVMTE,28,59.55,1646.45,0
8353,0201-OAMXR,70,115.55,8127.6,1
8354,1866-NXPSP,36,75.55,2680.15,0
8355,3372-KWFBM,16,86.6,1281.0,1
8356,7831-QGOXH,18,85.2,1553.9,1
8357,6393-WRYZE,34,97.65,3207.55,1
8358,3941-XTSKM,42,45.1,2049.05,0
8359,1661-CZBAU,48,70.95,3629.2,0
8360,5158-RIVOP,11,20.9,202.3,0
8361,9788-YTFGE,7,19.95,147.5,0
8362,9277-JOOMO,3,24.6,86.35,0
8363,1907-YLNYW,8,66.7,579.0,0
8364,1725-MIMXW,1,19.45,19.45,1
8365,8947-YRTDV,32,94.8,3131.55,0
8366,3161-ONRWK,60,65.85,3928.3,0
8367,0114-RSRRW,10,19.95,187.75,0
8368,4565-NLZBV,71,24.65,1710.15,0
8369,0031-PVLZI,4,20.35,76.35,1
8370,7206-GZCDC,1,69.25,69.25,1
8371,6682-VCIXC,43,51.25,2151.6,0
8372,4791-QRGMF,59,99.5,5961.1,1
8373,6475-VHUIZ,23,54.25,1221.55,0
8374,3910-MRQOY,72,19.4,1496.45,0
8375,0661-WCQNQ,22,56.25,1292.2,0
8376,7537-RBWEA,1,25.15,25.15,0
8377,4656-CAURT,69,23.95,1713.1,0
8378,0121-SNYRK,50,35.4,1748.9,0
8379,1768-ZAIFU,1,25.2,25.2,1
8380,4671-LXRDQ,2,45.0,96.45,1
8381,3733-LSYCE,15,75.35,1114.55,0
8382,3838-OZURD,66,105.0,7133.25,1
8383,1371-DWPAZ,0,56.05,0.0,0
8384,6265-FRMTQ,31,20.4,609.1,0
8385,1934-SJVJK,1,20.15,20.15,1
8386,9269-CQOOL,3,54.7,169.45,1
8387,2017-CCBLH,8,20.0,141.6,0
8388,7690-KPNCU,64,73.05,4688.65,0
8389,0536-BGFMZ,28,20.5,563.05,0
8390,2293-IJWPS,57,100.75,5985.0,0
8391,2845-HSJCY,14,87.25,1258.6,1
8392,5469-NUJUR,19,19.95,373.5,0
8393,1184-PJVDB,10,79.95,857.2,1
8394,2625-TRCZQ,51,49.65,2553.35,0
8395,4102-HLENU,67,65.65,4322.85,0
8396,7266-GSSJX,11,20.45,250.8,0
8397,7722-VJRQD,72,60.95,4549.05,0
8398,7073-QETQY,66,20.35,1359.5,0
8399,9415-DPEWS,18,88.35,1639.3,1
8400,5624-RYAMH,9,19.5,178.85,0
8401,0196-JTUQI,9,75.2,633.85,0
8402,7130-YXBRO,48,111.45,5315.1,0
8403,9272-LSVYH,10,70.15,735.5,0
8404,7943-RQCHR,9,94.75,889.9,1
8405,3793-MMFUH,13,95.05,1290.0,1
8406,3249-ZPQRG,4,78.45,330.05,1
8407,2568-BRGYX,4,70.2,237.95,1
8408,3084-DOWLE,72,92.0,6474.4,0
8409,7721-JXEAW,59,41.05,2452.7,1
8410,7249-WBIYX,10,85.6,813.85,1
8411,4238-HFHSN,61,82.15,4904.85,0
8412,6250-CGGUN,54,84.4,4484.05,0
8413,5478-JJVZK,33,60.9,2033.85,0
8414,7596-IIWYC,27,20.25,538.2,0
8415,6567-HOOPW,1,79.2,79.2,1
8416,9793-WECQC,23,95.3,2192.9,0
8417,4291-HPAXL,1,19.85,19.85,0
8418,8999-YPYBV,45,84.35,3858.05,0
8419,1839-FBNFR,39,19.85,854.8,0
8420,3164-AALRN,5,70.0,347.4,1
8421,3071-MVJCD,72,82.3,5815.15,0
8422,1697-BCSHV,58,66.8,3970.4,0
8423,0562-KBDVM,70,44.6,3058.15,0
8424,1131-SUEKT,61,98.45,6145.2,0
8425,3717-OEAUQ,2,70.7,129.2,0
8426,4538-WNTMJ,46,24.95,1165.9,0
8427,3334-CTHOL,1,49.95,49.95,1
8428,4704-ERYFC,22,69.25,1554.0,1
8429,9432-RUVSL,48,102.5,4904.25,0
8430,8060-HIWJJ,64,86.55,5632.55,0
8431,7684-XSZIY,72,24.3,1643.25,0
8432,9089-UOWJG,12,58.35,740.55,0
8433,8621-MNIHH,34,94.25,3217.55,1
8434,8039-ACLPL,72,68.75,4888.2,0
8435,9885-AIBVB,29,85.8,2440.25,0
8436,1934-MKPXS,33,20.1,620.55,0
8437,2592-YKDIF,1,20.35,20.35,0
8438,2272-JKMSI,62,110.8,6840.95,0
8439,0471-LVHGK,41,73.0,3001.2,1
8440,9518-RWHZL,64,100.05,6254.2,1
8441,8714-CTZJW,4,82.85,319.6,0
8442,3569-EDBPQ,24,84.35,1938.05,0
8443,3131-NWVFJ,14,19.55,294.5,0
8444,7521-YXVZY,3,19.95,58.3,0
8445,5419-CONWX,4,99.8,442.85,1
8446,6240-EURKS,18,35.0,553.0,1
8447,2373-NTKOD,8,66.25,546.45,0
8448,1970-KKFWL,35,23.3,797.1,0
8449,6960-HVYXR,1,76.0,76.0,1
8450,9337-SRRNI,66,25.3,1673.8,0
8451,0895-UADGO,8,44.55,343.45,0
8452,5678-VFNEQ,71,104.1,7412.25,0
8453,5977-CKHON,43,92.55,4039.0,0
8454,7024-OHCCK,2,93.85,170.85,1
8455,2692-BUCFV,29,101.45,2948.6,0
8456,7861-UVUFT,15,84.3,1308.4,1
8457,1830-GGFNM,65,94.55,6078.75,0
8458,5302-BDJNT,35,95.5,3418.2,0
8459,5223-UZAVK,64,100.3,6603.8,0
8460,4859-ZSRDZ,58,55.5,3166.9,0
8461,5651-WYIPH,18,49.85,865.75,0
8462,9350-VLHMB,67,89.55,6373.1,0
8463,3498-LZGQZ,63,19.15,1177.05,0
8464,8785-CJSHH,60,99.8,5985.75,0
8465,5357-TZHPP,9,84.4,732.5,1
8466,3870-SPZSI,70,113.05,7869.05,0
8467,0680-DFNNY,15,101.1,1504.05,1
8468,7560-QRBXH,48,19.95,936.7,0
8469,7077-XJMET,12,74.15,741.4,0
8470,8752-GHJFU,71,92.0,6585.2,0
8471,6896-SRVYQ,44,73.85,3122.4,0
8472,7767-UXAGJ,1,50.45,50.45,1
8473,4652-ODEVH,45,24.45,1088.25,0
8474,6510-UPNKS,23,24.8,615.35,0
8475,6718-BDGHG,43,64.85,2908.2,0
8476,9046-DQMTP,35,20.75,739.9,0
8477,6439-LAJXL,9,68.95,593.85,0
8478,1571-SAVHK,12,99.95,1132.75,1
8479,9052-VKDUW,65,109.4,7227.45,0
8480,9546-CQJSU,2,91.4,193.6,1
8481,1666-JZPZT,27,49.0,1291.35,0
8482,5777-KJIRB,40,50.25,2023.55,0
8483,0506-LVNGN,5,75.55,349.65,1
8484,7677-SJJJK,8,19.9,153.95,0
8485,2480-EJWYP,58,97.8,5458.8,0
8486,3253-HKOKL,52,100.3,5244.45,0
8487,7055-HNEOJ,3,55.8,154.55,0
8488,5514-YQENT,41,111.15,4507.15,0
8489,3211-AAPKX,20,98.55,2031.95,0
8490,8445-DNBAE,1,50.05,50.05,0
8491,2951-QOQTK,4,80.8,332.45,1
8492,2958-NHPPS,23,20.85,473.9,0
8493,6806-YDEUL,6,19.5,106.8,0
8494,1735-XMJVH,8,19.35,152.6,0
8495,6890-PFRQX,18,69.5,1199.4,0
8496,0222-CNVPT,52,48.8,2555.05,0
8497,5899-OUVKV,31,94.5,2979.2,0
8498,8681-ICONS,29,20.65,654.85,0
8499,1621-YNCJH,36,106.05,3834.4,0
8500,3473-XIIIT,16,100.0,1534.75,1
8501,6362-QHAFM,42,108.3,4586.15,0
8502,7893-IXHRQ,1,20.55,20.55,1
8503,3070-BDOQC,60,99.65,5941.05,0
8504,2952-QAYZF,5,85.3,424.15,1
8505,6234-PFPXL,22,95.9,2234.95,0
8506,9824-QCJPK,36,20.0,666.75,0
8507,4763-PGDPO,4,70.4,281.0,1
8508,4283-IVYCI,9,64.95,547.8,0
8509,1866-OBPNR,1,74.6,74.6,0
8510,8205-MQUGY,12,49.2,571.15,0
8511,8970-ANWXO,23,73.75,1756.6,0
8512,9480-BQJEI,62,92.3,5731.45,0
8513,5394-SVGJV,37,98.8,3475.55,1
8514,9777-WJJPR,31,88.65,2683.2,0
8515,6979-TNDEU,8,19.2,156.85,0
8516,9283-LZQOH,13,74.4,896.75,1
8517,7079-QRCBC,24,98.75,2407.3,1
8518,9495-SKLKD,45,95.95,4456.65,0
8519,6048-UWKAL,69,105.4,6998.95,0
8520,5067-DGXLL,2,20.25,36.8,0
8521,5469-CTCWN,61,106.0,6547.7,1
8522,9851-QXEEQ,41,104.7,4346.4,1
8523,6281-FKEWS,44,49.05,2265.0,0
8524,8898-KASCD,39,35.55,1309.15,0
8525,9242-TKFSV,72,65.1,4754.3,0
8526,9290-SHCMB,13,96.85,1235.55,0
8527,0743-HNPFG,51,69.75,3562.5,0
8528,2277-BKJKN,71,99.2,7213.75,0
8529,9809-IMGCQ,22,96.7,2082.95,1
8530,5208-HFSBT,2,55.05,102.75,1
8531,5035-PGZXH,56,106.8,5914.4,0
8532,8695-WDYEA,1,51.25,51.25,0
8533,6543-JXSOO,23,57.75,1282.85,0
8534,8016-ZMGMO,66,70.85,4738.85,0
8535,8605-ITULD,1,19.55,19.55,0
8536,3254-YRILK,19,88.2,1775.8,1
8537,6416-YJTTB,11,79.5,795.65,0
8538,2667-WYLWJ,8,19.75,145.0,1
8539,4472-VESGY,52,98.15,4993.4,0
8540,2984-AFWNC,3,95.4,293.15,0
8541,8096-LOIST,19,56.2,1093.4,0
8542,3703-VAVCL,2,90.0,190.05,1
8543,3195-TQDZX,3,20.25,61.45,0
8544,3128-YOVTD,51,79.15,4018.55,0
8545,0529-ONKER,15,75.65,1146.65,1
8546,1728-CXQBE,64,94.25,6081.4,0
8547,7041-TXQJH,37,40.2,1478.85,0
8548,5014-GSOUQ,13,19.95,243.65,0
8549,5724-BIDBU,49,55.35,2633.95,0
8550,0481-SUMCB,45,102.15,4735.35,0
8551,1769-GRUIK,18,71.1,1247.75,0
8552,5240-IJOQT,1,74.7,74.7,1
8553,8819-WFGGJ,68,54.1,3794.5,0
8554,7427-AUFPY,54,19.65,1008.7,0
8555,2811-POVEX,23,88.45,2130.55,0
8556,1092-GANHU,17,76.65,1313.55,1
8557,7898-PDWQE,71,80.4,5727.15,0
8558,9972-EWRJS,67,19.25,1372.9,0
8559,9314-IJWSQ,14,84.8,1203.9,0
8560,0661-XEYAN,1,25.8,25.8,1
8561,5799-JRCZO,63,19.5,1215.1,0
8562,1921-KYSAY,41,68.6,2877.05,0
8563,6198-RTPMF,17,92.6,1579.7,0
8564,2924-KHUVI,56,100.55,5514.95,0
8565,7881-EVUAD,2,42.6,72.4,1
8566,9207-ZPANB,37,67.45,2443.3,0
8567,5766-XQXMQ,29,68.85,1970.5,1
8568,9327-QSDED,8,43.55,335.4,0
8569,1656-DRSMG,63,109.85,7002.95,0
8570,1925-GMVBW,5,20.55,96.1,0
8571,6184-DYUOB,3,19.6,55.25,0
8572,3012-VFFMN,7,20.65,158.95,0
8573,0640-YJTPY,72,21.0,1493.75,0
8574,9764-REAFF,59,18.4,1057.85,0
8575,7107-UBYKY,35,25.75,882.55,0
8576,4881-GQJTW,14,19.6,300.4,0
8577,8519-QJGJD,14,75.35,1025.95,1
8578,7876-DNYAP,69,19.8,1436.95,0
8579,7905-NJMXS,7,64.2,475.0,0
8580,2882-WDTBA,69,75.75,5388.15,0
8581,2091-GPPIQ,72,78.95,5730.15,0
8582,6326-MTTXK,8,100.85,819.55,1
8583,5071-FBJFS,4,50.3,217.1,0
8584,2796-UUZZO,63,80.3,4896.35,0
8585,2429-AYKKO,72,19.85,1434.1,0
8586,9798-OPFEM,46,21.1,937.1,0
8587,0330-IVZHA,5,69.95,330.15,1
8588,3794-NFNCH,30,50.0,1474.9,0
8589,5193-QLVZB,63,104.75,6536.5,0
8590,1262-OPMFY,9,75.75,655.9,1
8591,9504-DSHWM,20,59.2,1191.2,0
8592,5035-BVCXS,11,75.9,866.4,0
8593,6267-DCFFZ,30,90.05,2627.2,0
8594,7114-AEOZE,60,19.85,1128.1,0
8595,2886-KEFUM,63,107.5,6873.75,1
8596,5522-NYKPB,25,85.9,2199.05,0
8597,4237-RLAQD,1,45.85,45.85,1
8598,9957-YODKZ,6,80.8,457.1,0
8599,6518-KZXCB,22,25.25,566.5,0
8600,2245-ADZFJ,31,80.55,2471.6,0
8601,7776-QGYJC,39,81.5,3107.3,0
8602,9313-QOLTZ,26,20.9,518.3,0
8603,9651-GTSAQ,53,106.1,5769.75,1
8604,3186-BAXNB,1,91.7,91.7,1
8605,4672-FOTSD,12,67.25,832.3,0
8606,0637-YLETY,16,95.6,1555.65,1
8607,9818-XQCUV,2,20.35,45.3,0
8608,7338-ERIVA,39,45.05,1790.6,0
8609,1157-BQCUW,1,74.95,74.95,1
8610,8259-NFJTV,7,34.65,246.6,0
8611,3223-DWFIO,4,69.35,261.65,0
8612,2660-EMUBI,10,95.35,898.35,1
8613,6968-GMKPR,55,81.55,4509.5,0
8614,4751-ERMAN,72,75.4,5480.25,0
8615,1436-ZMJAN,10,67.8,653.15,0
8616,3292-PBZEJ,11,111.4,1183.05,0
8617,0799-DDIHE,15,46.3,639.45,0
8618,7675-OZCZG,3,45.0,127.1,1
8619,5014-WUQMG,47,96.1,4391.45,0
8620,2003-CKLOR,66,99.5,6710.5,1
8621,0993-OSGPT,68,60.65,3975.9,0
8622,3070-FNFZQ,23,20.4,478.75,0
8623,2812-SFXMJ,1,20.05,20.05,0
8624,5312-TSZVC,15,19.65,270.6,0
8625,9254-RBFON,17,98.6,1704.95,1
8626,1205-WNWPJ,7,59.5,415.95,1
8627,9391-EOYLI,12,80.45,950.2,1
8628,7108-DGVUU,21,71.7,1497.05,0
8629,2782-JEEBU,21,36.0,780.15,0
8630,5127-BZENZ,56,65.2,3512.15,0
8631,2720-FVBQP,6,48.95,273.25,0
8632,9906-NHHVC,65,53.5,3517.9,0
8633,4522-XRWWI,42,80.45,3375.9,0
8634,3766-EJLFL,68,109.05,7508.55,0
8635,5939-SXWHM,48,26.3,1245.05,0
8636,8152-UOBNY,50,106.8,5347.95,0
8637,7351-KYHQH,7,64.95,493.65,0
8638,7643-RCHXS,63,19.35,1263.85,0
8639,8246-SHFGA,17,21.1,385.55,0
8640,8387-MOJJT,42,77.95,3384.0,1
8641,0620-XEFWH,4,18.85,84.2,0
8642,6485-QXWWE,62,26.0,1638.7,0
8643,2761-OCIAX,2,74.7,165.4,1
8644,7321-VGNKU,2,70.35,120.25,0
8645,5327-CNLUQ,48,96.9,4473.45,0
8646,2929-QNSRW,56,98.25,5508.35,1
8647,7552-KEYGT,27,19.55,520.55,0
8648,5816-JMLGY,70,80.4,5717.85,0
8649,3068-OMWZA,1,88.8,88.8,1
8650,2927-QRRQV,46,94.65,4312.5,0
8651,6032-KRXXO,30,90.25,2755.35,1
8652,7459-RRWQZ,15,64.65,994.55,1
8653,6265-SXWBU,69,95.75,6511.25,0
8654,7941-RCJOW,65,19.55,1218.65,0
8655,6374-NTQLP,72,104.1,7447.7,0
8656,4154-AQUGT,13,89.05,1169.35,1
8657,2387-KDZQY,17,20.1,279.5,0
8658,3584-WKTTW,51,111.55,5720.35,0
8659,3399-BMLVW,51,60.5,3121.45,0
8660,1971-DTCZB,72,90.95,6468.6,0
8661,3092-IGHWF,67,87.4,5918.8,1
8662,3374-PZLXD,34,19.7,675.6,0
8663,3813-DHBBB,67,50.95,3521.7,0
8664,2812-REYAT,49,20.05,923.1,0
8665,6518-PPLMZ,53,19.4,1110.35,0
8666,4939-KYYPY,27,59.45,1611.65,0
8667,8017-LXHFA,23,94.75,2293.6,1
8668,5930-GBIWP,69,81.5,5553.25,0
8669,6022-KOUQO,2,29.05,44.75,0
8670,6352-TWCAU,35,86.45,3029.1,1
8671,2361-UPSND,46,70.6,3231.05,0
8672,6035-RIIOM,54,97.2,5129.45,0
8673,3533-UVMOM,68,70.95,4741.45,0
8674,2439-LYPMQ,38,102.6,4009.2,0
8675,4248-QPAVC,17,85.35,1463.45,1
8676,1899-VXWXM,48,106.1,5082.8,1
8677,1478-VPOAD,1,43.8,43.8,0
8678,9995-HOTOH,63,59.0,3707.6,0
8679,2988-PLAHS,3,69.95,220.45,0
8680,1371-OJCEK,48,24.35,1133.7,0
8681,4999-IEZLT,66,29.45,1983.15,0
8682,8883-ANODQ,68,84.4,5746.75,0
8683,4690-LLKUA,17,45.05,770.6,1
8684,2351-RRBUE,7,20.65,134.05,0
8685,5980-BDHPY,72,87.1,6230.1,0
8686,1498-DQNRX,29,19.85,573.05,0
8687,9469-WEJBT,37,90.35,3419.3,0
8688,3331-HQDTW,34,109.8,3587.25,1
8689,9490-DFPMD,42,84.65,3541.35,1
8690,2581-VKIRT,59,65.5,3801.3,0
8691,5442-XSDCW,11,79.5,868.5,1
8692,7426-WEIJX,60,80.95,4859.1,0
8693,2851-MMUTZ,27,56.15,1439.35,0
8694,3049-NDXFL,1,85.8,85.8,1
8695,8580-AECUZ,1,79.1,79.1,1
8696,3307-TLCUD,17,34.4,592.75,0
8697,7963-GQRMY,3,44.3,134.5,1
8698,8189-HBVRW,53,90.8,4921.2,0
8699,1228-FZFRV,50,105.95,5341.8,1
8700,3500-NSDOA,68,70.8,4859.95,0
8701,3761-FLYZI,65,108.8,7082.45,0
8702,6625-FLENO,58,20.75,1185.95,0
8703,2967-MXRAV,1,18.8,18.8,0
8704,4163-KIUHY,35,25.6,901.25,0
8705,1171-TYKUR,47,25.4,1139.2,0
8706,2058-DCJBE,5,69.75,324.6,1
8707,5364-XYIRR,51,94.65,4812.75,1
8708,4829-AUOAX,46,96.05,4399.5,1
8709,1219-NNDDO,9,76.85,663.55,0
8710,8388-DMKAE,8,20.25,174.65,0
8711,4403-BWPAY,14,24.8,321.7,0
8712,9659-QEQSY,45,115.65,5125.5,0
8713,5405-ZMYXQ,8,74.6,548.9,0
8714,5047-LHVLY,1,50.15,50.15,1
8715,1442-OKRJE,66,103.15,7031.3,0
8716,4737-AQCPU,72,72.1,5016.65,0
8717,9158-VCTQB,41,113.6,4594.95,1
8718,2808-CHTDM,23,25.1,611.45,0
8719,6311-UEUME,29,78.9,2384.15,1
8720,0793-TWELN,4,80.15,319.85,0
8721,3283-WCWXT,6,25.4,153.3,0
8722,1060-ENTOF,67,105.4,7035.6,0
8723,0999-QXNSA,7,45.75,344.2,0
8724,4918-FYJNT,55,90.45,5044.8,0
8725,0727-BNRLG,69,97.65,6743.55,0
8726,4854-CIDCF,3,73.85,196.4,0
8727,5451-MHQOF,56,24.45,1431.65,0
8728,4836-WNFNO,72,25.0,1849.2,0
8729,9225-BZLNZ,72,85.25,6083.1,0
8730,0354-VXMJC,23,19.6,426.65,0
8731,4422-QVIJA,35,50.15,1655.35,0
8732,9365-SRSZE,27,70.55,1943.9,0
8733,6839-ITVZJ,26,60.05,1616.15,1
8734,8332-OSJDW,12,26.4,314.95,0
8735,4735-BJKOU,40,20.15,804.85,0
8736,0274-JKUJR,7,58.85,465.7,0
8737,5740-YHGTW,70,97.55,6669.05,0
8738,8917-SZTTJ,60,19.65,1161.75,0
8739,1696-MZVAU,39,25.25,947.75,0
8740,7359-WWYJV,72,114.45,8375.05,0
8741,0375-HVGXO,1,34.7,34.7,1
8742,4906-ZHGPK,54,70.7,3770.0,0
8743,8593-WHYHV,3,85.3,264.8,1
8744,3795-GWTRD,63,75.55,4707.85,0
8745,1298-PHBTI,71,84.8,6152.4,0
8746,6223-DHJGV,42,20.65,958.1,0
8747,6961-MJKBO,47,20.45,943.0,0
8748,6097-EQISJ,66,102.45,6615.15,1
8749,4423-YLHDV,21,104.4,2200.25,1
8750,8158-WPEZG,11,35.65,425.1,0
8751,0107-YHINA,1,99.75,99.75,1
8752,8640-SDGKB,4,74.4,299.7,1
8753,3280-MRDOF,30,69.1,2093.9,0
8754,6435-SRWBJ,5,82.75,417.75,0
8755,9964-WBQDJ,71,24.4,1725.4,0
8756,6303-KFWSL,29,55.25,1620.2,0
8757,1702-CCFNJ,52,61.35,3169.55,0
8758,8932-CZHRQ,68,76.75,5233.25,0
8759,0386-CWRGM,46,19.4,967.85,0
8760,5515-RUGKN,8,54.75,438.05,0
8761,0404-AHASP,72,19.7,1421.9,0
8762,7279-NMVJC,17,19.9,323.15,0
8763,2081-VEYEH,3,107.95,318.6,0
8764,6407-UTSLV,2,83.8,163.7,0
8765,4116-TZAQJ,9,74.25,639.65,1
8766,9060-HJJRW,51,56.4,2928.5,0
8767,2587-YNLES,6,20.1,100.35,0
8768,7398-SKNQZ,3,94.9,273.2,0
8769,5935-FCCNB,17,94.2,1608.15,0
8770,1958-RNRKS,30,49.9,1441.95,0
8771,5136-RGMZO,31,71.05,2168.15,0
8772,8345-MVDYC,45,81.65,3618.7,0
8773,8226-BXGES,64,89.45,5692.65,0
8774,3877-JRJIP,1,59.85,59.85,1
8775,8375-DKEBR,1,69.6,69.6,1
8776,9705-IOVQQ,61,99.0,5969.3,0
8777,7511-YMXVQ,9,45.4,418.8,1
8778,2040-XBAVJ,72,114.45,8100.55,0
8779,1015-OWJKI,1,19.05,19.05,0
8780,7551-JOHTI,1,19.5,19.5,1
8781,8887-IPQNC,7,44.25,313.45,0
8782,8646-JCOMS,66,90.55,6130.95,0
8783,9804-ICWBG,1,69.9,69.9,1
8784,1222-KJNZD,40,20.4,745.3,0
8785,0106-GHRQR,16,71.4,1212.1,0
8786,5318-IXUZF,2,87.15,183.75,1
8787,3768-VHXQO,67,24.85,1583.5,0
8788,8952-WCVCD,41,104.45,4162.05,0
8789,2418-TPEUN,56,19.8,1119.9,0
8790,3963-RYFNS,72,116.45,8013.55,0
8791,3198-VELRD,3,84.75,264.85,1
8792,8540-ZQGEA,54,20.05,1102.4,0
8793,1320-REHCS,52,110.75,5832.0,0
8794,4137-JOPHL,50,89.7,4304.5,0
8795,9436-ZBZCT,14,89.95,1178.4,1
8796,7801-CEDNV,27,48.7,1421.75,0
8797,2057-BOYKM,72,96.6,6827.5,0
8798,3658-QQJYD,62,74.3,4698.05,0
8799,1803-BGNBD,12,54.3,654.5,0
8800,0134-XWXCE,44,74.85,3268.05,0
8801,6950-TWMYB,54,79.95,4362.05,0
8802,7530-HDYDS,38,84.25,3264.5,1
8803,7789-HKSBS,42,105.2,4599.15,0
8804,2586-CWXVV,54,30.4,1621.35,0
8805,5848-FHRFC,68,20.05,1386.9,0
8806,2243-FNMMI,20,19.4,415.4,0
8807,2511-MORQY,50,54.9,2614.1,0
8808,5356-KZCKT,58,24.45,1513.6,0
8809,9470-XCCEM,35,89.65,3161.6,0
8810,6519-CFDBX,2,45.4,80.95,0
8811,3902-MIVLE,63,75.7,4676.7,0
8812,0409-WTMPL,58,110.65,6526.65,0
8813,8763-KIAFH,27,20.55,583.3,0
8814,3669-WHAFY,71,115.15,8078.1,0
8815,3055-VTCGS,63,58.55,3503.5,0
8816,3144-KMTWZ,71,93.25,6669.45,0
8817,7279-BUYWN,41,113.2,4689.5,1
8818,7156-MHUGY,13,90.5,1201.15,1
8819,7198-GLXTC,2,79.0,143.65,1
8820,2007-QVGAW,68,19.35,1292.65,0
8821,5207-PLSTK,1,48.75,48.75,0
8822,2307-FYNNL,65,109.05,7108.2,0
8823,5605-XNWEN,72,25.0,1802.55,0
8824,2155-AMQRX,28,54.9,1505.15,0
8825,6181-AXXYF,72,24.75,1859.1,0
8826,5091-HFAZW,2,91.15,168.5,0
8827,2519-LBNQL,60,104.35,6339.45,0
8828,8623-ULFNQ,26,66.05,1652.4,0
8829,8380-PEFPE,1,71.65,71.65,1
8830,1568-LJSZU,68,92.2,6392.85,0
8831,0516-VRYBW,18,20.15,390.85,1
8832,5687-DKDTV,4,20.35,77.5,1
8833,7416-CKTEP,57,19.6,1134.25,0
8834,3096-IZETN,12,78.1,947.3,1
8835,2348-KCJLT,44,61.5,2722.2,0
8836,8401-EMUWF,42,69.4,3058.3,0
8837,4193-IBKSW,72,24.75,1769.6,0
8838,5377-NDTOU,71,91.05,6293.75,0
8839,5922-ABDVO,19,89.65,1761.05,1
8840,2474-LCNUE,23,73.65,1642.75,0
8841,0839-QNXME,30,19.4,578.5,0
8842,3506-OVLKD,35,26.2,954.9,0
8843,9172-ANCRX,10,98.7,973.25,1
8844,6650-VJONK,1,43.85,43.85,0
8845,2178-PMGCJ,22,69.7,1490.4,0
8846,7492-TAFJD,7,38.55,280.0,0
8847,2773-MADBQ,36,53.1,1901.25,0
8848,6016-LVTJQ,34,20.65,716.4,0
8849,7860-KSUGX,72,64.45,4720.0,0
8850,8966-KZXXA,36,25.1,930.95,0
8851,6910-HADCM,1,76.35,76.35,1
8852,4816-LXZYW,23,79.15,1676.95,1
8853,9606-PBKBQ,32,85.0,2642.05,1
8854,5149-QYTTU,71,95.15,6770.85,0
8855,2070-XYMFH,23,79.35,1835.3,0
8856,2085-BOJKI,17,96.65,1588.25,0
8857,0817-HSUSE,1,75.5,75.5,0
8858,5442-PPTJY,12,19.7,258.35,0
8859,1927-QEWMY,72,20.5,1502.25,0
8860,1663-MHLHE,1,19.2,19.2,0
8861,5663-QBGIS,72,98.35,6929.4,0
8862,4450-MDZFX,60,74.35,4453.3,0
8863,6701-DHKWQ,61,51.35,3244.4,0
8864,7554-AKDQF,6,45.65,323.45,0
8865,3536-IQCTX,32,85.3,2661.1,1
8866,4911-BANWH,31,86.55,2697.4,1
8867,8496-EJAUI,19,73.85,1424.5,1
8868,0794-YVSGE,72,20.3,1401.15,0
8869,5423-BHIXO,32,54.2,1739.6,0
8870,6908-VVYHM,65,90.65,5931.0,0
8871,2959-EEXWB,45,50.9,2333.85,0
8872,1839-UMACK,42,25.05,949.85,0
8873,3030-YDNRM,8,74.85,572.45,0
8874,7321-KKSDU,32,20.5,696.8,0
8875,3402-XRIUO,22,63.55,1381.8,0
8876,3132-TVFDZ,57,44.85,2572.95,1
8877,8286-AFUYI,1,47.95,47.95,0
8878,8080-DDEMJ,1,45.1,45.1,1
8879,8356-WUAOJ,1,45.0,45.0,0
8880,6365-MTGZX,24,96.0,2122.45,1
8881,8058-DMYRU,54,90.05,4931.8,0
8882,6990-YNRIO,65,108.65,6937.95,1
8883,1349-WXNGG,1,20.05,20.05,1
8884,9350-ZXYJC,4,25.3,116.95,0
8885,8958-JPTRR,56,24.3,1261.7,0
8886,6959-GQEGV,45,75.95,3273.8,0
8887,3173-WSSUE,71,19.7,1415.85,0
8888,1265-HVPZB,59,66.4,3958.2,0
8889,4115-UMJFQ,69,35.75,2492.25,0
8890,7369-TRPFD,19,18.8,279.2,0
8891,1098-KFQEC,55,19.4,1083.0,0
8892,7190-XHTWJ,38,19.3,755.5,0
8893,0621-TWIEM,10,45.55,402.6,1
8894,3537-RYBHH,47,67.45,3252.0,0
8895,2485-ITVKB,2,35.1,68.75,1
8896,3669-OYSJI,1,46.2,46.2,1
8897,1612-EOHDH,1,45.15,45.15,1
8898,6702-OHFWR,1,43.3,43.3,1
8899,5296-BFCYD,46,20.1,936.85,0
8900,4510-PYUSH,38,57.15,2250.65,1
8901,9359-JANWS,65,58.9,3857.1,0
8902,7517-SAWMO,19,73.2,1441.1,1
8903,4143-HHPMK,52,85.35,4338.6,1
8904,4547-LYTDD,16,72.65,1194.3,1
8905,9894-QMIMJ,23,55.8,1327.85,0
8906,8069-YQQAJ,14,31.1,419.7,0
8907,2801-NISEI,24,54.95,1348.5,0
8908,3279-DYZQM,71,19.45,1378.45,0
8909,7054-LGEQW,1,45.95,45.95,1
8910,0523-VNGTF,52,50.5,2566.3,0
8911,9575-IWCAZ,6,25.1,171.0,0
8912,7105-MXJLL,26,60.7,1597.4,0
8913,7064-FRRSW,48,99.0,4744.35,0
8914,7940-UQQUG,64,104.4,6721.6,0
8915,0923-PNFUB,3,83.75,247.25,1
8916,3961-SXAXY,1,44.05,44.05,0
8917,7010-BRBUU,72,24.1,1734.65,0
8918,3566-HJGPK,1,45.55,45.55,0
8919,3062-ICYZQ,51,93.8,4539.35,0
8920,9938-PRCVK,41,19.7,804.25,0
8921,0973-KYVNF,72,70.65,5011.15,0
8922,5129-HHMZC,43,86.45,3574.5,0
8923,9637-CDTKZ,72,114.1,8086.4,0
8924,3946-JEWRQ,47,95.2,4563.0,0
8925,7873-CVMAW,72,88.55,6362.35,0
8926,0463-WZZKO,3,20.75,67.1,0
8927,3494-JCHRQ,1,70.05,70.05,1
8928,6474-FVJLC,2,86.0,165.45,1
8929,4524-QCSSM,26,44.65,1156.55,0
8930,5832-EXGTT,29,60.2,1834.15,0
8931,8840-DQLGN,35,100.5,3653.35,1
8932,2039-JONDJ,27,55.45,1477.65,0
8933,7217-JYHOQ,24,70.3,1706.45,0
8934,6695-FRVEC,67,60.4,3953.7,0
8935,6770-XUAGN,1,21.0,21.0,1
8936,4193-ORFCL,1,45.1,45.1,1
8937,1636-NTNCO,4,50.95,207.35,0
8938,3466-WAESX,16,69.1,1083.7,0
8939,9281-PKKZE,46,43.95,2007.85,0
8940,3638-VBZTA,68,86.5,5882.75,0
8941,7459-IMVYU,38,69.95,2657.55,0
8942,7776-QWNFX,30,50.4,1527.5,1
8943,6689-TCZHQ,5,78.95,378.4,1
8944,8563-OYMQY,17,90.95,1612.2,0
8945,0754-EEBDC,4,19.9,76.65,0
8946,5777-ZPQNC,12,20.15,260.7,0
8947,1951-IEYXM,72,90.6,6441.85,0
8948,3318-NMQXL,3,92.0,266.8,0
8949,3143-ILDAL,56,94.45,5124.6,1
8950,1022-RKXDR,41,24.85,962.25,0
8951,2361-FJWNO,40,36.0,1382.9,0
8952,2272-UOINI,7,78.5,571.05,0
8953,8232-UTFOZ,69,19.95,1399.35,0
8954,3750-YHRYO,7,20.65,150.0,0
8955,6637-KYRCV,5,30.5,167.2,0
8956,5668-MEISB,72,106.1,7657.4,0
8957,7188-CBBBA,65,95.5,6153.85,0
8958,5356-CSVSQ,3,64.6,174.2,0
8959,3221-CJMSG,24,51.1,1269.6,0
8960,4720-VSTSI,44,84.8,3862.55,1
8961,3219-JQRSL,72,89.1,6352.4,0
8962,0129-QMPDR,44,20.5,865.05,0
8963,3946-MHCZW,1,50.9,50.9,1
8964,4623-ZKHLY,22,20.45,471.55,0
8965,6732-VAILE,70,85.95,5931.75,0
8966,8201-AAXCB,25,60.35,1404.65,0
8967,7696-CFTAT,37,19.8,726.1,0
8968,1845-CSBRZ,22,85.35,1961.6,0
8969,2123-VSCOT,59,72.1,4194.85,0
8970,6651-AZVTJ,49,99.8,4872.45,1
8971,4566-GOLUK,47,107.35,5118.95,1
8972,2484-DGXPZ,31,19.55,658.95,1
8973,2018-QKYGT,1,81.05,81.05,0
8974,2792-VPPET,3,20.5,76.95,0
8975,7409-JURKQ,53,111.8,5809.75,0
8976,3247-MHJKM,1,20.2,20.2,0
8977,1964-SVLEA,20,19.7,415.9,0
8978,4587-NUKOX,3,79.1,246.5,1
8979,7297-DVYGA,51,19.85,996.95,0
8980,2239-CGBUZ,51,60.5,3145.15,0
8981,0854-UYHZD,13,19.55,265.3,0
8982,3723-BFBGR,24,54.8,1291.3,0
8983,0565-IYCGT,69,78.6,5356.45,1
8984,5447-WZAFP,53,100.3,5200.8,0
8985,5110-CHOPY,60,53.6,3237.05,0
8986,7243-LCGGZ,1,20.9,20.9,0
8987,8267-KFGYD,1,21.05,21.05,0
8988,4890-VMUAV,63,71.5,4576.3,0
8989,9261-WDCAF,3,54.65,189.1,0
8990,3764-MNMOI,46,19.2,908.15,0
8991,7442-YGZFK,1,49.8,49.8,0
8992,0420-BWTPW,8,25.5,215.2,1
8993,8229-BUJHX,71,20.5,1500.95,0
8994,7449-HVPIV,55,90.4,5099.15,0
8995,5504-WSIUR,70,90.25,6385.95,0
8996,8183-ONMXC,2,80.75,159.45,1
8997,8466-PZBLH,67,104.6,6885.75,0
8998,9614-RMGHA,65,91.85,5940.85,1
8999,8735-IJJEG,14,50.2,668.85,0
9000,0564-MUUQK,20,95.5,1916.2,0
9001,5054-IEXZT,1,75.35,75.35,1
9002,5834-ASPWA,1,75.45,75.45,1
9003,0701-RFGFI,49,95.4,4613.95,0
9004,0019-EFAEP,72,101.3,7261.25,0
9005,5619-PTMIK,46,53.1,2459.8,0
9006,3737-XBQDD,24,84.85,2048.8,0
9007,5882-CMAZQ,5,34.25,163.55,0
9008,5846-QFDFI,33,88.6,2888.7,0
9009,4445-KWOKW,42,60.15,2421.6,0
9010,3511-APPBJ,23,99.95,2292.75,0
9011,7967-HYCDE,8,70.7,553.4,0
9012,2430-RRYUW,66,54.8,3465.7,0
9013,3948-XHGNA,24,49.55,1210.4,1
9014,5445-UTODQ,7,81.1,576.65,1
9015,4425-OWHWB,20,19.35,433.75,0
9016,7892-QVYKW,23,85.6,1868.4,0
9017,9675-ICXCT,72,80.8,5728.55,0
9018,1024-VRZHF,11,74.95,825.7,1
9019,4703-MQYKT,21,19.6,390.4,0
9020,9497-QCMMS,1,93.55,93.55,1
9021,5692-ICXLW,31,90.7,2845.15,0
9022,0602-DDUML,57,69.75,3894.4,0
9023,2208-MPXIO,45,20.0,886.4,0
9024,1960-UYCNN,10,95.25,1021.55,0
9025,0348-SDKOL,58,102.1,5885.4,1
9026,3190-FZATL,14,19.95,268.4,0
9027,7336-RLLRH,27,80.85,2204.35,0
9028,4373-MAVJG,14,90.9,1259.0,1
9029,8901-HJXTF,12,29.2,309.1,1
9030,7710-JSYOA,69,93.3,6398.05,0
9031,5419-KLXBN,25,89.15,2257.75,1
9032,3424-NMNBO,58,108.85,6287.25,1
9033,9885-MFVSU,35,46.35,1662.05,0
9034,4514-GFCFI,16,84.75,1350.15,1
9035,0607-MVMGC,45,78.75,3600.65,0
9036,3365-SAIGS,17,83.55,1329.15,0
9037,9828-AOQLM,1,45.7,45.7,1
9038,8000-REIQB,1,69.95,69.95,1
9039,9993-LHIEB,67,67.85,4627.65,0
9040,0266-CLZKZ,67,105.65,6717.9,0
9041,7615-ESMYF,2,44.6,97.1,1
9042,8022-BECSI,22,19.6,422.5,0
9043,3858-VOBET,23,74.95,1710.45,1
9044,7020-OZKXZ,9,75.5,637.4,0
9045,3977-QCRSL,5,20.15,117.95,0
9046,0017-DINOC,54,45.2,2460.55,0
9047,1447-PJGGA,57,95.25,5464.65,1
9048,8565-CLBZW,24,89.85,2165.05,1
9049,9139-WQQDY,49,100.45,4941.8,1
9050,0224-HJAPT,5,47.15,223.15,1
9051,8086-OVPWV,2,80.2,181.1,1
9052,9430-FRQOC,4,87.1,341.45,1
9053,7639-OPLNG,70,79.25,5731.85,0
9054,3074-GQWYX,5,75.9,357.75,1
9055,1492-QGCLU,53,85.7,4616.1,0
9056,6845-RGTYS,47,98.75,4533.7,1
9057,7328-OWMOM,31,20.1,589.25,0
9058,4418-LZMSV,13,61.8,750.1,0
9059,5155-AZQPB,28,49.9,1410.25,0
9060,8861-HGGKB,10,86.45,830.85,1
9061,1087-GRUYI,38,20.4,743.5,0
9062,7065-YUNRY,1,45.3,45.3,1
9063,7694-VLBWQ,67,104.1,7040.85,1
9064,2546-KZAAT,52,75.4,3865.45,0
9065,0181-RITDD,62,108.15,6825.65,0
9066,5989-PGKJB,16,86.25,1340.1,0
9067,4795-KTRTH,5,81.0,371.65,1
9068,8272-ONJLV,12,95.7,1184.0,0
9069,1488-PBLJN,72,116.85,8477.7,0
9070,0308-GIQJT,71,105.75,7382.85,0
9071,3778-FOAQW,24,20.15,456.85,0
9072,4452-ROHMO,15,19.6,331.6,0
9073,6481-OGDOO,67,90.6,6056.15,1
9074,3090-LETTY,2,60.95,134.6,0
9075,5349-AZPEW,5,25.05,125.5,0
9076,3753-TSEMP,15,88.15,1390.6,1
9077,8305-VHZBZ,1,20.2,20.2,1
9078,9720-JJJOR,41,60.3,2511.3,0
9079,8100-HZZLJ,43,63.95,2737.05,0
9080,8775-ERLNB,1,74.3,74.3,0
9081,8309-IEYJD,1,70.6,70.6,0
9082,9172-JITSM,26,90.8,2361.8,1
9083,6298-QDFNH,22,79.35,1730.35,1
9084,7398-HPYZQ,71,90.55,6404.0,0
9085,3546-GHEAE,7,19.45,165.35,0
9086,7361-YPXFS,28,64.45,1867.6,0
9087,6557-BZXLQ,16,69.65,1043.3,0
9088,2550-QHZGP,7,19.5,128.6,0
9089,7519-JTWQH,69,110.5,7455.45,0
9090,2538-OIMXF,1,24.7,24.7,0
9091,8543-MSDMF,3,77.4,206.15,0
9092,9961-JBNMK,21,96.8,2030.3,1
9093,1170-SASML,69,85.4,5869.4,0
9094,4872-JCVCA,71,47.6,3377.8,0
9095,2038-LLMLM,48,103.85,4946.05,0
9096,6173-ITPWD,47,83.35,4065.0,1
9097,5346-BZCHP,69,19.4,1346.2,0
9098,9734-UYXQI,2,49.4,106.55,1
9099,1216-BGTSP,45,108.45,4964.7,0
9100,4138-NAXED,51,81.0,4085.75,0
9101,2189-UXTKY,22,79.2,1742.75,1
9102,0744-BIKKF,72,86.65,6224.8,0
9103,7483-IQWIB,37,92.95,3415.25,0
9104,5248-KWLAR,71,90.35,6325.25,0
9105,4958-GZWIY,7,48.7,340.25,1
9106,7996-MHXLW,66,25.15,1683.6,0
9107,7833-PKIHD,51,76.4,3966.3,0
9108,7061-OVMIM,30,19.55,608.5,0
9109,5153-RTHKF,34,85.35,2896.6,0
9110,1852-QSWCD,64,24.8,1514.85,0
9111,4832-VRBMR,65,103.15,6792.45,0
9112,9079-LWTFD,47,100.75,4669.2,0
9113,6356-ELRKD,1,95.6,95.6,1
9114,8624-GIOUT,49,59.75,2934.3,1
9115,3392-EHMNK,67,94.1,6302.8,0
9116,5986-WWXDV,39,19.35,779.2,0
9117,3061-BCKYI,14,19.9,283.75,0
9118,6179-GJPSO,43,108.15,4600.7,1
9119,7901-TBKJX,56,101.05,5594.0,0
9120,7228-PAQPD,14,59.1,772.85,0
9121,3177-LASXD,1,71.35,71.35,1
9122,7746-QYVCO,16,55.85,857.8,0
9123,5804-HYIEZ,70,106.05,7554.05,0
9124,9919-FZDED,72,84.1,5981.65,0
9125,5934-TSSAU,23,75.3,1702.9,0
9126,3486-KHMLI,21,24.7,467.15,0
9127,4897-QSUYC,1,20.15,20.15,1
9128,1084-UQCHV,1,69.75,69.75,1
9129,8290-YWKHZ,32,93.2,2931.0,1
9130,2955-BJZHG,17,80.85,1400.85,1
9131,3806-DXQOM,4,33.65,137.85,1
9132,6784-XYJAE,36,55.8,1941.5,0
9133,3933-DQPWX,50,39.7,1932.75,0
9134,6661-EIPZC,48,29.5,1423.05,0
9135,8957-THMOA,50,20.15,970.85,0
9136,2251-PYLPB,72,79.55,5810.9,0
9137,5555-RNPGT,10,24.8,223.9,0
9138,1057-FOGLZ,18,19.65,391.7,0
9139,9300-RENDD,1,79.95,79.95,1
9140,0761-AETCS,1,19.3,19.3,1
9141,8087-LGYHQ,9,94.05,811.65,0
9142,4137-BTIKL,2,90.75,174.75,0
9143,2190-BCXEC,40,78.85,3126.85,0
9144,6227-FBDXH,69,99.5,6841.45,0
9145,2153-MREFK,37,99.2,3754.6,1
9146,2911-WDXMV,18,80.55,1406.65,0
9147,7206-PQBBZ,11,70.2,834.7,0
9148,3106-ULWFW,8,85.2,627.4,1
9149,0925-VYDLG,3,75.25,242.0,1
9150,4547-FZJWE,55,59.45,3157.0,0
9151,7422-WNBTY,33,93.35,3092.0,0
9152,0842-IWYCP,46,44.95,2168.9,0
9153,3521-HTQTV,34,26.1,980.35,0
9154,3744-ZBHON,3,20.2,65.95,0
9155,3373-DIUUN,30,21.25,711.9,0
9156,8383-SGHJU,33,59.4,1952.8,0
9157,7607-QKKTJ,45,95.0,4368.85,0
9158,7707-PYBBH,40,61.9,2647.1,0
9159,8984-HPEMB,71,118.65,8477.6,0
9160,4349-GFQHK,1,54.35,54.35,1
9161,4139-DETXS,72,64.45,4528.0,0
9162,9779-DPNEJ,22,80.15,1790.65,0
9163,9805-FILKB,46,20.2,845.6,0
9164,5793-YOLJN,55,21.0,1210.3,0
9165,0673-IGUQO,1,20.45,20.45,0
9166,4123-FCVCB,12,75.85,854.45,0
9167,8819-IMISP,31,80.45,2429.1,0
9168,7802-EFKNY,5,24.95,100.4,1
9169,8311-UEUAB,67,75.5,5229.45,0
9170,5858-EAFCZ,1,44.45,44.45,0
9171,8035-BUYVG,40,42.35,1716.45,1
9172,1163-ONYEY,41,74.55,3023.55,0
9173,9787-XVQIU,1,75.3,75.3,1
9174,8945-MUQUF,51,94.8,4837.6,1
9175,5656-MJEFC,42,48.15,2032.3,0
9176,8051-HJRLT,1,70.55,70.55,1
9177,6082-OQFBA,23,19.65,436.9,0
9178,8974-OVACP,1,20.15,20.15,0
9179,4010-YLMVT,56,106.6,5893.95,0
9180,1379-FRVEB,15,91.0,1430.05,0
9181,8612-GXIDD,12,25.4,313.0,0
9182,6288-CHQJB,54,69.95,3871.85,0
9183,8160-HOWOX,7,66.85,458.1,0
9184,3023-GFLBR,33,86.15,2745.7,1
9185,6648-INWPS,16,20.15,341.35,0
9186,4223-BKEOR,21,64.85,1336.8,0
9187,4079-VTGLK,30,74.85,2181.75,0
9188,1763-WQFUK,3,50.5,147.75,0
9189,1391-UBDAR,11,72.9,818.45,0
9190,8894-JVDCV,62,115.05,7133.45,0
9191,2023-VQFDL,18,19.0,348.8,0
9192,1345-GKDZZ,6,19.55,128.6,0
9193,2014-MKGMH,46,101.1,4674.4,0
9194,5628-FCGYG,21,84.1,1737.45,0
9195,2560-WBWXF,68,24.15,1498.85,0
9196,0248-IPDFW,1,50.1,50.1,0
9197,7978-DKUQH,25,74.6,1797.75,0
9198,6844-DZKRF,2,50.2,109.25,0
9199,4695-WJZUE,2,88.55,179.25,1
9200,7619-ODSGN,24,54.75,1338.15,1
9201,8879-XUAHX,71,116.25,8564.75,0
9202,3689-MOZGR,29,31.2,926.2,0
9203,4335-UPJSI,24,19.75,498.1,0
9204,0524-IAVZO,30,85.0,2624.25,1
9205,2737-YNGYW,2,80.55,184.1,1
9206,1784-EZDKJ,51,106.8,5498.8,0
9207,9297-FVVDH,57,84.5,4845.4,0
9208,8007-YYPWD,15,25.05,369.1,0
9209,7101-HRBLJ,72,83.7,6096.9,0
9210,5159-YFPKQ,2,75.8,160.75,1
9211,6635-CPNUN,28,96.6,2684.35,0
9212,4021-RQSNY,29,98.5,3004.15,1
9213,5453-YBTWV,70,101.1,6994.8,0
9214,5039-LZRQT,13,20.2,273.25,0
9215,2931-VUVJN,59,94.05,5483.9,0
9216,9061-TIHDA,13,95.25,1233.65,1
9217,8699-ASUFO,7,74.4,527.9,1
9218,6418-PIQSP,62,81.0,4985.9,0
9219,8220-OCUFY,21,60.25,1258.35,0
9220,3995-WFCSM,2,60.85,111.4,0
9221,1895-QTKDO,1,43.95,43.95,0
9222,2038-OEQZH,4,86.05,308.1,0
9223,1178-PZGAB,19,20.25,383.65,0
9224,7927-AUXBZ,30,85.15,2555.9,1
9225,2626-VEEWG,67,19.4,1284.2,0
9226,2878-RMWXY,72,102.65,7550.3,0
9227,7375-WMVMT,71,95.5,6707.15,0
9228,1136-XGEQU,50,84.15,4164.4,0
9229,2530-FMFXO,56,103.2,5873.75,0
9230,1657-DYMBM,53,19.9,1110.05,0
9231,7311-MQJCH,5,19.55,99.6,0
9232,5970-GHJAW,46,19.95,862.4,0
9233,4195-PNGZS,69,24.45,1718.2,0
9234,5003-XZWWO,71,84.2,5956.85,0
9235,3988-RQIXO,1,91.3,91.3,1
9236,7622-FWGEW,56,85.65,4824.45,0
9237,6922-NCEDI,56,21.2,1238.65,0
9238,2514-GINMM,1,79.5,79.5,1
9239,9891-NQDBD,28,25.55,672.2,0
9240,6131-IUNXN,19,20.2,382.2,0
9241,8548-AWOFC,66,63.85,4264.6,0
9242,9798-DRYDS,17,61.95,1070.7,0
9243,8532-UEFWH,52,25.75,1345.85,0
9244,6296-DDOOR,19,58.2,1045.25,0
9245,7951-VRDVK,36,85.85,3003.55,0
9246,5931-FLJJF,7,70.1,467.55,1
9247,4815-YOSUK,72,104.9,7537.5,0
9248,2659-VXMWZ,67,111.3,7482.1,1
9249,0380-NEAVX,34,99.85,3343.15,0
9250,3207-OYBWH,57,95.25,5427.05,1
9251,4285-GYRQC,7,86.25,587.1,1
9252,7216-EWTRS,1,100.8,100.8,1
9253,7488-MXJIV,4,85.65,321.65,1
9254,7401-JIXNM,54,91.3,4965.0,0
9255,4365-MSDYN,8,19.55,161.15,0
9256,7036-TYDEC,69,104.0,7028.5,0
9257,5802-ADBRC,50,104.4,5232.9,0
9258,8076-FEZKJ,10,19.5,225.85,0
9259,5197-YPYBZ,12,25.25,274.7,0
9260,8337-MSSXB,14,86.3,1180.95,1
9261,4312-GVYNH,70,49.85,3370.2,0
9262,8495-LJDFO,64,108.95,7111.3,0
9263,0839-JTCUD,66,89.9,5958.85,0
9264,5494-WOZRZ,71,82.0,5999.85,0
9265,1302-UHBDD,20,89.95,1648.45,0
9266,2234-EOFPT,72,79.35,5753.25,0
9267,8619-IJNDK,71,64.05,4492.9,0
9268,8378-LKJAF,38,101.15,3956.7,0
9269,8182-BJDSI,28,89.95,2625.55,1
9270,2528-HFYZX,17,76.45,1233.4,1
9271,1153-GNOLC,33,39.1,1309.0,0
9272,3298-QEICA,23,34.6,813.45,0
9273,0788-DXBFY,58,19.55,1108.8,0
9274,3597-YASZG,70,104.45,7349.35,0
9275,3496-LFSZU,4,70.5,294.2,0
9276,5242-UOWHD,45,20.35,929.2,0
9277,2482-CZGBB,10,70.0,740.0,1
9278,8097-VBQTZ,54,69.9,3883.3,0
9279,4500-HKANN,23,59.7,1414.2,0
9280,9917-KWRBE,41,78.35,3211.2,0
9281,3420-ZDBMA,5,71.45,371.6,0
9282,6479-SZPLM,36,19.45,754.5,0
9283,2212-LYASK,27,45.85,1246.4,0
9284,1393-IMKZG,1,95.85,95.85,0
9285,8069-RHUXK,67,35.7,2545.7,0
9286,3398-GCPMU,72,89.55,6448.85,0
9287,2908-WGAXL,56,24.95,1468.9,0
9288,3378-AJRAO,44,24.85,1013.6,0
9289,1013-QCWAM,66,100.8,6690.75,0
9290,0866-QLSIR,34,64.4,2088.75,1
9291,6050-FFXES,69,105.35,7240.65,0
9292,7181-BQYBV,1,102.45,102.45,1
9293,0362-RAOQO,40,19.65,830.25,0
9294,9554-DFKIC,30,54.45,1588.7,0
9295,5527-ACHSO,11,70.5,829.3,0
9296,0829-DDVLK,15,20.1,302.45,0
9297,1399-UBQIU,11,69.35,712.25,0
9298,1813-JLKWR,64,19.8,1336.65,0
9299,0336-PIKEI,72,74.4,5360.75,0
9300,7322-OCWHC,72,93.05,6735.05,0
9301,9537-VHDTA,1,51.2,51.2,0
9302,4957-TIALW,15,65.6,1010.0,0
9303,2054-PJOCK,60,80.55,4847.05,0
9304,9150-HEPMB,56,52.7,3019.7,0
9305,5440-FLBQG,69,108.4,7318.2,1
9306,2135-DQWAQ,5,85.3,420.45,0
9307,4056-QHXHZ,72,107.45,7576.7,0
9308,7470-MCQTK,13,48.75,633.4,1
9309,9030-QGZNL,8,20.85,161.65,0
9310,6204-IEUXJ,3,80.1,217.55,1
9311,3126-WQMGH,49,52.15,2583.75,0
9312,4529-CKBCL,2,80.2,146.05,1
9313,2506-CLAKW,6,98.15,567.45,1
9314,7176-WRTNX,70,114.95,7711.25,0
9315,1583-IHQZE,12,112.95,1384.75,1
9316,5732-IKGQH,52,104.45,5481.25,0
9317,9239-GZHZE,72,113.65,8124.2,0
9318,7205-BAIAD,40,20.6,827.3,0
9319,0151-ONTOV,1,70.9,70.9,1
9320,4140-MUHUG,3,86.85,220.95,1
9321,0093-EXYQL,40,91.55,3673.6,0
9322,8064-RAVOH,1,49.85,49.85,0
9323,0219-QAERP,30,19.8,576.65,0
9324,0320-JDNQG,23,99.85,2331.3,1
9325,7180-PISOG,1,74.5,74.5,1
9326,9168-INPSZ,44,104.15,4495.65,0
9327,3571-RFHAR,65,109.15,6941.2,1
9328,0015-UOCOJ,7,48.2,340.35,0
9329,5334-AFQJB,72,25.1,1789.9,0
9330,2754-SDJRD,8,100.15,908.55,0
9331,9578-VRMNM,16,65.2,1043.35,1
9332,1587-FKLZB,66,99.5,6822.15,1
9333,6140-QNRQQ,1,71.55,71.55,1
9334,8963-JLGJT,3,55.9,157.55,0
9335,4307-KTUMW,53,93.9,5029.2,1
9336,1465-LNTLJ,8,64.4,581.7,0
9337,9339-FIIJL,72,85.95,6151.9,0
9338,2027-FECZV,12,106.7,1253.9,1
9339,2672-DZUOY,1,25.15,25.15,1
9340,4706-DGAHW,1,45.2,45.2,0
9341,3870-MQAMG,54,110.35,5893.15,1
9342,6670-MFRPK,69,79.2,5420.65,0
9343,6177-PEVRA,48,55.5,2627.35,0
9344,4800-CZMPC,48,103.25,5037.55,1
9345,4813-HQMGZ,8,90.25,743.75,0
9346,7579-KKLOE,71,91.25,6589.6,0
9347,7377-DMMRI,2,47.8,92.45,1
9348,8402-EIVQS,67,100.9,6733.15,0
9349,4947-DSMXK,34,97.7,3410.0,0
9350,7245-NIIWQ,3,69.85,199.85,0
9351,0002-ORFBO,9,65.6,593.3,0
9352,3324-OIRTO,71,104.65,7288.4,0
9353,5414-OFQCB,57,90.45,5229.8,0
9354,4967-WPNCF,72,63.7,4464.8,0
9355,8552-OBVRU,48,104.5,5068.05,0
9356,8499-BRXTD,18,20.1,401.85,0
9357,9154-QDGTH,43,104.3,4451.85,0
9358,8197-BFWVU,72,93.25,6688.95,0
9359,2577-GVSIL,35,73.45,2661.1,0
9360,9367-OIUXP,4,20.7,73.05,0
9361,6770-UAYGJ,49,25.25,1211.65,0
9362,6463-HHXJR,71,100.5,7030.65,0
9363,7928-VJYAB,11,90.6,1020.2,0
9364,1187-WILMM,63,89.4,5597.65,0
9365,9776-OJUZI,65,95.45,6223.3,0
9366,1306-RPWXZ,49,20.45,1024.65,0
9367,8949-JTMAY,29,98.6,2933.2,1
9368,2774-LVQUS,15,83.05,1258.3,1
9369,3097-PYWXL,4,19.95,82.9,0
9370,2266-SJNAT,72,109.15,7789.6,0
9371,0869-PAPRP,26,85.7,2067.0,0
9372,4238-JSSWH,35,102.05,3452.55,0
9373,2972-YDYUW,57,94.7,5468.95,0
9374,1104-FEJAM,28,64.4,1802.15,0
9375,2809-ILCYT,25,26.8,733.55,0
9376,5499-ECUTN,47,66.05,3021.45,0
9377,4981-FLTMF,57,65.2,3687.85,0
9378,9121-PHQSR,16,85.05,1391.15,0
9379,3113-IWHLC,5,55.8,274.35,0
9380,3211-ILJTT,17,70.4,1214.05,1
9381,4612-THJBS,56,104.75,5510.65,1
9382,4277-BWBML,72,19.95,1322.85,0
9383,4094-NSEDU,21,94.25,1973.75,1
9384,0234-TEVTT,48,45.0,2196.3,0
9385,4304-TSPVK,68,114.9,7843.55,0
9386,1552-AAGRX,30,106.4,3211.9,0
9387,2637-FKFSY,3,46.1,130.15,0
9388,9796-MVYXX,14,39.7,692.35,0
9389,0020-INWCK,71,95.75,6849.4,0
9390,2683-JXWQQ,61,33.6,2117.2,0
9391,9548-ZMVTX,72,90.45,6565.85,0
9392,8739-XNIKG,5,84.0,424.75,0
9393,7874-ECPQJ,4,20.05,85.5,0
9394,7089-RKVSZ,8,24.4,203.95,0
9395,9755-JHNMN,49,67.4,3306.85,0
9396,3981-QSVQI,8,19.7,168.9,0
9397,2789-HQBOU,3,80.35,253.8,0
9398,9424-CMPOG,9,19.6,197.4,0
9399,5067-WJEUN,67,54.2,3838.2,0
9400,3450-WXOAT,46,45.2,2065.15,0
9401,9251-WNSOD,67,75.1,5064.45,0
9402,6974-DAFLI,55,19.7,1140.05,0
9403,2616-UUTFK,33,72.75,2447.45,0
9404,7064-JHXCE,62,20.05,1263.9,0
9405,5103-MHMHY,1,45.95,45.95,1
9406,7989-AWGEH,49,39.2,1838.15,0
9407,4373-VVHQL,1,44.75,44.75,0
9408,4559-UWIHT,14,82.65,1185.0,0
9409,7268-IGMFD,18,93.9,1743.9,0
9410,1846-XWOQN,1,70.15,70.15,1
9411,0235-KGSLC,1,85.55,85.55,1
9412,6650-BWFRT,72,117.15,8529.5,0
9413,9570-KYEUA,64,99.25,6549.45,0
9414,6993-YGFJV,69,112.55,7806.5,0
9415,7176-WIONM,12,49.85,617.15,0
9416,5141-ZUVBH,9,93.0,870.25,0
9417,1089-HDMKP,11,54.55,601.25,0
9418,1821-BUCWY,30,55.65,1653.85,0
9419,2712-SYWAY,1,25.7,25.7,0
9420,0730-BGQGF,71,90.3,6287.3,0
9421,5498-IBWPI,66,49.4,3251.85,0
9422,9101-NTIXF,2,19.4,50.6,0
9423,0013-SMEOE,71,109.7,7904.25,0
9424,9314-QDMDW,11,61.25,729.95,0
9425,9308-ANMVE,47,55.3,2654.05,0
9426,2884-GBPFB,35,70.3,2416.55,1
9427,3757-NJYBX,32,106.35,3520.75,1
9428,3413-DHLPB,60,103.75,5969.95,0
9429,7649-PHJVR,11,19.5,226.8,0
9430,6114-TCFID,29,39.5,1082.75,0
9431,3787-TRIAL,21,26.05,565.75,0
9432,2573-GYRUU,48,91.05,4370.75,0
9433,5156-UMKOW,3,29.65,90.05,0
9434,1247-QBVSH,43,50.2,2169.4,0
9435,6734-GMPVK,5,105.3,550.6,0
9436,9822-OAOVB,1,55.45,55.45,0
9437,6161-ERDGD,71,85.45,6300.85,0
9438,1226-JZNKR,8,19.8,160.05,0
9439,7318-EIVKO,8,59.25,436.6,0
9440,3771-PZOBW,20,90.7,1781.35,0
9441,5136-KCKGI,33,103.7,3467.0,1
9442,8231-BSWXX,71,79.05,5552.5,0
9443,6486-LHTMA,31,90.7,2835.5,0
9444,4083-BFNYK,38,95.0,3591.25,0
9445,3722-WPXTK,1,88.35,88.35,1
9446,7389-KBFIT,2,30.25,63.75,0
9447,7623-HKYRK,6,19.7,111.65,0
9448,0310-SUCIN,71,84.8,6046.1,0
9449,5197-PYEPU,42,94.45,3923.8,0
9450,2929-ERCFZ,8,94.2,777.3,1
9451,7548-SEPYI,5,96.25,512.45,1
9452,8835-VSDSE,2,70.7,141.45,1
9453,6619-RPLQZ,45,20.85,892.15,0
9454,3275-RHRNE,28,60.0,1682.05,0
9455,3503-TYDAY,43,80.45,3398.9,0
9456,6901-GOGZG,60,84.95,4984.85,0
9457,1623-NLDOT,42,33.55,1445.3,1
9458,7021-XSNYE,7,49.65,305.55,0
9459,9621-OUPYD,25,20.2,507.9,0
9460,9898-KZQDZ,40,94.55,3640.45,1
9461,8982-NHAVY,27,100.5,2673.45,0
9462,4307-KWMXE,10,35.75,389.8,0
9463,0141-YEAYS,27,86.45,2401.05,0
9464,2450-ZKEED,11,53.8,651.55,0
9465,3694-DELSO,4,38.55,156.1,0
9466,3893-JRNFS,68,39.9,2796.35,0
9467,9603-OAIHC,1,70.05,70.05,0
9468,1133-KXCGE,18,20.1,407.05,0
9469,5236-PERKL,57,112.95,6465.0,1
9470,1049-FYSYG,17,35.65,646.05,0
9471,7854-FOKSF,1,35.9,35.9,1
9472,2519-FAKOD,38,99.25,3777.15,1
9473,8406-LNMHF,59,82.95,4903.15,0
9474,0142-GVYSN,26,20.3,511.25,0
9475,8263-JQAIK,2,24.45,47.5,1
9476,0023-UYUPN,50,25.2,1306.3,0
9477,8314-DPQHL,9,50.8,463.6,0
9478,1465-WCZVT,3,19.65,60.65,0
9479,9481-SFCQY,14,59.8,824.85,0
9480,6360-SVNWV,31,73.55,2094.65,0
9481,0567-GGCAC,7,61.4,438.9,0
9482,7089-IVVAZ,8,103.35,847.3,1
9483,8884-MRNSU,17,19.9,329.75,0
9484,2171-UDMFD,32,19.45,674.55,0
9485,9050-IKDZA,2,81.5,162.55,0
9486,2205-YMZZJ,7,84.8,546.95,1
9487,9802-CAQUT,72,109.55,7887.25,0
9488,1254-IZEYF,31,99.95,3186.65,1
9489,0187-WZNAB,27,74.4,1972.35,0
9490,9492-TOKRI,18,90.0,1527.35,1
9491,1475-VWVDO,7,74.9,490.55,0
9492,9221-OTIVJ,14,104.85,1531.4,1
9493,1357-MVDOZ,11,59.65,683.25,0
9494,7602-MVRMB,72,110.45,8058.85,0
9495,3325-FUYCG,28,106.1,2847.4,1
9496,5908-QMGOE,15,74.2,1133.9,1
9497,1197-BVMVG,4,74.45,294.45,0
9498,7878-JGDKK,4,44.55,220.75,0
9499,1088-AUUZZ,56,75.85,4261.2,0
9500,0397-GZBBC,59,93.85,5574.75,1
9501,5406-KGRMX,71,24.55,1719.15,0
9502,8481-YYXWG,5,89.35,461.7,1
9503,5968-HYJRZ,47,24.55,1160.45,0
9504,5198-EFNBM,57,90.65,5199.8,0
9505,7516-GMHUV,50,105.05,5163.3,0
9506,7140-ADSMJ,8,20.45,162.3,0
9507,2230-XTUWL,48,19.55,883.35,0
9508,7706-YLMQA,70,19.7,1341.5,0
9509,2585-KTFRE,1,70.45,70.45,0
9510,7994-UYIVZ,8,85.65,659.45,0
9511,2609-IAICY,1,77.15,77.15,1
9512,1740-CSDJP,1,35.25,35.25,1
9513,7717-BICXI,60,20.55,1205.05,0
9514,6559-RAKOZ,49,97.95,4917.9,0
9515,2636-OHFMN,4,48.55,201.0,1
9516,4716-MRVEN,29,20.0,599.3,0
9517,2143-LJULT,67,25.25,1733.15,0
9518,1323-OOEPC,53,98.4,5149.5,1
9519,3200-MNQTF,67,70.9,4677.1,0
9520,6164-HXUGH,6,19.85,119.3,0
9521,5630-IXDXV,47,106.35,4849.1,0
9522,0320-DWVTU,53,99.5,5424.25,0
9523,9135-MGVPY,69,84.7,5878.9,0
9524,1212-GLHMD,3,86.05,244.85,0
9525,6614-YWYSC,61,25.0,1501.75,0
9526,9588-OZDMQ,2,45.0,89.75,0
9527,7641-EUYET,46,100.7,4541.2,1
9528,6476-EPYZR,12,20.5,255.5,0
9529,9921-ZVRHG,14,80.45,1072.0,1
9530,1174-FGIFN,28,90.45,2509.25,0
9531,6620-HVDUJ,24,60.45,1440.75,0
9532,4701-MLJPN,31,55.25,1715.65,1
9533,1032-MAELW,68,78.45,5333.35,0
9534,7641-TQFHN,39,100.55,3895.35,0
9535,1552-TKMXS,42,20.35,869.9,0
9536,9206-GVPEQ,13,54.45,706.85,1
9537,8622-ZLFKO,6,90.75,512.25,0
9538,1596-BBVTG,35,75.35,2636.05,1
9539,6188-UXBBR,38,20.25,814.75,0
9540,2333-KWEWW,18,20.05,388.6,0
9541,5702-SKUOB,4,19.6,93.45,0
9542,1134-YWTYF,27,53.8,1389.85,0
9543,6061-GWWAV,41,70.2,2894.55,0
9544,0679-TDGAK,50,75.5,4025.6,0
9545,6585-WCEWR,72,20.35,1354.4,0
9546,8433-WXGNA,2,75.7,189.2,1
9547,9405-GPBBG,64,110.5,7069.25,0
9548,3707-GNWHM,1,74.25,74.25,1
9549,7016-NVRIC,29,90.1,2656.7,0
9550,5829-NVSQN,23,68.75,1689.45,0
9551,9067-YGSCA,70,26.05,1856.4,0
9552,9067-SQTNS,44,20.6,926.0,0
9553,1776-SPBWV,34,20.1,682.1,0
9554,8735-SDUFN,72,24.3,1778.7,0
9555,9668-PUGNU,71,24.5,1816.2,0
9556,1926-QUZNN,72,25.25,1841.2,0
9557,9565-AXSMR,52,19.2,1054.75,0
9558,8922-LIEGH,25,89.7,2187.55,1
9559,8869-LIHMK,64,115.1,7334.05,0
9560,8245-UMPYT,16,96.4,1581.2,1
9561,5186-SAMNZ,1,69.5,69.5,1
9562,0447-RXSGD,24,99.65,2404.85,0
9563,4927-WWOOZ,2,91.45,171.45,0
9564,5788-YPOEG,34,84.75,2839.45,0
9565,5373-SFODM,36,85.25,3132.75,1
9566,0661-KBKPA,53,78.75,3942.45,0
9567,9081-WWXKP,47,20.25,873.4,0
9568,0784-ZQJZX,72,19.9,1529.65,0
9569,3133-PZNSR,72,97.75,6991.6,0
9570,8178-EYZUO,46,93.7,4154.8,1
9571,3230-JCNZS,71,99.0,7061.65,0
9572,0277-ORXQS,66,50.55,3364.55,0
9573,5130-IEKQT,25,105.95,2655.25,1
9574,3230-WYKIR,18,82.0,1425.45,1
9575,5766-ZJYBB,1,19.4,19.4,1
9576,8931-GJJIQ,9,83.3,803.3,1
9577,4277-PVRAN,8,80.1,679.3,1
9578,0022-TCJCI,45,62.7,2791.5,1
9579,0722-SVSFK,7,100.4,715.0,0
9580,3612-YVGSJ,71,24.45,1681.6,0
9581,9825-YCXWZ,41,101.1,4016.2,0
9582,5397-NSKQG,67,50.9,3281.65,0
9583,8565-HBFNN,69,107.2,7317.1,0
9584,2000-DHJUY,70,92.2,6474.45,0
9585,0203-HHYIJ,25,25.3,676.35,1
9586,8670-ERCJH,72,113.4,8164.1,0
9587,7758-UJWYS,34,40.55,1325.85,0
9588,2050-ONYDQ,65,26.0,1654.85,0
9589,7055-JCGNI,70,111.95,7795.95,0
9590,0739-UUAJR,72,53.8,3952.45,0
9591,4826-DXMUP,35,72.1,2495.15,0
9592,0952-KMEEH,13,98.15,1230.25,1
9593,7285-KLOTR,12,78.85,876.75,0
9594,0654-PQKDW,62,70.75,4263.45,0
9595,7175-NTIXE,25,76.15,1992.95,0
9596,7963-SHNDT,52,39.1,1982.1,0
9597,9796-BPKIW,8,69.95,562.7,0
9598,5843-TTHGI,18,50.0,892.7,0
9599,1849-RJYIG,8,60.0,487.75,0
9600,8868-GAGIO,45,84.55,3713.95,0
9601,4061-UKJWL,3,45.45,141.7,0
9602,8263-QMNTJ,72,115.55,8425.3,0
9603,0188-GWFLE,2,20.05,33.7,0
9604,8129-GMVGI,56,20.05,1090.1,0
9605,2882-DDZPG,12,19.45,227.45,0
9606,3547-LQRIK,47,26.9,1250.85,0
9607,9137-NOQKA,2,19.2,37.2,0
9608,5380-XPJNZ,38,20.05,678.2,0
9609,7996-BPXHY,13,25.0,332.5,0
9610,3227-WLKLI,65,91.55,5963.95,0
9611,0407-BDJKB,60,95.75,5742.9,1
9612,2266-FUBDZ,15,19.35,278.85,0
9613,8237-ULIXL,72,24.85,1871.85,0
9614,9600-UDOPK,30,94.05,2866.45,1
9615,8216-AZUUZ,42,100.4,4303.65,0
9616,9153-BTBVV,71,25.0,1753.0,0
9617,4074-SJFFA,1,54.75,54.75,1
9618,3269-ATYWD,39,95.65,3759.05,1
9619,5186-PEIZU,35,19.25,617.65,0
9620,1074-AMIOH,53,108.25,5935.1,0
9621,4910-GMJOT,1,94.6,94.6,1
9622,0354-WYROK,31,98.9,2911.3,1
9623,4837-QUSFT,65,100.15,6643.5,0
9624,6877-TJMBR,1,84.8,84.8,1
9625,8628-MFKAX,72,116.75,8277.05,0
9626,4361-FEBGN,48,20.15,982.95,0
9627,7748-UMTRK,30,101.3,2974.5,0
9628,0380-ZCSBI,10,20.0,198.7,0
9629,7145-FEJWU,12,105.3,1275.65,0
9630,6463-MVYRY,57,69.85,4003.0,0
9631,3969-JQABI,58,65.25,3791.6,0
9632,9624-EGDEQ,37,19.8,813.3,0
9633,1051-EQPZR,44,19.6,780.25,0
9634,5849-ASHZJ,27,20.05,552.9,0
9635,5780-INQIK,8,49.4,408.25,0
9636,7576-OYWBN,3,76.05,231.8,1
9637,4526-ZJJTM,25,88.4,2191.15,0
9638,8384-FZBJK,57,100.6,5611.7,0
9639,3750-RNQKR,12,19.45,246.25,0
9640,0962-CQPWQ,62,20.3,1296.15,0
9641,3096-YXENJ,65,107.65,7082.85,0
9642,1265-BCFEO,71,80.45,5662.25,0
9643,5837-LXSDN,21,58.85,1215.45,0
9644,5945-AZYHT,71,109.6,7854.15,0
9645,8325-QRPZR,7,75.15,525.0,0
9646,6384-VMJHP,72,73.0,5265.2,0
9647,2262-SLNVK,1,70.1,70.1,0
9648,7730-CLDSV,72,98.65,7129.45,0
9649,1135-HIORI,64,111.45,7266.95,0
9650,0164-APGRB,72,114.9,8496.7,0
9651,6481-ESCNL,29,100.55,2878.75,0
9652,1790-NESIO,13,20.4,261.3,0
9653,1550-EENBN,31,104.35,3205.6,0
9654,5539-TMZLF,1,69.75,69.75,1
9655,4323-SADQS,7,34.5,279.25,1
9656,4446-BZKHU,61,105.55,6281.45,1
9657,5202-IVJNU,39,30.1,1131.3,1
9658,5976-JCJRH,10,70.3,738.2,1
9659,8198-RKSZG,14,80.45,1137.05,0
9660,0137-OCGAB,1,80.2,80.2,1
9661,3351-NQLDI,67,94.35,6341.45,1
9662,9297-EONCV,72,91.35,6697.2,0
9663,7593-JNWRU,6,44.6,260.8,1
9664,4588-YBNIB,1,19.6,19.6,1
9665,1069-QJOEE,25,19.9,505.45,0
9666,3336-JORSO,33,110.45,3655.45,1
9667,7799-DSEWS,18,68.35,1299.8,0
9668,8766-PAFNE,71,79.1,5564.85,0
9669,5315-CKEQK,28,51.0,1381.8,0
9670,3130-ICDUP,2,80.55,188.1,0
9671,0820-FNRNX,17,66.7,1077.05,0
9672,0880-FVFWF,56,86.4,4922.4,0
9673,4611-ANLQC,60,50.05,2911.5,0
9674,4213-HKBJO,33,25.7,826.1,0
9675,2792-LSHWX,1,83.4,83.4,0
9676,5028-GZLDO,2,70.7,140.7,1
9677,0014-BMAQU,63,84.65,5377.8,0
9678,6861-XWTWQ,7,99.25,665.45,1
9679,9018-PCIOK,55,64.75,3617.1,0
9680,9953-ZMKSM,63,25.25,1559.3,0
9681,0907-HQNTS,70,113.0,7987.6,0
9682,7665-NKLAV,36,40.65,1547.35,0
9683,6769-DCQLI,52,105.0,5426.85,1
9684,2433-KMEAS,22,54.45,1127.35,1
9685,4391-LNRXK,22,94.95,2142.8,0
9686,8250-ZNGGW,5,59.9,287.85,0
9687,2195-ZRVAX,47,85.3,4045.65,1
9688,3550-SAHFP,33,83.35,2757.85,1
9689,2011-TRQYE,18,33.5,600.0,1
9690,8562-GHPPI,1,19.8,19.8,0
9691,5893-PYOLZ,56,81.8,4534.45,0
9692,4986-MXSFP,2,20.0,40.9,0
9693,6131-FOYAS,35,59.6,2094.9,0
9694,3027-YNWZU,64,25.0,1584.8,0
9695,5609-IMCGG,15,84.35,1302.65,0
9696,4873-ILOLJ,24,90.35,2238.5,1
9697,4727-MCYZG,1,55.55,55.55,0
9698,9481-WHGWY,70,75.35,5437.75,0
9699,2725-KXXWT,1,90.75,90.75,1
9700,9565-DJPIB,4,89.6,365.65,1
9701,4328-VUFWD,39,59.3,2209.15,0
9702,3301-LSLWQ,29,66.1,1912.15,0
9703,3166-PNEOF,61,86.45,5175.3,0
9704,5639-NTUPK,13,52.1,670.65,0
9705,8780-YRMTT,66,47.4,3177.25,0
9706,8348-HFYIV,2,49.25,90.35,1
9707,5140-FOMCQ,59,109.15,6557.75,0
9708,7473-ZBDSN,14,18.8,255.55,0
9709,6242-SGYTS,62,94.95,5791.85,0
9710,8166-ORCHU,33,93.55,3055.5,0
9711,8414-OOEEL,66,79.5,5196.1,0
9712,8454-AATJP,72,115.05,8405.0,0
9713,6849-WLEYG,1,19.75,19.75,1
9714,4659-NZRUF,19,95.15,1789.25,1
9715,4531-AUZNK,51,95.15,5000.05,0
9716,4191-XOVOM,63,105.4,6713.2,0
9717,2150-OEGBV,27,20.1,562.6,0
9718,8429-XIBUM,22,101.35,2317.1,1
9719,1855-CFULU,4,20.05,91.45,0
9720,4878-BUNFV,42,20.7,828.85,0
9721,1872-EBWSC,29,20.35,617.35,0
9722,2608-BHKFN,4,70.05,266.9,1
9723,7026-YMSBE,30,19.7,625.05,0
9724,7341-LXCAF,4,74.65,301.4,1
9725,6997-UVGOX,71,85.45,6029.9,0
9726,9674-EHPPG,46,40.4,1842.7,0
9727,9462-MJUAW,4,50.4,206.6,1
9728,8128-YVJRG,7,79.65,604.7,1
9729,5440-VHLUL,69,105.2,7386.05,0
9730,5781-BKHOP,72,100.65,7334.05,0
9731,4283-FUTGF,19,79.85,1471.75,1
9732,5213-TWWJU,28,91.0,2626.15,0
9733,1569-TTNYJ,5,78.75,412.1,1
9734,2397-BRLOM,8,80.45,583.45,1
9735,7629-WIXZF,7,59.1,369.25,0
9736,5445-GLVOT,22,49.8,1049.05,0
9737,3976-HXHCE,72,19.3,1414.8,0
9738,2466-NEJOJ,8,19.65,169.75,0
9739,0254-KCJGT,52,81.4,4354.45,0
9740,5472-CVMDX,68,38.9,2719.2,0
9741,6461-SZMCV,71,87.95,6365.35,0
9742,8150-QUDFX,2,19.85,51.6,0
9743,9508-ILZDG,34,96.35,3190.25,0
9744,2346-DJQTB,35,24.15,812.5,0
9745,1697-LYYYX,61,19.1,1143.8,0
9746,1942-OQFRW,1,44.0,44.0,0
9747,4749-VFKVB,1,50.1,50.1,1
9748,9640-ZSLDC,53,60.6,3297.0,0
9749,4231-LZUYM,72,25.65,1887.0,0
9750,7598-UAASY,2,76.4,151.8,1
9751,7938-OUHIO,3,98.7,293.65,1
9752,8510-AWCXC,13,100.8,1308.1,1
9753,6128-AQBMT,41,53.95,2215.4,0
9754,3594-BDSOA,24,20.4,482.8,0
9755,0431-APWVY,28,90.1,2598.95,1
9756,5133-VRSAB,8,29.35,216.45,0
9757,6838-YAUVY,54,95.1,5064.85,0
9758,7883-ROJOC,19,44.9,839.65,0
9759,0244-LGNFY,72,92.65,6733.0,0
9760,7274-CGTOD,62,43.7,2618.3,0
9761,5996-DAOQL,1,20.45,20.45,0
9762,0484-JPBRU,41,25.25,996.45,0
9763,4295-YURET,56,72.6,4084.35,0
9764,3426-NIYYL,15,51.55,765.5,1
9765,8225-BTJAU,10,79.25,793.55,1
9766,4635-EJYPD,32,18.95,613.95,0
9767,1866-ZSLJM,21,20.5,402.85,0
9768,4636-TVXVG,62,19.95,1244.8,0
9769,4236-UJPWO,2,24.5,46.4,0
9770,9392-XBGTD,27,20.6,581.85,0
9771,3387-VATUS,5,94.85,462.8,1
9772,6402-SSEJG,25,61.05,1540.2,0
9773,1143-NMNQJ,2,85.7,169.8,1
9774,1169-SAOCL,49,106.65,5168.1,0
9775,1110-KYLGQ,63,108.25,6780.1,0
9776,9929-PLVPA,4,20.4,94.5,0
9777,3518-PZXZQ,1,55.3,55.3,0
9778,2371-JUNGC,11,20.25,208.0,0
9779,7693-QPEFS,52,72.95,3829.75,0
9780,0924-BJCRC,60,89.45,5294.6,0
9781,5074-FBGHB,64,104.65,6889.8,0
9782,2351-BKRZW,43,75.2,3254.35,0
9783,4455-BFSPD,61,101.15,6383.9,0
9784,0415-MOSGF,1,44.4,44.4,1
9785,1724-BQUHA,5,89.5,477.7,1
9786,3948-KXDUF,66,68.75,4447.55,0
9787,2323-ARSVR,67,111.05,7321.05,0
9788,0815-MFZGM,42,99.0,4135.0,0
9789,4826-XTSOH,1,86.05,86.05,1
9790,5480-XTFFL,31,21.0,697.7,0
9791,8295-FHIVV,7,19.4,168.65,0
9792,2495-INZWQ,4,44.55,174.3,1
9793,9086-YJYXS,34,77.2,2753.8,0
9794,1179-INLAT,3,19.45,69.25,0
9795,7909-FIOIY,19,24.85,434.8,0
9796,4139-SUGLD,31,35.4,1077.5,1
9797,6857-VWJDT,1,95.65,95.65,1
9798,6351-SCJKT,3,41.35,107.25,0
9799,5468-BPMMO,46,19.6,851.2,0
9800,5624-BQSSA,1,20.95,20.95,1
9801,0197-PNKNK,69,84.45,5848.6,0
9802,2439-QKJUL,5,20.25,109.8,0
9803,1194-SPVSP,1,19.65,19.65,0
9804,9534-NSXEM,26,20.65,595.5,0
9805,2408-WITXK,10,34.7,329.8,1
9806,8929-KSWIH,25,99.3,2513.5,0
9807,2250-IVBWA,64,81.05,5135.35,0
9808,1810-MVMAI,30,67.6,2000.2,0
9809,9506-UXUSK,13,70.15,931.75,0
9810,1229-RCALF,64,115.0,7396.15,0
9811,3572-UOLYZ,46,84.8,3958.85,0
9812,1429-UYJSV,12,19.7,260.9,0
9813,5577-OTWWW,15,19.75,297.3,1
9814,6100-QQHEB,17,92.55,1515.1,1
9815,6366-XIVKZ,13,63.15,816.8,0
9816,3470-OBUET,67,74.0,4868.4,0
9817,2770-NSVDG,24,29.1,688.0,0
9818,9375-MHRRS,6,50.05,288.35,0
9819,2634-HCZGT,53,60.05,3229.65,1
9820,7503-QQRVF,16,74.3,1178.25,1
9821,4860-YZGZM,10,20.0,185.4,0
9822,6599-GZWCM,13,74.65,966.25,0
9823,2691-NZETQ,9,85.35,758.6,1
9824,4404-HIBDJ,25,74.3,1863.8,1
9825,5533-NHFRF,7,44.4,265.8,0
9826,7037-MTYVW,38,85.4,3297.0,0
9827,4760-THGOT,43,94.1,4107.3,0
9828,7295-JOMMD,4,98.1,396.3,1
9829,4016-BJKTZ,25,108.9,2809.05,0
9830,6584-VQMYT,27,56.2,1567.55,0
9831,9838-BFCQT,72,26.1,1851.45,0
9832,2790-XUYMV,71,85.45,6028.95,0
9833,0581-MDMPW,24,88.95,2072.75,0
9834,5013-SBUIH,50,109.65,5551.15,1
9835,1023-BQXZE,57,74.35,4317.35,0
9836,9163-GHAYE,15,48.85,736.8,0
9837,3904-UKFRE,4,80.1,336.15,0
9838,5353-WILCI,28,56.05,1522.65,0
9839,0709-TVGUR,9,74.55,622.9,1
9840,0058-EVZWM,55,89.8,4959.6,0
9841,6023-YEBUP,3,100.95,329.95,1
9842,7209-JCUDS,10,94.9,1048.85,1
9843,7009-PCARS,55,19.1,1001.5,0
9844,0519-DRGTI,20,20.35,442.6,0
9845,1017-FBQMM,62,106.05,6703.5,0
9846,3001-CBHLQ,32,104.9,3351.55,1
9847,1985-MBRYP,43,19.65,779.25,0
9848,6158-DWPZT,9,24.1,259.8,1
9849,9372-TXXPS,60,59.85,3483.45,0
9850,3259-QMXUN,58,86.1,4890.5,0
9851,1015-JPFYW,7,19.45,136.75,0
9852,6645-MXQJT,2,97.1,184.15,0
9853,4360-QRAVE,37,36.65,1315.0,0
9854,8433-WPJTV,65,103.9,6767.1,0
9855,5804-JMYIO,39,19.75,757.95,0
9856,3763-GCZHZ,66,104.05,6890.0,1
9857,6484-LATFU,68,24.55,1657.4,0
9858,7599-NTMDP,62,48.7,3008.55,0
9859,0772-GYEQQ,3,88.35,262.05,1
9860,0536-ACXIP,72,109.55,8165.1,0
9861,4831-EOBFE,29,94.65,2649.15,1
9862,1575-KRZZE,4,55.2,220.65,0
9863,4102-OQUPX,1,74.4,74.4,1
9864,9170-GYZJC,41,79.9,3326.2,1
9865,0936-NQLJU,41,20.65,875.55,0
9866,3251-YMVWZ,53,24.05,1301.9,0
9867,4884-LEVMQ,39,20.45,790.0,0
9868,8857-CUPFQ,63,19.25,1237.65,0
9869,7610-TVOPG,15,26.35,378.6,0
9870,3638-DIMPH,13,43.8,592.65,0
9871,1845-ZLLIG,1,50.15,50.15,0
9872,8559-WNQZS,1,20.45,20.45,0
9873,3999-QGRJH,8,69.7,560.85,1
9874,1699-UOTXU,60,61.4,3638.25,0
9875,2454-RPBRZ,12,98.1,1060.2,1
9876,0635-WKOLD,40,70.75,2921.75,0
9877,5993-JSUWV,66,61.15,4017.45,0
9878,4518-FZBSX,42,20.25,854.9,0
9879,5387-ASZNZ,66,63.85,4174.35,0
9880,6988-CJEYV,49,98.7,4920.55,0
9881,2002-MZHWP,1,20.5,20.5,1
9882,3097-FQTVJ,41,20.0,810.3,0
9883,5465-BUBFA,41,19.3,772.4,0
9884,7299-GNVPL,23,84.4,1936.85,0
9885,9743-DQKQW,3,25.1,79.8,0
9886,1215-VFYVK,4,48.25,202.25,0
9887,0148-DCDOS,25,94.7,2362.1,1
9888,9992-RRAMN,22,85.1,1873.7,1
9889,9371-BITHB,52,19.85,1070.5,0
9890,2265-CYWIV,4,99.6,347.65,1
9891,9093-FPDLG,11,94.2,999.9,0
9892,0541-FITGH,2,62.15,113.1,0
9893,6985-HAYWX,26,79.3,2015.8,0
9894,7508-KBIMB,24,56.25,1454.25,0
9895,6838-HVLXG,12,20.3,246.7,0
9896,2277-DJJDL,60,99.0,6017.9,0
9897,1897-OKVMW,64,90.6,5817.45,0
9898,5485-ITNPC,66,85.9,5595.3,0
9899,0233-FTHAV,60,79.2,4765.0,0
9900,4644-PIZRT,17,70.35,1201.65,0
9901,8922-NPKBJ,42,19.35,867.3,0
9902,2740-TVLFN,1,50.15,50.15,0
9903,7771-CFQRQ,47,63.8,3007.25,0
9904,9512-PHSMG,10,20.55,252.75,0
9905,6963-EZQEE,70,88.55,6306.5,0
9906,2452-KDRRH,67,101.4,6841.05,0
9907,2004-OCQXK,1,81.95,81.95,1
9908,5027-QPKTE,7,69.35,451.1,1
9909,4146-SVFUD,1,44.6,44.6,0
9910,1564-HJUVY,4,63.75,226.2,0
9911,3617-XLSGQ,66,109.25,7082.5,0
9912,7517-LDMPS,12,84.6,1017.35,0
9913,5226-NOZFC,26,85.75,2146.5,0
9914,2672-HUYVI,6,91.1,455.3,1
9915,1400-WIVLL,57,107.95,5969.85,0
9916,7508-MYBOG,14,86.1,1235.55,1
9917,7244-KXYZN,24,20.45,527.35,0
9918,8148-NLEGT,42,22.95,1014.25,0
9919,8347-GDTMP,64,19.45,1225.65,0
9920,6746-WAUWT,19,19.7,386.5,0
9921,0310-MVLET,61,99.15,6010.05,1
9922,0428-IKYCP,22,87.0,1850.65,0
9923,4550-VBOFE,70,102.95,7101.5,1
9924,2187-PKZAY,12,79.95,1043.4,0
9925,4003-OCTMP,31,64.0,1910.75,0
9926,6652-YFFJO,11,64.9,716.1,0
9927,7225-IILWY,68,25.75,1686.15,0
9928,5248-RPYWW,72,90.15,6716.45,0
9929,7923-IYJWY,67,116.1,7839.85,0
9930,3170-GWYKC,60,104.95,6236.75,0
9931,5696-QURRL,1,45.05,45.05,1
9932,7409-KIUTL,1,71.0,71.0,1
9933,9830-ECLEN,58,50.0,2919.85,0
9934,1732-VHUBQ,47,70.55,3309.25,1
9935,0495-RVCBF,1,79.7,79.7,1
9936,2668-TZSPS,1,20.45,20.45,0
9937,7854-EDSSA,22,59.0,1254.7,1
9938,8869-TORSS,48,60.35,2896.4,1
9939,3348-CFRNX,28,92.35,2602.9,1
9940,4402-FTBXC,54,89.8,4667.0,0
9941,1428-GTBJJ,11,74.55,824.75,1
9942,2931-XIQBR,50,103.05,5153.5,0
9943,0106-UGRDO,69,116.0,8182.85,0
9944,7446-SFAOA,37,19.85,717.5,0
9945,9522-ZSINC,13,19.95,253.8,0
9946,8234-GSZYK,43,26.45,1110.05,0
9947,6505-OZNPG,6,63.4,348.8,0
9948,6164-HAQTX,71,53.95,3888.65,0
9949,0679-IDSTG,1,69.25,69.25,1
9950,7765-LWVVH,72,95.1,6843.15,0
9951,1658-TJVOA,6,74.1,450.9,0
9952,0953-LGOVU,12,35.5,432.25,0
9953,2115-BFTIW,25,70.95,1767.35,1
9954,4692-NNQRU,21,79.2,1742.45,0
9955,7742-MYPGI,6,48.8,297.35,0
9956,0611-DFXKO,20,89.0,1820.45,1
9957,7780-OTDSO,18,99.4,1742.95,1
9958,9619-GSATL,43,55.45,2444.25,0
9959,5622-UEJFI,35,25.4,949.8,0
9960,9747-DDZOS,1,73.5,73.5,1
9961,0674-DGMAQ,32,93.5,2970.8,0
9962,6203-HBZPA,52,63.9,3334.95,0
9963,0484-FFVBJ,32,64.85,2010.95,0
9964,0301-FIDRB,72,63.8,4684.3,0
9965,4139-JPIAM,51,44.45,2181.55,0
9966,2181-TIDSV,68,19.95,1303.25,0
9967,2761-XECQW,8,43.35,371.4,0
9968,1936-CZAKF,49,49.65,2409.9,0
9969,9453-PATOS,72,85.1,6155.4,0
9970,0564-JJHGS,9,95.5,829.1,1
9971,5542-TBBWB,1,69.9,69.9,0
9972,1930-QPBVZ,68,95.1,6683.4,0
9973,2606-PKWJB,40,40.25,1564.05,0
9974,5322-ZSMZY,31,25.75,755.6,0
9975,8059-UDZFY,33,105.35,3465.05,0
9976,7740-BTPUX,55,113.6,6292.7,0
9977,5220-AGAAX,68,24.0,1664.3,0
9978,0208-BPQEJ,12,19.4,198.1,0
9979,9435-JMLSX,71,86.1,6045.9,0
9980,3352-ALMCK,40,102.65,4108.15,0
9981,5312-IRCFR,64,92.85,5980.75,0
9982,5294-IMHHT,53,97.75,5043.2,0
9983,8802-UNOJF,12,83.8,1029.75,1
9984,6313-GIDIT,53,54.45,2854.55,1
9985,6176-YJWAS,72,97.95,7114.25,0
9986,5310-NOOVA,46,19.95,907.05,0
9987,4526-EXKKN,40,24.6,973.95,0
9988,5311-IHLEI,12,50.95,605.75,0
9989,3987-KQDDU,9,75.6,661.55,0
9990,3404-JNXAX,51,80.75,4116.9,0
9991,5131-PONJI,49,90.4,4494.65,0
9992,2845-AFFTX,41,99.8,4259.3,1
9993,3489-VSFRD,56,60.25,3282.75,0
9994,5815-HGGHV,20,64.15,1274.45,0
9995,2249-YPRNG,20,105.85,2239.65,1
9996,7410-YTJIK,7,75.45,480.75,1
9997,4626-GYCZP,7,93.85,635.6,1
9998,3345-JHUEO,4,20.2,55.7,0
9999,5260-UMPWX,26,20.25,493.95,0
10000,5649-RXQTV,51,99.0,5038.15,0
10001,2674-MIAHT,4,80.3,324.2,0
10002,2576-HXMPA,1,19.55,19.55,0
10003,7587-AOVVU,27,100.75,2793.55,0
10004,5590-BYNII,22,100.75,2095.0,1
10005,6898-MDLZW,12,53.75,648.65,0
10006,3237-AJGEH,3,31.0,95.05,1
10007,4707-YNOQA,34,25.6,917.15,0
10008,9357-UJRUN,24,58.35,1346.9,0
10009,1591-NFNLQ,51,80.0,4242.35,1
10010,8648-PFRMP,14,46.35,672.7,0
10011,7663-CUXZB,59,113.75,6561.25,0
10012,0258-NOKBL,3,90.4,268.45,0
10013,1163-VIPRI,65,109.3,7337.55,0
10014,2815-CPTUL,5,70.25,331.9,1
10015,9348-ROUAI,59,90.3,5194.05,0
10016,9443-JUBUO,72,65.25,4478.85,0
10017,0596-BQCEQ,62,100.15,6283.3,1
10018,1481-ZUWZA,28,94.5,2659.4,1
10019,3043-TYBNO,3,60.65,196.9,0
10020,4830-FAXFM,19,24.1,439.2,0
10021,3801-HMYNL,1,89.15,89.15,1
10022,9685-WKZGT,14,74.95,1036.75,1
10023,6022-UGGSO,32,74.4,2276.95,1
10024,3865-QBWSJ,38,80.45,3162.65,0
10025,5906-BFOZT,1,19.5,19.5,0
10026,2960-NKRSO,24,85.95,2107.15,0
10027,8996-ZROXE,57,53.5,3035.8,0
10028,5598-IKHQQ,72,25.45,1866.45,0
10029,0397-ZXWQF,67,20.5,1430.95,0
10030,5266-PFRQK,52,20.85,1071.6,0
10031,4674-HGNUA,71,89.9,6457.15,0
10032,6765-MBQNU,26,26.0,684.05,0
10033,9786-IJYDL,35,113.2,3914.05,0
10034,1303-SRDOK,55,69.05,3842.6,0
10035,3769-MHZNV,33,20.1,670.35,0
10036,6295-OSINB,72,109.65,7880.25,0
10037,3308-MHOOC,1,19.2,19.2,0
10038,2309-OSFEU,10,33.9,298.45,1
10039,2207-QPJED,37,90.0,3371.75,0
10040,4177-JPDFU,12,34.0,442.45,0
10041,2239-CFOUJ,1,20.4,20.4,0
10042,8046-DNVTL,62,38.6,2345.55,0
10043,2209-XADXF,1,25.25,25.25,0
10044,6620-JDYNW,18,60.6,1156.35,0
10045,1891-FZYSA,69,89.95,6143.15,1
10046,4770-UEZOX,2,74.75,144.8,0
10047,7613-LLQFO,12,84.45,1059.55,1
10048,9513-DXHDA,27,81.7,2212.55,0
10049,2640-PMGFL,27,79.5,2180.55,1
10050,1038-RQOST,19,20.6,414.95,0
10051,4568-TTZRT,9,20.4,181.8,0
10052,0516-QREYC,24,20.3,459.95,0
10053,8084-OIVBS,11,20.0,211.95,0
10054,8896-BQTTI,1,25.0,25.0,0
10055,3352-RICWQ,9,19.75,210.65,0
10056,2160-GPFXD,54,65.65,3566.7,0
10057,2065-MMKGR,29,71.0,2080.1,0
10058,5857-TYBCJ,44,89.2,4040.2,0
10059,1498-NHTLT,59,86.75,5186.0,0
10060,4484-CGXFK,3,55.3,196.15,1
10061,1402-PTHGN,18,61.5,1087.45,0
10062,4176-RELJR,67,25.1,1672.15,0
10063,6214-EDAKZ,22,55.15,1206.05,1
10064,5199-FPUSP,33,34.05,1113.95,0
10065,6377-KSLXC,5,19.95,107.05,0
10066,1796-JANOW,2,19.95,38.15,0
10067,0238-WHBIQ,72,89.7,6339.3,0
10068,8735-NBLWT,9,20.4,184.1,0
10069,6376-GAHQE,4,77.85,299.2,1
10070,3401-URHDA,51,59.9,3043.6,0
10071,8806-EAGWC,3,55.15,159.15,1
10072,8853-TZDGH,72,111.6,8012.75,0
10073,7779-LGOVN,10,86.65,856.65,1
10074,6651-RLGGM,67,26.3,1688.9,0
10075,6127-ISGTU,16,84.95,1378.25,1
10076,1614-JBEBI,8,20.7,137.6,0
10077,8740-XLHDR,5,43.25,219.0,1
10078,1208-DNHLN,23,48.35,1067.15,1
10079,1761-AEZZR,1,79.55,79.55,1
10080,3923-CSIHK,50,71.05,3444.85,1
10081,5696-EXCYS,17,19.45,369.05,0
10082,5795-KTGUD,68,110.8,7553.6,0
10083,7120-RFMVS,1,84.5,84.5,1
10084,7924-GJZFI,25,69.3,1813.1,0
10085,4702-HDRKD,67,49.35,3321.35,0
10086,8512-WIWYV,32,20.35,707.5,0
10087,5897-ZYEKH,67,105.6,7112.15,0
10088,5456-ITGIC,72,64.45,4641.1,0
10089,7317-GGVPB,71,108.6,7690.9,1
10090,1406-PUQVY,1,49.9,49.9,0
10091,1322-AGOQM,46,30.3,1380.1,1
10092,3677-IYRBF,2,30.4,78.65,1
10093,5692-FPTAH,1,45.4,45.4,1
10094,9114-AAFQH,48,65.65,3094.65,0
10095,8715-KKTFG,61,103.3,6518.35,0
10096,1550-LOAHA,32,84.15,2585.95,1
10097,1728-BQDMA,2,44.45,82.7,0
10098,0876-WDUUZ,5,85.4,425.9,1
10099,5117-ZSMHQ,71,89.9,6342.7,0
10100,5151-HQRDG,37,55.05,2030.75,0
10101,0960-HUWBM,65,104.1,6700.05,0
10102,0268-QKIWO,3,19.75,58.85,1
10103,6465-GSRCL,67,106.6,7244.7,0
10104,0617-FHSGK,49,75.2,3678.3,1
10105,0263-FJTQO,50,70.5,3486.65,0
10106,7319-ZNRTR,25,19.6,411.15,0
10107,2858-MOFSQ,17,55.85,937.5,1
10108,7503-EPSZW,64,24.05,1559.15,0
10109,7089-XXAYG,25,38.1,970.4,0
10110,8118-LSUEL,23,106.4,2483.5,1
10111,8070-AAWZP,24,34.25,828.2,0
10112,1666-JXLKU,37,100.05,3810.55,0
10113,7855-DIWPO,21,68.65,1493.2,0
10114,5133-POWUA,1,45.8,45.8,0
10115,5652-MSDEY,10,75.75,777.3,0
10116,7005-CCBKV,6,84.4,556.35,1
10117,1810-BOHSY,51,96.4,4911.05,0
10118,1784-BXEFA,10,20.55,187.35,0
10119,7351-MHQVU,6,50.95,307.6,0
10120,9224-VTYID,47,90.5,4318.35,0
10121,9500-IWPXQ,61,79.4,4820.55,0
10122,5762-TJXGK,52,58.75,3038.55,0
10123,4504-YOULA,35,59.45,2136.9,0
10124,5569-IDSEY,71,105.7,7472.15,0
10125,4250-FDVOU,6,56.25,389.1,1
10126,7284-ZZLOH,45,53.3,2296.25,0
10127,5277-ZLOOR,2,85.55,187.45,1
10128,2141-RRYGO,4,68.65,261.25,1
10129,1777-JYQPJ,2,24.3,38.45,0
10130,1599-EAHXY,60,23.95,1506.4,0
10131,8631-XVRZL,9,20.15,163.7,0
10132,5052-PNLOS,3,105.35,323.25,1
10133,3853-LYGAM,17,95.65,1640.0,0
10134,6979-ZNSFF,8,87.05,762.1,1
10135,5751-USDBL,46,81.0,3846.35,0
10136,5680-LQOGP,68,82.45,5646.6,0
10137,2386-LAHRK,1,53.5,53.5,1
10138,8189-DUKMV,4,20.5,79.05,0
10139,6032-IGALN,1,25.1,25.1,1
10140,9931-DCEZH,28,54.4,1516.6,0
10141,1898-JSNDC,39,58.6,2224.5,0
10142,0315-LVCRK,11,84.8,888.75,0
10143,3911-RSNHI,71,61.4,4310.35,0
10144,2410-CIYFZ,2,20.4,42.9,0
10145,4248-HCETZ,30,79.65,2365.15,1
10146,5505-OVWQW,17,20.15,353.65,0
10147,7271-AJDTL,55,94.45,5073.1,0
10148,1867-TJHTS,58,79.8,4526.85,0
10149,0516-WJVXC,5,54.2,308.25,1
10150,9174-FKWZE,1,19.45,19.45,1
10151,6860-YRJZP,9,74.05,678.45,0
10152,4429-WYGFR,26,49.15,1237.3,0
10153,5038-ETMLM,72,113.65,8182.75,0
10154,5056-FIMPT,43,106.0,4532.3,0
10155,8809-RIHDD,72,103.4,7372.65,1
10156,2817-LVCPP,50,19.4,1023.95,0
10157,4521-WFJAI,56,25.95,1444.05,0
10158,6569-KTMDU,1,19.1,19.1,0
10159,8809-XKHMD,72,100.55,7325.1,0
10160,0396-YCHWO,36,95.4,3474.2,0
10161,0867-LDTTC,5,75.15,392.65,0
10162,4822-NGOCH,13,84.45,1058.6,1
10163,9391-DXGGG,44,89.15,3990.75,0
10164,9844-FELAJ,70,107.9,7475.85,0
10165,2122-SZZZD,44,19.5,835.5,0
10166,5307-DZCVC,32,85.95,2628.6,1
10167,3148-AOIQT,69,24.95,1718.35,0
10168,8679-JOEVF,16,59.4,1023.9,1
10169,8395-ETZKQ,68,19.5,1193.55,0
10170,6692-YQHXC,16,69.95,1205.5,0
10171,3889-VWBID,68,82.85,5776.45,0
10172,5222-JCXZT,4,19.0,78.9,0
10173,9754-CLVZW,26,38.85,1025.15,0
10174,1432-FPAXX,29,30.6,856.35,1
10175,2739-CCZMB,5,20.35,122.0,0
10176,7080-TNUWP,70,95.0,6602.9,0
10177,0496-AHOOK,24,74.4,1712.9,0
10178,8336-TAVKX,72,78.45,5682.25,0
10179,2468-SJFLM,1,74.3,74.3,0
10180,3181-VTHOE,70,51.05,3635.15,0
10181,7168-HDQHG,36,19.2,702.9,0
10182,4803-AXVYP,38,99.55,3734.25,1
10183,3884-HCSWG,17,70.0,1144.5,1
10184,4567-AKPIA,41,109.1,4454.25,0
10185,5077-DXTCG,1,45.3,45.3,1
10186,1142-WACZW,2,29.85,75.6,1
10187,7901-HXJVA,14,76.45,1117.55,0
10188,5649-ANRML,2,95.1,180.25,1
10189,4892-VLANZ,1,19.8,19.8,1
10190,5924-IFQTT,13,72.8,930.05,0
10191,7968-QUXNS,6,18.95,110.15,0
10192,2919-HBCJO,4,76.65,333.6,1
10193,4236-XPXAV,5,99.15,465.05,1
10194,8903-WMRNW,15,101.75,1669.4,0
10195,2452-SNHFZ,47,75.45,3545.1,0
10196,3629-WEAAM,8,64.1,504.05,0
10197,6029-CSMJE,17,25.65,440.2,0
10198,7993-NQLJE,15,75.1,1151.55,0
10199,9909-DFRJA,26,95.85,2475.35,0
10200,9099-FTUHS,23,54.4,1249.25,0
10201,0581-BXBUB,4,72.75,317.75,0
10202,4962-CHQPW,29,19.85,535.05,0
10203,9467-ROOLM,25,19.05,461.3,0
10204,3030-YZADT,9,44.95,431.0,1
10205,7410-KTVFV,18,49.55,878.35,1
10206,5150-ITWWB,3,94.85,335.75,0
10207,2253-KPMNB,69,46.25,3121.4,0
10208,1345-ZUKID,14,19.35,324.8,0
10209,6429-SHBCB,19,69.6,1394.55,0
10210,9281-OFDMF,39,90.7,3413.25,0
10211,2603-HVKCG,31,101.4,3143.65,0
10212,1834-WULEG,24,20.25,439.75,0
10213,9097-ZUBYC,14,48.8,664.4,0
10214,5148-ORICT,64,74.35,4759.55,0
10215,4893-GYUJU,50,19.35,1033.0,0
10216,4578-PHJYZ,52,68.75,3482.85,0
10217,7272-QDCKA,28,100.2,2688.45,0
10218,8908-SLFCJ,21,20.85,435.25,0
10219,8393-DLHGA,25,95.9,2448.75,1
10220,9766-HGEDE,17,19.35,307.0,0
10221,6968-MHOMU,58,45.0,2689.35,0
10222,7395-IGJOS,17,81.5,1329.2,1
10223,5044-XDPYX,51,25.5,1281.25,0
10224,1814-WFGVS,72,48.9,3527.0,0
10225,2834-SPCJV,52,84.1,4348.65,1
10226,3721-WKIIL,27,19.6,561.15,0
10227,6734-CKRSM,3,20.0,63.6,0
10228,1265-ZFOSD,64,81.3,5129.3,0
10229,6568-POCUI,45,95.2,4285.8,0
10230,7890-VYYWG,3,36.45,93.7,1
10231,5197-LQXXH,71,83.3,5894.5,0
10232,9907-SWKKF,1,25.05,25.05,1
10233,7682-AZNDK,34,89.85,3091.75,0
10234,3457-PQBYH,58,20.3,1160.75,0
10235,0587-DMGBH,8,49.85,365.55,1
10236,5384-ZTTWP,15,19.8,272.95,0
10237,3745-HRPHI,66,54.65,3632.0,0
10238,7636-OWBPG,12,29.35,381.2,0
10239,1231-YNDEK,58,19.15,1035.5,0
10240,1407-DIGZV,3,19.1,52.0,0
10241,6397-JNZZG,43,55.55,2342.2,1
10242,0570-BFQHT,9,80.55,653.9,0
10243,4393-OBCRR,3,20.25,71.2,0
10244,3523-QRQLL,22,69.5,1498.2,1
10245,8564-LDKFL,40,106.0,4178.65,0
10246,3696-DFHHB,68,25.5,1821.8,0
10247,0895-DQHEW,54,104.3,5278.15,1
10248,4717-GHADL,50,79.6,4024.2,0
10249,5501-TVMGM,1,55.25,55.25,0
10250,5879-HMFFH,72,88.05,6520.8,0
10251,6772-WFQRD,40,20.4,854.9,0
10252,3810-DVDQQ,72,117.6,8308.9,0
10253,6972-SNKKW,6,20.0,109.2,0
10254,3890-RTCMS,16,49.45,799.0,0
10255,8849-GYOKR,54,106.55,5763.3,1
10256,3665-JATSN,19,39.7,710.05,0
10257,7966-YOTQW,10,54.5,568.2,0
10258,0461-CVKMU,23,83.8,1900.25,1
10259,3694-GLTJM,5,19.65,92.05,0
10260,8550-XSXUQ,48,70.55,3420.5,0
10261,8149-RSOUN,1,93.85,93.85,1
10262,9055-MOJJJ,64,65.8,4068.0,0
10263,4359-INNWN,17,20.05,337.9,0
10264,0585-EGDDA,40,80.0,3168.75,0
10265,4032-RMHCI,41,35.4,1412.4,0
10266,0549-CYCQN,51,79.6,3974.7,0
10267,3481-JHUZH,41,80.25,3439.0,0
10268,7250-EQKIY,1,50.45,50.45,1
10269,3594-IVHJZ,2,20.45,42.45,0
10270,6869-FGJJC,68,79.6,5461.45,0
10271,3896-ZVNET,24,24.7,571.75,0
10272,8205-VSLRB,70,77.3,5498.2,0
10273,5960-MVTUK,3,29.75,96.85,0
10274,6817-WTYHE,2,44.9,111.05,0
10275,3082-VQXNH,3,29.8,94.4,0
10276,4013-UBXWQ,7,74.65,521.1,1
10277,4931-TRZWN,13,71.95,923.85,0
10278,0750-EKNGL,7,20.75,141.1,0
10279,7669-LCRSD,12,56.3,628.65,0
10280,3567-PQTSO,53,105.25,5576.3,0
10281,5519-NPHVG,12,94.2,1046.1,1
10282,9938-EKRGF,15,84.45,1287.85,0
10283,2703-AMTUL,36,53.65,1939.35,0
10284,0928-JMXNP,4,29.9,118.25,0
10285,4825-XJGDM,61,43.7,2696.55,0
10286,5402-HTOTQ,16,55.3,875.35,0
10287,8043-PNYSD,63,19.55,1245.6,0
10288,8173-RXAYP,24,19.7,452.55,0
10289,6734-JDTTV,65,19.85,1267.05,0
10290,7850-THJMU,26,19.65,494.9,0
10291,3148-BLQJT,1,20.1,20.1,1
10292,3717-FDJFU,5,20.45,106.9,0
10293,4324-BZCKL,10,55.55,551.3,0
10294,6924-TDGMT,11,20.55,184.95,0
10295,9710-ZUSHQ,37,106.75,4056.75,1
10296,1536-YHDOE,17,62.1,1096.65,0
10297,8123-QBNAZ,36,104.5,3684.95,0
10298,3629-ZNKXA,17,101.8,1752.45,0
10299,4827-LTQRJ,66,110.6,7210.85,0
10300,7711-YIJWC,61,84.9,5264.5,0
10301,5482-VXSXJ,22,93.2,2157.3,0
10302,7365-BVCJH,1,24.4,24.4,0
10303,9620-ENEJV,6,70.55,433.95,0
10304,4183-WCSEP,31,78.45,2435.15,1
10305,2378-YIZKA,68,85.0,5607.75,0
10306,5498-TXHLF,34,87.45,2874.15,1
10307,0689-DSXGL,52,85.8,4433.3,0
10308,6818-DJXAA,10,91.1,964.35,0
10309,9722-UJOJR,29,70.75,1974.8,1
10310,3866-MDTUB,2,70.75,146.9,1
10311,2195-VVRJF,18,59.1,1011.05,0
10312,2933-FILNV,2,24.4,36.55,1
10313,0464-WJTKO,72,20.1,1460.85,0
10314,8902-ZEOVF,47,20.05,951.55,0
10315,6778-EICRF,24,74.8,1821.2,0
10316,2662-NNTDK,65,24.8,1600.95,0
10317,4132-KALRO,4,100.85,399.25,0
10318,3902-FOIGH,12,101.35,1218.55,1
10319,6772-KSATR,1,81.7,81.7,1
10320,7112-OPOTK,33,68.25,2171.15,1
10321,2874-YXVVA,34,105.1,3634.8,0
10322,1245-HARPS,14,20.4,292.4,0
10323,4210-QFJMF,4,79.15,317.25,1
10324,4323-ELYYB,13,20.0,218.55,0
10325,4293-ETKAP,65,79.4,5071.9,0
10326,6064-PUPMC,23,57.2,1423.35,0
10327,6504-VBLFL,55,58.6,3068.6,0
10328,6322-PJJDJ,49,94.8,4690.65,0
10329,0330-BGYZE,60,102.5,6157.6,0
10330,1085-LDWAM,69,20.35,1442.65,0
10331,7586-ZATGZ,40,84.9,3369.05,0
10332,7197-VOJMM,67,69.2,4671.65,0
10333,3318-OSATS,35,95.45,3474.05,1
10334,5828-AVIPD,19,100.95,1875.55,1
10335,9626-VFRGG,41,88.5,3645.05,0
10336,7075-BNDVQ,4,35.0,135.75,0
10337,9143-CANJF,24,55.15,1319.85,0
10338,7284-BUYEC,5,50.95,229.4,0
10339,2041-JIJCI,5,64.0,370.25,0
10340,1843-TLSGD,13,20.85,272.35,0
10341,1086-LXKFY,1,69.1,69.1,1
10342,4900-MSOMT,72,80.2,5714.2,0
10343,2229-VWQJH,24,49.3,1233.25,0
10344,9194-GFVOI,42,84.35,3571.6,0
10345,1336-EZFZY,4,20.05,83.3,0
10346,4282-MSACW,68,117.2,8035.95,0
10347,1403-LKLIK,33,20.1,579.4,0
10348,2636-ALXXZ,1,69.6,69.6,1
10349,7774-OJSXI,31,103.45,3066.45,1
10350,7786-WBJYI,4,77.95,305.55,1
10351,0136-IFMYD,69,109.95,7634.25,0
10352,5144-TVGLP,38,94.75,3653.0,0
10353,9643-AVVWI,3,80.0,241.3,0
10354,0253-ZTEOB,48,79.65,3870.3,0
10355,2706-QZIHY,15,25.2,387.9,0
10356,6061-PQHMK,25,19.9,527.5,0
10357,9885-CSMWE,1,78.45,78.45,1
10358,6137-MFAJN,48,44.8,2104.55,0
10359,9122-UMROB,1,20.3,20.3,0
10360,4232-JGKIY,1,19.2,19.2,0
10361,2402-TAIRZ,37,80.05,3019.1,0
10362,9659-ZTWSM,66,107.35,7051.95,0
10363,9139-TWBAS,26,47.85,1190.5,0
10364,6685-GBWJZ,63,70.8,4448.8,0
10365,5016-ETTFF,10,29.5,255.25,1
10366,3913-RDSJZ,64,25.55,1714.95,0
10367,8058-JMEQO,9,84.45,762.5,1
10368,4203-QGNZA,28,20.25,535.35,0
10369,5043-TRZWM,1,75.55,75.55,0
10370,0697-ZMSWS,4,85.65,338.9,1
10371,7657-DYEPJ,38,70.15,2497.35,1
10372,9494-BDNNC,66,95.3,6273.4,0
10373,1640-PLFMP,1,70.25,70.25,0
10374,5366-OBVMR,18,50.3,908.75,0
10375,8276-MQBYC,51,97.8,4913.3,1
10376,7644-OMVMY,0,19.85,0.0,0
10377,7593-XFKDI,1,46.3,46.3,1
10378,4573-JKNAE,12,19.35,212.3,0
10379,0337-CNPZE,41,106.3,4443.45,1
10380,9817-APLHW,12,25.0,316.2,0
10381,8380-MQINP,55,20.3,1079.05,0
10382,0840-DFEZH,7,75.35,564.65,0
10383,1513-XNPPH,12,89.4,1095.65,1
10384,8690-ZVLCL,68,88.0,6161.9,0
10385,6015-VVHHE,5,83.15,446.05,1
10386,1125-SNVCK,49,43.8,2106.05,0
10387,0384-LPITE,40,62.05,2511.55,0
10388,6347-DCUIK,10,74.15,811.8,1
10389,1335-HQMKX,72,101.35,7323.15,0
10390,2545-EBUPK,2,84.05,186.05,0
10391,2172-EJXVF,71,105.9,7521.95,0
10392,0897-FEGMU,11,99.5,1056.95,1
10393,4616-EWBNJ,16,20.1,318.6,0
10394,6923-AQONU,23,20.9,454.0,0
10395,7663-RGWBC,1,44.15,44.15,1
10396,1120-BMWUB,16,53.9,834.15,1
10397,9124-LHCJQ,1,85.45,85.45,1
10398,4536-PLEQY,12,85.05,999.8,0
10399,7029-IJEJK,54,44.1,2369.7,0
10400,8871-JLMHM,68,90.2,6297.65,0
10401,2235-ZGKPT,4,50.85,239.55,1
10402,3891-PUQOD,1,59.2,59.2,1
10403,5447-VYTKW,27,53.45,1461.45,0
10404,3623-FQBOX,21,19.95,416.4,0
10405,0689-NKYLF,13,83.2,1060.6,1
10406,8659-HDIYE,64,74.65,4869.35,0
10407,3658-KIBGF,1,54.9,54.9,1
10408,3474-BAFSJ,57,57.5,3265.95,0
10409,5519-YLDGW,21,103.9,2254.2,1
10410,3865-ZFZIB,19,19.65,358.15,0
10411,1855-AGAWH,31,93.8,2939.8,0
10412,7109-CQYUZ,52,89.25,4652.4,0
10413,1370-GGAWX,46,94.15,4408.45,0
10414,4680-KUTAJ,11,55.6,580.8,0
10415,5307-UVGNB,53,48.7,2495.2,0
10416,5578-NKCXI,58,99.25,5846.65,0
10417,1642-HMARX,68,91.7,6424.7,0
10418,3096-WPXBT,61,100.7,6018.65,0
10419,8434-PNQZX,42,78.45,3373.4,0
10420,5950-AAAGJ,18,84.3,1537.9,0
10421,4946-EDSEW,11,19.25,180.3,1
10422,2883-ILGWO,57,104.9,5913.95,0
10423,2516-VQRRV,2,75.45,158.4,1
10424,7580-UGXNC,2,54.85,104.2,1
10425,3642-BYHDO,71,19.9,1389.35,0
10426,9629-NHXFW,1,19.4,19.4,0
10427,2696-RZVZW,68,25.05,1629.2,0
10428,5766-FTRTS,72,84.45,6033.1,0
10429,0396-HUJBP,2,19.3,44.4,0
10430,5178-LMXOP,1,95.1,95.1,1
10431,8879-ZKJOF,41,79.85,3320.75,0
10432,6285-FTQBF,72,25.55,1867.7,0
10433,8185-UPYBR,6,75.5,438.0,1
10434,4585-HETAI,4,73.75,325.45,1
10435,7526-BEZQB,12,96.05,1148.1,1
10436,1474-JUWSM,58,68.4,3972.25,0
10437,3530-CRZSB,7,20.65,155.9,0
10438,8498-XXGWA,65,55.15,3673.15,0
10439,9617-INGJY,1,70.6,70.6,0
10440,0621-TSSMU,56,19.95,1126.75,0
10441,7234-KMNRQ,4,19.0,73.45,0
10442,7636-PEPNS,58,44.1,2413.05,0
10443,4683-WYDOU,62,107.6,6912.7,0
10444,9052-DHNKM,26,61.55,1581.95,0
10445,6794-HKIAJ,62,90.7,5586.45,0
10446,4299-OPXEJ,56,19.55,1080.55,0
10447,4951-UKAAQ,4,88.95,355.2,1
10448,9618-LFJRU,4,20.45,82.85,0
10449,6693-DJWTY,35,55.6,2016.45,0
10450,0744-GKNGE,64,86.8,5327.25,0
10451,6447-EGDIV,31,20.95,683.25,0
10452,1167-OYZJF,67,20.05,1263.05,0
10453,2108-YKQTY,4,50.7,151.3,1
10454,4806-DXQCE,70,113.65,7714.65,0
10455,4918-QLLIW,3,53.4,188.7,1
10456,7056-IMHCC,53,101.9,5549.4,1
10457,4854-SSLTN,2,59.5,130.5,0
10458,5294-DMSFH,29,87.8,2621.75,0
10459,4837-PZTIC,47,41.9,1875.25,0
10460,1625-JAIIY,68,83.0,5685.8,1
10461,0603-OLQDC,12,69.85,837.5,0
10462,3272-VUHPV,8,56.3,401.5,0
10463,4176-FXYBO,54,109.55,6118.95,0
10464,1063-DHQJF,69,92.15,6480.9,0
10465,8663-UPDGF,26,69.5,1800.05,0
10466,6719-FGEDO,72,97.0,7104.2,0
10467,1837-YQUCE,70,58.35,4214.25,0
10468,2947-DOMLJ,1,50.6,50.6,1
10469,4112-LUEIZ,10,89.5,863.1,1
10470,0369-ZGOVK,28,70.4,1992.2,0
10471,4510-HIMLV,1,69.8,69.8,1
10472,9919-KNPOO,21,94.3,1948.35,0
10473,8749-JMNKX,51,93.8,4750.95,1
10474,7872-BAAZR,53,19.55,1007.9,0
10475,9391-LMANN,53,95.95,5036.9,0
10476,2430-USGXP,24,101.05,2391.8,1
10477,8174-TBVCF,70,94.8,6859.05,0
10478,1698-XFZCI,61,107.75,6521.9,0
10479,1877-HKBQX,11,54.6,617.85,0
10480,4450-DLLMH,2,71.3,157.75,0
10481,0428-AXXLJ,25,19.5,516.3,0
10482,2746-DIJLO,41,56.3,2364.0,0
10483,5955-ERIHD,18,94.7,1687.95,1
10484,0917-EZOLA,72,104.15,7689.95,1
10485,3508-VLHCZ,71,90.55,6239.05,0
10486,4086-ATNFV,34,60.8,2042.05,0
10487,0468-YRPXN,29,98.8,2807.1,0
10488,5996-NRVXR,40,98.15,4116.8,0
10489,3739-YBWAB,36,35.35,1317.95,0
10490,7047-FWEYA,46,103.15,4594.65,0
10491,2000-MPKCA,58,107.75,6332.75,0
10492,9762-YAQAA,39,81.4,3213.75,0
10493,5949-EBSQK,4,61.45,229.55,1
10494,5473-KHBPS,52,95.7,4976.15,0
10495,0100-DUVFC,70,104.8,7308.95,0
10496,5397-TUPSH,65,70.95,4555.2,0
10497,8950-MTZNV,1,44.95,44.95,0
10498,0326-VDYXE,70,97.65,6982.5,0
10499,6773-LQTVT,29,35.65,1025.15,0
10500,7274-RTAPZ,1,90.55,90.55,1
10501,0436-TWFFZ,67,85.25,5714.2,0
10502,0311-UNPFF,26,88.8,2274.35,1
10503,8566-YPRGL,1,19.5,19.5,0
10504,6609-MXJHJ,30,25.1,789.55,0
10505,2669-OIDSD,48,100.05,4834.0,0
10506,8400-WZICQ,55,55.7,3131.8,0
10507,3834-XUIFC,7,85.2,602.55,1
10508,9576-SYUHJ,37,91.15,3369.25,0
10509,0410-IPFTY,31,83.85,2674.15,0
10510,2831-EBWRN,4,45.9,199.75,0
10511,9430-NKQLY,72,25.1,1790.8,0
10512,8414-MYSHR,5,91.4,449.75,1
10513,0247-SLUJI,1,19.7,19.7,0
10514,9402-ORRAH,15,91.5,1400.3,0
10515,6483-OATDN,8,51.3,411.6,0
10516,1293-HHSHJ,35,21.1,741.0,0
10517,4840-ORQXB,56,104.75,5841.35,0
10518,7599-FKVXZ,42,106.15,4512.7,1
10519,3982-DQLUS,65,85.75,5688.45,0
10520,8610-ZIKJJ,2,20.3,31.9,0
10521,3756-VNWDH,65,100.75,6674.65,0
10522,7801-KICAO,18,74.15,1345.75,0
10523,7673-LPRNY,23,78.55,1843.05,0
10524,8229-TNIQA,4,45.3,196.95,1
10525,6993-YCOBK,60,110.6,6586.85,0
10526,5206-HPJKM,17,55.5,934.15,0
10527,7587-RZNME,3,43.3,123.65,1
10528,0748-RDGGM,70,109.5,7534.65,1
10529,5019-GQVCR,43,84.85,3645.6,0
10530,6060-QBMGV,70,19.85,1433.8,0
10531,7339-POGZN,4,50.7,214.55,0
10532,2828-SLQPF,19,45.0,865.85,0
10533,4465-VDKIQ,18,77.8,1358.6,0
10534,2921-XWDJH,38,83.45,3147.15,0
10535,6221-AVQYL,2,73.25,131.05,1
10536,2558-BUOZZ,47,94.8,4535.85,0
10537,9257-AZMTZ,52,20.1,1078.75,0
10538,0003-MKNFE,9,59.9,542.4,0
10539,0975-UYDTX,26,90.1,2312.55,0
10540,7743-EXURX,8,51.05,415.05,1
10541,4682-BLBUC,44,70.95,3250.45,0
10542,0975-VOOVL,3,29.2,98.5,0
10543,5968-VXZLG,2,46.6,87.9,0
10544,5569-KGJHX,9,85.35,754.65,1
10545,4988-IQIGL,1,75.35,75.35,1
10546,5201-FRKKS,25,74.3,1952.25,0
10547,9799-CAYJJ,2,69.3,153.8,0
10548,7730-IUTDZ,43,75.2,3198.6,1
10549,0426-TIRNE,1,20.9,20.9,1
10550,5443-SCMKX,58,94.3,5610.15,0
10551,8295-KMENE,59,76.45,4519.5,0
10552,6738-ISCBM,44,54.0,2440.25,0
10553,9821-BESNZ,66,104.25,6860.6,0
10554,1335-NTIUC,9,24.95,190.25,0
10555,2916-BQZLN,19,84.75,1651.95,0
10556,2368-GAKKQ,70,113.65,7939.25,0
10557,8710-YGLWG,1,44.9,44.9,0
10558,3199-XGZCY,8,75.25,576.7,0
10559,3678-MNGZX,68,19.95,1377.7,0
10560,4558-CGYCZ,4,19.75,78.3,0
10561,3785-KTYSH,53,24.6,1279.0,0
10562,6814-ZPWFQ,51,25.0,1260.7,0
10563,4063-EIKNQ,11,20.95,267.35,0
10564,8393-JMVMB,1,19.45,19.45,0
10565,6036-TTFYU,16,19.6,314.45,0
10566,2550-AEVRU,57,53.45,3053.0,0
10567,0969-RGKCU,37,19.8,677.05,0
10568,0378-CJKPV,72,112.1,7965.95,0
10569,4706-AXVKM,11,84.8,906.85,1
10570,5889-JTMUL,50,95.05,4888.7,1
10571,9026-RNUJS,5,50.35,237.25,1
10572,3746-EUBYR,1,74.6,74.6,1
10573,2332-EFBJY,16,19.7,342.4,1
10574,2880-FPNAE,2,74.2,140.1,0
10575,1703-MGIAB,17,69.0,1108.0,0
10576,4311-QTTAI,16,19.35,295.55,0
10577,9474-PHLYD,15,59.45,892.65,1
10578,9643-YBLUR,9,69.05,653.95,0
10579,8734-FNWVH,31,59.7,1825.5,0
10580,3209-ZPKFI,47,54.25,2538.2,0
10581,6479-VDGRK,72,85.3,6129.2,0
10582,9373-WSLOY,33,50.0,1750.85,0
10583,4318-RAJVY,10,19.8,198.25,0
10584,2165-VOEGB,46,105.2,4822.85,1
10585,3612-YUNGG,64,109.2,6741.15,0
10586,2254-DLXRI,1,79.15,79.15,0
10587,5062-CJJKH,25,53.65,1355.45,0
10588,9028-LIHRP,71,100.2,7209.0,0
10589,2219-MVUSO,8,45.15,438.4,1
10590,1053-MXTTK,72,108.65,7726.35,0
10591,1530-ZTDOZ,49,40.65,2070.75,0
10592,1301-LOPVR,29,55.35,1636.95,0
10593,0853-TWRVK,72,105.6,7581.5,0
10594,8914-RBTSB,31,93.8,3019.5,1
10595,6212-ATMLK,50,95.7,4729.75,0
10596,8200-LGKSR,71,83.2,6126.1,0
10597,1568-BEKZM,70,90.05,6333.4,0
10598,0670-ANMUU,71,97.65,6687.85,0
10599,6897-RWMUB,61,68.05,4158.25,0
10600,0963-ZBDRN,32,96.2,3183.4,1
10601,7594-RQHXR,1,79.6,79.6,1
10602,6999-CHVCF,68,102.1,7149.35,0
10603,6134-KWTBV,62,23.4,1429.65,0
10604,1077-HUUJM,7,71.05,472.65,0
10605,6331-EWIEB,20,85.25,1734.5,1
10606,0895-LNKRC,6,19.45,113.5,0
10607,2045-BMBTJ,33,59.45,1884.65,0
10608,8417-GSODA,28,92.2,2568.15,0
10609,4452-QIIEB,7,43.9,278.4,0
10610,5998-VVEJY,26,80.5,2088.8,1
10611,5171-EPLKN,27,19.85,470.0,0
10612,1624-NALOJ,5,89.8,502.6,1
10613,6741-EGCBI,30,90.5,2595.85,0
10614,7820-ZYGNY,63,90.45,5825.5,0
10615,4317-VTEOA,1,50.75,50.75,1
10616,9677-AVKED,53,84.6,4449.75,0
10617,1670-SVOWZ,14,89.65,1208.35,1
10618,2227-JRSJX,21,99.15,1956.4,0
10619,9847-HNVGP,17,19.95,310.6,0
10620,6696-YDAYZ,16,20.5,290.55,0
10621,8980-WQFWL,35,62.1,2096.1,0
10622,1730-ZMAME,32,79.5,2665.0,0
10623,6506-EYCNH,28,19.55,543.8,0
10624,4634-JLRJT,1,20.35,20.35,0
10625,9501-UKKNL,59,51.7,3005.8,0
10626,2560-QTSBS,72,23.3,1623.15,0
10627,7541-YLXCL,36,65.4,2498.4,1
10628,4795-WRNVT,40,65.1,2586.0,0
10629,6080-TCMYC,40,81.2,3292.3,0
10630,0260-ZDLGK,9,72.9,651.4,1
10631,7860-UXCRM,63,74.5,4674.55,0
10632,6357-JJPQT,3,80.5,232.35,0
10633,2292-XQWSV,40,60.3,2448.5,0
10634,9552-TGUZV,8,75.0,658.1,0
10635,5913-INRQV,34,90.15,3128.8,0
10636,8722-NGNBH,5,40.0,223.45,1
10637,6210-KBBPI,9,99.45,919.4,1
10638,9447-YPTBX,50,19.85,943.1,0
10639,0133-BMFZO,2,86.25,181.65,1
10640,6128-CZOMY,1,45.65,45.65,1
10641,9540-JYROE,8,70.1,551.35,1
10642,9026-LHEVG,9,40.75,359.4,0
10643,2260-USTRB,2,70.2,115.95,1
10644,3656-TKRVZ,3,55.35,165.2,1
10645,7011-CVEUC,25,95.7,2338.35,0
10646,6185-TASNN,1,46.3,46.3,0
10647,7925-PNRGI,45,81.3,3541.1,0
10648,8623-TMRBY,51,84.2,4146.05,1
10649,1552-CZCLL,55,20.0,1087.25,0
10650,3038-PQIUY,38,66.15,2522.4,0
10651,1501-SGHBW,2,45.85,81.0,1
10652,9313-CDOGY,38,19.6,717.3,0
10653,8148-BPLZQ,34,49.8,1734.2,0
10654,2623-DRYAM,70,101.75,7069.3,0
10655,9987-LUTYD,13,55.15,742.9,0
10656,3208-YPIOE,39,75.25,3017.65,1
10657,4488-KQFDT,61,103.95,6423.0,0
10658,2612-RANWT,12,100.15,1164.3,1
10659,5693-PIPCS,41,99.65,4220.35,0
10660,0491-KAPQG,21,73.7,1558.7,0
10661,1925-LFCZZ,55,50.05,2743.45,0
10662,8039-EQPIM,69,60.25,4055.5,0
10663,6900-PXRMS,26,105.75,2710.25,1
10664,8707-RMEZH,69,87.3,6055.55,0
10665,3346-BRMIS,18,48.35,810.7,1
10666,3569-JFODW,72,90.95,6652.45,0
10667,9819-FBNSV,37,72.25,2575.45,0
10668,9544-PYPSJ,62,96.1,6019.35,0
10669,1591-XWLGB,71,19.85,1379.6,0
10670,0396-UKGAI,23,55.3,1284.2,0
10671,3243-ZHOHY,16,20.1,296.15,0
10672,5186-EJEGL,9,69.5,653.25,0
10673,7527-QNRUS,17,25.15,412.6,0
10674,9986-BONCE,4,20.95,85.5,1
10675,2722-JMONI,1,49.55,49.55,1
10676,2203-GHNWN,24,79.65,1928.7,0
10677,3878-AVSOQ,1,71.25,71.25,0
10678,3258-SYSWS,72,113.8,7845.8,0
10679,5296-PSYVW,72,24.55,1750.7,0
10680,6319-QSUSR,11,19.7,216.2,0
10681,4083-EUGRJ,9,20.25,178.5,1
10682,7579-OOPEC,2,50.15,115.1,1
10683,0512-FLFDW,60,100.5,6029.0,0
10684,1771-OADNZ,29,95.9,2745.2,1
10685,0487-CRLZF,49,74.45,3721.9,0
10686,2107-FBPTK,30,104.1,3121.1,0
10687,9738-QLWTP,39,81.9,3219.75,0
10688,1016-DJTSV,8,69.7,572.85,0
10689,9419-IPPBE,51,90.15,4554.85,0
10690,0612-RTZZA,1,25.25,25.25,1
10691,8106-GWQOK,38,60.0,2193.2,0
10692,9451-WLYRI,53,19.05,990.45,0
10693,8219-VYBVI,39,25.0,1004.35,0
10694,1991-VOPLL,9,19.05,157.65,0
10695,0174-QRVVY,71,25.35,1847.55,0
10696,5699-BNCAS,71,24.65,1766.75,0
10697,2900-PHPLN,70,19.55,1462.05,0
10698,8751-EDEKA,28,89.9,2433.5,0
10699,6878-GGDWG,32,19.4,641.15,0
10700,4039-PIMHX,49,49.8,2398.4,0
10701,8450-LUGUK,37,24.1,861.85,0
10702,3604-WLABM,10,54.25,583.0,0
10703,0795-GMVQO,67,109.9,7332.4,0
10704,2259-OUUSZ,7,35.5,249.55,0
10705,1142-IHLOO,51,87.55,4475.9,0
10706,6410-LEFEN,9,45.15,416.45,1
10707,4633-MKHYU,9,88.4,788.6,0
10708,6257-RJOHI,4,50.8,202.3,0
10709,1545-JFUML,71,99.0,6994.6,0
10710,3194-ORPIK,50,84.4,4116.15,1
10711,7826-VVKWT,24,96.55,2263.45,0
10712,1353-GHZOS,22,59.75,1374.35,0
10713,2587-EKXTS,44,111.5,4915.15,0
10714,7346-MEDWM,59,83.25,4949.1,0
10715,1137-DGOWI,30,70.25,2198.9,0
10716,6771-XWBDM,57,104.5,5921.35,1
10717,5442-BXVND,33,24.25,838.5,0
10718,8816-VXNZD,1,75.1,75.1,1
10719,9378-FXTIZ,54,70.15,3715.65,1
10720,1723-HKXJQ,42,101.75,4273.45,1
10721,7825-GKXMW,1,45.8,45.8,1
10722,9753-OYLBX,1,20.5,20.5,0
10723,2364-UFROM,30,70.4,2044.75,0
10724,6656-JWRQX,1,30.55,30.55,0
10725,6473-ULUHT,16,84.9,1398.25,0
10726,1240-KNSEZ,1,20.1,20.1,1
10727,0836-SEYLU,9,40.65,328.95,1
10728,4433-JCGCG,46,101.0,4680.05,1
10729,3716-BDVDB,1,69.1,69.1,1
10730,7688-AWMDX,71,54.5,3778.2,0
10731,2842-BCQGE,43,75.35,3161.4,0
10732,7244-QWYHG,50,44.45,2188.45,0
10733,5899-MQZZL,13,75.0,999.45,1
10734,6849-OYAMU,19,100.0,1888.65,1
10735,5312-UXESG,41,98.05,3990.6,0
10736,9488-HGMJH,1,71.15,71.15,1
10737,6038-GCYEC,24,54.15,1240.25,1
10738,2150-WLKUW,40,63.9,2635.0,0
10739,7159-FVYPK,3,69.15,235.0,0
10740,7032-LMBHI,37,64.65,2347.85,0
10741,1150-WFARN,67,108.75,7156.2,1
10742,6088-BXMRG,32,98.85,3089.6,0
10743,3144-AUDBS,6,49.15,270.8,1
10744,4821-SJHJV,32,89.6,2901.8,0
10745,5616-PRTNT,20,19.4,374.5,1
10746,3812-LRZIR,27,24.5,761.95,0
10747,4818-QIUFN,20,79.15,1520.9,1
10748,9483-GCPWE,9,20.1,190.25,0
10749,4227-OJHAL,68,73.0,5163.0,0
10750,9220-CXRSC,69,61.4,4059.85,0
10751,4993-JCRGJ,26,84.3,2281.6,0
10752,9537-JALFH,69,19.9,1356.7,0
10753,6698-OXETB,11,20.4,231.45,0
10754,2103-ZRXFN,1,50.75,50.75,0
10755,3724-BSCVH,10,20.45,242.4,0
10756,4877-TSOFF,55,75.75,4264.25,0
10757,9209-NWPGU,44,65.4,2774.55,0
10758,6961-VCPMC,46,80.4,3605.2,1
10759,7306-YDSOI,69,59.75,4069.9,0
10760,5288-AHOUP,11,78.5,874.2,0
10761,6688-UZPWD,11,102.0,1145.35,1
10762,0655-YDGFJ,29,48.95,1323.7,0
10763,8468-EHYJA,57,99.65,5497.05,0
10764,6823-SIDFQ,28,18.25,534.7,0
10765,1097-FSPVW,42,54.55,2455.05,0
10766,8328-SKJNO,23,40.65,947.4,0
10767,0968-GSIKN,1,70.8,70.8,1
10768,1965-DDBWU,16,89.05,1448.6,1
10769,9057-SIHCH,3,96.6,291.9,1
10770,6352-GIGGQ,67,88.8,5903.15,0
10771,2839-RFSQE,2,20.65,38.7,1
10772,7010-ZMVBF,18,20.45,357.0,0
10773,5201-CBWYG,62,24.8,1476.25,0
10774,3635-QQRQD,62,20.05,1201.65,0
10775,2897-DOVND,2,69.8,146.65,0
10776,3082-YVEKW,23,77.15,1759.4,0
10777,0191-EQUUH,25,35.05,844.45,0
10778,7134-HBPBS,72,108.1,7774.05,0
10779,3489-HHPFY,2,84.05,134.05,0
10780,2926-JEJJC,8,20.2,140.95,0
10781,8601-QACRS,5,50.6,249.95,1
10782,4950-BDEUX,35,49.2,1701.65,0
10783,5789-LDFXO,24,24.6,592.65,0
10784,0508-OOLTO,2,71.65,135.75,0
10785,2984-TBYKU,72,104.9,7732.65,0
10786,9822-WMWVG,41,106.5,4282.4,0
10787,2391-SOORI,4,49.35,219.65,1
10788,9040-KZVWO,26,75.5,2018.1,0
10789,2645-QTLMB,7,94.25,669.0,1
10790,4806-HIPDW,1,68.95,68.95,1
10791,1548-ARAGG,4,58.5,224.85,0
10792,6339-RZCBJ,48,78.9,3771.5,0
10793,4424-TKOPW,2,93.85,196.75,1
10794,4415-WNGVR,12,79.2,943.85,0
10795,2522-AHJXR,60,109.45,6572.85,0
10796,0412-UCCNP,55,59.2,3175.85,0
10797,1816-FLZDK,1,29.15,29.15,0
10798,7096-UCLNH,1,20.05,20.05,0
10799,8443-ZRDBZ,4,76.05,318.9,1
10800,9136-ALYBR,1,24.45,24.45,1
10801,4615-PIVVU,42,66.5,2762.75,0
10802,8885-QSQBX,1,49.55,49.55,0
10803,7479-NITWS,7,89.35,631.85,1
10804,8617-ENBDS,3,73.6,232.5,0
10805,9385-NXKDA,72,82.65,5919.35,0
10806,0430-IHCDJ,15,49.0,749.25,0
10807,2959-MJHIC,4,80.35,307.4,1
10808,6674-KVJHG,11,25.2,245.15,0
10809,1814-DKOLC,5,25.45,134.75,0
10810,4201-JMNGR,1,55.8,55.8,1
10811,9351-HXDMR,72,110.9,8240.85,0
10812,3537-HPKQT,55,77.75,4266.4,0
10813,2129-ALKBS,40,26.2,1077.5,0
10814,5821-MMEIL,57,19.9,1115.6,0
10815,5960-WPXQM,1,79.05,79.05,1
10816,0684-AOSIH,1,95.0,95.0,1
10817,8260-NGFNY,1,25.2,25.2,1
10818,1309-XGFSN,52,80.85,4079.55,0
10819,1866-RZZQS,41,98.4,4187.75,1
10820,6968-URWQU,43,56.35,2391.15,0
10821,9631-XEYKE,3,50.4,137.25,0
10822,8631-NBHFZ,66,79.4,5154.6,1
10823,1335-MXCSE,55,55.25,3119.9,0
10824,4742-TXUEX,47,19.3,890.5,0
10825,8873-TMKGR,29,19.1,529.5,0
10826,8800-JOOCF,12,84.05,966.55,0
10827,1469-LBJQJ,66,105.2,6936.85,0
10828,4958-XCBDQ,35,101.4,3496.3,1
10829,8337-UPOAQ,10,89.8,914.3,1
10830,0064-YIJGF,27,75.75,1929.0,0
10831,2386-OWURY,58,95.3,5817.7,0
10832,1725-IQNIY,54,109.75,6110.2,1
10833,0310-VQXAM,9,19.85,178.8,0
10834,6598-RFFVI,2,19.3,28.3,1
10835,3453-RTHJQ,6,69.1,435.0,0
10836,6712-OAWRH,26,91.25,2351.8,1
10837,6278-FEPBZ,9,20.25,186.15,0
10838,4280-DLSHD,8,54.75,445.85,0
10839,1508-DFXCU,12,81.45,912.0,0
10840,8614-VGMMV,15,49.1,679.55,1
10841,7868-BGSZA,43,80.2,3581.6,0
10842,2800-QQUSO,42,100.3,4222.95,0
10843,2930-UOTMB,31,65.25,1994.3,1
10844,7973-DZRKH,66,90.95,5930.05,0
10845,5914-DVBWJ,18,85.45,1505.85,1
10846,9169-BSVIN,12,74.75,827.05,0
10847,2325-ZUSFD,57,70.1,3913.3,1
10848,6872-HXFNF,64,58.35,3756.45,0
10849,3932-CMDTD,4,105.65,443.9,1
10850,7714-YXSMB,26,100.5,2599.95,0
10851,7698-YFGEZ,1,20.0,20.0,0
10852,2533-QVMSK,61,94.1,5638.3,1
10853,9773-PEQBZ,10,79.85,797.25,0
10854,8644-XLFBW,1,71.65,71.65,1
10855,0650-BWOZN,18,73.55,1359.45,0
10856,8625-AZYZY,24,104.65,2542.45,1
10857,7785-RDVIG,3,19.3,54.7,0
10858,9602-WCXPI,50,20.15,989.05,0
10859,2903-YYTBW,1,44.55,44.55,0
10860,3620-MWJNE,2,54.45,87.3,0
10861,8573-JGCZW,17,19.65,351.55,0
10862,6837-HAEVO,69,105.0,7297.75,0
10863,6701-YVNQG,72,88.7,6301.7,0
10864,9306-CPCBC,3,74.25,210.3,1
10865,4304-XUMGI,50,75.15,3822.45,0
10866,9504-YAZWB,53,20.25,1048.45,0
10867,8819-ZBYNA,58,109.1,6393.65,0
10868,6174-NRBTZ,46,30.75,1489.3,0
10869,9481-IEBZY,72,112.9,8061.5,0
10870,1833-VGRUM,1,74.2,74.2,1
10871,6137-NICCO,6,94.05,518.75,0
10872,9065-ZCPQX,72,78.85,5763.15,0
10873,6402-EJMWF,4,55.3,238.5,0
10874,8374-XGEJJ,43,101.0,4388.4,1
10875,2656-TABEH,4,100.2,420.2,1
10876,6946-LMSQS,25,89.05,2177.45,1
10877,4626-OZDTJ,51,78.65,3950.85,0
10878,3620-EHIMZ,52,19.35,1031.7,0
10879,3213-VVOLG,0,25.35,0.0,0
10880,6870-ECSHE,2,20.45,34.8,0
10881,8747-UDCOI,65,19.35,1319.95,0
10882,8194-PEEBY,24,19.9,533.5,0
10883,8387-UGUSU,15,20.05,284.3,0
10884,1080-BWSYE,64,25.65,1740.8,0
10885,4039-HEUNW,36,96.5,3436.1,1
10886,1194-HVAIF,27,95.0,2462.55,0
10887,0812-WUPTB,1,70.85,70.85,1
10888,3594-UVONA,35,85.95,3110.1,1
10889,0004-TLHLJ,4,73.9,280.85,1
10890,1767-TGTKO,8,45.45,411.75,0
10891,8439-LTUGF,10,20.0,198.6,0
10892,8805-JNRAZ,2,49.2,103.7,0
10893,5089-IFSDP,58,109.45,6144.55,1
10894,6418-HNFED,51,83.25,4089.45,0
10895,0206-OYVOC,46,19.25,864.2,0
10896,7291-CDTMJ,1,19.65,19.65,0
10897,7128-GGCNO,46,72.8,3249.4,0
10898,0237-YFUTL,50,109.65,5405.8,0
10899,7691-KGKGP,53,65.0,3363.8,0
10900,6710-HSJRD,61,114.1,7132.15,0
10901,4090-KPJIP,3,74.95,212.4,0
10902,3675-EQOZA,5,20.65,93.55,0
10903,0840-DCNZE,47,86.95,4138.9,0
10904,1732-FEKLD,54,94.75,5121.75,0
10905,9862-KJTYK,19,25.35,566.1,0
10906,0479-HMSWA,26,105.45,2715.3,0
10907,5854-KSRBJ,70,25.4,1782.05,0
10908,0365-BZUWY,17,102.55,1742.5,0
10909,4817-VYYWS,30,100.2,2983.8,1
10910,5701-SVCWR,1,24.0,24.0,0
10911,3129-AAQOU,19,25.6,485.9,0
10912,4922-CVPDX,26,73.5,1905.7,0
10913,1396-QWFBJ,21,74.05,1565.7,1
10914,1357-BIJKI,50,98.25,4858.7,0
10915,1099-BTKWT,68,54.4,3723.65,0
10916,5299-SJCZT,3,101.55,298.35,1
10917,2018-PZKMU,9,103.1,970.45,0
10918,7340-KEFQE,51,34.2,1782.0,0
10919,4570-QHXHL,9,43.75,405.7,0
10920,2403-BCASL,41,111.95,4534.9,1
10921,7392-YYPYJ,22,100.65,2415.95,0
10922,2898-LSJGD,21,55.95,1157.05,1
10923,2223-GDSHL,71,116.05,8297.5,0
10924,7359-PTSXY,1,45.75,45.75,1
10925,9470-RTWDV,26,82.0,2083.1,0
10926,2176-OSJUV,71,65.15,4681.75,0
10927,9348-YVOMK,4,44.8,176.2,0
10928,8104-OSKWT,12,79.8,1001.2,0
10929,4521-YEEHE,18,88.85,1594.75,0
10930,3786-WOVKF,72,106.85,7677.4,0
10931,4503-BDXBD,11,74.95,815.5,1
10932,6086-ESGRL,1,80.15,80.15,1
10933,2592-HODOV,13,19.3,259.65,0
10934,3886-CERTZ,72,109.25,8109.8,1
10935,7995-ZHHNZ,42,56.1,2386.85,0
10936,3824-RHKVR,17,19.7,340.35,0
10937,5816-SCGFC,7,51.3,419.35,0
10938,5989-AXPUC,68,118.6,7990.05,0
10939,4979-HPRFL,56,24.15,1402.25,0
10940,8590-OHDIW,38,20.3,749.35,0
10941,8015-IHCGW,72,115.5,8425.15,0
10942,2332-TODQS,48,25.05,1171.5,0
10943,9278-VZKCD,52,109.1,5647.95,0
10944,8008-OTEZX,35,19.65,708.8,0
10945,2773-OVBPK,67,111.3,7567.2,0
10946,5999-LCXAO,1,29.9,29.9,0
10947,5206-XZZQI,53,80.6,4348.1,0
10948,4803-LBYPN,34,20.8,635.9,0
10949,5759-RCVCB,3,35.2,108.95,1
10950,6372-RFVNS,1,78.8,78.8,1
10951,2139-FQHLM,19,89.95,1682.4,0
10952,8261-GWDBQ,60,116.05,6925.9,0
10953,8938-UMKPI,47,106.4,5127.95,1
10954,0991-BRRFB,18,49.4,874.8,1
10955,3882-IYOIJ,60,115.25,6758.45,0
10956,1093-YSWCA,11,19.55,223.15,0
10957,8749-TZYEC,72,24.8,1874.3,0
10958,1755-FZQEC,39,19.9,791.15,0
10959,3115-JPJDD,59,81.25,4639.45,0
10960,5600-KTXFM,2,69.95,143.9,0
10961,3871-IKPYH,1,69.1,69.1,1
10962,6319-IEJWJ,20,90.2,1776.55,1
10963,9025-AOMKI,6,93.55,536.4,1
10964,6339-TBELP,71,86.4,6172.0,0
10965,7964-YESJC,24,66.3,1559.45,0
10966,6173-GOLSU,67,94.65,6079.0,0
10967,5275-SQEIZ,1,80.85,80.85,1
10968,7716-YTYHG,48,82.05,4029.95,1
10969,9938-ZREHM,37,72.1,2658.4,0
10970,7950-XWOVN,11,34.7,383.55,0
10971,4390-KYULV,3,20.55,51.15,1
10972,4647-MUZON,18,95.95,1745.5,0
10973,9702-AIUJO,50,44.8,2230.85,0
10974,8849-PRIQJ,67,109.4,7281.6,0
10975,8851-RAGOV,25,71.05,1837.7,0
10976,1304-NECVQ,2,78.55,149.55,1
10977,5396-IZEPB,9,19.7,180.7,0
10978,1729-VLAZJ,10,40.25,411.45,0
10979,6986-IXNDM,14,92.9,1337.45,0
10980,1731-TVIUK,4,93.5,362.2,1
10981,2987-BJXIK,70,84.7,5991.05,0
10982,9769-TSBZE,70,66.0,4891.5,0
10983,8285-ABVLB,70,19.85,1328.35,0
10984,0701-TJSEF,9,68.25,576.95,0
10985,5712-VBOXD,4,20.15,68.45,0
10986,6629-LADHQ,2,50.95,123.05,0
10987,8945-GRKHX,1,78.65,78.65,1
10988,1559-DTODC,19,25.15,468.35,0
10989,4797-MIWUM,7,20.25,174.7,0
10990,6959-UWKHF,1,42.9,42.9,1
10991,8720-RQSBJ,1,44.0,44.0,0
10992,4537-CIBHB,9,20.25,172.35,0
10993,3815-SLMEF,3,34.25,139.35,1
10994,5154-VEKBL,9,58.5,539.85,1
10995,4324-AHJKS,5,55.8,300.4,0
10996,4355-CVPVS,56,88.9,4968.0,0
10997,4495-LHSSK,18,57.65,992.7,0
10998,5655-JSMZM,49,96.2,4718.25,1
10999,5915-ANOEI,70,79.15,5536.5,0
11000,9861-PDSZP,72,108.05,7806.6,0
11001,4505-EXZHB,6,74.4,434.1,1
11002,7225-CBZPL,17,94.8,1563.9,0
11003,6704-UTUKK,29,45.9,1332.4,0
11004,4587-VVTOX,6,105.3,545.2,1
11005,2019-HDCZY,63,102.6,6296.75,0
11006,4652-NNHNY,16,73.85,1284.2,1
11007,8788-DOXSU,59,61.35,3645.5,0
11008,7404-JLKQG,3,57.55,161.45,0
11009,7421-ZLUPA,8,29.25,226.95,0
11010,8972-HJWNV,7,84.55,646.85,1
11011,3274-NSDWE,68,19.6,1441.65,0
11012,2632-IVXVF,68,111.75,7511.3,0
11013,3692-JHONH,52,106.5,5621.85,0
11014,8915-NNTRC,72,107.7,7919.8,0
11015,5914-GXMDA,32,19.3,593.2,0
11016,7463-IFMQU,72,20.05,1423.65,0
11017,2920-RNCEZ,1,69.95,69.95,0
11018,2541-YGPKE,42,63.7,2763.35,0
11019,8515-OCTJS,25,24.75,692.1,1
11020,5382-TEMLV,45,50.9,2298.55,0
11021,3441-CGZJH,43,60.4,2640.55,0
11022,9592-ERDKV,37,79.25,2911.8,0
11023,2860-RANUS,20,85.8,1727.5,1
11024,5261-QSHQM,4,24.45,86.6,1
11025,4778-IZARL,63,110.1,6705.7,0
11026,0432-CAJZV,3,90.7,237.65,0
11027,7008-LZVOZ,66,25.3,1672.35,0
11028,8868-WOZGU,28,105.7,2979.5,1
11029,1200-TUZHR,8,85.2,695.75,0
11030,9365-CSLBQ,71,24.35,1654.6,0
11031,1334-FJSVR,1,24.25,24.25,1
11032,7130-CTCUS,16,54.55,825.1,0
11033,6242-FEGFD,66,96.6,6424.25,0
11034,7625-XCQRH,11,76.5,837.95,1
11035,6194-HBGQN,51,81.15,4126.2,0
11036,7634-WSWDB,8,38.5,330.8,0
11037,5884-FBCTL,72,25.1,1857.85,0
11038,0406-BPDVR,54,101.5,5373.1,1
11039,0618-XWMSS,28,74.9,2068.55,1
11040,1395-WSWXR,24,20.75,487.05,0
11041,6023-GSSXW,69,61.45,4131.2,0
11042,6752-APNJL,42,54.5,2301.15,0
11043,5276-KQWHG,2,69.6,131.65,1
11044,0420-HLGXF,39,99.75,4036.0,0
11045,7446-KQISO,45,109.75,4900.65,0
11046,9823-EALYC,72,80.85,5727.45,0
11047,0582-AVCLN,38,20.3,743.05,0
11048,5803-NQJZO,72,67.8,4804.65,0
11049,2565-JSLRY,1,24.05,24.05,1
11050,2607-DHDAK,72,19.8,1414.65,0
11051,1073-XXCZD,55,25.7,1443.65,0
11052,0743-HRVFF,51,56.15,2898.95,0
11053,4006-HKYHO,63,86.7,5309.5,0
11054,3727-JEZTU,1,20.4,20.4,0
11055,8143-ETQTI,23,19.65,451.55,0
11056,6689-KXGBO,1,50.55,50.55,1
11057,9667-TKTVZ,2,54.35,117.05,0
11058,3657-COGMW,52,108.1,5839.3,0
11059,8570-KLJYJ,36,54.45,1893.5,0
11060,7754-IXRMC,1,45.35,45.35,0
11061,9473-CBZOP,28,59.0,1654.45,0
11062,2969-WGHQO,7,69.45,477.05,0
11063,6615-NGGZJ,14,100.55,1415.55,1
11064,4334-HOWRP,72,64.95,4546.0,0
11065,4255-DDUOU,1,20.5,20.5,1
11066,5863-OOKCL,10,18.85,163.2,0
11067,1686-STUHN,42,19.8,849.9,0
11068,1329-VHWNP,7,25.05,189.95,0
11069,2984-MIIZL,4,74.8,321.9,1
11070,0266-GMEAO,72,114.3,8058.55,0
11071,5590-YRFJT,20,24.45,482.8,1
11072,5574-NXZIU,63,109.2,7049.75,0
11073,0019-GFNTW,56,45.05,2560.1,0
11074,4256-ZWTZI,5,51.0,286.8,0
11075,8309-PPCED,72,110.45,7982.5,0
11076,4098-NAUKP,68,84.65,5683.6,0
11077,5196-WPYOW,67,60.05,3994.05,0
11078,4608-LCIMN,8,44.65,369.15,0
11079,1485-YDHMM,52,93.25,4631.7,0
11080,4054-CUMIA,18,20.25,401.95,0
11081,0603-TPMIB,59,25.45,1534.05,0
11082,2525-GVKQU,60,20.6,1093.0,0
11083,8161-QYMTT,7,94.1,701.3,0
11084,9581-GVBXT,59,34.8,1980.3,0
11085,5862-BRIXZ,46,60.75,2893.4,0
11086,5404-GGUKR,5,51.35,262.3,0
11087,3308-JSGML,59,64.05,3886.85,0
11088,2126-GSEGL,70,84.8,5917.55,0
11089,3677-TNKIO,14,71.0,914.0,1
11090,0440-QEXBZ,44,50.15,2139.1,0
11091,2434-EEVDB,64,94.6,5948.7,0
11092,6762-QVYJO,58,59.75,3624.35,0
11093,6199-IWKGC,46,100.25,4753.85,0
11094,2675-DHUTR,58,98.9,5780.7,0
11095,8152-VETUR,72,97.7,6869.7,0
11096,9667-EQRXU,30,40.3,1172.95,1
11097,7446-YPODE,11,60.25,662.95,0
11098,9522-BNTHX,34,56.25,1765.95,0
11099,4676-WLUHT,54,46.2,2431.95,0
11100,3329-WDIOK,3,50.6,155.35,1
11101,7980-MHFLQ,72,24.9,1859.2,0
11102,2873-ZLIWT,40,84.85,3303.05,1
11103,3415-TAILE,2,65.7,134.35,1
11104,0757-WCUUZ,54,63.35,3409.1,0
11105,1629-DQQVB,14,50.1,709.5,0
11106,1915-IOFGU,1,70.5,70.5,1
11107,3045-XETSH,10,94.85,953.45,1
11108,0374-AACSZ,1,50.15,50.15,0
11109,7239-HZZCX,1,19.75,19.75,1
11110,4872-VXRIL,56,64.65,3665.55,0
11111,9140-CZQZZ,68,79.6,5515.8,0
11112,3423-HHXAO,14,19.5,272.0,0
11113,9938-TKDGL,68,99.55,6668.0,0
11114,0531-ZZJWQ,55,74.0,4052.4,0
11115,6537-QLGEX,16,38.9,664.4,0
11116,2688-BHGOG,9,79.55,718.55,0
11117,7683-CBDKJ,14,65.45,937.6,1
11118,0946-CLJTI,58,98.7,5812.6,1
11119,3160-TYXLT,53,46.3,2546.85,0
11120,1325-USMEC,70,99.35,6944.5,0
11121,0916-QOFDP,14,95.8,1346.3,0
11122,0628-CNQRM,22,67.5,1544.05,1
11123,5606-AMZBO,10,78.15,765.15,0
11124,6199-IPCAO,29,26.1,692.55,0
11125,7665-TOALD,1,69.6,69.6,1
11126,0112-QWPNC,49,84.35,4059.35,1
11127,0324-BRPCJ,68,100.2,6851.65,1
11128,2777-PHDEI,1,78.05,78.05,1
11129,5640-CAXOA,30,40.35,1187.05,0
11130,2235-EZAIK,72,79.2,5401.9,0
11131,3847-BAERP,10,20.9,247.0,0
11132,1196-AMORA,7,73.6,520.0,1
11133,4282-YMKNA,9,74.75,706.6,1
11134,1453-RZFON,1,49.9,49.9,0
11135,8263-OKETD,20,68.9,1370.35,0
11136,0670-KDOMA,1,20.25,20.25,0
11137,2476-YGEFM,29,76.0,2215.25,0
11138,8687-BAFGU,1,74.0,74.0,0
11139,0641-EVBOJ,3,82.3,214.4,0
11140,0829-XXPLX,20,89.4,1871.15,0
11141,9974-JFBHQ,64,99.15,6171.2,0
11142,6624-JDRDS,6,29.45,161.45,0
11143,9780-FKVVF,6,59.15,336.7,0
11144,1919-RTPQD,7,44.75,333.65,0
11145,5214-NLTIT,72,90.8,6511.8,0
11146,5356-RHIPP,1,20.2,20.2,1
11147,0608-JDVEC,50,19.8,1013.2,0
11148,3345-PBBFH,8,49.55,393.45,0
11149,5055-BRMNE,67,106.7,7009.5,0
11150,9189-JWSHV,24,93.55,2264.05,1
11151,2190-PHBHR,72,94.45,6921.7,0
11152,2650-GYRYL,33,19.45,600.25,0
11153,0746-JTRFU,2,25.05,56.35,1
11154,5208-FVQKB,70,67.95,4664.15,0
11155,7184-LRUUR,22,65.25,1441.8,0
11156,6627-CFOSN,59,99.45,5623.7,0
11157,3982-JGSFD,36,20.35,695.85,0
11158,1574-DYCWE,51,19.95,1028.75,0
11159,7247-XOZPB,53,77.4,4155.95,0
11160,2466-FCCPT,20,19.7,395.6,0
11161,6211-WWLTF,63,99.7,6330.4,0
11162,4826-TZEVA,40,74.8,2971.7,0
11163,6016-NXBNJ,35,19.15,638.0,0
11164,9138-EFSMO,26,78.95,2034.25,0
11165,0576-WNXXC,27,95.55,2510.2,1
11166,4632-XJMEX,53,62.85,3419.5,0
11167,8910-LEDAG,34,71.55,2427.35,0
11168,3452-GWUIN,19,94.95,1760.25,0
11169,2716-GFZOR,43,86.1,3551.65,0
11170,4229-CZMLL,6,74.9,469.8,1
11171,6904-JLBGY,72,117.35,8436.25,0
11172,3724-UCSHY,6,19.55,122.9,0
11173,8626-XHBIE,56,24.8,1424.2,0
11174,4628-CTTLA,57,39.3,2111.45,1
11175,3192-LNKRK,34,84.05,2909.95,0
11176,4439-YRNVD,10,36.25,374.0,0
11177,2876-VBBBL,1,20.25,20.25,1
11178,6834-NXDCA,13,23.9,300.8,1
11179,2208-UGTGR,56,98.6,5581.05,0
11180,3005-TYFRD,55,103.65,5676.65,0
11181,8670-MEFCP,36,92.9,3379.25,0
11182,3079-BCHLN,47,19.9,942.95,0
11183,7777-UNYHB,12,20.1,232.4,0
11184,5597-GLBUC,1,85.45,85.45,1
11185,7278-CKDNC,24,80.5,2088.45,0
11186,2748-MYRVK,63,99.9,6137.0,1
11187,8450-UYIBU,35,39.85,1434.6,0
11188,2969-VAPYH,67,60.5,3870.0,0
11189,4822-YCXMX,25,84.8,2043.45,1
11190,7181-OQCUT,21,103.85,2215.0,0
11191,8474-UMLNT,13,67.8,842.25,0
11192,9821-POOTN,35,75.2,2576.2,1
11193,3836-FZSDJ,71,24.85,1901.0,0
11194,6559-ILWKJ,71,49.35,3515.25,1
11195,0187-QSXOE,7,89.0,605.45,0
11196,7733-UDMTP,57,55.0,3094.05,0
11197,2649-HWLYB,65,76.15,4929.55,0
11198,9142-XMYJH,29,19.35,601.6,0
11199,5214-CHIWJ,27,20.3,595.05,0
11200,2465-BLLEU,1,19.75,19.75,0
11201,1685-VAYJF,11,45.2,492.0,0
11202,8874-EJNSR,39,25.2,987.95,0
11203,6917-YACBP,59,89.75,5496.9,0
11204,5049-MUBWG,26,75.0,1908.35,0
11205,4223-WOZCM,2,49.95,107.1,0
11206,0769-MURVM,72,65.7,4575.35,0
11207,9253-VIFJQ,65,67.05,4309.55,0
11208,7030-FZTFM,72,110.9,7922.75,0
11209,9741-YLNTD,6,87.95,522.35,0
11210,5917-RYRMG,32,19.8,587.7,0
11211,5120-ZBLAI,50,75.7,3876.2,0
11212,1194-BHJYC,61,62.15,3778.85,0
11213,3663-MITLP,15,101.25,1457.25,1
11214,0906-QVPMS,72,115.15,8349.45,0
11215,9025-ZRPVR,9,18.95,185.6,1
11216,1905-OEILC,1,19.5,19.5,0
11217,7858-GTZSP,12,86.55,1066.9,0
11218,3285-UCQVC,37,28.6,973.55,1
11219,2683-BPJSO,29,84.45,2467.1,1
11220,2157-MXBJS,13,75.3,989.45,1
11221,9732-EQMWY,49,99.4,5025.0,0
11222,9360-AHGNL,43,109.55,4830.25,1
11223,5269-NRGDP,42,73.15,3088.25,0
11224,6248-BSHKG,61,20.4,1226.45,0
11225,4685-TFLLS,18,19.8,342.3,0
11226,3470-BTGQO,21,45.65,985.05,0
11227,1209-VFFOC,68,56.4,3948.45,0
11228,8224-DWCKX,12,73.3,828.05,0
11229,5482-PLVPE,2,24.35,41.85,1
11230,4553-DVPZG,62,101.35,6164.7,0
11231,4902-OHLSK,29,98.65,2862.75,1
11232,6917-IAYHD,1,33.6,33.6,0
11233,0495-ZBNGW,5,79.9,343.95,1
11234,8620-RJPZN,1,20.7,20.7,0
11235,7572-KPVKK,62,104.05,6590.5,0
11236,2642-MAWLJ,36,20.25,717.95,0
11237,2357-COQEK,28,103.3,2890.65,1
11238,7103-ZGVNT,69,73.7,4885.85,0
11239,3737-GCSPV,11,96.2,1222.05,1
11240,2027-WKXMW,63,108.75,6871.7,0
11241,7137-NAXML,23,20.15,405.6,0
11242,2428-ZMCTB,10,19.75,208.25,0
11243,2961-VNFKL,71,25.95,1801.9,0
11244,1768-HNVGJ,45,70.05,3062.45,0
11245,5934-RMPOV,22,84.75,1816.75,0
11246,4088-YLDSU,55,104.15,5743.05,1
11247,8316-BBQAY,65,59.95,3921.1,0
11248,4395-PZMSN,5,85.55,408.5,0
11249,6963-KQYQB,70,24.05,1764.75,0
11250,1207-BLKSA,52,23.05,1255.1,0
11251,1166-PQLGG,72,19.55,1463.45,0
11252,3146-JTQHR,10,19.6,189.45,0
11253,4291-YZODP,7,20.05,96.8,0
11254,6427-FEFIG,24,78.6,1846.65,0
11255,0017-IUDMW,72,116.8,8456.75,0
11256,8706-HRADD,21,43.55,1011.5,0
11257,9955-QOPOY,69,60.8,4263.4,0
11258,4385-ZKVNW,44,54.9,2549.1,0
11259,5446-DKWYW,61,65.2,3965.05,0
11260,2034-CGRHZ,24,102.95,2496.7,1
11261,5797-APWZC,1,90.6,90.6,1
11262,3683-QKIUE,6,50.8,288.05,1
11263,4228-ZGYUW,4,90.05,368.1,1
11264,9031-ZVQPT,72,108.2,7840.6,0
11265,2990-IAJSV,72,92.0,6632.75,0
11266,8107-KNCIM,14,75.1,1013.35,0
11267,9027-YFHQJ,7,25.05,152.95,0
11268,5176-LDKUH,48,75.15,3772.65,0
11269,4644-OBGFZ,55,19.5,1026.35,0
11270,7919-ZODZZ,10,65.9,660.05,0
11271,0565-JUPYD,63,104.5,6590.8,0
11272,6867-ACCZI,24,52.5,1208.15,0
11273,5939-XAIXZ,19,56.1,1033.9,0
11274,9054-FOWNV,22,88.75,1885.15,0
11275,7926-IJOOU,1,19.3,19.3,0
11276,6480-YAGIY,45,112.2,5031.85,0
11277,4029-HPFVY,3,70.3,220.4,0
11278,7602-DBTOU,71,19.6,1416.5,0
11279,5345-BMKWB,8,20.25,158.35,0
11280,3519-ZKXGG,3,75.85,256.6,1
11281,5457-COLHT,69,80.65,5542.55,0
11282,6416-TVAIH,1,68.5,68.5,1
11283,5451-YHYPW,72,115.75,8443.7,0
11284,5108-ADXWO,11,73.5,791.75,1
11285,7998-WNZEM,71,80.6,5708.2,0
11286,3066-RRJIO,1,69.95,69.95,1
11287,4664-NJCMS,33,59.55,2016.3,0
11288,0307-BCOPK,16,19.05,326.65,0
11289,7629-WFGLW,56,95.65,5471.75,0
11290,2542-HYGIQ,1,19.95,19.95,0
11291,6715-OFDBP,5,70.05,346.4,1
11292,5016-LIPDW,57,19.4,1061.6,0
11293,6481-LXPWL,56,36.1,1971.5,0
11294,1567-DSCIC,8,94.0,773.65,1
11295,2150-UWTFY,22,61.15,1422.05,1
11296,6124-ACRHJ,1,19.75,19.75,0
11297,9362-MWODR,40,64.1,2460.35,0
11298,5153-LXKDT,68,110.2,7467.5,0
11299,5161-UBZXI,69,106.35,7261.75,0
11300,1020-JPQOW,56,90.55,5116.6,0
11301,9975-GPKZU,46,19.75,856.5,0
11302,9625-RZFUK,63,19.7,1275.85,0
11303,8207-VVMYB,70,26.0,2006.95,0
11304,1087-UDSIH,3,19.6,59.75,1
11305,6195-MELTI,57,54.65,3134.7,0
11306,5485-WUYWF,2,66.4,94.55,1
11307,2121-JAFOM,72,115.55,8312.4,0
11308,8818-DOPVL,46,104.45,4863.85,0
11309,2632-UCGVD,66,100.05,6871.9,1
11310,5445-PZWGX,62,102.0,6529.25,1
11311,1227-UDMZR,72,91.15,6637.9,0
11312,5198-HQAEN,35,89.7,3165.6,0
11313,9170-CCKOU,17,90.2,1454.15,1
11314,2167-FQSTQ,72,92.4,6786.1,0
11315,2819-GWENI,28,19.9,543.0,0
11316,1043-YCUTE,56,25.15,1327.15,1
11317,3814-MLAXC,31,79.85,2404.15,1
11318,3572-UUHRS,45,18.85,867.3,0
11319,2692-PFYTJ,1,25.75,25.75,0
11320,1226-UDFZR,2,49.6,114.7,1
11321,4013-TLDHQ,19,78.25,1490.95,1
11322,3606-SBKRY,31,50.05,1523.4,0
11323,4806-KEXQR,4,79.9,324.3,1
11324,0667-NSRGI,48,69.55,3435.6,0
11325,0103-CSITQ,57,109.4,6252.7,0
11326,5955-EPOAZ,6,20.95,109.5,0
11327,6821-JPCDC,48,97.05,4692.95,0
11328,8815-LMFLX,25,25.4,546.85,0
11329,9135-HSWOC,64,19.7,1274.05,0
11330,8582-KRHPJ,50,35.0,1782.4,0
11331,5811-IWXYM,52,101.25,5301.1,0
11332,7044-YAACC,4,70.2,280.35,0
11333,8189-XRIKE,32,90.95,2897.95,0
11334,1506-YJTYT,45,73.85,3371.0,0
11335,4123-DVHPH,9,88.05,801.3,0
11336,6425-YQLLO,66,105.95,6975.25,1
11337,5442-UTCVD,3,91.85,257.05,1
11338,2228-BZDEE,54,20.1,1079.45,0
11339,7734-DBOAI,1,40.1,40.1,1
11340,2789-CZANW,64,110.3,6997.3,0
11341,2091-RFFBA,31,73.9,2217.15,1
11342,2114-MGINA,14,89.8,1129.1,1
11343,7596-LDUXP,12,85.15,979.05,0
11344,3740-RLMVT,67,60.95,4119.4,0
11345,4489-SNOJF,35,72.25,2568.55,1
11346,2192-OZITF,45,73.55,3349.1,0
11347,5651-CPDND,10,46.0,492.1,0
11348,2186-QZEYA,29,58.55,1718.95,0
11349,9134-WYRVP,51,86.35,4267.15,0
11350,2931-SVLTV,40,110.1,4469.1,0
11351,6899-PPEEA,37,96.55,3580.3,1
11352,7504-UWHNB,25,69.75,1729.35,0
11353,2582-FFFZR,22,50.6,1073.3,0
11354,1131-ALZWV,24,24.6,605.25,0
11355,7729-XBTWX,66,19.75,1344.5,0
11356,3284-SVCRO,45,25.5,1121.05,0
11357,9732-OUYRN,49,19.0,918.7,0
11358,0559-CKHUS,29,19.55,521.8,0
11359,8908-NMQTX,72,65.6,4566.5,0
11360,2187-LZGPL,7,40.1,293.3,1
11361,1431-AIDJQ,33,82.1,2603.1,0
11362,6288-LBEAR,23,79.1,1783.75,0
11363,4597-NUCQV,24,101.25,2440.15,1
11364,9019-QVLZD,1,79.55,79.55,1
11365,8413-YNHNV,69,90.65,6322.1,0
11366,5808-TOTXO,3,20.55,57.4,0
11367,4369-NYSCF,56,75.75,4284.65,0
11368,6333-YDVLT,65,110.0,7138.65,0
11369,5324-KTGCG,71,20.85,1539.75,0
11370,5599-HVLTW,14,80.35,1058.1,0
11371,7394-LWLYN,2,70.15,123.8,0
11372,3707-LRWZD,32,84.05,2781.85,1
11373,6873-UDNLD,40,67.45,2731.0,0
11374,2700-LUEVA,1,20.75,20.75,0
11375,1455-ESIQH,1,89.1,89.1,1
11376,0958-YHXGP,7,69.9,497.3,0
11377,1101-SSWAG,15,51.1,711.15,0
11378,2979-SXESE,17,94.4,1607.2,1
11379,5743-KHMNA,71,25.55,1898.1,0
11380,4194-FJARJ,54,60.0,3273.95,0
11381,5325-UWTWJ,31,90.55,2929.75,0
11382,3969-GYXEL,11,76.4,838.7,0
11383,9208-OLGAQ,18,84.95,1443.65,0
11384,3244-CQPHU,72,110.1,7746.7,0
11385,2674-MLXMN,71,99.65,6951.15,0
11386,9708-HPXWZ,5,45.4,214.75,0
11387,6992-TKNYO,38,69.0,2669.45,0
11388,4468-YDOVK,5,48.65,235.2,0
11389,3754-DXMRT,2,44.15,92.65,1
11390,5792-JALQC,52,59.85,3103.25,0
11391,7130-VTEWQ,8,75.75,606.25,1
11392,2200-DSAAL,68,80.65,5330.2,0
11393,4302-ZYFEL,69,20.55,1403.1,0
11394,9351-LZYGF,42,66.4,2727.8,0
11395,4366-CTOUZ,50,100.2,5038.45,0
11396,6121-VZNQB,1,19.1,19.1,1
11397,7903-CMPEY,1,80.3,80.3,1
11398,1518-OMDIK,33,44.55,1462.6,0
11399,6671-NGWON,7,20.35,150.6,0
11400,0595-ITUDF,64,91.8,5960.5,0
11401,6996-KNSML,1,74.9,74.9,1
11402,0096-BXERS,6,50.35,314.55,0
11403,6253-WRFHY,13,64.75,877.35,0
11404,9133-AYJZG,23,98.7,2249.1,0
11405,2675-OTVVJ,31,89.45,2807.65,0
11406,8680-CGLTP,29,58.75,1696.2,0
11407,1955-IBMMB,59,20.2,1192.3,0
11408,3806-YAZOV,3,18.8,56.0,0
11409,7998-ZLXWN,15,20.45,330.8,0
11410,8430-TWCBX,49,20.7,1032.05,0
11411,5018-GWURO,56,85.6,4902.8,0
11412,6741-QRLUP,63,80.3,4995.35,0
11413,4737-HOBAX,63,79.8,5034.05,0
11414,0537-QYZZN,24,79.85,1857.75,0
11415,3340-QBBFM,36,54.1,1992.85,0
11416,1704-NRWYE,9,80.85,751.65,1
11417,2592-SEIFQ,3,24.75,66.95,1
11418,8200-KLNYW,21,80.9,1714.95,0
11419,3372-CDXFJ,13,24.5,343.6,0
11420,4781-ZXYGU,1,20.15,20.15,0
11421,7632-YUTXB,25,20.05,520.1,0
11422,2718-YSKCS,71,19.6,1387.45,0
11423,9896-UYMIE,66,114.3,7383.7,0
11424,0853-NWIFK,45,100.3,4483.95,0
11425,8212-CRQXP,22,80.0,1706.45,0
11426,6980-CDGFC,67,20.85,1327.4,0
11427,7691-XVTZH,68,89.95,5974.3,0
11428,5453-AXEPF,17,80.5,1336.9,0
11429,3639-XJHKQ,19,60.6,1297.8,0
11430,3716-LRGXK,60,101.15,6067.4,0
11431,2520-SGTTA,0,20.0,0.0,0
11432,7481-ATQQS,49,90.85,4515.85,1
11433,2277-VWCNI,4,48.75,179.85,0
11434,1088-CNNKB,63,80.0,5040.2,0
11435,8642-GVWRF,2,79.7,165.0,1
11436,1930-BZLHI,21,20.35,422.7,0
11437,3400-ESFUW,55,57.55,3046.4,1
11438,5868-YTYKS,1,20.25,20.25,0
11439,3525-DVKFN,17,19.4,358.05,0
11440,1482-OXZSY,30,100.4,2936.25,0
11441,0377-JBKKT,22,57.95,1271.8,0
11442,5778-BVOFB,9,59.5,530.05,0
11443,3373-YZZYM,1,19.2,19.2,0
11444,2057-ZBLPD,21,86.5,1808.7,1
11445,0228-MAUWC,19,59.55,1144.6,0
11446,5502-RLUYV,69,103.95,7446.9,1
11447,0023-HGHWL,1,25.1,25.1,1
11448,7663-YJHSN,72,103.95,7556.9,0
11449,4915-BFSXL,70,68.95,4858.7,0
11450,3086-RUCRN,66,103.1,6595.0,0
11451,5215-LNLDJ,7,24.7,149.05,0
11452,7576-JMYWV,46,110.2,4972.1,0
11453,9039-RBEEE,39,48.95,1880.85,1
11454,0257-KXZGU,32,62.45,2045.55,0
11455,1307-ATKGB,24,89.55,2187.15,0
11456,8417-FMLZI,6,83.55,477.55,1
11457,3714-XPXBW,37,78.9,2976.95,0
11458,1850-AKQEP,8,20.35,178.7,0
11459,2824-DXNKN,72,71.45,5025.85,0
11460,5227-JSCFE,71,46.35,3353.4,0
11461,0848-ZGQIJ,16,94.65,1461.15,0
11462,3621-CHYVB,57,49.9,2782.4,0
11463,8042-RNLKO,66,25.45,1699.15,0
11464,1792-UXAFY,17,89.15,1496.9,1
11465,5372-FBKBN,21,20.75,452.2,0
11466,0420-TXVSG,66,66.1,4428.45,0
11467,6217-TOWGS,17,75.4,1322.55,0
11468,0515-YPMCW,1,70.45,70.45,1
11469,0378-XSZPU,58,60.3,3563.8,1
11470,1045-LTCYT,8,21.05,139.75,0
11471,1544-JJMYL,27,69.35,1927.3,0
11472,4636-JGAAI,34,88.85,3000.25,0
11473,6874-SGLHU,30,97.0,3021.3,0
11474,5951-AOFIH,33,66.4,2245.4,0
11475,4729-XKASR,1,24.75,24.75,1
11476,3059-NGMXB,14,69.2,944.65,0
11477,8652-YHIYU,16,79.5,1264.2,0
11478,5278-PNYOX,49,100.65,4917.75,0
11479,5449-FIBXJ,19,103.3,2012.7,1
11480,3486-HOOGQ,70,79.7,5743.3,0
11481,5061-PBXFW,32,61.4,1864.65,0
11482,8630-FJLIB,18,69.8,1221.65,0
11483,3891-NLXJB,37,40.55,1390.85,0
11484,4749-OJKQU,4,75.65,302.35,0
11485,0577-WHMEV,16,90.7,1374.9,0
11486,2263-SFSQZ,51,24.95,1222.25,0
11487,9950-MTGYX,28,20.3,487.95,0
11488,3397-AVTKU,43,60.0,2548.55,0
11489,4825-FUREZ,42,20.25,835.5,0
11490,9837-BMCLM,3,78.5,242.05,1
11491,2672-OJQZP,1,44.75,44.75,0
11492,0137-UDEUO,3,19.85,63.75,1
11493,3134-DSHVC,63,98.0,6218.45,0
11494,6161-UUUTA,3,79.9,260.9,1
11495,7821-DPRQE,68,107.7,7320.9,0
11496,6543-XRMYR,30,99.7,2967.35,1
11497,2001-EWBQU,60,104.7,6333.8,0
11498,4925-LMHOK,15,58.6,939.7,1
11499,1608-GMEWB,45,93.9,4200.25,0
11500,6695-AMZUF,70,86.45,5950.2,0
11501,1455-UGQVH,10,98.5,1037.75,1
11502,8410-BGQXN,4,19.4,93.4,0
11503,8280-MQRQN,1,50.45,50.45,1
11504,1619-YWUBB,68,24.95,1614.9,0
11505,7611-YKYTC,22,75.0,1573.95,0
11506,2037-SGXHH,38,94.65,3624.3,1
11507,3178-FESZO,1,100.25,100.25,1
11508,0365-GXEZS,18,78.2,1468.75,0
11509,0082-OQIQY,29,94.2,2607.6,0
11510,6087-MVHJH,16,88.45,1422.1,1
11511,4603-JANFB,1,69.85,69.85,1
11512,3018-TFTSU,12,81.7,858.6,1
11513,7083-YNSKY,15,25.4,399.6,1
11514,6893-ODYYE,50,90.1,4549.45,0
11515,8242-JSVBO,7,44.65,322.5,0
11516,2479-BRAMR,41,83.75,3273.55,1
11517,9541-ZPSEA,68,80.35,5375.15,0
11518,2665-NPTGL,26,98.1,2510.7,0
11519,1139-WUOAH,57,53.35,3090.05,0
11520,4693-VWVBO,3,19.55,61.05,0
11521,7434-SHXLS,1,20.9,20.9,1
11522,6937-GCDGQ,19,48.95,955.6,0
11523,0988-JRWWP,3,54.2,140.4,0
11524,5075-JSDKI,59,24.45,1493.1,0
11525,7908-QCBCA,1,69.4,69.4,1
11526,8644-XYTSV,42,40.15,1626.05,0
11527,6711-FLDFB,7,74.9,541.15,1
11528,3873-WOSBC,67,25.6,1784.9,0
11529,7465-ZZRVX,1,70.35,70.35,0
11530,7975-JMZNT,66,91.7,6075.9,0
11531,7251-XFOIL,61,89.2,5500.6,0
11532,4116-IQRFR,4,24.1,73.1,0
11533,3714-JTVOV,42,74.15,3229.4,1
11534,8259-DZLIZ,64,53.85,3399.85,0
11535,0442-ZXKVS,54,115.6,6431.05,0
11536,0225-ZORZP,3,84.3,235.05,0
11537,4702-IOQDC,1,70.1,70.1,1
11538,9489-JMTTN,72,89.75,6595.9,0
11539,7853-WNZSY,1,19.75,19.75,0
11540,3120-FAZKD,54,24.05,1230.9,0
11541,8606-OEGQZ,18,25.3,454.65,0
11542,0575-CUQOV,60,97.95,5867.0,0
11543,0967-BMLBD,11,20.0,196.35,0
11544,6178-KFNHS,12,78.3,909.25,1
11545,2830-LEWOA,61,103.9,6449.15,0
11546,5006-MXVRN,39,20.7,762.45,0
11547,1264-BYWMS,55,96.8,5283.95,1
11548,9658-WYUFB,17,94.4,1617.5,1
11549,8327-WKMIE,37,20.15,785.75,0
11550,6917-FIJHC,72,26.0,1776.0,0
11551,5329-KRDTM,72,77.35,5396.25,0
11552,7797-EJMDP,8,66.05,574.5,0
11553,3530-VWVGU,22,19.9,400.3,0
11554,2013-SGDXK,1,84.3,84.3,1
11555,6368-NWMCE,38,68.15,2656.3,0
11556,3633-CDBUW,17,80.85,1445.95,0
11557,0707-HOVVN,70,75.5,5212.65,0
11558,8580-QVLOC,72,92.45,6440.25,1
11559,3956-MGXOG,28,80.6,2244.95,0
11560,9274-UARKJ,15,83.2,1130.0,0
11561,4077-HWUYD,72,87.55,6463.15,0
11562,2012-NWRPA,11,99.55,1131.2,1
11563,8808-ELEHO,8,81.25,585.95,1
11564,3506-LCJDC,1,19.95,19.95,1
11565,8671-KKKOS,46,45.55,2062.15,0
11566,7305-ZWMAJ,30,20.7,587.1,0
11567,9518-XXBXE,10,75.3,720.45,0
11568,3934-HXCFZ,23,99.25,2186.4,1
11569,6578-KRMAW,32,93.4,2979.3,0
11570,4860-IJUDE,13,73.75,956.65,0
11571,7666-WKRON,39,80.45,3201.55,1
11572,9688-YGXVR,44,88.15,3973.2,0
11573,0423-UDIJQ,9,49.2,447.9,0
11574,1945-XISKS,67,19.65,1335.2,0
11575,4910-AQFFX,9,79.35,661.25,1
11576,2154-KVJFF,15,79.75,1111.85,1
11577,5360-LJCNJ,71,105.15,7555.0,0
11578,2607-FBDFF,1,49.0,49.0,0
11579,9647-ERGBE,30,100.05,3046.15,1
11580,3428-XZMAZ,1,69.35,69.35,1
11581,1100-DDVRV,17,49.8,836.35,0
11582,0378-TOVMS,3,85.8,272.2,1
11583,4355-HBJHH,67,79.7,5293.4,1
11584,6728-WYQBC,1,20.95,20.95,0
11585,9058-CBREO,1,50.55,50.55,1
11586,9029-FEGVJ,32,79.3,2570.0,0
11587,0318-QUUOB,1,80.55,80.55,1
11588,6145-NNPNO,1,44.15,44.15,0
11589,5520-FVEWJ,12,84.5,916.9,1
11590,5339-TJFEK,62,105.5,6487.2,0
11591,5572-ZDXHY,22,84.3,1855.65,1
11592,7216-KAOID,41,19.5,798.2,0
11593,2074-GUHPQ,17,92.7,1556.85,0
11594,4625-XMOYM,72,26.25,1988.05,0
11595,5827-MWCZK,56,96.95,5432.2,0
11596,1385-TQOZW,9,20.45,147.55,0
11597,5914-XRFQB,72,115.8,8424.9,0
11598,4329-YPDDQ,20,108.2,2203.7,0
11599,4804-NCPET,19,20.2,387.4,0
11600,3750-CKVKH,2,67.75,116.65,1
11601,5944-UGLLK,53,54.9,3045.75,0
11602,8063-GBATB,27,85.25,2287.25,1
11603,7787-BNTZM,6,20.15,130.5,0
11604,2252-ISRNH,9,90.35,767.9,0
11605,9415-TPKRV,8,55.75,446.8,0
11606,5322-TEUJK,71,114.6,8100.25,0
11607,4547-KQRTM,10,80.05,830.7,1
11608,4877-EVATK,1,20.0,20.0,1
11609,1866-DIOQZ,71,66.8,4689.15,0
11610,8375-KVTHK,68,100.3,6754.35,0
11611,2697-NQBPF,34,105.35,3540.65,0
11612,3709-OIJEA,26,85.2,2184.6,0
11613,7639-SUPCW,22,48.8,1054.6,1
11614,1834-ABKHQ,52,50.95,2610.65,0
11615,1741-WTPON,56,115.85,6567.9,0
11616,3932-IJWDZ,45,103.65,4747.85,0
11617,3594-KADLU,3,35.1,101.1,0
11618,1386-ZIKUV,7,18.95,130.55,0
11619,0599-XNYDO,20,69.8,1540.35,0
11620,6377-WHAOX,60,106.15,6411.25,0
11621,6855-VLGOS,72,20.55,1432.55,0
11622,8999-XXGNS,72,105.75,7629.85,0
11623,8746-OQQRW,4,25.25,101.9,0
11624,3181-MIZBN,16,19.75,313.4,0
11625,0471-ARVMX,62,104.85,6312.9,0
11626,7766-CLTIC,10,60.95,629.55,0
11627,5650-YLIBA,31,81.15,2640.55,0
11628,0825-CPPQH,71,19.1,1372.45,0
11629,9084-OAYKL,58,20.8,1212.25,0
11630,6122-LJADA,70,90.15,6237.05,0
11631,2400-XIWIO,71,90.1,6310.9,0
11632,7524-VRLPL,69,74.1,5031.0,0
11633,1069-XAIEM,1,85.05,85.05,1
11634,7569-NMZYQ,72,118.75,8672.45,0
11635,5201-USSQZ,26,85.9,2196.45,0
11636,2105-PHWON,33,95.0,3008.15,0
11637,1494-EJZDW,10,20.15,220.8,0
11638,4884-TVUQF,57,101.3,5779.6,0
11639,4658-HCOHW,21,102.8,2110.15,1
11640,2211-RMNHO,68,85.3,5560.0,0
11641,2432-TFSMK,18,89.6,1633.0,0
11642,3440-JPSCL,6,99.95,547.65,1
11643,4929-ROART,18,56.25,969.85,0
11644,8003-EWNDZ,10,21.2,222.65,0
11645,1897-RCFUM,39,24.2,914.6,0
11646,9256-JTBNZ,11,20.3,246.3,0
11647,1240-HCBOH,67,26.1,1759.55,0
11648,8065-BVEPF,65,99.1,6496.15,0
11649,3796-ENZGF,63,67.25,4234.15,0
11650,1734-ZMNTZ,11,25.0,300.7,0
11651,2853-CWQFQ,1,59.55,59.55,0
11652,0813-TAXXS,55,77.8,4323.35,0
11653,2519-TWKFS,25,55.1,1466.1,0
11654,2889-FPWRM,72,117.8,8684.8,1
11655,0626-QXNGV,72,24.15,1776.45,0
11656,6723-CEGQI,65,45.25,2933.95,0
11657,6987-XQSJT,54,79.5,4370.25,1
11658,4732-RRJZC,7,20.25,144.35,0
11659,9499-XPZXM,72,64.75,4804.75,0
11660,4338-EYCER,21,54.6,1125.2,0
11661,3007-FDPEA,2,20.7,39.85,0
11662,6350-XFYGW,4,94.75,422.4,0
11663,4290-BSXUX,3,79.65,251.75,1
11664,8513-OLYGY,72,115.8,8332.15,0
11665,0311-QYWSS,6,49.45,314.6,0
11666,8705-DWKTI,52,83.8,4331.4,0
11667,8755-IWJHN,69,95.35,6382.0,0
11668,0325-XBFAC,8,94.7,740.3,1
11669,4480-QQRHC,8,74.05,600.15,0
11670,0929-PECLO,63,89.6,5538.8,0
11671,3680-CTHUH,60,116.6,7049.5,0
11672,1202-KKGFU,12,54.2,690.5,0
11673,6112-KTHFQ,13,19.3,279.3,0
11674,1852-XEMDW,22,65.05,1427.55,0
11675,2462-XIIJB,5,92.5,452.7,1
11676,4760-XOHVN,1,19.45,19.45,1
11677,1820-DJFPH,72,24.05,1709.15,0
11678,9426-SXNHE,2,18.75,53.15,0
11679,9068-FHQHD,40,20.15,777.35,0
11680,1269-FOYWN,44,20.0,860.85,0
11681,9470-YFUYI,71,71.0,5012.1,0
11682,7817-BOQPW,2,75.55,166.3,1
11683,7402-EYFXX,26,93.6,2404.1,0
11684,1853-UDXBW,1,70.0,70.0,1
11685,9895-VFOXH,1,24.4,24.4,0
11686,5458-CQJTA,65,74.8,4820.15,1
11687,1230-QAJDW,3,65.25,209.9,0
11688,5701-ZIKJE,13,50.55,610.75,0
11689,5219-YIPTK,33,104.4,3409.6,1
11690,5032-MIYKT,1,70.7,70.7,0
11691,7396-VJUZB,4,45.25,155.35,0
11692,9717-QEBGU,2,70.3,144.0,0
11693,5172-RKOCB,72,108.95,7875.0,0
11694,3540-RZJYU,15,86.2,1270.2,1
11695,6509-TSGWN,37,26.45,911.6,0
11696,3178-CIFOT,23,19.65,478.1,0
11697,2091-MJTFX,30,51.2,1561.5,1
11698,4530-NDRKU,42,19.05,761.85,0
11699,5985-TBABQ,32,74.75,2282.95,0
11700,9800-ONTFE,22,75.8,1615.1,0
11701,6743-HHQPF,42,25.1,1097.15,0
11702,8455-HIRAQ,8,44.45,369.3,0
11703,6616-AALSR,65,104.3,6725.3,0
11704,0883-EIBTI,2,19.5,31.55,1
11705,9415-ZNBSX,70,89.0,6293.2,0
11706,4018-KJYUY,22,20.15,432.5,0
11707,0722-TROQR,4,74.9,321.75,1
11708,7571-YXDAD,2,74.9,147.15,1
11709,3884-UEBXB,67,36.15,2434.45,0
11710,8780-RSYYU,25,19.2,532.1,0
11711,5537-UXXVS,20,19.25,375.25,0
11712,1791-PQHBB,2,61.2,125.95,0
11713,8701-DGLVH,51,20.45,1042.65,0
11714,8741-LQOBK,46,35.05,1620.25,0
11715,3393-FMZPV,25,100.25,2387.75,1
11716,8082-GHXOP,13,44.0,659.35,0
11717,6402-ZFPPI,25,102.8,2660.2,1
11718,0980-FEXWF,26,50.35,1285.8,0
11719,7486-KSRVI,43,100.0,4211.55,1
11720,3011-WQKSZ,19,20.0,377.55,0
11721,8443-WVPSS,10,99.85,990.9,1
11722,3006-XIMLN,2,94.2,193.8,1
11723,8218-FFJDS,72,86.4,6058.95,0
11724,1986-PHGZF,18,58.4,964.9,0
11725,9965-YOKZB,9,83.85,790.15,1
11726,0504-HHAPI,27,88.3,2467.75,1
11727,9360-OMDZZ,24,94.1,2322.85,0
11728,6305-YLBMM,69,104.05,7262.0,1
11729,0345-XMMUG,46,108.9,4854.3,0
11730,8024-XNAFQ,72,107.4,7748.75,0
11731,3647-GMGDH,22,94.7,1914.9,1
11732,2988-GBIVW,70,90.85,6470.1,0
11733,2832-SCUCO,2,19.9,57.4,0
11734,7036-ZZKBD,31,66.4,2019.8,0
11735,3791-LGQCY,56,100.65,5688.05,1
11736,0265-PSUAE,16,100.7,1522.7,0
11737,0463-TXOAK,52,25.6,1334.5,0
11738,0594-UFTUL,13,19.85,252.0,0
11739,9509-MPYOD,35,20.75,700.45,0
11740,9128-CPXKI,59,95.8,5655.45,0
11741,0129-KPTWJ,72,94.65,6747.35,0
11742,8166-ZZTFS,66,80.55,5265.1,1
11743,5855-EIBDE,49,106.65,5174.35,0
11744,5365-LLFYV,2,45.85,105.6,0
11745,5956-YHHRX,21,104.35,2271.85,0
11746,6008-NAIXK,54,55.45,2966.95,0
11747,2956-GGUCQ,24,78.85,1772.25,1
11748,1928-BXYIV,1,61.15,61.15,0
11749,5760-FXFVO,6,78.95,494.95,0
11750,6595-COKXZ,1,44.45,44.45,1
11751,0961-ZWLVI,49,109.2,5290.45,0
11752,5181-OABFK,56,61.3,3346.8,0
11753,4007-NHVHI,56,96.85,5219.65,0
11754,7816-VGHTO,6,40.55,217.5,0
11755,5871-DGTXZ,32,19.8,607.7,0
11756,7550-WIQVA,50,108.25,5431.4,0
11757,7544-ZVIKX,58,105.05,6004.85,0
11758,0016-QLJIS,65,90.45,5957.9,0
11759,7508-DQAKK,64,86.4,5442.05,0
11760,5176-OLSKT,66,66.9,4370.25,0
11761,9356-AXGMP,38,110.7,4428.6,0
11762,3556-BVQGL,20,20.0,416.45,0
11763,0362-ZBZWJ,36,84.9,3067.2,1
11764,8979-CAMGB,64,102.1,6688.1,0
11765,4211-MMAZN,1,20.25,20.25,1
11766,7581-EBBOU,60,70.15,4224.7,0
11767,4274-OWWYO,1,74.35,74.35,1
11768,5073-RZGBK,50,80.05,4042.2,0
11769,1541-ETJZO,1,62.05,62.05,1
11770,2192-CKRLV,72,49.2,3580.95,0
11771,6119-SPUDB,46,38.25,1755.35,0
11772,6522-OIQSX,69,54.95,3772.5,0
11773,7813-ZGGAW,31,96.6,2877.95,0
11774,1319-YLZJG,12,84.6,959.9,0
11775,4106-HADHQ,39,80.0,3182.95,1
11776,3154-HMWUU,60,20.5,1198.8,0
11777,8748-HFWBO,19,19.9,357.7,0
11778,1052-QJIBV,71,19.9,1397.3,0
11779,0723-FDLAY,44,85.25,3704.15,0
11780,3050-RLLXC,56,81.25,4620.4,0
11781,9298-WGMRW,72,115.5,8312.75,0
11782,2369-UAPKZ,5,104.1,541.9,1
11783,3088-LHEFH,11,79.0,929.3,0
11784,2778-OCLGR,24,39.1,971.3,1
11785,6583-KQJLK,15,94.65,1285.05,0
11786,8544-JNBOX,72,20.8,1521.2,0
11787,6681-ZSEXG,56,59.5,3389.25,0
11788,6139-ZZRBQ,64,20.05,1198.05,0
11789,6116-RFVHN,34,100.45,3414.65,0
11790,0637-KVDLV,2,76.5,162.45,1
11791,8884-FEEWR,35,20.6,754.0,0
11792,3125-RAHBV,22,20.3,467.15,0
11793,6633-MPWBS,5,49.2,216.9,1
11794,0373-AIVNJ,9,39.55,373.0,0
11795,8785-EPNCG,11,23.15,245.2,1
11796,7501-VTYLJ,2,51.55,106.2,0
11797,5734-EJKXG,61,118.6,7365.7,0
11798,6478-HRRCZ,32,70.5,2201.75,0
11799,7321-ZNSLA,13,40.55,590.35,0
11800,6941-KXRRV,48,58.95,2789.7,0
11801,1682-VCOIO,23,20.45,481.1,0
11802,5729-KLZAR,4,80.85,302.75,1
11803,2072-ZVJJX,68,25.25,1728.2,0
11804,8849-AYPTR,33,91.25,2964.05,0
11805,9518-IMLHK,31,72.45,2156.25,0
11806,1582-RAFML,1,60.1,60.1,1
11807,3646-ITDGM,56,19.7,1051.9,0
11808,8740-CRYFY,1,78.95,78.95,1
11809,3569-VLDHH,66,75.1,5013.0,0
11810,8224-KDLKN,72,25.0,1738.9,0
11811,7594-LZNWR,34,69.15,2275.1,0
11812,4001-TSBTV,58,91.55,5511.65,0
11813,2962-XPMCQ,2,45.15,98.5,1
11814,8727-XDPUD,37,35.8,1316.9,0
11815,1043-UXOVO,71,113.15,7993.3,0
11816,1064-FBXNK,1,19.85,19.85,0
11817,3996-ZNWYK,71,19.8,1388.45,0
11818,2878-DHMIN,35,19.9,666.0,0
11819,7762-ONLJY,6,19.7,94.45,0
11820,1678-FYZOW,3,79.4,244.65,1
11821,5795-BKOYE,69,59.1,4134.7,0
11822,8627-EHGIP,44,53.95,2375.4,1
11823,7402-PWYJJ,53,91.15,4862.5,0
11824,5480-TBGPH,24,99.3,2431.35,1
11825,0018-NYROU,5,68.95,351.5,0
11826,7608-RGIRO,62,24.4,1413.0,0
11827,0480-BIXDE,19,96.8,1743.05,0
11828,5895-QSXOD,9,70.05,657.5,0
11829,9814-AOUDH,53,19.5,1050.5,0
11830,6175-IRFIT,5,78.75,426.35,0
11831,8760-ZRHKE,71,69.2,4982.5,0
11832,1622-HSHSF,1,19.55,19.55,0
11833,8854-CCVSQ,18,80.65,1451.9,1
11834,6749-UTDVX,72,103.65,7634.8,0
11835,5542-DHSXL,4,54.7,235.05,0
11836,9102-OXKFY,59,54.15,3116.15,0
11837,0511-JTEOY,1,71.1,71.1,1
11838,5216-WASFJ,31,84.85,2633.4,0
11839,7808-DVWEP,3,20.0,49.65,0
11840,7067-KSAZT,65,106.25,6979.8,1
11841,2284-VFLKH,49,99.25,4920.8,0
11842,0366-NQSHS,2,19.35,46.35,0
11843,6532-YLWSI,53,20.8,1021.8,1
11844,3807-BPOMJ,55,94.75,5276.1,0
11845,3892-NXAZG,72,114.05,8289.2,0
11846,4948-WBBKL,36,74.9,2659.45,0
11847,4182-BGSIQ,10,19.8,196.75,0
11848,9300-AGZNL,1,94.0,94.0,1
11849,0988-AADSA,72,80.85,5824.75,0
11850,9972-NKTFD,28,54.65,1517.5,0
11851,3717-LNXKW,38,91.7,3479.05,0
11852,2207-RYYRL,52,24.55,1331.05,0
11853,6729-FZWSY,67,19.45,1195.95,0
11854,9695-IDRZR,34,116.15,3946.9,0
11855,8144-DGHXP,54,80.6,4299.95,0
11856,7814-LEEVE,1,20.3,20.3,0
11857,1112-CUNAO,15,89.85,1424.95,1
11858,5175-AOBHI,4,46.0,193.6,1
11859,5174-RNGBH,9,66.25,620.55,1
11860,8631-WUXGY,46,99.8,4391.25,0
11861,7270-BDIOA,22,90.0,1993.8,1
11862,9565-JSNFM,38,70.45,2597.6,1
11863,5906-DVAPM,55,75.0,4213.9,0
11864,6654-QGBZZ,1,19.9,19.9,0
11865,8348-JLBUG,64,80.3,5017.7,0
11866,0607-DAAHE,53,19.75,1052.35,1
11867,5641-DMBFJ,58,84.3,4916.4,0
11868,9200-NLNPD,56,54.05,2959.8,0
11869,2664-XJZNO,72,104.9,7559.55,0
11870,9732-KPKBW,1,53.95,53.95,1
11871,3339-EAQNV,72,97.25,7133.1,0
11872,0921-OHLVP,22,83.05,1799.3,0
11873,3389-YGYAI,8,105.5,829.55,1
11874,9560-ARGQJ,16,81.0,1312.15,1
11875,8350-NYMVI,39,41.1,1597.05,0
11876,1600-DILPE,12,45.0,524.35,0
11877,0536-ESJEP,54,74.55,4191.45,0
11878,4654-GGUII,18,40.2,711.95,0
11879,8510-BBWMU,41,19.75,806.95,0
11880,6857-TKDJV,67,24.65,1620.45,0
11881,2360-RDGRO,65,104.25,6812.95,0
11882,0584-BJQGZ,25,78.35,1837.9,0
11883,5134-IKDAY,1,69.8,69.8,1
11884,1360-XFJMR,67,109.7,7344.45,0
11885,3070-DVEYC,7,73.75,545.15,1
11886,5730-RIITO,43,33.45,1500.25,0
11887,9058-MJLZC,24,94.6,2283.15,0
11888,5707-ORNDZ,9,54.55,494.05,1
11889,0902-XKXPN,69,20.2,1376.5,0
11890,5177-RVZNU,37,20.3,755.4,0
11891,0056-EPFBG,20,39.4,825.4,0
11892,8993-IZEUX,7,69.15,488.65,0
11893,8696-JKZNU,37,76.25,2841.55,1
11894,5380-AFSSK,5,93.9,486.85,1
11895,8190-ZTQFB,41,51.35,2075.1,0
11896,0931-MHTEM,54,100.05,5299.65,0
11897,2055-PDADH,3,70.4,204.7,1
11898,7515-LODFU,69,20.3,1356.3,0
11899,0440-UEDAI,53,94.45,5042.75,0
11900,1337-BOZWO,18,46.4,812.4,0
11901,0868-VJRDR,64,104.05,6605.55,0
11902,8714-EUHJO,31,91.15,2995.45,1
11903,6344-SFJVH,20,24.9,505.95,0
11904,3950-VPYJB,57,59.6,3509.4,0
11905,8041-TMEID,63,108.5,6991.9,0
11906,3721-CNEYS,2,70.95,137.95,1
11907,8727-JQFHV,57,20.75,1123.15,0
11908,9475-NNDGC,71,113.15,7953.25,0
11909,1355-KUSBG,7,48.8,349.8,0
11910,3688-FTHLT,16,63.05,1067.05,0
11911,0899-LIIBW,34,100.85,3527.3,0
11912,2568-OIADY,37,99.5,3762.0,1
11913,1384-RCUXW,16,80.55,1248.9,0
11914,5825-XJOCM,48,64.4,3035.35,0
11915,6848-YLDFR,58,75.2,4300.8,0
11916,8125-QPFJD,72,84.9,6065.3,0
11917,2320-YKQBO,7,19.3,144.95,0
11918,1193-RTSLK,38,83.9,3233.6,1
11919,2302-ANTDP,48,117.45,5438.9,1
11920,5923-GXUOC,10,104.4,1081.45,1
11921,4973-RLZVI,30,74.65,2308.6,0
11922,7869-ZYDST,31,59.05,1882.8,0
11923,4501-UYKBC,46,69.1,3255.35,0
11924,1215-EXRMO,50,20.55,1067.65,0
11925,2305-MRGLV,28,76.55,2065.4,0
11926,8404-VIOMB,66,62.5,4136.4,0
11927,5233-GEEAX,8,29.4,221.9,1
11928,2359-KLTEK,41,94.9,3848.0,0
11929,5304-EFJLP,72,111.65,8022.85,0
11930,4393-RYCRE,44,106.05,4510.8,0
11931,9746-MDMBK,47,113.45,5317.8,0
11932,3162-ZJZFU,53,92.55,4779.45,0
11933,8404-GFGCZ,4,65.6,250.1,0
11934,2673-ZALNP,7,19.9,173.15,0
11935,9184-GALIL,38,20.45,781.25,0
11936,8875-AKBYH,20,84.35,1745.2,0
11937,4432-ADRLB,2,44.65,74.9,1
11938,0533-UCAAU,57,71.1,4140.1,0
11939,1394-SUIUH,44,85.15,3670.5,0
11940,3521-MNKLV,24,49.7,1167.8,0
11941,2533-TIBIX,15,30.2,469.65,0
11942,8993-PHFWD,3,25.25,58.9,1
11943,1565-RHDJD,4,84.05,333.55,1
11944,7137-RYLPP,37,85.7,3171.15,1
11945,3765-JXVKY,1,74.7,74.7,1
11946,5092-STPKP,24,56.35,1381.2,0
11947,7330-WZLNC,5,90.8,455.5,1
11948,0114-PEGZZ,33,107.55,3645.5,0
11949,3359-DSRKA,58,19.85,1158.85,0
11950,8639-NHQEI,72,95.9,6954.15,0
11951,7161-DFHUF,71,23.85,1672.1,0
11952,3957-LXOLK,28,106.15,3152.5,1
11953,3720-DBRWL,51,83.85,4307.1,0
11954,6635-MYYYZ,30,85.35,2530.4,1
11955,8565-WUXZU,72,84.8,6141.65,0
11956,5281-BUZGT,36,90.85,3186.7,1
11957,4994-OBRSZ,14,76.1,1054.8,0
11958,0562-FGDCR,72,74.55,5430.65,0
11959,2436-QBZFP,22,39.2,849.9,0
11960,3420-YJLQT,2,79.55,151.75,0
11961,3446-QDSZF,4,55.5,227.35,0
11962,6040-CGACY,15,19.6,299.4,0
11963,6582-PLFUU,51,19.55,1086.75,0
11964,8242-PDSGJ,70,39.15,2692.75,0
11965,0264-CNITK,71,20.1,1389.6,0
11966,0089-IIQKO,39,99.95,3767.4,0
11967,7839-NUIAA,61,59.8,3641.5,0
11968,6075-QMNRR,52,49.75,2535.55,0
11969,5378-IKEEG,1,35.75,35.75,1
11970,5966-EMAZU,64,108.5,6880.85,0
11971,0440-EKDCF,62,60.15,3753.2,0
11972,4774-HHGGS,30,19.05,637.55,0
11973,2718-GAXQD,4,46.0,181.6,1
11974,2055-BFOCC,63,84.0,5329.55,0
11975,8180-AKMJV,1,44.55,44.55,0
11976,4298-OYIFC,15,103.45,1539.8,0
11977,5566-SOEZD,27,80.65,2209.75,0
11978,9842-EFSYY,4,57.2,223.75,0
11979,2272-WUSPA,72,110.75,7751.7,0
11980,4584-LBNMK,45,24.7,1174.35,0
11981,3898-GUYTS,45,97.05,4385.05,0
11982,0930-EHUZA,36,76.35,2606.35,0
11983,6413-XKKPU,17,89.4,1539.45,1
11984,3703-KBKZP,16,74.45,1261.35,0
11985,2626-URJFX,4,50.9,225.6,1
11986,4973-MGTON,71,84.4,5969.3,0
11987,2612-RRIDN,4,81.0,340.85,1
11988,4735-ASGMA,26,98.35,2515.3,1
11989,9975-SKRNR,1,18.9,18.9,0
11990,1449-XQEMT,3,19.8,58.15,1
11991,3682-YEUWS,10,24.4,253.9,0
11992,1223-UNPKS,20,20.05,400.0,0
11993,3669-LVWZB,5,51.0,305.95,1
11994,6892-EZDTG,4,91.65,365.4,1
11995,5117-IFGPS,29,84.3,2357.75,0
11996,7379-FNIUJ,2,100.2,198.5,0
11997,1627-AFWVJ,29,19.4,554.25,0
11998,9725-SCPZG,1,90.85,90.85,1
11999,5884-GCYMI,1,69.4,69.4,1
12000,3217-FZDMN,8,94.45,742.95,1
12001,4486-EFAEB,13,20.4,251.65,0
12002,0060-FUALY,59,94.75,5597.65,0
12003,7853-GVUDZ,1,20.15,20.15,1
12004,7480-QNVZJ,50,95.7,4816.7,1
12005,6954-OOYZZ,18,44.35,768.05,0
12006,7088-FBAWU,17,74.55,1215.8,0
12007,8313-AFGBW,47,73.6,3522.65,0
12008,3943-KDREE,26,74.95,1834.95,1
12009,9239-ZBZZV,6,47.95,305.1,1
12010,3097-IDVPU,19,50.1,910.45,0
12011,4398-HSCJH,3,63.6,155.65,1
12012,2197-OMWGI,68,53.0,3656.25,0
12013,9692-TUSXH,18,96.05,1740.7,1
12014,7912-SYRQT,7,75.1,552.95,1
12015,2303-PJYHN,2,19.85,52.0,0
12016,9795-VOWON,7,24.35,150.85,0
12017,1237-WIYYZ,18,19.55,389.25,0
12018,1987-AUELQ,71,25.05,1873.7,0
12019,7852-LECYP,13,93.8,1261.0,0
12020,4430-UZIPO,3,36.85,108.7,1
12021,4822-LPTYJ,72,103.75,7346.2,0
12022,8165-CBKXO,66,56.75,3708.4,0
12023,6527-PZFPV,24,20.8,469.65,0
12024,4855-SNKMY,1,44.1,44.1,1
12025,9593-CVZKR,56,24.45,1385.85,0
12026,8595-SIZNC,22,25.6,548.8,0
12027,8008-HAWED,14,50.75,712.75,1
12028,7124-UGSUR,61,104.4,6405.0,1
12029,1862-SKORY,40,39.3,1637.4,1
12030,5236-XMZJY,42,59.65,2536.55,0
12031,4827-DPADN,72,83.3,6042.7,0
12032,2694-CIUMO,12,79.55,958.25,0
12033,5846-ABOBJ,71,24.45,1730.65,0
12034,1439-LCGVL,26,19.2,459.6,0
12035,0909-SDHNU,7,29.8,201.95,0
12036,4647-XXZAM,6,45.5,285.2,0
12037,1502-XFCVR,58,106.45,6145.85,1
12038,7740-KKCXF,51,30.05,1529.45,0
12039,5360-XGYAZ,72,65.65,4664.5,0
12040,3557-HTYWR,47,74.05,3496.3,0
12041,4816-JBHOV,2,44.7,93.7,1
12042,8920-NAVAY,62,110.75,7053.35,0
12043,1699-TLDLZ,16,19.7,301.55,0
12044,5600-PDUJF,6,49.5,312.7,0
12045,8292-TYSPY,19,55.0,1046.5,1
12046,0567-XRHCU,69,43.95,2960.1,0
12047,1867-BDVFH,11,74.35,834.2,1
12048,2067-QYTCF,64,111.15,6953.4,0
12049,2359-QWQUL,39,104.7,4134.85,1
12050,9103-TCIHJ,15,55.7,899.8,1
12051,7407-SUJIZ,25,20.6,541.5,0
12052,9150-KPBJQ,6,19.65,116.85,0
12053,0052-DCKON,66,115.8,7942.15,0
12054,3654-ARMGP,61,88.65,5321.25,0
12055,9699-UBQFS,43,94.5,4156.8,0
12056,9367-TCUYN,12,20.1,223.6,0
12057,1261-FWTTE,23,34.65,768.45,0
12058,3528-HFRIQ,71,52.3,3765.05,0
12059,0708-SJDIS,34,65.0,2157.5,0
12060,4140-WJAWW,5,19.85,108.05,1
12061,2073-QBVBI,41,35.45,1391.65,0
12062,3320-VEOYC,14,95.6,1273.3,0
12063,6617-WLBQC,23,81.85,1810.85,0
12064,2599-CIPQE,71,109.3,7782.85,0
12065,6653-CBBOM,1,70.3,70.3,1
12066,7326-RIGQZ,6,69.8,377.85,0
12067,6928-ONTRW,72,19.7,1379.8,0
12068,5231-FIQPA,41,19.85,810.45,0
12069,8774-GSBUN,72,25.4,1797.1,0
12070,1401-FTHFQ,23,20.0,445.3,0
12071,3247-ZVOUO,10,85.55,851.75,1
12072,0254-FNMCI,72,109.9,7624.2,0
12073,1848-LBZHY,7,50.3,355.1,0
12074,6101-IMRMM,6,94.5,575.45,1
12075,8118-TJAFG,9,101.5,906.85,0
12076,5429-LWCMV,12,89.15,1057.55,0
12077,7298-IZWLY,1,19.4,19.4,0
12078,9758-MFWGD,48,29.9,1388.75,0
12079,3955-JBZZM,20,78.8,1641.3,0
12080,1268-ASBGA,16,85.35,1375.15,1
12081,8943-URTMR,2,79.65,152.7,1
12082,4815-TUMEQ,10,19.3,185.2,0
12083,4713-LZDRV,2,79.6,195.05,1
12084,9909-IDLEK,20,96.8,1826.7,0
12085,4092-OFQZS,20,20.65,417.5,0
12086,1561-BWHIN,19,19.8,344.5,0
12087,4325-NFSKC,19,90.6,1660.0,1
12088,9927-DSWDF,22,104.6,2180.55,0
12089,9500-LTVBP,35,80.05,2835.9,0
12090,7252-NTGSS,1,45.15,45.15,0
12091,8149-AIQCG,39,73.15,2730.85,0
12092,1360-JYXKQ,54,99.1,5437.1,0
12093,2955-PSXOE,1,20.2,20.2,1
12094,7762-URZQH,66,106.05,6981.35,1
12095,0899-WZRSD,56,105.35,5794.45,0
12096,3255-GRXMG,18,45.65,747.2,0
12097,4828-FAZPK,16,79.95,1267.95,0
12098,6094-ZIVKX,68,54.45,3674.95,0
12099,6925-BAYGL,53,25.1,1275.6,0
12100,3262-EIDHV,72,84.7,5893.9,0
12101,7354-OIJLX,9,75.85,724.65,0
12102,1376-HHBDV,30,48.8,1536.75,0
12103,6907-NZZIJ,36,99.15,3615.6,1
12104,6133-OZILE,18,35.2,607.3,0
12105,4135-FRWKJ,55,76.25,4154.55,0
12106,2911-UREFD,39,55.9,2184.35,1
12107,3744-ZRRDZ,21,82.35,1852.85,1
12108,5673-TIYIB,2,40.4,77.15,1
12109,6551-ZCOTS,33,24.9,847.8,0
12110,7191-ADRGF,44,54.3,2390.45,0
12111,5018-LXQQG,30,66.3,1923.5,0
12112,6892-BOGQE,71,20.9,1493.2,0
12113,1602-IJQQE,4,75.35,338.1,1
12114,4628-WQCQQ,35,85.15,3030.6,1
12115,1746-TGTWV,1,75.35,75.35,0
12116,5995-SNNEW,23,104.45,2184.85,0
12117,8050-WYBND,22,49.45,1031.4,0
12118,4879-GZLFH,42,92.15,3875.4,0
12119,2821-WARNZ,49,19.45,921.3,0
12120,1644-IRKSF,33,93.8,3124.5,1
12121,8314-HTWVE,7,19.85,144.15,0
12122,9402-ROUMJ,67,100.25,6689.0,0
12123,2507-QZPQS,15,95.7,1451.1,0
12124,7159-NOKYQ,67,93.15,6368.2,0
12125,5707-ZMDJP,53,69.7,3729.6,0
12126,8779-YIQQA,21,19.8,350.1,0
12127,7136-IHZJA,40,71.35,2847.2,0
12128,8966-OIQHG,22,20.75,452.35,0
12129,7074-STDCN,39,40.6,1494.5,0
12130,3705-PSNGL,45,20.4,930.45,1
12131,8739-QOTTN,2,20.35,41.85,0
12132,1399-OUPJN,57,19.75,1272.05,0
12133,0277-BKSQP,8,54.4,475.1,0
12134,6502-HCJTI,7,94.7,673.1,1
12135,2606-RMDHZ,6,30.5,208.7,1
12136,5774-XZTQC,7,20.45,150.75,0
12137,2676-SSLTO,49,66.15,3199.0,0
12138,6266-QHOJZ,65,89.85,5844.65,0
12139,7269-JISCY,55,45.05,2462.6,0
12140,0363-SVHYR,71,86.85,6263.8,0
12141,8547-NSBBO,35,96.75,3403.4,0
12142,8258-GSTJK,3,77.0,237.75,1
12143,0620-DLSLK,13,81.9,1028.9,0
12144,6861-OKBCE,11,20.1,221.35,1
12145,9940-RHLFB,1,75.3,75.3,1
12146,6591-QGOYB,17,106.65,1672.1,0
12147,9070-BCKQP,72,110.15,7881.2,0
12148,6421-SZVEM,28,82.85,2320.8,0
12149,1328-EUZHC,18,20.1,370.5,0
12150,2995-UPRYS,40,99.2,4062.2,1
12151,8878-RYUKI,52,59.45,3043.7,0
12152,9633-DENPU,47,58.6,2723.4,0
12153,7811-JIVPF,23,49.7,1081.25,0
12154,7113-HIPFI,66,65.85,4097.05,0
12155,8541-QVFKM,8,73.5,632.2,0
12156,6686-YPGHK,47,85.5,4042.3,1
12157,1383-EZRWL,7,20.05,164.85,1
12158,9258-CNWAC,71,113.65,8166.8,0
12159,5371-VYLSX,50,83.4,4113.7,0
12160,6374-AFWOX,46,65.65,3047.15,0
12161,4759-TRPLW,1,70.4,70.4,1
12162,5317-FLPJF,66,61.35,4193.4,0
12163,7621-VPNET,42,85.9,3729.75,0
12164,6034-YMTOB,5,75.65,399.45,0
12165,8563-IIOXK,7,49.75,331.3,1
12166,4903-CNOZC,29,70.9,1964.6,0
12167,4353-HYOJD,27,49.85,1336.15,0
12168,8020-BWHYL,15,75.3,1147.45,1
12169,2982-VPSGI,11,94.0,1078.9,1
12170,4188-FRABG,57,103.05,5925.75,0
12171,8199-ZLLSA,67,118.35,7804.15,1
12172,4128-ETESU,47,99.7,4747.2,0
12173,7267-FRMJW,25,20.1,486.05,0
12174,4625-EWPTF,8,30.45,226.45,1
12175,5980-NOPLP,44,96.1,4364.1,1
12176,3850-OKINF,71,66.2,4692.55,0
12177,6892-XPFPU,24,104.25,2433.9,1
12178,8010-EZLOU,15,80.2,1217.25,1
12179,1156-ZFYDO,1,19.75,19.75,0
12180,3295-YVUSR,2,72.6,154.3,0
12181,8016-NCFVO,55,116.5,6382.55,0
12182,4119-ZYPZY,71,106.8,7623.2,0
12183,5549-ZGHFB,50,24.95,1261.45,0
12184,7577-SWIFR,1,89.25,89.25,0
12185,0303-WMMRN,5,19.25,86.05,0
12186,6408-OTUBZ,66,104.55,6779.05,0
12187,5204-HMGYF,49,87.2,4345.0,0
12188,1078-TDCRN,3,30.75,82.85,0
12189,3727-OVPRY,66,25.7,1714.55,0
12190,3797-FKOGQ,11,86.2,893.2,0
12191,7622-NXQZR,28,30.1,810.85,0
12192,6196-HBOBZ,65,99.35,6347.55,0
12193,3970-XGJDU,62,19.2,1123.65,0
12194,7017-VFULY,2,20.1,43.15,0
12195,7025-IWFHT,41,89.55,3729.75,0
12196,6261-LHRTG,26,54.75,1406.9,0
12197,7841-FCRQD,33,53.75,1857.3,0
12198,2056-EVGZL,68,105.75,7322.5,0
12199,5562-YJQGT,2,20.35,35.1,0
12200,8807-OPMBM,55,25.65,1388.0,0
12201,5439-WIKXB,41,94.55,3851.45,0
12202,9874-QLCLH,17,104.2,1743.5,1
12203,8294-UIMBA,30,94.4,2638.1,0
12204,8109-YUOHE,17,56.1,946.95,0
12205,5840-NVDCG,16,68.25,1114.85,0
12206,8092-NLTGF,72,24.75,1777.6,0
12207,5928-QLDHB,9,76.25,684.85,0
12208,9840-EFJQB,1,74.35,74.35,0
12209,0696-UKTOX,23,54.15,1312.45,0
12210,4801-KFYKL,8,19.45,159.2,0
12211,3472-OAOOR,19,34.95,610.2,0
12212,6135-OZQVA,7,53.65,404.35,0
12213,8062-YBDOE,1,69.65,69.65,1
12214,2252-JHJGE,61,104.0,6363.45,0
12215,4188-PCPIG,57,70.35,4124.65,0
12216,6000-APYLU,9,80.8,713.1,1
12217,7105-BENQF,15,64.85,950.75,0
12218,7721-DVEKZ,1,19.65,19.65,0
12219,3566-VVORZ,12,45.9,505.95,0
12220,9507-HSMMZ,54,20.0,1149.65,0
12221,2480-SQIOB,4,44.8,169.65,0
12222,0947-IDHRQ,7,80.3,526.7,1
12223,0128-MKWSG,26,45.8,1147.0,0
12224,3672-YITQD,36,84.1,3021.6,1
12225,4350-ZTLPI,53,108.95,5718.2,0
12226,7813-TKCVO,20,20.35,393.15,0
12227,9048-JVYVF,3,69.35,191.35,1
12228,0361-HJRDX,68,64.35,4539.6,0
12229,5727-MYATE,72,90.8,6397.6,0
12230,3823-KYNQY,12,24.95,280.4,0
12231,8988-ECPJR,34,79.6,2718.3,1
12232,7570-WELNY,68,84.7,5711.05,0
12233,3021-VLNRJ,50,70.8,3478.15,0
12234,3776-EKTKM,1,36.45,36.45,1
12235,2080-CAZNM,41,104.4,4133.95,0
12236,1028-FFNJK,30,101.5,2917.65,0
12237,6907-FLBER,1,54.3,54.3,0
12238,3001-UNBTL,29,103.95,2964.8,0
12239,5982-PSMKW,23,91.1,2198.3,0
12240,3507-GASNP,60,19.95,1189.9,0
12241,7096-ZNBZI,72,26.45,1914.5,0
12242,1902-XBTFB,22,89.4,2001.5,1
12243,1676-MQAOA,72,75.1,5336.35,0
12244,0786-IVLAW,66,108.1,7238.6,0
12245,7566-DSRLQ,72,110.15,7998.8,0
12246,0643-OKLRP,47,80.35,3825.85,1
12247,7245-JMTTQ,51,111.5,5703.25,0
12248,6050-IJRHS,70,106.5,7397.0,0
12249,5887-IKKYO,58,94.35,5563.65,0
12250,1075-BGWOH,16,98.75,1587.55,1
12251,0302-JOIVN,8,101.15,842.9,1
12252,3858-XHYJO,40,105.75,4228.55,0
12253,4299-SIMNS,9,81.15,784.45,0
12254,6202-JVYEU,9,19.9,164.6,0
12255,8591-TKMZH,59,111.1,6555.2,0
12256,0734-OXWBT,3,70.7,225.65,0
12257,4282-ACRXS,38,24.85,955.75,0
12258,0365-TRTPY,37,91.2,3382.3,0
12259,7349-ALMUX,37,65.6,2313.8,0
12260,9381-NDKME,24,40.65,933.3,1
12261,6502-KUGLL,14,59.45,780.85,0
12262,1841-YSJGV,72,109.95,7852.4,0
12263,2794-XIMMO,53,60.45,3184.25,1
12264,8382-SHQEH,8,84.9,764.95,1
12265,3511-BFTJW,72,38.5,2763.0,0
12266,7668-XCFYV,17,92.55,1614.7,0
12267,2983-ZANRP,2,73.55,145.4,1
12268,7845-URHJN,8,20.15,156.25,1
12269,3034-ZBEQN,48,34.7,1604.5,1
12270,5018-HEKFO,10,24.5,270.15,0
12271,2923-ARZLG,0,19.7,0.0,0
12272,3976-NLDEZ,1,20.6,20.6,0
12273,2282-YGNOR,29,58.0,1734.5,0
12274,5336-UFNZP,65,107.45,7047.5,0
12275,6854-EXGSF,8,65.5,573.15,0
12276,9233-PSYHO,45,100.15,4459.8,0
12277,5376-PCKNB,72,104.45,7459.0,0
12278,4060-LDNLU,7,96.2,639.7,0
12279,3589-PPVKW,9,44.4,348.15,0
12280,8327-LZKAS,43,107.55,4533.9,1
12281,1241-EZFMJ,61,25.45,1538.6,0
12282,8044-BGWPI,12,21.15,306.05,0
12283,1755-RMCXH,2,20.3,40.25,0
12284,8777-MBMTS,65,105.85,6725.5,0
12285,7753-USQYQ,55,64.2,3627.3,0
12286,5366-IJEQJ,20,88.7,1761.45,1
12287,7661-CPURM,19,87.7,1725.95,0
12288,6233-HXJMX,45,89.3,4192.15,0
12289,5902-WBLSE,70,20.15,1411.2,0
12290,1981-INRFU,2,79.75,164.5,1
12291,4971-PUYQO,27,94.55,2724.6,1
12292,3239-TPHPZ,12,20.05,264.55,0
12293,5115-GZDEL,72,67.2,4671.7,0
12294,3338-CVVEH,12,94.55,1173.55,0
12295,8485-GJCDN,5,69.05,318.5,1
12296,2615-YVMYX,71,107.5,7713.55,0
12297,2851-STERV,35,73.0,2471.25,0
12298,4393-GEADV,70,114.75,7842.3,0
12299,8486-AYEQH,31,76.05,2227.8,0
12300,1527-SXDPN,52,96.25,4990.25,1
12301,6029-WTIPC,37,101.1,3744.05,1
12302,8634-CILSZ,69,104.7,7220.35,1
12303,5419-JKZNQ,30,77.9,2351.45,0
12304,2495-KZNFB,33,90.65,2989.6,0
12305,1409-PHXTF,54,110.45,6077.75,0
12306,4560-WQAQW,59,68.7,4070.95,0
12307,9591-YVTEB,55,44.85,2479.05,0
12308,9309-BZGNT,69,29.8,2134.3,0
12309,4274-DRSQT,66,88.9,6000.1,0
12310,2027-DNKIV,37,58.75,2203.1,0
12311,8075-GXIUB,9,19.85,183.15,0
12312,2885-HIJDH,69,86.9,6194.1,0
12313,5424-RLQLC,10,59.65,638.95,0
12314,6682-QJDGB,40,55.25,2139.2,1
12315,6507-DTJZV,13,66.4,831.75,0
12316,8780-IXSTS,6,90.1,521.3,1
12317,7673-BQGKU,69,20.15,1337.5,0
12318,6723-WSNTY,66,108.1,7181.95,0
12319,9530-EHPOH,11,53.75,608.0,1
12320,2725-IWWBA,46,56.9,2560.1,0
12321,0345-HKJVM,6,89.3,577.6,1
12322,1061-PNTHC,56,109.6,5953.0,0
12323,0394-YONDK,70,25.15,1790.15,0
12324,6574-MCOEH,33,79.15,2531.4,0
12325,7399-QHBJS,72,66.75,4760.3,0
12326,3049-SOLAY,3,95.2,292.85,1
12327,0997-YTLNY,19,48.8,953.65,0
12328,3317-HRTNN,5,45.7,198.0,1
12329,9479-HYNYL,71,80.7,5705.05,0
12330,3235-ETOOB,8,74.5,609.9,1
12331,9708-KFDBY,1,20.55,20.55,0
12332,8058-INTPH,1,79.65,79.65,1
12333,3642-GKTCT,61,115.1,6993.65,0
12334,0774-RMNUW,71,59.7,4122.65,0
12335,1334-PDUKM,68,86.45,5762.95,0
12336,0756-MPZRL,46,33.7,1537.85,0
12337,2242-MFOTG,33,80.1,2603.3,0
12338,2927-CVULT,53,104.05,5566.4,0
12339,2144-BFDSO,50,108.75,5431.9,0
12340,8745-PVESG,57,41.1,2258.25,0
12341,7647-GYYKX,54,20.35,1092.35,0
12342,5647-FXOTP,60,105.9,6401.25,0
12343,5569-OUICF,28,101.3,2812.2,1
12344,8821-XNHVZ,1,80.05,80.05,1
12345,2082-OJVTK,29,89.2,2698.35,1
12346,9700-ISPUP,10,65.5,616.9,0
12347,9839-ETQOE,43,40.45,1912.85,0
12348,6078-VESFR,13,70.45,849.1,0
12349,9027-TMATR,43,78.8,3460.3,0
12350,5940-NFXKV,19,83.65,1465.75,1
12351,1941-HOSAM,1,90.1,90.1,0
12352,9110-HSGTV,69,82.45,5555.3,0
12353,0704-VCUMB,61,20.25,1278.8,0
12354,6171-ZTVYB,43,66.25,2907.35,0
12355,8053-WWDRO,6,19.5,146.3,1
12356,9564-KCLHR,1,51.25,51.25,1
12357,1935-IMVBB,56,89.7,4952.95,0
12358,2535-PBCGC,70,64.55,4504.9,0
12359,2082-CEFLT,1,45.6,45.6,1
12360,1470-PSXNM,49,93.65,4520.15,0
12361,1213-NGCUN,6,49.65,267.35,1
12362,2498-XLDZR,32,73.6,2316.85,0
12363,9866-OCCKE,72,109.75,8075.35,0
12364,5338-YHWYT,37,61.45,2302.35,0
12365,7718-UPSKJ,69,106.4,7251.9,0
12366,8731-WBBMB,26,81.9,2078.55,0
12367,1448-CYWKC,58,105.2,6225.4,0
12368,7901-IIDQV,24,54.6,1242.25,0
12369,2690-DVRVK,5,20.55,99.45,0
12370,5688-KZTSN,15,20.0,288.05,1
12371,1270-XKUCC,30,19.7,599.25,0
12372,0334-ZFJSR,55,66.05,3462.1,0
12373,2894-QOJRX,25,34.0,853.0,1
12374,5747-PMBSQ,10,92.5,934.1,1
12375,5583-EJXRD,44,54.05,2375.2,0
12376,4565-EVZMJ,47,58.9,2813.05,0
12377,3143-JQEGI,13,88.35,1222.8,1
12378,6386-SZZKH,49,107.95,5293.2,1
12379,3327-YBAKM,64,96.9,6314.35,0
12380,9441-QHEVC,1,19.1,19.1,0
12381,6705-LNMDD,20,50.0,1003.05,0
12382,2580-ASVVY,37,45.4,1593.1,0
12383,3370-GQEAL,30,85.45,2509.95,0
12384,5032-USPKF,38,84.1,3187.65,0
12385,2982-IHMFT,1,74.45,74.45,1
12386,3521-SYVOR,37,64.75,2345.2,1
12387,4254-QPEDE,52,66.25,3330.1,0
12388,6283-GITPX,71,76.9,5522.7,0
12389,9526-JAWYF,26,89.8,2335.3,1
12390,0771-CHWSK,66,74.6,4798.4,0
12391,9788-HNGUT,72,116.95,8594.4,0
12392,9495-REDIY,25,40.65,970.55,0
12393,5375-XLDOF,69,114.35,7665.8,0
12394,1172-VIYBP,53,69.7,3686.05,0
12395,5649-VUKMC,12,95.5,1115.15,1
12396,6559-PDZLR,26,98.65,2537.0,0
12397,8992-OBVDG,21,61.65,1393.6,0
12398,4273-MBHYA,1,89.35,89.35,0
12399,4724-WXVWF,48,95.4,4445.3,0
12400,5701-GUXDC,26,35.4,978.6,0
12401,1460-UZPRJ,60,19.95,1258.15,0
12402,6082-GLJIX,18,19.25,331.35,0
12403,5143-EGQFK,10,29.65,291.4,1
12404,4919-IKATY,5,84.5,453.75,1
12405,2495-TTHBQ,4,20.4,84.75,0
12406,0485-ZBSLN,65,24.75,1715.1,0
12407,3810-PJUHR,70,25.35,1715.15,0
12408,9050-QLROH,18,90.7,1597.25,1
12409,0847-HGRML,62,20.0,1250.1,0
12410,8232-CTLKO,66,59.75,3996.8,0
12411,9227-YBAXE,65,82.5,5215.1,0
12412,6168-WFVVF,3,70.3,235.5,1
12413,9860-LISIZ,34,20.35,673.2,0
12414,0112-QAWRZ,16,90.8,1442.2,0
12415,0877-SDMBN,54,103.95,5639.05,1
12416,2786-GCDPI,50,104.95,5222.35,0
12417,4043-MKDTV,71,105.25,7291.75,0
12418,8065-YKXKD,10,74.75,799.65,1
12419,9637-EIHEQ,1,50.8,50.8,1
12420,9229-RQABD,18,23.75,424.5,0
12421,8313-KTIHG,4,61.3,249.4,0
12422,5320-BRKGK,58,75.8,4415.75,0
12423,6284-KMNUF,56,98.0,5270.6,0
12424,9689-PTNPG,2,80.25,144.55,1
12425,9465-RWMXL,32,78.9,2447.95,1
12426,6229-UOLQL,56,52.0,2884.9,0
12427,2362-IBOOY,36,84.75,3050.15,1
12428,3137-LUPIX,4,64.4,253.0,0
12429,0843-WTBXE,53,85.45,4517.25,1
12430,6143-JQKEA,10,45.8,436.2,0
12431,8676-OOQEJ,4,30.5,118.4,0
12432,5515-IDEJJ,1,19.9,19.9,1
12433,9701-CDXHR,51,69.15,3649.6,0
12434,7450-NWRTR,12,99.45,1200.15,1
12435,8124-NZVGJ,6,49.25,255.6,0
12436,2162-FRZAA,63,39.35,2395.05,0
12437,5376-DEQCP,1,70.6,70.6,1
12438,5118-MUEYH,48,105.1,5083.55,0
12439,9095-HFAFX,5,81.0,389.6,1
12440,5627-TVBPP,35,20.1,644.5,0
12441,2379-ENZGV,6,84.85,523.5,1
12442,4067-HLYQI,33,70.4,2406.1,0
12443,0292-WEGCH,54,86.2,4524.05,0
12444,8910-ICHIU,46,95.65,4664.2,0
12445,4097-YODCF,34,103.8,3470.8,0
12446,9715-WZCLW,71,97.2,6910.3,0
12447,3936-QQFLL,2,19.75,39.3,0
12448,2589-AYCRP,50,19.75,989.05,0
12449,5124-EOGYE,31,20.45,638.55,0
12450,5057-RKGLH,9,20.35,191.1,0
12451,9786-YWNHU,63,63.55,4014.2,0
12452,6407-GSJNL,51,24.95,1288.0,0
12453,6005-OBZPH,26,89.15,2277.65,1
12454,4049-ZPALD,64,99.0,6375.8,0
12455,7932-WPTDS,1,24.8,24.8,1
12456,3733-UOCWF,61,85.55,5251.75,0
12457,6833-JMZYP,15,94.0,1505.45,0
12458,2722-VOJQL,64,105.65,6903.1,1
12459,1310-QRITU,18,50.3,913.3,0
12460,8961-QDZZJ,57,95.0,5535.8,0
12461,9715-SBVSU,14,61.4,815.55,0
12462,8490-BXHEO,18,80.55,1411.65,0
12463,7173-TETGO,72,78.5,5602.25,0
12464,7929-SKFGK,70,114.3,8244.3,0
12465,2300-RQGOI,38,20.05,741.5,0
12466,3563-SVYLG,68,62.65,4375.8,0
12467,5228-EXCET,13,80.85,1008.7,1
12468,6435-VWCCY,65,92.7,5968.4,0
12469,4998-IKFSE,30,100.45,3096.9,0
12470,8630-QSGXK,51,75.2,3901.25,0
12471,2455-USLMV,31,84.75,2613.4,0
12472,7394-FKDNK,9,89.45,853.1,1
12473,9488-FVZCC,72,79.5,5661.7,0
12474,6331-LWDTQ,10,72.15,794.25,1
12475,5995-WWKKG,37,19.8,695.05,0
12476,1597-FZREH,2,76.4,160.8,1
12477,7879-CGSFV,55,100.9,5552.05,0
12478,9921-EZKBY,33,95.3,3275.15,0
12479,7432-FFVAR,46,90.95,4236.6,0
12480,7246-ZGQDF,1,54.5,54.5,0
12481,7000-WCEVQ,20,61.6,1174.35,1
12482,0727-IWKVK,9,79.9,741.7,1
12483,5959-BELXA,32,96.15,3019.25,1
12484,4456-RHSNB,19,49.6,962.9,0
12485,3512-IZIKN,70,65.3,4759.75,1
12486,2481-SBOYW,61,25.0,1498.35,0
12487,7109-MFBYV,26,45.45,1233.15,0
12488,1833-TCXKK,45,107.75,4882.8,0
12489,1832-PEUTS,62,89.1,5411.65,0
12490,6141-OOXUQ,1,19.65,19.65,1
12491,8660-BUETV,3,44.75,148.05,0
12492,0580-PIQHM,41,101.6,3930.55,0
12493,5696-CEIQJ,67,103.15,6895.5,0
12494,7503-ZGUZJ,1,84.65,84.65,1
12495,1696-HXOWK,71,95.65,6856.95,0
12496,3026-ATZYV,37,75.1,2658.8,0
12497,4012-YCFAI,60,61.35,3766.2,0
12498,2506-TNFCO,1,69.55,69.55,1
12499,8718-PTMEZ,13,31.05,347.25,1
12500,9496-IVVRP,11,51.0,581.7,0
12501,2207-OBZNX,7,51.0,354.05,1
12502,9970-QBCDA,6,19.7,129.55,0
12503,2657-VPXTA,10,88.85,929.45,0
12504,6551-VLJMV,34,20.05,679.0,0
12505,1221-GHZEP,62,65.1,3846.75,0
12506,9289-LBQVU,64,70.15,4480.7,0
12507,6142-VSJQO,1,44.35,44.35,1
12508,3458-IDMFK,25,20.75,499.4,0
12509,6933-FHBZC,26,56.05,1553.2,0
12510,0221-NAUXK,10,19.95,219.5,0
12511,9770-KXGQU,53,98.6,5311.85,0
12512,6437-UKHMV,7,79.7,586.05,1
12513,6538-POCHL,33,79.0,2576.8,0
12514,6726-NNFWD,71,89.45,6435.25,0
12515,3002-WQZWT,29,74.2,1993.25,0
12516,4277-UDIEF,24,81.0,1923.85,0
12517,1208-NBVFH,20,49.6,939.8,0
12518,4912-PIGUY,1,84.6,84.6,0
12519,1114-CENIM,54,55.0,3092.65,1
12520,6060-DRTNL,5,84.85,415.55,1
12521,2725-TTRIQ,72,84.2,5986.55,0
12522,3374-TTZTK,52,106.3,5487.0,0
12523,8990-ZXLSU,9,69.05,651.5,0
12524,2275-RBYQS,1,45.4,45.4,0
12525,8473-VUVJN,1,73.65,73.65,1
12526,6289-CPNLD,33,73.9,2405.05,1
12527,5536-SLHPM,55,77.75,4458.15,1
12528,4419-UJMUS,69,99.35,6856.45,0
12529,7794-JASDG,1,50.75,50.75,0
12530,7609-YBPXG,54,87.1,4735.2,0
12531,5519-TEEUH,33,20.15,682.15,0
12532,7856-GANIL,45,98.7,4525.8,0
12533,0804-XBFBV,11,25.2,321.05,0
12534,2676-OXPPQ,6,55.7,335.65,0
12535,3703-TTEPD,21,65.35,1424.4,0
12536,2799-TSLAG,65,25.3,1748.55,0
12537,0196-VULGZ,6,84.35,474.9,1
12538,8837-VVWLQ,8,84.95,668.4,1
12539,2696-NARTR,11,73.85,926.25,1
12540,2208-NKVVH,43,24.25,1077.95,0
12541,7614-QVWQL,49,51.8,2541.25,1
12542,1976-CFOCS,1,46.0,46.0,1
12543,4631-OACRM,15,79.4,1156.1,1
12544,7139-JZFVG,60,60.5,3694.45,0
12545,4987-GQWPO,17,25.1,382.8,0
12546,3755-JBMNH,16,71.8,1167.8,1
12547,1757-TCATG,35,20.05,746.75,0
12548,6345-ULYRW,44,88.4,3912.9,1
12549,4776-XSKYQ,12,30.25,368.85,0
12550,8048-DSDFQ,1,20.2,20.2,0
12551,5753-QQWPW,28,59.9,1654.7,0
12552,6010-DDPPW,70,25.15,1940.85,0
12553,1809-DMJHQ,5,46.0,221.7,1
12554,6693-FRIRW,18,101.3,1794.65,0
12555,6586-MYGKD,70,76.95,5289.8,0
12556,3173-NVMPX,9,55.3,501.2,0
12557,0248-PGHBZ,67,92.45,6140.85,0
12558,0623-GDISB,1,48.45,48.45,0
12559,2892-GESUL,18,19.35,309.25,0
12560,6923-EFPNL,4,51.75,201.1,1
12561,7472-EQOAV,71,86.7,6179.35,0
12562,9574-RKJIF,30,94.4,2838.7,1
12563,2043-WVTQJ,1,55.7,55.7,0
12564,8034-RYTVV,55,84.25,4589.85,0
12565,3863-QSTYI,59,64.65,3735.45,0
12566,2619-WFQWU,1,70.15,70.15,1
12567,5044-LRQAQ,7,69.2,477.55,0
12568,1716-LSAMB,45,54.65,2553.7,0
12569,1333-PBMXB,54,24.75,1342.15,0
12570,6546-OPBBH,51,23.95,1216.35,0
12571,5985-BEHZK,72,105.0,7578.05,0
12572,9127-QRZMH,44,59.85,2603.95,0
12573,5919-VCZYM,2,20.05,42.7,0
12574,9644-KVCNC,66,92.15,6056.9,0
12575,2137-DQMEV,68,44.8,2983.65,0
12576,8174-LNWMW,31,20.9,689.35,0
12577,9279-CJEOJ,21,95.4,2025.1,0
12578,7964-VEXDG,21,80.35,1747.2,0
12579,2404-JIBFC,55,85.1,4657.95,0
12580,0778-NELLA,9,34.7,296.1,1
12581,8029-XYPWT,71,115.05,8016.6,0
12582,4614-NUVZD,1,81.1,81.1,1
12583,6804-GDMOI,61,106.6,6428.4,1
12584,2990-OGYTD,67,86.15,5883.85,0
12585,4632-PAOYU,22,19.95,433.5,0
12586,3803-KMQFW,1,20.55,20.55,1
12587,6646-JPPHA,14,78.85,1043.8,0
12588,9572-MTILT,59,106.75,6252.9,1
12589,7658-UYUQS,21,86.55,1857.25,0
12590,7880-XSOJX,4,42.4,146.4,0
12591,9611-CTWIH,3,89.45,240.45,1
12592,4589-IUAJB,70,24.25,1724.15,0
12593,0329-GTIAJ,3,97.9,315.3,1
12594,8746-BFOAJ,21,20.5,429.55,0
12595,8457-XIGKN,20,19.6,356.15,0
12596,6072-NUQCB,22,20.25,488.25,0
12597,6629-CZTTH,1,55.7,55.7,1
12598,8838-GPHZP,63,20.6,1298.7,0
12599,8750-QWZAJ,70,19.8,1378.75,0
12600,5364-EVNIB,13,79.8,973.45,1
12601,6918-UMQCG,5,80.2,384.25,0
12602,0675-NCDYU,72,116.4,8543.25,0
12603,6339-DKLMK,13,31.65,389.95,0
12604,1346-PJWTK,61,94.15,5731.85,0
12605,7253-UVNDW,46,54.35,2460.15,1
12606,7228-OMTPN,4,88.45,370.65,1
12607,4508-OEBEY,31,75.5,2424.45,0
12608,0027-KWYKW,23,83.75,1849.95,0
12609,6284-AHOOQ,22,90.5,1910.6,1
12610,5088-QZLRL,1,20.65,20.65,0
12611,8023-QHAIO,56,76.85,4275.75,0
12612,4397-FRLTA,4,20.15,84.5,0
12613,3057-VJJQE,35,55.25,1924.1,0
12614,5087-SUURX,18,39.05,669.85,1
12615,2302-OUZXB,72,82.15,5784.3,0
12616,8133-ANHHJ,49,103.0,5166.2,0
12617,2270-CHBFN,44,95.1,4060.55,0
12618,0013-EXCHZ,3,83.9,267.4,1
12619,5982-FPVQN,37,95.15,3532.85,0
12620,9107-UKCKY,61,79.8,4914.8,0
12621,4654-ULTTN,70,74.8,5315.8,0
12622,5550-VFRLC,1,69.85,69.85,1
12623,5546-BYZSM,41,20.45,775.6,0
12624,1492-KGETH,70,78.35,5445.95,0
12625,4929-BSTRX,1,53.55,53.55,1
12626,4163-HFTUK,51,19.1,1007.8,0
12627,8215-NGSPE,42,20.0,833.55,0
12628,2225-ZRGSG,70,93.9,6579.05,1
12629,8859-YSTWS,48,19.95,1004.5,0
12630,5271-YNWVR,68,113.15,7856.0,1
12631,7601-DHFWZ,48,24.0,1183.05,0
12632,2657-ALMWY,26,84.95,2169.75,1
12633,6330-JKLPC,11,80.5,896.9,1
12634,1707-HABPF,46,91.3,4126.35,0
12635,1660-HSOOQ,1,49.65,49.65,1
12636,4667-OHGKG,1,19.3,19.3,1
12637,1998-VHJHK,27,19.15,501.35,0
12638,0487-VVUVK,25,19.15,477.6,0
12639,5063-IUOKK,13,19.75,265.75,0
12640,2308-STERM,2,19.4,61.05,0
12641,5982-XMDEX,65,26.5,1698.55,0
12642,6051-PTVNS,55,19.15,998.1,0
12643,2344-JMOGN,9,94.85,890.6,1
12644,3799-ISUZQ,7,69.95,529.5,1
12645,2877-VDUER,35,40.9,1383.6,0
12646,9152-AMKAK,6,80.25,493.4,0
12647,1794-HBQTJ,1,48.6,48.6,1
12648,9432-VOFYX,17,70.8,1207.0,0
12649,8049-WJCLQ,10,60.2,563.5,0
12650,6586-PSJOX,15,55.2,864.55,0
12651,2460-FPSYH,40,55.8,2109.35,1
12652,9705-ZJBCG,13,54.15,701.05,0
12653,4818-DRBQT,29,80.15,2265.25,1
12654,1320-HTRDR,3,75.5,220.6,1
12655,6847-KJLTS,58,100.4,5749.8,0
12656,9670-BPNXF,45,62.55,2796.45,0
12657,3913-FCUUW,72,70.45,5165.7,0
12658,3301-VKTGC,68,85.5,5696.6,0
12659,0983-TATYJ,33,51.45,1758.9,0
12660,1813-JYWTO,72,80.45,5737.6,0
12661,0156-FVPTA,22,54.2,1152.7,1
12662,1493-AMTIE,1,20.2,20.2,1
12663,9555-SAHUZ,38,54.5,2076.05,0
12664,0816-TSPHQ,2,20.75,44.2,0
12665,9932-WBWIK,11,20.35,215.25,0
12666,4619-EVPHY,20,91.0,1859.5,0
12667,5286-YHCVC,72,104.8,7470.1,0
12668,6424-ELEYH,3,74.75,229.5,1
12669,4391-RESHN,23,104.05,2470.1,1
12670,9115-YQHGA,40,51.1,2092.9,0
12671,4462-CYWMH,62,89.8,5629.55,0
12672,8963-MQVYN,22,20.55,469.85,0
12673,2458-EOMRE,11,64.05,733.95,0
12674,9334-GWGOW,7,74.85,485.25,0
12675,6821-BUXUX,13,96.65,1244.5,1
12676,5028-HTLJB,1,20.05,20.05,1
12677,9801-GDWGV,39,103.45,3994.45,1
12678,6542-LWGXJ,3,25.0,78.25,0
12679,5567-GZKQY,58,20.3,1131.5,0
12680,1222-LRYKO,6,26.35,184.05,0
12681,2320-JRSDE,1,19.9,19.9,1
12682,2087-QAREY,22,54.7,1178.75,0
12683,0601-WZHJF,14,46.35,667.7,1
12684,4423-JWZJN,64,90.25,5629.15,0
12685,5393-RXQSZ,1,79.6,79.6,1
12686,0231-LXVAP,1,75.9,75.9,1
12687,5143-WMWOG,1,19.95,19.95,1
12688,6490-FGZAT,6,20.65,109.3,0
12689,7452-FOLON,39,25.45,958.45,0
12690,2320-TZRRH,20,19.5,403.15,0
12691,9444-JTXHZ,1,76.2,76.2,1
12692,4942-VZZOM,64,66.15,4392.5,0
12693,5510-BOIUJ,1,19.25,19.25,1
12694,7502-BNYGS,46,69.1,3168.0,0
12695,4291-HYEBC,28,39.1,1096.6,0
12696,6147-CBCRA,33,20.05,669.45,0
12697,6047-SUHPR,39,59.8,2343.85,0
12698,4471-KXAUH,42,84.3,3588.4,1
12699,9752-ZNQUT,1,48.6,48.6,0
12700,7638-QVMVY,7,79.0,522.95,1
12701,1576-PFZIW,70,105.35,7511.9,0
12702,5666-MBJPT,65,25.1,1725.0,0
12703,7312-XSBAT,1,49.75,49.75,0
12704,3096-GKWEB,18,94.75,1691.9,0
12705,2371-JQHZZ,24,93.0,2248.05,0
12706,0674-GCDXG,63,71.9,4479.2,0
12707,1121-QSIVB,44,77.55,3471.1,0
12708,9386-LDCZR,43,90.65,3882.3,0
12709,5399-ZIMKF,5,74.65,383.65,0
12710,0336-KXKFK,72,61.2,4390.25,0
12711,3948-FVVRP,9,54.8,452.8,0
12712,5327-XOKKY,72,73.45,5329.0,0
12713,4396-KLSEH,4,19.85,63.0,0
12714,3244-DCJWY,1,70.25,70.25,1
12715,2824-MYYBN,37,95.25,3314.15,0
12716,0875-CABNR,10,84.6,865.55,1
12717,6345-HOVES,34,25.05,852.7,0
12718,8318-LCNBW,35,53.15,1930.9,0
12719,6469-QJKZW,4,20.15,91.4,0
12720,0147-ESWWR,39,101.25,3949.15,0
12721,1217-VASWC,43,100.55,4304.0,0
12722,7812-FZHPE,17,24.1,409.9,1
12723,6370-ZVHDV,61,25.3,1554.9,0
12724,5915-DGNVC,49,71.8,3472.05,0
12725,6260-XLACS,4,19.7,117.8,0
12726,3566-CAAYU,64,49.85,3210.35,0
12727,4983-CCWMC,3,69.6,207.4,0
12728,9103-CXVOK,1,19.75,19.75,0
12729,2896-TBNBE,40,80.8,3132.75,0
12730,4797-AXPXK,1,60.0,60.0,1
12731,5229-PRWKT,8,86.55,649.65,1
12732,6982-UQZLY,1,20.85,20.85,1
12733,2522-WLNSF,34,64.2,2106.3,0
12734,3841-CONLJ,1,35.0,35.0,0
12735,5057-LCOUI,39,50.75,2011.4,1
12736,0193-ESZXP,58,105.5,6205.5,1
12737,4369-HTUIF,6,85.15,503.6,1
12738,4475-NVTLU,45,19.2,903.7,0
12739,9585-KKMFD,41,20.0,879.8,0
12740,5619-XZZKR,4,19.95,68.2,0
12741,1984-FCOWB,70,109.5,7674.55,1
12742,0654-HMSHN,21,104.4,2157.95,1
12743,6719-OXYBR,15,85.3,1219.85,0
12744,3312-ZWLGF,29,79.3,2414.55,0
12745,6476-YHMGA,15,76.5,1155.6,0
12746,5287-QWLKY,71,105.1,7548.1,1
12747,0795-XCCTE,72,25.4,1809.35,0
12748,0168-XZKBB,19,86.85,1564.4,0
12749,3785-NRHYR,1,19.65,19.65,0
12750,5196-SGOAK,1,75.7,75.7,1
12751,4537-DKTAL,2,45.55,84.4,0
12752,7072-MBHEV,11,78.1,864.85,0
12753,5602-BVFMK,12,19.3,228.75,0
12754,6297-NOOPG,70,110.5,7752.05,0
12755,1891-UAWWU,20,90.8,1951.0,1
12756,8204-TIFGJ,23,20.3,470.6,0
12757,8050-DVOJX,49,81.35,4060.9,0
12758,6108-OQZDQ,4,97.95,384.5,1
12759,0363-QJVFX,32,108.15,3432.9,1
12760,8903-XEBGX,2,55.3,108.65,0
12761,8169-SAEJD,69,56.55,3952.65,0
12762,9840-DVNDC,6,80.5,463.05,1
12763,1972-XMUWV,65,59.8,3808.2,0
12764,1089-XZWHH,24,19.7,494.05,0
12765,2325-WINES,32,104.05,3416.85,0
12766,6064-ZATLR,27,52.85,1498.65,0
12767,3096-JRDSO,27,104.3,2867.75,1
12768,7824-PANSQ,58,80.65,4807.35,0
12769,8042-JVNFH,1,71.35,71.35,1
12770,9648-BCHKM,18,24.65,471.35,0
12771,2888-ADFAO,47,21.3,1041.8,0
12772,8707-HOEDG,70,110.2,7689.8,0
12773,3374-LXDEV,13,89.4,1132.35,1
12774,4072-IPYLT,36,51.05,1815.0,0
12775,7167-PCEYD,67,19.8,1311.3,0
12776,4936-YPJNK,10,19.9,199.45,0
12777,1580-BMCMR,19,87.3,1637.3,0
12778,4817-KEQSP,71,19.85,1326.35,0
12779,6408-WHTEF,72,89.4,6376.55,0
12780,9251-AWQGT,48,20.0,935.9,0
12781,8749-CLJXC,1,20.05,20.05,0
12782,7989-VCQOH,18,83.25,1611.15,0
12783,5049-GLYVG,1,20.6,20.6,1
12784,4199-QHJNM,67,102.9,6989.7,0
12785,8882-TLVRW,69,39.1,2779.5,0
12786,5883-GTGVD,19,99.95,1931.75,1
12787,5135-GRQJV,72,114.5,8331.95,0
12788,2384-OVPSA,38,20.2,735.9,0
12789,1371-WEPDS,40,55.8,2283.3,0
12790,3580-GICBM,61,24.2,1445.2,0
12791,4817-QRJSX,10,81.0,818.05,1
12792,9730-DRTMJ,32,72.8,2333.05,0
12793,4686-UXDML,21,99.85,1992.55,0
12794,3349-ANQNH,59,99.5,5890.0,0
12795,2398-YPMUR,13,70.15,916.75,1
12796,0932-YIXYU,47,20.25,1029.8,0
12797,7480-SPLEF,69,26.0,1796.55,0
12798,7636-XUHWW,2,19.9,33.7,0
12799,1431-CYWMH,22,19.05,454.05,0
12800,5937-EORGB,15,96.5,1392.25,0
12801,6349-JDHQP,53,19.85,1049.6,0
12802,5539-HIVAK,28,25.7,734.6,0
12803,5847-MXBEO,22,20.3,475.1,0
12804,9985-MWVIX,1,70.15,70.15,1
12805,4583-PARNH,16,91.55,1540.05,0
12806,1116-FRYVH,48,39.4,1978.65,0
12807,1421-HCERK,30,105.7,3181.8,0
12808,9633-XQABV,3,70.25,229.7,0
12809,0716-BQNDX,57,93.75,5625.55,0
12810,1265-XTECC,68,96.55,6581.9,1
12811,1183-CANVH,23,60.0,1347.15,0
12812,8679-LZBMD,44,90.65,3974.15,0
12813,3407-JMJQQ,71,109.0,7661.8,0
12814,6252-DFGTK,37,68.1,2479.25,0
12815,1539-LNKHM,12,20.4,266.6,0
12816,8645-KOMJQ,69,81.95,5601.4,0
12817,0289-IVARM,35,60.55,1982.6,0
12818,9761-XUJWD,5,65.6,339.9,0
12819,4057-FKCZK,58,82.5,4828.05,0
12820,4291-TPNFG,72,82.3,5980.55,0
12821,6087-YPWHO,72,68.15,4808.7,0
12822,3090-QFUVD,1,20.3,20.3,0
12823,2237-ZFSMY,39,95.55,3692.85,1
12824,1722-LDZJS,53,20.2,1068.15,0
12825,1818-ESQMW,27,89.2,2383.6,0
12826,4871-JTKJF,1,69.65,69.65,1
12827,1415-YFWLT,1,89.3,89.3,1
12828,7401-RUBNK,18,74.8,1438.05,0
12829,0506-YLVKJ,46,20.2,917.45,0
12830,8661-BOYNW,72,84.4,6096.45,0
12831,6711-VTNRE,36,87.55,3078.1,1
12832,4815-GBTCD,4,25.15,99.95,0
12833,2805-AUFQN,25,19.8,475.2,0
12834,0980-PVMRC,40,50.85,2036.55,0
12835,7233-DRTRF,63,102.4,6444.05,0
12836,3500-RMZLT,15,96.3,1426.75,1
12837,3873-NFTGI,14,55.5,767.55,0
12838,1162-ECVII,72,109.75,7932.5,0
12839,7048-GXDAY,39,106.4,4040.65,0
12840,8571-ZCMCX,47,60.0,2768.65,0
12841,1169-WCVAK,19,88.8,1672.35,0
12842,4548-SDBKE,5,85.2,474.8,1
12843,8066-POXGX,13,35.1,446.1,1
12844,7129-CAKJW,17,80.05,1345.65,0
12845,8695-ARGXZ,34,75.55,2425.4,0
12846,3570-YUEKJ,42,49.55,2077.95,0
12847,4143-OOBWZ,5,81.3,416.3,1
12848,1555-HAPSU,71,23.9,1663.5,0
12849,1697-NVVGY,19,66.4,1286.05,0
12850,7854-EKTJL,2,19.6,35.85,1
12851,8464-EETCQ,57,18.8,1094.35,0
12852,2419-FSORS,72,108.4,7719.5,0
12853,8132-YPVBX,6,85.95,514.6,0
12854,9102-IAYHT,17,85.45,1451.6,1
12855,6754-LZUKA,61,80.9,4932.5,0
12856,3422-LYEPQ,1,71.0,71.0,1
12857,8099-MZPUJ,48,111.8,5443.65,0
12858,0787-LHDYT,16,20.6,330.25,0
12859,2642-DTVCO,9,85.05,746.5,1
12860,0374-IOEGQ,3,44.6,122.7,0
12861,4361-JEIVL,1,44.4,44.4,1
12862,3197-NNYNB,65,105.1,6631.85,0
12863,3396-DKDEL,70,115.15,8250.0,0
12864,1752-OZXFY,60,59.8,3561.15,0
12865,9112-WSNPU,35,70.55,2419.0,0
12866,5321-NTRKC,66,79.85,5234.95,0
12867,9066-QRSDU,69,26.3,1763.55,0
12868,9867-NNXLC,22,20.05,470.2,0
12869,1363-TXLSL,1,70.3,70.3,1
12870,9507-EXLTT,1,79.35,79.35,1
12871,3161-GETRM,34,90.05,3097.0,0
12872,0402-OAMEN,72,24.45,1709.1,0
12873,6933-VLYFX,31,59.95,1848.8,0
12874,6754-WKSHP,30,25.35,723.3,0
12875,9846-GKXAS,9,90.8,809.75,1
12876,6017-PPLPX,20,70.45,1470.95,1
12877,4976-LNFVV,19,34.3,577.15,0
12878,5055-MGMGF,65,105.05,6914.95,0
12879,4641-FROLU,30,19.3,602.9,0
12880,2862-JVEOY,6,19.15,124.4,0
12881,2969-QWUBZ,2,51.4,96.8,0
12882,9822-BIIGN,53,71.85,3827.9,0
12883,2077-MPJQO,7,75.4,533.05,0
12884,1534-OULXE,61,49.7,2961.4,0
12885,7136-RVDTZ,70,45.25,3264.45,1
12886,2971-SGAFL,13,78.75,995.35,0
12887,1480-IVEVR,35,81.6,2815.25,0
12888,2905-KFQUV,2,70.4,154.8,0
12889,4581-SSPWD,3,75.8,246.3,1
12890,3370-HXOPH,3,76.1,257.6,0
12891,9391-YZEJW,62,94.0,5757.2,0
12892,9958-MEKUC,72,103.95,7517.7,0
12893,0281-CNTZX,63,19.95,1234.8,0
12894,6927-WTFIV,20,71.3,1389.2,1
12895,4118-CEVPF,35,110.8,3836.3,0
12896,3398-ZOUAA,21,69.1,1474.75,1
12897,9114-VEPUF,62,96.1,6001.45,0
12898,7876-BEUTG,15,48.8,720.1,0
12899,2338-BQEZT,55,50.55,2832.75,0
12900,9873-MNDKV,11,44.65,472.25,0
12901,0378-NHQXU,17,88.25,1460.65,1
12902,8241-JUIQO,61,19.45,1336.35,0
12903,2194-IIQOF,71,89.3,6388.65,0
12904,4512-ZUIYL,2,70.0,153.05,1
12905,9631-RXVJM,35,19.25,677.9,0
12906,9584-EXCDZ,17,70.5,1165.6,0
12907,7969-AULMZ,21,97.35,2119.5,1
12908,5093-FEGLU,47,19.65,921.55,0
12909,2621-UDNLU,3,20.85,72.0,0
12910,7526-IVLYU,3,19.65,68.35,0
12911,2428-HYUNX,44,19.35,847.25,0
12912,9214-EKVXR,1,44.0,44.0,0
12913,3410-MHHUM,44,94.4,4295.35,0
12914,0733-VUNUW,24,55.65,1400.55,1
12915,4550-EVXNY,1,69.65,69.65,1
12916,2122-YWVYA,18,75.4,1380.4,0
12917,2968-SSGAA,10,100.6,1060.2,1
12918,2296-DKZFP,65,71.0,4386.2,0
12919,0568-ONFPC,5,25.9,135.0,1
12920,4844-JJWUY,1,86.0,86.0,1
12921,6777-TGHTM,53,106.95,5785.5,1
12922,8909-BOLNL,3,21.2,52.05,0
12923,6603-YRDCJ,33,61.05,2018.4,0
12924,3538-WZPHD,3,29.6,79.45,1
12925,3229-USWAR,34,79.95,2727.3,0
12926,2138-VFAPZ,14,19.7,263.65,0
12927,6131-JLWZM,13,20.3,275.4,0
12928,4785-QRJHC,46,59.9,2816.65,1
12929,0269-XFESX,23,24.35,538.5,0
12930,1709-EJDOX,47,19.75,948.9,0
12931,4316-XCSLJ,17,50.3,846.8,0
12932,8610-WFCJF,49,95.6,4783.5,1
12933,9693-XMUOB,59,50.25,2997.45,0
12934,0383-CLDDA,69,85.35,5897.4,0
12935,4905-JEFDW,11,41.6,470.6,1
12936,2709-UQGNP,10,51.65,524.5,0
12937,3549-ZTMNH,12,24.0,269.65,0
12938,7881-INRLC,45,100.85,4740.0,1
12939,8033-ATFAS,39,59.85,2341.5,0
12940,1840-BIUOG,20,68.7,1416.2,0
12941,1356-MKYSK,6,78.65,483.3,0
12942,5828-DWPIL,62,89.1,5618.3,0
12943,8398-TBIYD,72,84.7,6185.15,0
12944,0011-IGKFF,13,98.0,1237.85,1
12945,1635-NZATJ,71,25.45,1789.65,0
12946,0562-HKHML,71,23.9,1626.4,0
12947,8277-RVRSV,33,24.15,800.3,0
12948,9943-VSZUV,67,75.7,5060.85,0
12949,0117-LFRMW,37,40.2,1448.8,1
12950,6172-FECYY,49,84.5,4254.85,1
12951,7054-ENNGU,9,50.85,466.6,0
12952,1455-HFBXA,52,91.6,4627.8,0
12953,9402-CXWPL,70,98.9,6838.6,0
12954,1628-BIZYP,1,85.0,85.0,0
12955,1965-AKTSX,14,78.95,1101.85,1
12956,0082-LDZUE,1,44.3,44.3,0
12957,4786-UKSNZ,1,20.2,20.2,1
12958,5343-SGUBI,52,80.2,4297.6,0
12959,0856-NAOES,6,60.9,414.1,0
12960,1976-AZZPJ,7,34.2,256.6,0
12961,7248-VZQLC,47,85.2,3969.35,1
12962,6156-UZDLF,26,87.15,2274.1,0
12963,3099-OONVS,25,54.3,1296.8,0
12964,9500-WBGRP,69,19.1,1268.85,0
12965,5183-KLYEM,72,112.75,8192.6,0
12966,5144-PQCDZ,4,19.95,59.25,0
12967,6625-IUTTT,67,65.55,4361.55,0
12968,9355-NPPFS,26,78.8,2006.1,0
12969,0068-FIGTF,27,78.2,2078.95,0
12970,5965-GGPRW,72,105.25,7609.75,0
12971,8035-PWSEV,6,89.25,487.05,0
12972,8514-VZHEB,59,19.5,1147.85,0
12973,2236-HILPA,62,20.65,1218.45,0
12974,6080-LNESI,51,24.75,1234.6,0
12975,1830-IPXVJ,61,19.75,1311.6,0
12976,4192-GORJT,5,94.45,498.1,1
12977,6496-SLWHQ,3,105.0,294.45,1
12978,9912-GVSEQ,26,93.85,2381.55,1
12979,2931-FSOHN,13,59.9,788.35,0
12980,9418-RUKPH,38,19.95,756.4,0
12981,5383-MMTWC,8,84.0,613.4,1
12982,9971-ZWPBF,34,108.9,3625.2,0
12983,4712-AUQZO,18,33.6,550.35,0
12984,9711-FJTBX,56,85.85,4793.8,0
12985,2908-ZTPNF,36,34.85,1267.2,0
12986,7240-ETPTR,9,48.75,442.2,1
12987,2202-CUYXZ,1,84.85,84.85,1
12988,5995-OIGLP,12,56.65,654.85,1
12989,8421-WZOOW,57,95.3,5567.45,0
12990,6261-RCVNS,42,73.9,3160.55,1
12991,7951-QKZPL,33,24.5,740.3,1
12992,1414-YADCW,70,84.6,5706.2,0
12993,8756-RDDLT,68,44.95,3085.35,0
12994,2862-PFNIK,1,24.7,24.7,0
12995,5816-QVHRX,37,100.3,3541.4,0
12996,8008-ESFLK,53,110.5,5835.5,0
12997,7537-CBQUZ,63,109.4,7031.45,0
12998,4430-YHXGG,4,25.45,84.2,0
12999,6888-SBYAI,1,50.7,50.7,0
13000,7395-XWZOY,20,55.0,1165.55,0
13001,7169-YWAMK,72,68.4,4855.35,0
13002,3640-PHQXK,31,89.9,2806.9,1
13003,6877-LGWXO,18,78.55,1422.65,1
13004,6859-RKMZJ,11,55.05,608.15,0
13005,2729-VNVAP,33,19.8,641.35,0
13006,2957-JIRMN,62,84.45,4959.15,0
13007,2049-BAFNW,1,35.9,35.9,0
13008,3842-QTGDL,16,80.75,1321.3,0
13009,7163-OCEQI,22,78.65,1663.75,0
13010,9782-LGXMC,49,61.75,3024.15,0
13011,5975-BAICR,36,63.7,2188.5,0
13012,8019-ENHXU,42,99.45,4138.05,1
13013,5167-GBFRE,4,25.2,102.5,1
13014,9033-EOXWV,12,74.05,872.65,1
13015,4673-KKSLS,31,87.6,2724.25,0
13016,4853-OITSN,5,89.15,413.25,0
13017,9800-OUIGR,66,20.0,1374.2,0
13018,1324-NLTJE,15,55.0,757.1,1
13019,2324-EFHVG,64,104.4,6692.65,0
13020,7094-MSZAO,10,20.05,218.5,0
13021,1522-VVDMG,7,89.75,608.8,1
13022,6907-CQGPN,29,34.3,1004.75,0
13023,0239-OXEXL,46,84.25,3847.6,0
13024,7049-GKVZY,17,79.85,1387.35,0
13025,0212-ISBBF,22,50.35,1098.85,0
13026,0780-XNZFN,57,20.65,1125.6,0
13027,2675-IJRGJ,53,19.65,978.0,0
13028,8577-QSOCG,38,20.2,746.05,0
13029,3721-CNZHX,15,19.8,304.6,0
13030,9185-TQCVP,14,85.15,1139.2,1
13031,3585-YNADK,57,74.6,4368.95,0
13032,5271-DBYSJ,11,79.15,827.7,0
13033,1099-GODLO,1,20.35,20.35,0
13034,6828-HMKWP,12,21.05,262.05,0
13035,5567-WSELE,3,94.6,279.55,1
13036,1472-TNCWL,36,94.7,3512.5,0
13037,8063-RJYNF,16,94.25,1483.25,1
13038,0687-ZVTHB,65,72.45,4653.85,1
13039,2080-GKCWQ,2,74.95,151.75,0
13040,9661-ACXBS,42,105.2,4400.75,1
13041,2193-SFWQW,72,111.95,8033.1,0
13042,5656-JAMLX,62,19.85,1253.65,0
13043,3462-BJQQA,6,89.75,552.65,0
13044,0442-TDYUO,48,20.05,1036.0,0
13045,6733-LRIZX,35,108.95,4025.5,0
13046,2027-OAQQC,43,49.05,2076.2,1
13047,0282-NVSJS,12,29.3,355.9,0
13048,9090-SGQXL,68,105.3,7299.65,1
13049,6595-YGXIT,25,88.95,2291.2,1
13050,9835-ZIITK,66,110.85,7491.75,1
13051,9503-XJUME,52,19.65,928.4,0
13052,4367-NHWMM,1,24.9,24.9,0
13053,3727-RJMEO,6,82.85,460.25,1
13054,3779-OSWCF,71,93.2,6506.15,0
13055,6736-DHUQI,67,84.8,5598.3,0
13056,3915-ODIYG,60,71.75,4374.55,0
13057,1360-RCYRT,23,30.35,678.75,0
13058,2724-FJDYW,39,54.85,2191.7,0
13059,4451-RWASJ,15,19.5,239.75,0
13060,6646-VRFOL,53,103.85,5485.5,1
13061,3460-TJBWI,24,24.2,609.05,0
13062,5917-HBSDW,37,19.35,683.75,0
13063,5685-IIXLY,5,83.6,404.2,1
13064,5671-UUNXD,50,100.65,5189.75,0
13065,0956-ACVZC,54,94.1,5060.9,0
13066,2325-NBPZG,3,74.55,233.65,0
13067,4250-ZBWLV,68,108.45,7176.55,1
13068,4482-FTFFX,5,56.15,291.45,0
13069,8859-DZTGQ,33,20.35,689.75,0
13070,0440-MOGPM,41,80.55,3263.9,0
13071,0020-JDNXP,34,61.25,1993.2,0
13072,3752-CQSJI,13,20.45,254.5,0
13073,5095-AESKG,3,91.5,242.95,1
13074,2887-JPYLU,41,45.2,1841.9,0
13075,1871-MOWRM,12,80.85,866.45,1
13076,9714-EDSUC,4,94.9,360.55,0
13077,5025-GOOKI,20,18.9,347.65,0
13078,4698-KVLLG,51,19.6,967.9,0
13079,4770-QAZXN,13,19.45,232.1,0
13080,4896-CPRPF,35,25.45,809.25,0
13081,7353-YOWFP,7,20.25,129.15,0
13082,1555-DJEQW,70,114.2,7723.9,1
13083,5649-TJHOV,27,36.5,1032.0,1
13084,0519-XUZJU,1,70.75,70.75,1
13085,3363-EWLGO,5,19.95,109.6,0
13086,4750-UKWJK,37,19.6,727.8,0
13087,6338-AVWCY,3,40.15,130.75,1
13088,1689-YQBYY,12,76.6,893.0,0
13089,4487-ZYJZK,38,19.6,763.1,0
13090,2959-FENLU,9,85.3,781.4,0
13091,0708-LGSMF,13,65.85,902.25,0
13092,9253-QXKBE,29,94.45,2653.65,1
13093,7634-HLQJR,47,20.05,1016.7,0
13094,0487-RPVUM,61,99.4,5943.65,0
13095,4079-ULGFR,16,20.0,275.7,0
13096,2516-XSJKX,41,78.45,3126.45,0
13097,8757-TFHHJ,1,49.8,49.8,0
13098,4523-WXCEF,59,101.1,6039.9,1
13099,5331-RGMTT,54,99.05,5295.7,0
13100,0057-QBUQH,43,25.1,1070.15,0
13101,9445-SZLCH,36,97.35,3457.9,1
13102,6599-SFQVE,6,55.0,340.4,0
13103,8331-ZXFOE,58,71.1,4299.2,0
13104,4003-FUSHP,19,61.55,1093.2,0
13105,0356-ERHVT,11,45.9,521.9,0
13106,7325-ENZFI,39,40.3,1630.4,0
13107,4884-ZTHVF,8,87.1,713.6,0
13108,3920-HIHMQ,26,49.5,1265.65,0
13109,3055-OYMSE,53,73.8,4003.85,0
13110,0613-WUXUM,70,19.2,1401.4,0
13111,7568-PODML,1,45.3,45.3,1
13112,4458-KVRBJ,59,25.0,1510.5,0
13113,5349-IECLD,2,94.95,178.1,1
13114,1397-XKKWR,7,35.3,264.8,0
13115,3945-GFWQL,12,44.55,480.6,1
13116,8097-OMULG,59,76.75,4541.9,0
13117,6013-BHCAW,61,81.0,4976.15,0
13118,0401-WDBXM,72,105.55,7542.25,0
13119,3387-PLKUI,13,18.8,251.25,0
13120,6096-EGVTU,64,24.9,1595.5,0
13121,3797-VTIDR,1,23.45,23.45,1
13122,5081-NWSUP,10,64.9,685.55,0
13123,2580-ATZSQ,65,61.35,3874.1,0
13124,8085-MSNLK,62,113.95,6891.4,0
13125,9691-HKOVS,55,90.15,4916.95,0
13126,9881-VCZEP,25,54.1,1373.0,0
13127,9526-BIHHD,1,29.7,29.7,1
13128,1468-DEFNC,64,24.4,1548.65,0
13129,5119-KEPFY,36,95.0,3440.25,0
13130,8364-TRMMK,3,50.65,151.3,1
13131,0916-KNFAJ,61,69.9,4226.7,0
13132,8319-QBEHW,26,39.95,1023.75,0
13133,3063-QFSZL,1,55.4,55.4,1
13134,8775-LHDJH,1,90.6,90.6,1
13135,9625-QNLUX,68,103.25,7074.4,0
13136,3097-NQYSN,2,86.85,156.35,1
13137,4024-CSNBY,72,94.25,6849.75,0
13138,7110-BDTWG,71,47.05,3263.6,0
13139,7493-GVFIO,57,20.55,1252.85,0
13140,0690-SRQID,4,19.65,67.55,0
13141,9605-WGJVW,1,70.2,70.2,0
13142,9114-DPSIA,72,81.0,5750.0,0
13143,4700-UBQMV,21,75.9,1549.75,0
13144,7711-GQBZC,71,24.7,1810.55,0
13145,3565-UNOCC,29,99.05,2952.85,1
13146,4627-MIHJH,69,110.25,7467.55,0
13147,9795-NREXC,64,85.0,5484.4,0
13148,8573-CGOCC,16,19.75,294.9,0
13149,7356-AYNJP,4,23.9,97.5,0
13150,9249-FXSCK,52,111.25,5916.45,1
13151,5493-SDRDQ,2,55.1,113.35,1
13152,4819-HJPIW,18,25.15,476.8,0
13153,8654-DHAOW,2,54.15,101.65,0
13154,6286-SUUWT,1,19.95,19.95,0
13155,5438-QMDDL,19,59.8,1130.85,0
13156,9812-GHVRI,40,83.85,3532.25,0
13157,5553-AOINX,66,104.9,6891.45,0
13158,1228-ZLNBX,21,75.3,1570.7,0
13159,4226-KKDON,8,66.65,520.95,0
13160,3831-YCPUO,72,109.5,7854.9,0
13161,7445-WMRBW,48,73.85,3581.4,0
13162,3308-DGHKL,69,19.3,1447.9,0
13163,9924-JPRMC,72,118.2,8547.15,0
13164,0080-EMYVY,14,51.45,727.85,0
13165,6218-KNUBD,6,59.45,357.6,0
13166,7337-CINUD,8,19.5,159.35,0
13167,7609-NRNCA,17,19.55,280.85,0
13168,0623-EJQEG,65,93.55,6069.25,0
13169,7153-CHRBV,57,59.3,3274.35,0
13170,0871-URUWO,13,102.25,1359.0,1
13171,9190-MFJLN,19,95.9,1777.9,1
13172,6198-PNNSZ,56,109.8,6109.65,0
13173,3317-VLGQT,14,78.1,1122.4,0
13174,4132-POCZS,52,39.9,2020.9,0
13175,5614-DNZCE,58,64.9,3795.45,0
13176,1095-JUDTC,47,95.05,4504.55,1
13177,3896-RCYYE,67,53.4,3579.15,0
13178,9638-JIQYA,2,24.9,49.7,0
13179,3258-SANFR,6,44.7,276.5,0
13180,3726-TBHQT,71,114.0,8175.9,0
13181,0644-OQMDK,4,70.65,293.85,0
13182,3190-ITQXP,46,20.25,890.35,0
13183,0870-VEMYL,5,53.85,259.8,1
13184,4833-QTJNO,67,83.85,5588.8,0
13185,3039-MJSLN,3,20.2,50.6,0
13186,0178-CIIKR,3,19.95,58.0,0
13187,5385-SUIRI,52,104.2,5568.35,1
13188,3982-XWFZQ,42,50.25,2203.65,1
13189,5774-QPLTF,50,20.35,938.95,0
13190,2322-VCZHZ,23,90.0,2024.1,0
13191,5010-IPEAQ,67,54.2,3623.95,0
13192,4009-ALQFH,25,99.5,2369.05,1
13193,6383-ZTSIW,39,99.1,3877.95,0
13194,8990-YOZLV,69,66.9,4577.9,0
13195,3069-SSVSN,1,25.85,25.85,0
13196,5222-IMUKT,32,91.05,2871.5,0
13197,3627-FCRDW,9,71.0,672.55,1
13198,7562-GSUHK,16,93.2,1573.7,1
13199,6685-XSHHU,60,20.95,1270.55,0
13200,8901-UPRHR,72,109.2,7711.45,0
13201,4903-UYAVB,5,19.35,126.05,1
13202,0118-JPNOY,26,85.8,2193.65,0
13203,0725-CXOTM,36,89.65,3348.1,0
13204,4343-EJVQB,7,74.35,533.6,0
13205,9000-PLFUZ,60,49.45,2907.55,0
13206,3427-GGZZI,19,89.1,1620.8,0
13207,7779-ORAEL,45,75.15,3480.35,0
13208,6776-TLWOI,3,19.85,64.55,1
13209,3845-FXCYS,2,19.65,31.2,0
13210,5857-XRECV,2,20.5,38.25,0
13211,4077-CROMM,31,104.2,3243.45,1
13212,3154-CFSZG,47,90.05,4137.2,0
13213,2868-MZAGQ,1,79.25,79.25,1
13214,4847-QNOKA,1,44.9,44.9,1
13215,2220-IAHLS,1,19.4,19.4,0
13216,1658-XUHBX,59,88.75,5348.65,0
13217,6379-RXJRQ,10,70.1,659.65,1
13218,2378-HTWFW,35,91.0,3180.5,0
13219,8650-RHRKE,4,29.65,118.5,1
13220,4377-VDHYI,32,90.8,3023.85,0
13221,0475-RIJEP,43,77.85,3365.85,1
13222,1260-TTRXI,4,54.3,195.3,1
13223,3719-TDVQB,54,18.95,1031.1,0
13224,6328-ZPBGN,11,95.15,997.65,1
13225,0201-MIBOL,66,102.4,6471.85,0
13226,4937-QPZPO,61,99.9,6241.35,0
13227,2925-VDZHY,72,88.7,6501.35,0
13228,6981-TDRFT,44,54.3,2317.1,0
13229,3413-CSSTH,41,55.7,2237.55,0
13230,8033-VCZGH,50,103.95,5231.3,0
13231,4789-KWMXN,47,110.85,5275.8,1
13232,8878-HMWBV,3,49.15,169.05,1
13233,8265-HKSOW,72,107.45,7658.3,0
13234,3544-FBCAS,72,83.6,5959.3,0
13235,0224-NIJLP,8,20.15,165.5,0
13236,7542-CYDDM,18,20.05,358.5,0
13237,4718-WXBGI,72,91.95,6614.9,0
13238,2867-UIMSS,1,80.5,80.5,1
13239,8495-PRWFH,42,55.65,2421.75,0
13240,0439-IFYUN,18,74.7,1294.6,0
13241,5716-LIBJC,13,104.15,1299.1,0
13242,2868-LLSKM,68,83.65,5733.4,0
13243,8111-RKSPX,4,72.2,305.55,1
13244,2988-QRAJY,69,110.05,7430.75,0
13245,1585-MQSSU,17,51.5,900.5,1
13246,0071-NDAFP,25,25.5,630.6,0
13247,2856-NNASM,43,89.55,3856.75,1
13248,7328-ZJAJO,59,19.5,1222.65,0
13249,6458-CYIDZ,5,80.7,374.8,0
13250,8559-CIZFV,21,77.5,1625.0,1
13251,1090-PYKCI,69,105.1,7234.8,0
13252,3058-WQDRE,13,25.15,331.85,0
13253,7547-EKNFS,42,95.25,3959.35,1
13254,2279-AXJJK,52,95.65,5088.4,0
13255,6769-DYBQN,46,85.0,3969.4,1
13256,0909-SELIE,61,80.8,4860.85,0
13257,3417-TSCIC,29,24.85,788.05,0
13258,1042-HFUCW,25,54.75,1266.35,0
13259,4439-JMPMT,5,85.75,470.95,1
13260,6537-OTKMY,15,50.75,688.2,0
13261,2446-BEGGB,6,98.25,560.6,1
13262,7162-WPHPM,58,71.6,4230.25,0
13263,8999-EXMNO,19,20.15,387.7,0
13264,6725-TPKJO,44,20.05,845.25,0
13265,1599-MMYRQ,62,81.45,4983.05,0
13266,8821-KVZKQ,70,58.4,4113.15,0
13267,1496-GGSUK,1,25.7,25.7,1
13268,6434-TTGJP,10,53.7,521.0,0
13269,0042-JVWOJ,26,19.6,471.85,0
13270,0130-SXOUN,66,89.4,5976.9,0
13271,2575-GFSOE,7,69.0,506.9,1
13272,2330-PQGDQ,51,84.2,4299.75,0
13273,1452-UZOSF,72,106.1,7548.6,0
13274,2097-YVPKN,65,25.75,1654.75,0
13275,2842-JTCCU,2,46.05,80.35,1
13276,8597-CTXVJ,70,64.95,4551.5,0
13277,6631-HMANX,72,85.45,6227.5,0
13278,9962-BFPDU,1,20.05,20.05,0
13279,3296-SILRA,1,76.4,76.4,1
13280,9681-OXGVC,5,100.5,514.0,1
13281,6394-HHHZM,3,20.7,57.5,0
13282,5995-LFTLE,58,25.3,1474.35,0
13283,5180-UCIIQ,22,40.05,880.2,1
13284,1932-UEDCX,33,100.6,3270.25,0
13285,7153-OANIO,1,69.95,69.95,1
13286,5188-HGMLP,54,74.0,3919.15,0
13287,0665-XHDJU,72,99.4,7285.7,0
13288,6521-YYTYI,1,93.3,93.3,1
13289,4759-PXTAN,59,80.1,4693.2,0
13290,7054-DMVAS,54,65.3,3512.9,0
13291,3428-MMGUB,60,89.55,5231.2,0
13292,6549-BTYPG,60,60.8,3603.45,0
13293,7823-JSOAG,3,74.5,217.45,0
13294,3705-RHRFR,69,99.15,6875.35,0
13295,9374-YOLBJ,1,19.25,19.25,0
13296,9074-KGVOX,50,39.45,2021.35,0
13297,6128-DAFVY,56,44.85,2564.95,0
13298,9933-QRGTX,60,97.2,5611.75,0
13299,4476-OSWTN,69,110.55,7610.1,0
13300,3751-KTZEL,1,35.05,35.05,1
13301,1977-STDKI,1,73.0,73.0,1
13302,5066-GFJMM,3,19.9,45.75,0
13303,2661-GKBTK,60,76.95,4543.95,0
13304,0458-HEUZG,13,35.4,450.4,0
13305,7268-WNTCP,62,20.45,1297.35,0
13306,0824-VWDPO,45,96.75,4442.75,0
13307,8409-WQJUX,25,54.2,1423.15,0
13308,2578-JQPHZ,44,100.1,4378.35,0
13309,3278-FSIXX,2,45.25,74.2,0
13310,5813-UECBU,33,83.85,2716.3,1
13311,0328-GRPMV,1,70.1,70.1,1
13312,9746-UGFAC,22,20.85,450.65,0
13313,2946-KIQSP,35,33.45,1175.85,0
13314,6726-WEXXK,27,85.9,2220.1,0
13315,4636-OLWOE,54,61.0,3283.05,0
13316,4342-HENTK,2,70.65,142.35,1
13317,0625-AFOHS,29,20.2,558.8,0
13318,4685-ERGHK,57,86.9,4939.25,0
13319,0885-HMGPY,62,69.4,4237.5,0
13320,5003-OKNNK,15,20.35,335.95,0
13321,4195-SMMNX,2,20.35,33.2,1
13322,7208-PSIHR,70,104.3,7188.5,0
13323,4012-ZTHBR,21,44.95,926.25,0
13324,0489-WMEMG,23,49.45,1119.35,0
13325,7435-ZNUYY,6,20.6,116.6,0
13326,1354-YZFNB,4,19.55,68.8,0
13327,6956-SMUCM,3,99.0,287.4,1
13328,2985-FMWYF,23,93.5,2341.55,0
13329,2812-ENYMO,26,54.55,1362.85,0
13330,2717-HVIZY,8,20.05,163.6,0
13331,3223-WZWJM,26,83.95,2254.2,1
13332,3422-GALYP,2,79.45,145.15,0
13333,9053-JZFKV,67,116.2,7752.3,1
13334,2530-ENDWQ,71,93.7,6585.35,1
13335,2890-WFBHU,59,79.85,4786.1,0
13336,0327-WFZSY,39,100.0,3835.55,0
13337,7977-HXJKU,21,19.6,397.0,0
13338,5022-JNQEQ,9,75.85,647.5,0
13339,4558-FANTW,17,91.85,1574.45,1
13340,3249-VHRIP,62,43.6,2748.7,0
13341,3736-BLEPA,28,91.25,2483.65,0
13342,4701-LKOZD,70,89.75,6367.2,0
13343,6615-ZGEDR,1,19.7,19.7,1
13344,7033-CLAMM,48,20.2,1027.25,0
13345,4023-RTIQM,31,50.4,1580.1,0
13346,0864-FVJNJ,64,113.35,7222.75,0
13347,7356-IWLFW,46,80.0,3769.7,0
13348,9541-PWTWO,52,80.95,4233.95,0
13349,3967-VQOGC,67,24.9,1680.25,0
13350,7872-RDDLZ,67,54.9,3725.5,0
13351,9250-WYPLL,5,75.55,413.65,1
13352,6308-CQRBU,71,109.25,7707.7,0
13353,2754-XBHTB,9,77.65,714.15,1
13354,1597-LHYNC,26,95.0,2497.2,1
13355,0186-CAERR,71,116.3,8309.55,0
13356,3043-SUDUA,32,19.9,601.55,0
13357,5442-BHQNG,2,70.35,139.25,0
13358,2169-RRLFW,71,25.6,1888.25,0
13359,5872-OEQNH,60,44.45,2773.9,0
13360,3162-KKZXO,55,100.15,5409.75,0
13361,7055-VKGDA,54,105.4,5643.4,1
13362,0754-UKWQP,2,95.85,197.7,1
13363,8873-GLDMH,6,73.85,401.3,0
13364,5696-JVVQY,48,70.1,3238.4,0
13365,7493-TPUWZ,1,79.15,79.15,1
13366,8904-OPDCK,54,24.95,1364.75,0
13367,8845-LWKGE,30,64.5,1985.15,0
13368,8752-STIVR,4,79.0,303.15,1
13369,0691-NIKRI,40,105.95,4335.2,0
13370,8946-BFWSG,63,25.25,1573.05,0
13371,0547-HURJB,12,21.05,235.8,0
13372,1577-HKTFG,30,19.65,655.85,1
13373,6603-QWSPR,46,104.4,4904.2,0
13374,9921-QFQUL,23,90.15,2044.95,0
13375,1929-ZCBHE,47,40.3,1794.8,0
13376,4378-MYPGO,68,105.25,7173.15,0
13377,8651-ENBZX,60,106.0,6441.4,1
13378,4129-LYCOI,67,104.0,7039.05,0
13379,7798-JVXYM,14,69.65,921.4,0
13380,8647-SDTWQ,57,74.3,4018.35,0
13381,2696-ECXKC,55,100.9,5448.6,0
13382,2081-KJSQF,1,20.25,20.25,0
13383,7623-TRNQN,1,49.9,49.9,1
13384,3323-CPBWR,23,96.9,2085.45,0
13385,9330-IJWIO,13,100.35,1358.85,1
13386,3384-CTMSF,47,104.1,5135.15,0
13387,0902-RFHOF,38,20.1,730.1,0
13388,9286-DOJGF,38,74.95,2869.85,1
13389,6048-QBXKL,2,56.55,118.25,0
13390,9661-MHUMO,1,49.25,49.25,1
13391,7718-RXDGG,15,68.6,1108.6,0
13392,1025-FALIX,26,69.05,1815.65,0
13393,8510-TMWYB,54,59.8,3246.45,0
13394,3258-ZKPAI,72,116.6,8337.45,0
13395,1428-IEDPR,52,109.3,5731.4,0
13396,5298-GSTLM,60,101.4,6176.6,0
13397,3451-VAWLI,35,19.7,730.4,0
13398,3407-QGWLG,3,20.05,75.45,0
13399,1842-EZJMK,50,103.7,5071.05,1
13400,2347-WKKAE,42,94.4,4014.6,0
13401,8735-DCXNF,10,54.95,568.85,0
13402,3214-IYUUQ,61,93.7,5860.7,0
13403,1936-UAFEH,68,110.25,7279.35,0
13404,3587-PMCOY,10,98.9,1064.95,0
13405,8079-XRJRS,65,89.75,5769.6,1
13406,1027-LKKQQ,72,80.45,5886.85,0
13407,7148-XZPHA,55,79.4,4238.45,0
13408,8073-IJDCM,1,20.3,20.3,1
13409,5309-TAIKL,7,62.8,418.3,0
13410,6856-RAURS,2,74.9,136.05,0
13411,8778-LMWTJ,9,74.85,708.2,0
13412,9717-IOAAF,27,25.85,788.55,0
13413,8884-ADFVN,7,101.95,700.85,1
13414,2845-KDHVX,64,68.3,4378.8,0
13415,0848-SOMKO,70,48.4,3442.8,0
13416,2720-WGKHP,2,94.0,181.7,1
13417,6734-FQAJX,67,105.05,7171.7,0
13418,2869-ADAWR,45,89.3,4016.85,1
13419,1535-VTJOQ,24,25.15,553.0,0
13420,0943-ZQPXH,44,92.95,4122.9,0
13421,9894-EZEWG,1,74.3,74.3,1
13422,7851-FLGGQ,1,44.65,44.65,1
13423,0637-UBJRP,13,84.05,1095.3,1
13424,6368-TZZDT,4,19.5,96.85,0
13425,1293-BSEUN,72,20.7,1482.3,0
13426,1302-TPUBN,66,19.35,1240.8,0
13427,0940-OUQEC,10,80.7,788.8,1
13428,2378-VTKDH,65,104.35,6578.55,0
13429,0927-CNGRH,1,19.55,19.55,0
13430,8608-OZTLB,38,74.05,2802.3,0
13431,2335-GSODA,23,40.1,857.75,0
13432,1952-DVVSW,10,20.1,184.4,0
13433,0702-PGIBZ,4,101.7,364.55,1
13434,6656-GULJQ,72,83.55,6093.3,0
13435,9853-JFZDU,35,56.85,1861.1,0
13436,1963-VAUKV,1,20.4,20.4,1
13437,3777-XROBG,58,19.55,1079.65,0
13438,6994-FGRHH,70,106.15,7475.1,0
13439,4000-VGMQP,38,78.95,2862.55,0
13440,3999-WRNGR,60,49.75,3069.45,0
13441,3466-RITXD,26,92.4,2349.8,0
13442,2680-XKKNJ,8,58.2,469.25,0
13443,3058-HJCUY,41,102.6,4213.35,1
13444,2974-GGUXS,36,91.95,3301.05,0
13445,7994-XIRTR,54,65.25,3529.95,0
13446,3259-FDWOY,71,106.0,7723.7,1
13447,2101-RANCD,55,73.1,4144.9,0
13448,7921-BEPCI,72,59.75,4265.0,0
13449,0807-ZABDG,3,55.1,154.65,1
13450,4450-YOOHP,39,50.65,1905.4,0
13451,6728-CZFEI,15,56.15,931.9,0
13452,5748-RNCJT,69,106.5,7348.8,1
13453,3653-NCRDJ,43,19.2,776.25,0
13454,6121-TNHBO,63,83.0,5243.05,0
13455,5119-NZPTV,2,70.1,141.65,0
13456,6519-ZHPXP,72,108.3,7679.65,0
13457,7739-LAXOG,32,91.05,2954.5,1
13458,3472-QPRCH,40,25.25,1006.9,0
13459,8224-UAXBZ,58,45.35,2540.1,0
13460,9610-WCESF,67,43.9,3097.2,0
13461,9776-CLUJA,51,77.5,3807.35,1
13462,2486-WYVVE,31,79.3,2484.0,0
13463,3865-ZYKAD,69,84.9,5785.65,0
13464,1422-DGUBX,32,79.25,2619.15,0
13465,2999-AANRQ,21,71.05,1524.85,0
13466,8668-KNZTI,52,53.75,2790.65,0
13467,0480-KYJVA,72,24.25,1784.5,0
13468,6034-ZRYCV,72,54.2,3937.45,1
13469,9746-YKGXB,52,44.25,2276.1,0
13470,3926-YZVVX,41,50.05,2029.05,0
13471,6000-UKLWI,41,20.15,802.35,0
13472,2079-FBMZK,6,69.25,418.4,1
13473,6332-FBZRI,67,69.35,4653.25,0
13474,8221-EQDGL,35,61.0,2130.45,0
13475,6608-QQLVK,1,50.5,50.5,1
13476,0298-XACET,52,50.2,2554.0,0
13477,7560-QJAVJ,70,79.6,5589.45,0
13478,2096-XOTMO,16,19.35,275.9,0
13479,3266-FTKHB,17,19.15,343.45,0
13480,2346-LOCWC,58,20.5,1191.4,0
13481,2995-YWTCD,19,24.9,467.7,0
13482,3551-HUAZH,1,74.4,74.4,1
13483,9137-UIYPG,35,106.9,3756.45,0
13484,2809-ZMYOQ,32,101.35,3334.9,0
13485,5084-OOVCJ,17,55.35,920.5,0
13486,0254-WWRKD,67,50.55,3431.75,0
13487,7727-SHVZV,9,19.5,150.35,0
13488,6302-JGYRJ,31,79.45,2587.7,1
13489,5339-PXDVH,4,90.65,367.95,0
13490,2205-LPVGL,58,89.85,5125.75,0
13491,8782-NUUOL,60,79.0,4801.1,0
13492,3685-YLCMQ,58,104.65,6219.6,1
13493,7601-WFVZV,1,19.55,19.55,0
13494,4609-KNNWG,27,19.9,550.1,0
13495,4868-AADLV,66,116.25,7862.25,0
13496,9529-OFXHY,15,87.75,1242.2,0
13497,8634-MPHTR,47,100.05,4871.05,1
13498,2669-QVCRG,41,81.3,3190.65,0
13499,2478-EEWWM,59,44.3,2666.75,0
13500,9174-IHETN,50,70.35,3533.6,0
13501,2233-TXSIU,17,44.45,792.15,0
13502,9644-UMGQA,6,49.15,295.65,0
13503,3256-EZDBI,51,29.45,1459.35,0
13504,8761-NSOBC,44,100.55,4398.15,1
13505,0419-YAAPX,49,85.3,4297.95,0
13506,8413-VONUO,2,95.65,167.3,1
13507,0872-CASZJ,59,69.1,4096.9,0
13508,4726-DLWQN,50,70.35,3454.6,0
13509,8164-OCKUJ,59,20.6,1286.0,0
13510,3094-JOJAI,18,74.15,1387.0,0
13511,9494-MRNYX,10,75.05,786.3,0
13512,2599-CZABP,14,44.6,641.25,0
13513,7945-PRBVF,35,21.45,705.45,0
13514,4544-RXFMG,8,43.45,345.5,0
13515,0859-YGKFW,18,20.05,345.9,0
13516,1150-FTQGN,60,94.15,5811.8,0
13517,9223-UCPVT,1,94.4,94.4,1
13518,7196-LIWRH,6,19.55,124.45,0
13519,5448-VWNAM,19,75.9,1375.6,0
13520,1177-XZBJL,53,64.15,3491.55,0
13521,3518-FSTWG,72,109.55,7920.7,0
13522,9330-VOFSZ,60,110.8,6640.7,0
13523,4351-QLCSU,1,55.0,55.0,1
13524,0939-EREMR,13,53.45,718.1,0
13525,9389-ACWBI,5,69.95,320.4,0
13526,5419-JPRRN,1,101.45,101.45,1
13527,3644-QXEHN,13,97.0,1334.45,0
13528,2911-IJORQ,37,90.6,3358.65,0
13529,5921-NGYRH,64,73.55,4764.0,0
13530,2100-BDNSN,5,67.95,350.3,1
13531,5998-DZLYR,61,94.35,5703.0,0
13532,0488-GSLFR,1,69.5,69.5,1
13533,9318-NKNFC,1,18.85,18.85,1
13534,3985-HOYPM,26,19.4,525.55,0
13535,9728-FTTVZ,1,69.2,69.2,1
13536,9548-LERKT,24,19.75,483.15,0
13537,6576-FBXOJ,17,54.6,934.8,0
13538,4310-KEDTB,26,29.8,786.5,0
13539,7254-IQWOZ,1,69.65,69.65,1
13540,2474-BRUCM,40,101.85,4086.3,1
13541,4062-HBMOS,52,103.05,5364.8,0
13542,0742-NXBGR,1,82.3,82.3,1
13543,2676-ISHSF,1,20.3,20.3,0
13544,9236-NDUCW,21,35.1,770.4,0
13545,4753-PADAS,67,105.7,6816.95,0
13546,6103-QCKFX,44,56.25,2419.55,0
13547,7781-EWARA,70,60.35,4138.7,0
13548,6110-OHIHY,3,79.25,267.6,1
13549,7018-FPXHH,56,59.8,3457.45,0
13550,5889-LFOLL,13,84.6,1115.2,1
13551,5708-EVONK,58,93.4,5435.6,1
13552,8708-XPXHZ,42,94.2,4186.3,1
13553,0616-ATFGB,1,25.05,25.05,1
13554,0572-ZJKLT,46,99.65,4630.2,0
13555,5135-RDDQL,63,50.65,3221.25,0
13556,1353-LJWEM,11,60.9,688.5,0
13557,1794-SWWKL,15,59.65,867.1,0
13558,6166-YIPFO,72,64.7,4746.05,0
13559,7016-BPGEU,29,25.1,712.85,1
13560,6876-ADESB,1,48.95,48.95,1
13561,9332-GYWLO,6,54.85,355.1,0
13562,1963-SVUCV,1,45.3,45.3,1
13563,4184-VODJZ,63,91.35,5764.7,0
13564,0220-EBGCE,2,85.85,167.3,1
13565,1092-WPIVQ,18,25.1,428.45,0
13566,7233-IOQNP,43,34.0,1505.35,0
13567,2834-JKOOW,15,45.9,693.45,0
13568,2754-VDLTR,10,95.2,930.4,1
13569,2400-FEQME,55,20.5,1177.95,0
13570,3190-XFANI,49,100.6,5069.65,1
13571,7551-DACSP,6,55.3,324.25,1
13572,4957-SREEC,70,20.35,1458.1,0
13573,7235-NXZCP,2,74.85,156.4,1
13574,0230-UBYPQ,63,36.1,2298.9,0
13575,4923-ADWXJ,25,65.8,1679.65,0
13576,1763-KUAAW,18,20.35,369.6,0
13577,1104-TNLZA,28,105.8,2998.0,0
13578,5195-KPUNQ,53,96.75,5206.55,0
13579,0520-FDVVT,35,102.35,3626.1,1
13580,3439-GVUSX,1,24.4,24.4,0
13581,1444-VVSGW,70,115.65,7968.85,1
13582,5712-PTIWW,2,79.85,152.45,1
13583,5949-HGVJL,26,73.05,1959.5,0
13584,5203-XEHAX,34,64.35,2053.05,0
13585,3315-TOTBP,15,76.0,1130.85,1
13586,8050-XGRVL,62,54.75,3425.35,0
13587,6661-HBGWL,42,104.75,4323.45,1
13588,1635-HDGFT,19,20.5,398.55,0
13589,1518-VOWAV,9,74.65,703.55,1
13590,9828-QHFBK,24,51.15,1275.7,0
13591,3908-MKIMJ,68,41.95,2965.75,0
13592,5012-YSPJJ,31,54.35,1647.0,0
13593,5909-ECHUI,1,56.25,56.25,1
13594,1309-BXVOQ,21,106.1,2249.95,1
13595,6728-VOIFY,63,96.0,6109.75,0
13596,9317-WZPGV,2,79.75,159.4,1
13597,4891-NLUBA,61,61.45,3751.15,0
13598,2856-HYAPG,1,68.65,68.65,1
13599,8969-PRHFK,18,19.65,411.25,0
13600,0661-KQHNK,6,19.0,105.5,0
13601,8709-KRDVL,33,100.0,3320.6,0
13602,4488-PSYCG,16,20.25,327.45,1
13603,1427-VERSM,56,98.7,5669.5,0
13604,9801-NOSHQ,23,19.8,465.45,0
13605,6339-YPSAH,9,73.8,704.3,0
13606,3621-CEOVK,14,100.2,1369.8,1
13607,6906-ANDWJ,15,74.9,1107.25,1
13608,2159-TURXX,5,20.05,95.55,0
13609,1548-FEHVL,61,106.2,6375.2,0
13610,3795-CAWEX,70,116.55,8152.3,0
13611,6215-NQCPY,15,99.7,1566.75,0
13612,5702-KVQRD,71,82.55,5832.65,0
13613,0083-PIVIK,64,81.25,5567.55,0
13614,9210-IAHGH,7,70.75,450.8,1
13615,5647-URDKA,8,19.7,130.25,0
13616,2229-DPMBI,8,19.5,162.15,0
13617,9626-WEQRM,4,29.15,110.05,0
13618,2188-SXWVT,34,55.0,1885.15,0
13619,6258-PVZWJ,68,90.8,6302.85,0
13620,1094-BKOSX,45,51.0,2264.5,0
13621,6969-MVBAI,9,90.1,816.8,0
13622,2978-XXSOG,22,59.05,1253.5,0
13623,2342-CKIAO,2,20.3,41.2,0
13624,6953-PBDIN,70,72.95,5265.55,0
13625,3898-BSJYF,10,73.55,693.3,0
13626,3938-YFPXD,72,84.3,5997.1,0
13627,7696-AMHOD,49,78.0,3824.2,0
13628,2453-SAFNS,54,72.1,3886.05,0
13629,9558-IHEZX,71,106.75,7283.25,0
13630,9617-UDPEU,22,19.25,412.55,0
13631,6340-DACFT,50,20.55,1070.25,0
13632,4955-VCWBI,43,20.0,817.95,0
13633,6813-GZQCG,45,24.65,1171.3,0
13634,7426-GSWPO,64,103.5,6548.65,0
13635,3389-KTRXV,23,23.85,625.65,0
13636,1031-IIDEO,1,70.85,70.85,1
13637,5832-XKAES,2,69.8,134.7,1
13638,3205-MXZRA,26,59.45,1507.0,0
13639,4701-AHWMW,55,54.55,2978.3,1
13640,3118-UHVVQ,68,25.8,1911.5,0
13641,8317-BVKSO,14,20.05,299.3,0
13642,6169-PGNCD,57,74.3,4166.35,0
13643,0023-XUOPT,13,94.1,1215.6,1
13644,4592-IWTJI,3,29.7,91.7,1
13645,4909-JOUPP,72,109.7,7898.45,0
13646,4657-FWVFY,40,96.35,3915.4,0
13647,2257-BOVXD,14,66.6,979.5,0
13648,7729-JTEEC,2,44.5,90.05,0
13649,7632-MNYOY,66,110.9,7432.05,1
13650,6518-LGAOV,38,105.0,4026.4,1
13651,7242-QZLXF,1,25.3,25.3,1
13652,4576-CSAJH,22,55.15,1193.05,1
13653,1000-AJSLD,1,20.1,20.1,1
13654,9696-RMYBA,5,80.1,398.55,0
13655,8690-UPCZI,29,69.05,1958.45,0
13656,1062-LHZOD,1,69.9,69.9,1
13657,9770-LXDBK,3,20.4,63.15,0
13658,4086-WITJG,71,19.7,1301.1,0
13659,8344-WFMFH,9,50.1,484.05,0
13660,9600-NAXZN,43,101.4,4528.0,1
13661,8822-KNBHV,48,83.45,3887.85,0
13662,8404-FYDIB,26,86.65,2208.75,0
13663,4075-WKNIU,0,73.35,0.0,0
13664,5090-EMGTC,59,100.05,6034.85,0
13665,1596-OQSPS,11,51.1,531.15,0
13666,9867-XOBQA,21,53.15,1183.2,0
13667,2791-SFVEW,9,20.15,238.15,0
13668,6457-USBER,1,80.8,80.8,1
13669,6762-NSODU,46,19.4,958.15,0
13670,4662-EKDPQ,2,62.05,118.3,1
13671,9248-OJYKK,1,76.45,76.45,1
13672,9888-ZCUMM,64,60.05,3845.45,0
13673,3398-FSHON,12,91.3,1094.5,1
13674,3319-DWOEP,6,95.75,573.75,1
13675,1074-WVEVG,59,20.35,1267.0,0
13676,9979-RGMZT,7,94.05,633.45,0
13677,6437-UDQJM,72,84.1,6129.65,0
13678,1226-IENZN,16,78.75,1218.25,0
13679,2108-GLPQB,25,55.55,1405.3,0
13680,9259-PACGQ,34,62.65,2274.9,1
13681,4415-IJZTP,1,74.5,74.5,1
13682,1465-VINDH,10,102.1,1068.85,1
13683,5474-LAMUQ,24,20.1,533.9,0
13684,3468-DRVQJ,10,70.3,676.15,0
13685,1122-YJBCS,69,53.65,3804.4,0
13686,4990-ALDGW,57,20.75,1118.8,0
13687,4816-OKWNX,50,103.4,5236.4,0
13688,3315-IKYZQ,28,50.8,1386.8,0
13689,2810-FTLEM,16,50.15,762.25,1
13690,4747-LCAQL,25,79.0,1902.0,0
13691,3411-WLRSQ,3,74.6,239.05,0
13692,0898-XCGTF,61,96.5,5673.7,0
13693,8722-PRFDV,71,77.55,5574.35,0
13694,8006-PYCSW,2,20.1,39.8,0
13695,8249-THVEC,51,19.4,997.75,0
13696,2164-SOQXL,20,20.05,406.05,0
13697,4020-KIUDI,6,19.85,138.85,0
13698,5850-BDWCY,6,20.2,123.65,0
13699,2038-YSEZE,29,67.45,1801.1,0
13700,0827-ITJPH,36,18.55,689.0,0
13701,8799-OXZMD,28,29.75,790.7,0
13702,1925-TIBLE,7,86.5,582.5,1
13703,1705-GUHPV,63,24.2,1618.2,0
13704,4779-ZGICK,48,23.55,1173.35,0
13705,0048-PIHNL,49,20.45,900.9,0
13706,0818-OCPZO,27,81.45,2122.05,1
13707,3967-KXAPS,72,92.3,6719.9,0
13708,1447-GIQMR,1,69.15,69.15,1
13709,3704-IEAXF,72,53.65,3784.0,0
13710,6810-VCAEX,47,39.65,1798.65,0
13711,0674-EYYZV,1,54.65,54.65,0
13712,4480-MBMLB,36,104.8,3886.45,0
13713,1395-OFUWC,43,29.3,1224.05,0
13714,0822-QGCXA,27,83.85,2310.2,0
13715,0872-NXJYS,9,79.55,723.4,1
13716,2832-KJCRD,38,103.65,3988.5,0
13717,3588-WSTTJ,35,99.05,3554.6,0
13718,2346-CZYIL,27,20.35,531.6,0
13719,3798-EPWRR,2,43.95,85.1,0
13720,6258-NGCNG,7,23.5,173.0,0
13721,4186-ZBUEW,36,70.7,2511.95,0
13722,5274-XHAKY,41,94.3,3893.6,0
13723,1442-BQPVU,13,29.15,357.15,0
13724,3978-YNKDD,19,20.85,467.5,0
13725,4940-KHCWD,60,37.7,2288.7,0
13726,9412-ARGBX,48,95.5,4627.85,1
13727,1389-CXMLU,3,91.05,289.1,1
13728,9589-ABEPT,69,92.45,6460.55,0
13729,9388-ZEYVT,43,44.15,1931.3,0
13730,0305-SQECB,11,36.05,402.6,0
13731,7605-SNLQG,45,50.25,2221.55,0
13732,4670-TABXH,72,109.75,7758.9,0
13733,5561-NWEVX,2,79.2,172.85,1
13734,0064-SUDOG,12,20.3,224.5,0
13735,8561-NMTBD,67,112.35,7388.45,0
13736,5161-XEUVX,37,94.3,3460.95,0
13737,8292-FRFZQ,39,41.15,1700.9,0
13738,8591-NXRCV,41,74.65,3090.65,0
13739,7895-VONWT,25,48.25,1293.8,0
13740,4526-RMTLL,8,76.15,645.8,0
13741,6253-GNHWH,71,71.1,5224.95,0
13742,4566-NECEV,5,96.55,500.1,0
13743,8080-POTJR,30,79.3,2427.1,0
13744,6906-MPARY,40,89.6,3488.15,0
13745,8107-RZLNV,72,106.3,7565.35,0
13746,3662-FXJFO,54,20.5,1035.7,0
13747,0516-OOHAR,28,100.35,2799.0,0
13748,2027-CWDNU,18,85.6,1601.5,0
13749,2737-WFVYW,2,45.25,85.5,1
13750,9912-OMZDS,59,106.15,6256.2,0
13751,3733-ZEECP,22,51.1,1232.9,0
13752,7878-RTCZG,1,19.9,19.9,0
13753,2452-MRMZF,72,25.7,1937.4,0
13754,2272-QAGFO,14,74.3,1096.25,1
13755,7103-IPXPJ,50,99.4,5059.75,0
13756,4342-HFXWS,48,69.7,3023.65,0
13757,3545-CNWRG,49,98.35,4889.2,0
13758,1785-BPHTP,28,85.45,2289.9,0
13759,4989-LIXVT,68,95.9,6503.2,0
13760,7315-WYOAW,13,100.75,1313.25,0
13761,1173-XZPYF,11,89.2,990.3,0
13762,9850-OWRHQ,3,74.1,228.0,1
13763,3768-NLUBH,57,100.6,5746.15,1
13764,8676-TRMJS,3,75.0,209.1,1
13765,2509-TFPJU,72,25.75,1864.2,0
13766,9530-GRMJG,70,84.1,5979.7,0
13767,6898-RBTLU,49,79.3,3902.45,0
13768,5481-NTDOH,67,107.05,7142.5,0
13769,8469-SNFFH,70,79.4,5528.9,0
13770,2144-ESWKO,43,35.2,1463.7,0
13771,0076-LVEPS,29,45.0,1242.45,0
13772,3640-JQGJG,13,44.8,559.2,0
13773,4919-MOAVT,3,69.65,220.1,1
13774,2068-WWXQZ,46,20.05,902.0,0
13775,7359-SSBJK,64,70.2,4481.0,1
13776,2061-VVFST,37,19.5,805.2,0
13777,0685-MLYYM,2,70.75,154.85,1
13778,0749-IRGQE,13,45.3,528.45,0
13779,2380-DAMQP,72,115.15,8349.7,0
13780,2256-YLYLP,68,72.95,4953.25,0
13781,1272-ILHFG,15,19.65,332.65,0
13782,0164-XAIRP,24,19.55,470.2,0
13783,5666-CYCYZ,24,89.55,2259.35,0
13784,4011-ARPHK,27,50.35,1411.35,0
13785,8182-PNAGI,12,50.25,593.75,1
13786,6365-HITVU,71,87.25,6328.7,0
13787,7558-IMLMT,67,20.8,1411.9,0
13788,9488-FYQAU,63,109.25,6841.4,0
13789,3590-TCXTB,1,20.35,20.35,0
13790,6994-KERXL,4,55.9,238.5,0
13791,7957-RYHQD,40,79.2,3233.85,1
13792,2180-DXNEG,12,96.0,1062.1,1
13793,1960-UOTYM,52,79.2,4016.3,0
13794,2740-JFBOK,10,24.0,226.55,0
13795,6500-JVEGC,68,101.35,7110.75,0
13796,5515-AKOAJ,54,100.1,5440.9,1
13797,8976-OQHGT,4,56.5,235.1,1
13798,5245-VDBUR,52,35.45,1958.95,0
13799,6230-BSUXY,1,85.0,85.0,1
13800,1241-FPMOF,52,19.65,1025.05,0
13801,9928-BZVLZ,12,49.85,552.1,0
13802,4114-QMKVN,56,68.75,3815.4,0
13803,2775-SEFEE,0,61.9,0.0,0
13804,9003-CPATH,42,79.9,3313.4,0
13805,1754-GKYPY,22,89.75,1938.9,0
13806,5294-CDGWY,51,59.3,3014.65,1
13807,7956-XQWGU,27,19.4,460.25,0
13808,1591-MQJTP,51,93.65,4839.15,0
13809,5295-PCJOO,4,49.4,184.4,1
13810,2369-FEVNO,1,19.9,19.9,0
13811,9863-JZAIC,35,55.0,2010.55,1
13812,7471-MQPOS,71,72.9,5139.65,0
13813,7660-HDPJV,1,69.2,69.2,1
13814,5115-SQAAU,69,25.6,1673.4,0
13815,9845-QOMAD,14,19.75,309.35,0
13816,7672-VFMXZ,57,55.7,3171.6,0
13817,9739-JLPQJ,72,117.5,8670.1,0
13818,9916-AYHTC,48,19.85,916.0,0
13819,3855-ONCAR,4,78.9,299.75,0
13820,1488-SYSFC,31,20.65,702.05,0
13821,7931-PXHFC,38,62.3,2354.8,1
13822,3990-QYKBE,37,92.5,3473.4,1
13823,3259-KNMRR,57,79.75,4438.2,0
13824,6120-RJKLU,62,79.95,4819.75,0
13825,9572-WUKSB,3,29.9,92.25,0
13826,0970-QXPXW,1,19.65,19.65,0
13827,5893-KCLGT,72,19.75,1567.0,0
13828,9546-KDTRB,19,24.7,465.85,0
13829,3090-HAWSU,61,111.6,6876.05,1
13830,9820-RMCQV,11,48.55,501.0,1
13831,3174-RKMOW,35,109.95,3782.4,0
13832,1760-CAZHT,25,20.8,460.2,0
13833,7839-QRKXN,1,20.2,20.2,1
13834,8441-SHIPE,67,25.6,1790.35,0
13835,5204-QZXPU,19,39.65,733.35,1
13836,4597-ELFTS,56,24.9,1334.0,1
13837,1320-GVNHT,72,108.4,7767.25,0
13838,1047-RNXZV,43,19.55,876.15,0
13839,3541-ZNUHK,55,85.1,4600.95,0
13840,8450-JOVAH,2,56.7,113.55,1
13841,8725-JEDFD,27,69.05,1793.25,0
13842,7562-UXTPG,13,70.15,886.7,0
13843,8071-SBTRN,70,111.15,7737.55,0
13844,1113-IUJYX,14,105.95,1348.9,1
13845,6668-CNMFP,19,89.35,1686.85,0
13846,5626-MGTUK,20,89.1,1879.25,0
13847,5681-LLOEI,43,91.25,4013.8,0
13848,8212-DJRCH,5,90.35,434.5,0
13849,4323-OHFOW,70,105.55,7195.35,0
13850,8775-CEBBJ,9,44.2,403.35,1
13851,4933-BSAIP,40,19.1,780.1,0
13852,2030-BTZRO,6,20.4,107.6,0
13853,1116-DXXDF,39,100.45,3801.7,0
13854,9274-CNFMO,4,74.95,308.7,1
13855,7758-XKCBS,15,29.7,438.25,1
13856,8992-JQYUN,1,50.35,50.35,1
13857,6563-VNPMN,45,85.7,3778.1,0
13858,0617-AQNWT,64,47.85,3147.5,1
13859,2267-WTPYD,57,94.0,5438.95,0
13860,0270-THENM,72,69.85,5102.35,0
13861,2446-PLQVO,1,70.3,70.3,1
13862,4707-MAXGU,72,25.85,1872.2,0
13863,2710-WYVXG,3,71.1,213.35,0
13864,3005-NFMTA,55,98.8,5617.75,1
13865,6300-BWMJX,59,93.35,5386.5,0
13866,8784-CGILN,18,99.85,1776.95,1
13867,5389-FFVKB,32,80.3,2483.05,1
13868,7009-LGECI,4,50.55,235.65,0
13869,8444-WRIDW,66,80.45,5224.35,1
13870,5022-KVDQT,27,81.3,2272.8,0
13871,7976-CICYS,4,20.7,83.75,0
13872,1036-GUDCL,60,79.05,4663.4,0
13873,2005-DWQZJ,8,19.05,201.7,0
13874,9451-LPGOO,7,86.8,620.35,1
13875,9129-UXERG,18,103.6,1806.35,0
13876,3635-JBPSG,15,38.8,603.0,0
13877,7964-ZRKKG,67,88.4,5798.3,0
13878,8148-WOCMK,8,19.6,125.0,0
13879,7815-PDTHL,35,20.2,684.4,0
13880,9173-IVZVP,53,20.9,1146.05,0
13881,5868-YWPDW,6,84.2,519.15,1
13882,6229-LSCKB,6,79.7,497.6,0
13883,2025-JKFWI,13,99.0,1301.7,1
13884,4078-SAYYN,11,100.75,1129.75,1
13885,1724-IQWNM,1,19.3,19.3,0
13886,8217-QYOHV,5,55.75,266.95,0
13887,5546-QUERU,13,19.95,257.0,0
13888,9940-HPQPG,9,91.75,865.8,1
13889,6897-UUBNU,29,89.65,2623.65,0
13890,6127-IYJOZ,1,45.85,45.85,0
13891,6618-RYATB,1,79.55,79.55,1
13892,8930-XOTDP,18,55.95,1082.8,0
13893,5916-QEWPT,2,69.0,147.8,0
13894,5060-TQUQN,30,83.55,2570.2,0
13895,0531-XBKMM,66,65.7,4378.9,0
13896,8465-SBRXP,38,94.9,3616.25,0
13897,2408-PSJVE,44,61.9,2924.05,0
13898,9079-YEXQJ,54,111.1,6014.85,1
13899,9700-ZCLOT,2,20.0,32.7,0
13900,8738-JOKAR,42,67.7,2882.25,0
13901,7603-USHJS,12,73.75,871.4,1
13902,7234-FECYN,8,101.35,780.5,1
13903,3191-CSNMG,3,80.7,239.45,0
13904,7952-OBOYL,3,89.85,244.45,0
13905,4534-WGCIR,58,25.15,1509.9,0
13906,1930-WNXSB,58,92.85,5305.05,0
13907,2685-SREOM,25,89.1,2368.4,1
13908,3508-CFVZL,71,111.3,7985.9,0
13909,0402-CQAJN,37,101.9,3545.35,1
13910,6692-UDPJC,14,91.65,1301.0,1
13911,1273-MTETI,4,88.85,372.45,1
13912,0657-DOGUM,48,60.6,2985.25,0
13913,5480-HPRRX,3,25.3,77.75,1
13914,8792-AOROI,8,65.5,564.35,0
13915,0295-PPHDO,1,95.45,95.45,1
13916,5146-YYFRZ,67,19.95,1311.75,0
13917,1195-OIYEJ,13,91.1,1135.7,1
13918,5906-CVLHP,45,54.15,2319.8,1
13919,3452-SRFEG,49,74.6,3720.35,0
13920,4070-OKWVH,52,94.6,5025.8,0
13921,5297-MDOIR,63,81.15,5224.5,0
13922,6369-MCAKO,68,89.05,6185.8,0
13923,4926-UMJZD,31,49.2,1498.55,0
13924,6848-HJTXY,64,19.45,1208.6,0
13925,6341-AEVKX,62,104.3,6613.65,0
13926,4501-EQDRN,1,69.7,69.7,1
13927,2990-HWIML,6,89.5,573.3,1
13928,0682-USIXD,21,86.05,1818.9,0
13929,7078-NVFAM,32,35.15,1051.05,0
13930,8065-QBYTO,71,99.65,7181.25,0
13931,2133-TSRRM,34,105.35,3688.6,0
13932,7384-GHBPI,3,35.15,99.75,1
13933,6976-BWGLQ,72,25.2,1787.35,0
13934,2511-ALLCS,35,24.3,821.6,0
13935,7470-DYNOE,53,61.1,3357.9,0
13936,7853-OETYL,4,29.05,129.6,0
13937,1545-ACTAS,48,99.7,4977.2,0
13938,5876-HZVZM,6,55.9,365.35,1
13939,1400-MMYXY,3,105.9,334.65,1
13940,5126-RCXYW,54,46.0,2424.05,0
13941,3085-QUOZK,1,43.95,43.95,1
13942,2363-BJLSL,62,80.4,4981.15,0
13943,1956-YIFGE,22,100.05,2090.25,0
13944,3926-CUQZX,1,45.1,45.1,1
13945,7921-LMDFQ,51,94.0,4905.75,0
13946,2925-MXLSX,30,68.95,2038.7,0
13947,5820-PTRYM,56,68.45,4014.0,0
13948,9609-BENEA,35,69.0,2441.7,0
13949,6211-WHMYA,64,43.85,2751.0,0
13950,4459-BBGHE,30,44.5,1307.8,0
13951,9945-PSVIP,25,18.7,383.65,0
13952,1041-RXHRA,41,70.25,2868.05,1
13953,1750-CSKKM,9,55.35,449.75,1
13954,9108-EJFJP,1,53.55,53.55,0
13955,0530-IJVDB,70,114.6,7882.5,0
13956,0508-SQWPL,57,20.1,1087.7,0
13957,2215-ZAFGX,9,85.5,791.7,0
13958,8213-TAZPM,69,108.75,7493.05,0
13959,7142-HVGBG,43,103.0,4414.3,1
13960,1304-SEGFY,72,97.85,6841.3,0
13961,7242-EDTYC,44,19.55,819.95,0
13962,2904-GGUAZ,72,84.05,6052.25,0
13963,8267-ZNYVZ,33,103.75,3361.05,1
13964,5136-GFPMB,54,89.4,4869.5,0
13965,2595-KIWPV,27,19.7,509.3,0
13966,5243-SAOTC,54,79.85,4308.25,0
13967,9398-MMQTO,3,74.45,221.1,0
13968,7619-PLRLP,53,74.1,3833.95,0
13969,6457-GIRWB,1,69.35,69.35,1
13970,6508-NJYRO,15,18.8,294.95,0
13971,1450-SKCVI,56,73.85,4092.85,1
13972,4710-NKCAW,5,64.4,316.9,0
13973,5306-BVTKJ,48,55.8,2651.2,0
13974,0357-NVCRI,25,20.05,471.7,0
13975,5570-PTWEH,3,75.15,216.75,1
13976,2371-KFUOG,58,99.15,5720.95,0
13977,0463-ZSDNT,10,56.75,503.25,0
13978,6502-MJQAE,1,69.6,69.6,1
13979,6257-DTAYD,71,104.15,7365.3,0
13980,4616-ULAOA,65,110.8,7245.9,0
13981,7693-LCKZL,5,80.15,385.0,1
13982,7746-AWNQW,28,35.75,961.4,0
13983,5996-EBTKM,67,69.9,4615.9,0
13984,2758-RNWXS,35,89.2,3251.3,0
13985,2314-TNDJQ,72,55.65,3880.05,0
13986,2405-LBMUW,61,50.7,3088.75,0
13987,0032-PGELS,1,30.5,30.5,1
13988,3454-JFUBC,68,20.0,1396.0,0
13989,9039-ZVJDC,3,19.1,53.05,0
13990,6797-LNAQX,70,98.3,6859.5,1
13991,9013-AQORL,48,45.55,2108.35,0
13992,2898-MRKPI,68,101.05,6770.5,0
13993,2750-BJLSB,47,103.7,4730.6,0
13994,3648-GZPHF,32,36.25,1151.05,0
13995,2075-RMJIK,5,49.4,232.55,0
13996,9588-YRFHY,49,19.9,1022.6,0
13997,6394-MFYNG,48,107.4,5121.3,1
13998,1564-NTYXF,13,82.0,1127.2,1
13999,9364-YKUVW,15,19.8,309.4,0
14000,5392-AKEMH,12,45.05,523.1,0
14001,2451-YMUXS,67,64.55,4250.1,0
14002,3914-FDRHP,9,86.25,770.5,0
14003,3078-ZKNTS,13,19.75,246.7,0
14004,1024-KPRBB,38,89.1,3342.0,0
14005,4690-PKDQG,42,95.55,3930.6,0
14006,8155-IBNHG,24,75.4,1747.85,1
14007,0886-QGENL,27,101.25,2754.45,1
14008,9547-ITEFG,9,102.6,897.75,0
14009,1264-FUHCX,49,56.3,2780.6,0
14010,7789-CRUVC,61,94.2,5895.45,0
14011,6598-KELSS,50,43.05,2208.05,0
14012,8739-WWKDU,25,89.5,2196.15,1
14013,8685-WHQPW,22,74.4,1692.6,1
14014,6304-IJFSQ,3,49.9,130.1,1
14015,4745-LSPLO,1,20.5,20.5,1
14016,8083-YTZES,4,74.35,265.35,1
14017,7240-FQLHE,18,99.75,1836.25,1
14018,6664-FPDAC,56,111.95,6418.9,1
14019,9972-VAFJJ,53,94.0,4871.45,0
14020,0422-UXFAP,51,98.85,4947.55,0
14021,1904-WAJAA,24,64.35,1558.65,0
14022,5130-YPIRV,62,72.0,4284.2,0
14023,2843-CQMEG,24,49.7,1218.25,0
14024,6439-PKTRR,70,80.7,5617.95,0
14025,5351-QESIO,1,24.2,24.2,0
14026,0786-VSSUD,16,39.0,679.85,1
14027,5568-DMXZS,8,65.45,554.45,0
14028,8468-FZTOE,72,74.35,5237.4,0
14029,6633-SYEUS,23,83.2,2032.3,0
14030,6447-GORXK,31,25.0,789.2,0
14031,6967-PEJLL,37,40.2,1525.35,0
14032,3976-BWUCK,30,94.1,2804.45,1
14033,5981-ZVXOT,35,108.35,3726.15,0
14034,1684-FLBGS,23,69.5,1652.1,0
14035,1389-WNUIB,20,76.0,1588.75,0
14036,0376-OIWME,36,93.6,3366.05,0
14037,3585-ISXZP,8,95.65,778.1,1
14038,0218-QNVAS,71,100.55,7113.75,0
14039,6583-QGCSI,50,88.05,4367.35,1
14040,7164-BPTUT,57,89.55,5012.35,0
14041,4174-LPGTI,41,66.5,2728.6,1
14042,2523-EWWZL,27,76.1,2093.4,0
14043,0928-XUTSN,13,80.5,1011.8,0
14044,2108-XWMPY,3,35.45,106.85,1
14045,0804-YGEQV,43,24.45,993.15,0
14046,0052-YNYOT,67,20.55,1343.4,0
14047,9586-JGQKH,64,105.4,6794.75,0
14048,4501-VCPFK,26,35.75,1022.5,0
14049,6075-SLNIL,38,95.1,3691.2,0
14050,9347-AERRL,23,19.3,486.2,0
14051,0093-XWZFY,40,104.5,4036.85,1
14052,2274-XUATA,72,63.1,4685.55,0
14053,1980-KXVPM,3,75.05,256.25,1
14054,7703-ZEKEF,23,81.0,1917.1,1
14055,0723-DRCLG,1,74.45,74.45,1
14056,5482-NUPNA,4,60.4,272.15,1
14057,6691-CCIHA,62,84.95,5150.55,0
14058,1685-BQULA,40,93.4,3756.4,0
14059,9053-EJUNL,41,89.2,3645.75,0
14060,0666-UXTJO,34,85.2,2874.45,0
14061,1471-GIQKQ,1,49.95,49.95,0
14062,4807-IZYOZ,51,20.65,1020.75,0
14063,1122-JWTJW,1,70.65,70.65,1
14064,9710-NJERN,39,20.15,826.0,0
14065,9837-FWLCH,12,19.2,239.0,0
14066,1699-HPSBG,12,59.8,727.8,1
14067,7203-OYKCT,72,104.95,7544.3,0
14068,1035-IPQPU,63,103.5,6479.4,0
14069,7398-LXGYX,44,84.8,3626.35,0
14070,2823-LKABH,18,95.05,1679.4,0
14071,0550-DCXLH,13,73.35,931.55,0
14072,9281-CEDRU,68,64.1,4326.25,0
14073,2235-DWLJU,6,44.4,263.05,0
14074,0871-OPBXW,2,20.05,39.25,0
14075,3605-JISKB,55,60.0,3316.1,0
14076,6894-LFHLY,1,75.75,75.75,1
14077,9767-FFLEM,38,69.5,2625.25,0
14078,0639-TSIQW,67,102.95,6886.25,1
14079,8456-QDAVC,19,78.7,1495.1,0
14080,7750-EYXWZ,12,60.65,743.3,0
14081,2569-WGERO,72,21.15,1419.4,0
14082,6840-RESVB,24,84.8,1990.5,0
14083,2234-XADUH,72,103.2,7362.9,0
14084,4801-JZAZL,11,29.6,346.45,0
14085,8361-LTMKD,4,74.4,306.6,1
14086,3186-AJIEK,66,105.65,6844.5,0
