customerID,Churn,Churn_Probability,Predicted_Churn,Contract,InternetService,PaymentMethod,tenure,MonthlyCharges
7590-VHVEG,No,0.8207335,1,Month-to-month,DSL,Electronic check,1,29.85
5575-GNVDE,No,0.07395959,0,One year,DSL,Mailed check,34,56.95
3668-QPYBK,Yes,0.6155755,1,Month-to-month,DSL,Mailed check,2,53.85
7795-CFOCW,No,0.07524233,0,One year,DSL,Bank transfer (automatic),45,42.3
9237-HQITU,Yes,0.80261916,1,Month-to-month,Fiber optic,Electronic check,2,70.7
9305-CDSKC,Yes,0.93727314,1,Month-to-month,Fiber optic,Electronic check,8,99.65
1452-KIOVK,No,0.5778344,1,Month-to-month,Fiber optic,Credit card (automatic),22,89.1
6713-OKOMC,No,0.3774371,0,Month-to-month,DSL,Mailed check,10,29.75
7892-POOKP,Yes,0.8342561,1,Month-to-month,Fiber optic,Electronic check,28,104.8
6388-TABGU,No,0.03938244,0,One year,DSL,Bank transfer (automatic),62,56.15
9763-GRSKD,No,0.34377778,0,Month-to-month,DSL,Mailed check,13,49.95
7469-LKBCI,No,0.010651792,0,Two year,No,Credit card (automatic),16,18.95
8091-TTVAX,No,0.5076324,1,One year,Fiber optic,Credit card (automatic),58,100.35
0280-XJGEX,Yes,0.7682364,1,Month-to-month,Fiber optic,Bank transfer (automatic),49,103.7
5129-JLPIS,No,0.7494115,1,Month-to-month,Fiber optic,Electronic check,25,105.5
3655-SNQYZ,No,0.07631938,0,Two year,Fiber optic,Credit card (automatic),69,113.25
8191-XWSZG,No,0.029120281,0,One year,No,Mailed check,52,20.65
9959-WOFKT,No,0.13750164,0,Two year,Fiber optic,Bank transfer (automatic),71,106.7
4190-MFLUW,Yes,0.5067614,1,Month-to-month,DSL,Credit card (automatic),10,55.2
4183-MYFRB,No,0.7377577,1,Month-to-month,Fiber optic,Electronic check,21,90.05
8779-QRDMV,Yes,0.9211851,1,Month-to-month,DSL,Electronic check,1,39.65
1680-VDCWW,No,0.10466897,0,One year,No,Bank transfer (automatic),12,19.8
1066-JKSGK,Yes,0.62732655,1,Month-to-month,No,Mailed check,1,20.15
3638-WEABW,No,0.033566352,0,Two year,DSL,Credit card (automatic),58,59.9
6322-HRPFA,No,0.12971972,0,Month-to-month,DSL,Credit card (automatic),49,59.6
6865-JZNKO,No,0.33367574,0,Month-to-month,DSL,Bank transfer (automatic),30,55.3
6467-CHFZW,Yes,0.7857075,1,Month-to-month,Fiber optic,Electronic check,47,99.35
8665-UTDHZ,Yes,0.7275057,1,Month-to-month,DSL,Electronic check,1,30.2
5248-YGIJN,No,0.0045683794,0,Two year,DSL,Credit card (automatic),72,90.25
8773-HHUOZ,Yes,0.47934765,1,Month-to-month,DSL,Mailed check,17,64.7
3841-NFECX,No,0.02917921,0,Two year,Fiber optic,Credit card (automatic),71,96.35
4929-XIHVW,No,0.8896952,1,Month-to-month,Fiber optic,Credit card (automatic),2,95.5
6827-IEAUQ,No,0.06942405,0,One year,DSL,Mailed check,27,66.15
7310-EGVHZ,No,0.5391019,1,Month-to-month,No,Bank transfer (automatic),1,20.2
3413-BMNZE,No,0.79342127,1,Month-to-month,DSL,Bank transfer (automatic),1,45.25
6234-RAAPL,No,0.008548496,0,Two year,Fiber optic,Bank transfer (automatic),72,99.9
6047-YHPVI,Yes,0.7760989,1,Month-to-month,Fiber optic,Electronic check,5,69.7
6572-ADKRS,No,0.4195504,0,Month-to-month,Fiber optic,Credit card (automatic),46,74.8
5380-WJKOV,Yes,0.7129484,1,Month-to-month,Fiber optic,Electronic check,34,106.35
8168-UQWWF,Yes,0.9322846,1,Month-to-month,Fiber optic,Bank transfer (automatic),11,97.85
8865-TNMNX,No,0.18654834,0,One year,DSL,Mailed check,10,49.55
9489-DEDVP,No,0.12214842,0,Two year,DSL,Credit card (automatic),70,69.2
9867-JCZSP,No,0.066963755,0,One year,No,Mailed check,17,20.75
4671-VJLCL,No,0.06757317,0,Two year,DSL,Credit card (automatic),63,79.85
4080-IIARD,No,0.5315141,1,Month-to-month,DSL,Electronic check,13,76.2
3714-NTNFO,No,0.7290824,1,Month-to-month,Fiber optic,Electronic check,49,84.5
5948-UJZLF,No,0.6610035,1,Month-to-month,DSL,Mailed check,2,49.25
7760-OYPDY,Yes,0.88960576,1,Month-to-month,Fiber optic,Electronic check,2,80.65
7639-LIAYI,No,0.03726448,0,Two year,DSL,Credit card (automatic),52,79.75
2954-PIBKO,No,0.023247425,0,Two year,DSL,Credit card (automatic),69,64.15
8012-SOUDQ,No,0.66759884,1,Month-to-month,Fiber optic,Electronic check,43,90.25
9420-LOJKX,Yes,0.83932745,1,Month-to-month,Fiber optic,Credit card (automatic),15,99.1
6575-SUVOI,No,0.18194543,0,Month-to-month,DSL,Credit card (automatic),25,69.5
7495-OOKFY,Yes,0.8922279,1,Month-to-month,Fiber optic,Credit card (automatic),8,80.65
4667-QONEA,No,0.12639299,0,One year,DSL,Credit card (automatic),60,74.85
1658-BYGOY,Yes,0.85134727,1,Month-to-month,Fiber optic,Electronic check,18,95.45
8769-KKTPH,No,0.30472893,0,One year,Fiber optic,Credit card (automatic),63,99.65
5067-XJQFU,No,0.3788728,0,One year,Fiber optic,Electronic check,66,108.45
3957-SQXML,No,0.03878666,0,Two year,No,Credit card (automatic),34,24.95
5954-BDFSG,No,0.03786213,0,Two year,Fiber optic,Credit card (automatic),72,107.5
0434-CSFON,No,0.8259533,1,Month-to-month,Fiber optic,Electronic check,47,100.5
1215-FIGMP,No,0.31821465,0,Month-to-month,Fiber optic,Bank transfer (automatic),60,89.9
0526-SXDJP,No,0.00959937,0,Two year,DSL,Bank transfer (automatic),72,42.1
0557-ASKVU,No,0.26839986,0,One year,DSL,Credit card (automatic),18,54.4
5698-BQJOH,Yes,0.841101,1,Month-to-month,Fiber optic,Electronic check,9,94.4
5122-CYFXA,No,0.5257931,1,Month-to-month,DSL,Electronic check,3,75.3
8627-ZYGSZ,No,0.28582668,0,One year,Fiber optic,Electronic check,47,78.9
3410-YOQBQ,No,0.045684725,0,Two year,DSL,Mailed check,31,79.2
3170-NMYVV,No,0.028587824,0,Two year,No,Bank transfer (automatic),50,20.15
7410-OIEDU,No,0.60441166,1,Month-to-month,Fiber optic,Mailed check,10,79.85
2273-QCKXA,No,0.5350518,1,Month-to-month,DSL,Mailed check,1,49.05
0731-EBJQB,No,0.077165276,0,One year,No,Electronic check,52,20.4
1891-QRQSA,No,0.17648192,0,Two year,Fiber optic,Bank transfer (automatic),64,111.6
8028-PNXHQ,No,0.011270387,0,Two year,No,Bank transfer (automatic),62,24.25
5630-AHZIL,No,0.48583692,1,Month-to-month,DSL,Bank transfer (automatic),3,64.5
2673-CXQEU,No,0.2723268,0,One year,Fiber optic,Electronic check,56,110.5
6416-JNVRK,No,0.21642427,0,One year,DSL,Credit card (automatic),46,55.65
5590-ZSKRV,No,0.28680286,0,Month-to-month,DSL,Mailed check,8,54.65
0191-ZHSKZ,No,0.33278996,0,Month-to-month,DSL,Electronic check,30,74.75
3887-PBQAO,No,0.07190202,0,One year,No,Credit card (automatic),45,25.9
5919-TMRGD,Yes,0.9420517,1,Month-to-month,Fiber optic,Electronic check,1,79.35
8108-UXRQN,No,0.5508242,1,Month-to-month,DSL,Electronic check,11,50.55
9191-MYQKX,Yes,0.7653644,1,Month-to-month,Fiber optic,Bank transfer (automatic),7,75.15
9919-YLNNG,No,0.59572667,1,Month-to-month,Fiber optic,Bank transfer (automatic),42,103.8
0318-ZOPWS,No,0.034861572,0,Two year,No,Bank transfer (automatic),49,20.15
4445-ZJNMU,No,0.93232465,1,Month-to-month,Fiber optic,Credit card (automatic),9,99.3
4808-YNLEU,No,0.10549892,0,One year,DSL,Bank transfer (automatic),35,62.15
1862-QRWPE,No,0.027514527,0,Two year,No,Bank transfer (automatic),48,20.65
2796-NNUFI,No,0.02519966,0,Two year,No,Mailed check,46,19.95
3016-KSVCP,No,0.46836165,1,Month-to-month,DSL,Mailed check,29,33.75
4767-HZZHQ,No,0.4913081,1,Month-to-month,Fiber optic,Bank transfer (automatic),30,82.05
2424-WVHPL,No,0.6840412,1,Month-to-month,Fiber optic,Electronic check,1,74.7
7233-PAHHL,No,0.034065425,0,Two year,DSL,Mailed check,66,84.0
6067-NGCEU,No,0.20408322,0,Month-to-month,Fiber optic,Credit card (automatic),65,111.05
9848-JQJTX,No,0.0756119,0,Two year,Fiber optic,Bank transfer (automatic),72,100.9
8637-XJIVR,Yes,0.74303657,1,Month-to-month,Fiber optic,Electronic check,12,78.95
9803-FTJCG,No,0.02485942,0,One year,DSL,Credit card (automatic),71,66.85
0278-YXOOG,Yes,0.28252771,0,Month-to-month,No,Mailed check,5,21.05
3212-KXOCR,No,0.040944535,0,Two year,No,Bank transfer (automatic),52,21.0
4598-XLKNJ,Yes,0.8439175,1,Month-to-month,Fiber optic,Electronic check,25,98.5
6380-ARCEH,No,0.62166,1,Month-to-month,No,Mailed check,1,20.2
3679-XASPY,No,0.60760957,1,Month-to-month,No,Electronic check,1,19.45
7123-WQUHX,No,0.10896095,0,One year,Fiber optic,Bank transfer (automatic),38,95.0
5386-THSLQ,No,0.063626215,0,One year,DSL,Bank transfer (automatic),66,45.55
3192-NQECA,Yes,0.56019235,1,Two year,Fiber optic,Bank transfer (automatic),68,110.0
6180-YBIQI,No,0.49608752,1,Month-to-month,DSL,Mailed check,5,24.3
6728-DKUCO,No,0.10820726,0,One year,Fiber optic,Electronic check,72,104.15
9750-BOOHV,No,0.08015206,0,One year,DSL,Mailed check,32,30.15
8597-CWYHH,No,0.3926061,0,One year,Fiber optic,Mailed check,43,94.35
2848-YXSMW,No,0.005706186,0,Two year,No,Credit card (automatic),72,19.4
0486-HECZI,Yes,0.53277284,1,Month-to-month,Fiber optic,Electronic check,55,96.75
4549-ZDQYY,No,0.08606144,0,One year,DSL,Credit card (automatic),52,57.95
5712-AHQNN,No,0.5197607,1,Month-to-month,Fiber optic,Electronic check,43,91.65
4846-WHAFZ,Yes,0.7587443,1,Month-to-month,Fiber optic,Electronic check,37,76.5
5256-SKJGO,No,0.0640105,0,Two year,DSL,Electronic check,64,54.6
3071-VBYPO,No,0.49508655,1,Month-to-month,Fiber optic,Electronic check,3,89.85
9560-BBZXK,No,0.0620798,0,Two year,DSL,Bank transfer (automatic),36,31.05
5299-RULOA,Yes,0.9397621,1,Month-to-month,Fiber optic,Electronic check,10,100.25
8402-OOOHJ,No,0.020551333,0,Two year,No,Mailed check,41,20.65
9445-ZUEQE,No,0.438781,0,Month-to-month,Fiber optic,Credit card (automatic),27,85.2
1091-SOZGA,No,0.41717082,0,One year,Fiber optic,Credit card (automatic),56,99.8
2928-HLDBA,No,0.2132334,0,Month-to-month,No,Mailed check,6,20.7
0404-SWRVG,Yes,0.8688944,1,Month-to-month,Fiber optic,Electronic check,3,74.4
6497-TILVL,No,0.33031374,0,Month-to-month,DSL,Mailed check,7,50.7
7219-TLZHO,No,0.26639718,0,Month-to-month,No,Mailed check,4,20.85
4622-YNKIJ,No,0.049157374,0,Two year,Fiber optic,Electronic check,33,88.95
4412-YLTKF,Yes,0.74412215,1,Month-to-month,Fiber optic,Electronic check,27,78.05
6734-PSBAW,No,0.0066955523,0,Two year,No,Bank transfer (automatic),72,23.55
3930-ZGWVE,No,0.6000805,1,Month-to-month,No,Mailed check,1,19.75
2639-UGMAZ,No,0.15545459,0,One year,DSL,Electronic check,71,56.45
2876-GZYZC,No,0.8365384,1,Month-to-month,Fiber optic,Electronic check,13,85.95
6207-WIOLX,Yes,0.44826448,0,Month-to-month,DSL,Credit card (automatic),25,58.6
8587-XYZSF,No,0.0407734,0,Two year,DSL,Bank transfer (automatic),67,50.55
3091-FYHKI,Yes,0.8934378,1,Month-to-month,DSL,Electronic check,1,35.45
2372-HWUHI,Yes,0.77239555,1,Month-to-month,DSL,Electronic check,2,44.35
7799-LGRDP,No,0.046259366,0,Two year,No,Credit card (automatic),43,25.7
7850-VWJUU,No,0.49874052,1,Month-to-month,Fiber optic,Bank transfer (automatic),23,75.0
3774-VBNXY,No,0.025350654,0,Two year,No,Mailed check,64,20.2
6217-KDYWC,No,0.05803632,0,Two year,No,Mailed check,57,19.6
0390-DCFDQ,Yes,0.9171505,1,Month-to-month,Fiber optic,Mailed check,1,70.45
3146-MSEGF,No,0.010029845,0,Two year,DSL,Credit card (automatic),72,88.05
4080-OGPJL,Yes,0.5936554,1,Month-to-month,DSL,Electronic check,8,71.15
1095-WGNGG,No,0.097090244,0,Two year,Fiber optic,Bank transfer (automatic),61,101.05
2636-SJDOU,No,0.101414405,0,One year,Fiber optic,Credit card (automatic),64,84.3
1131-QQZEB,No,0.01422377,0,Two year,No,Bank transfer (automatic),71,23.95
5716-EZXZN,No,0.089886755,0,Two year,Fiber optic,Credit card (automatic),65,99.05
6837-BJYDQ,No,0.08198831,0,One year,No,Mailed check,3,19.6
2135-RXIHG,Yes,0.839873,1,Month-to-month,DSL,Electronic check,1,45.65
6440-DKQGE,No,0.09954732,0,One year,DSL,Credit card (automatic),30,64.5
3466-BYAVD,No,0.3086741,0,Month-to-month,DSL,Mailed check,15,69.5
3780-YVMFA,No,0.67702055,1,Month-to-month,DSL,Electronic check,8,68.55
3874-EQOEP,Yes,0.8767542,1,Month-to-month,Fiber optic,Mailed check,7,95.0
1679-JRFBR,No,0.1778968,0,One year,Fiber optic,Credit card (automatic),70,108.15
9073-ZZIAY,No,0.035428584,0,Two year,DSL,Electronic check,62,86.1
3077-RSNTJ,No,0.26404873,0,Month-to-month,No,Mailed check,6,19.7
6551-GNYDG,No,0.70542914,1,Month-to-month,Fiber optic,Bank transfer (automatic),14,80.9
9167-APMXZ,No,0.68718684,1,Month-to-month,Fiber optic,Bank transfer (automatic),22,84.15
2749-CTKAJ,No,0.04625621,0,One year,No,Mailed check,22,20.15
6371-NZYEG,No,0.044743866,0,Two year,DSL,Mailed check,16,64.25
7554-NEWDD,No,0.03909065,0,Two year,No,Bank transfer (automatic),10,25.7
8992-VONJD,No,0.49954325,1,Month-to-month,DSL,Electronic check,13,56.0
0867-MKZVY,Yes,0.5949047,1,Month-to-month,Fiber optic,Electronic check,20,82.4
4482-EWFMI,No,0.7772754,1,Month-to-month,Fiber optic,Electronic check,2,69.7
4648-YPBTM,No,0.034274228,0,Two year,DSL,Bank transfer (automatic),53,73.9
2907-ILJBN,No,0.06383564,0,One year,No,Mailed check,11,20.6
6345-FZOQH,No,0.01349307,0,Two year,No,Mailed check,69,19.9
3376-BMGFE,Yes,0.76175493,1,Month-to-month,Fiber optic,Bank transfer (automatic),4,70.9
5997-OPVFA,No,0.0045683794,0,Two year,DSL,Bank transfer (automatic),72,89.05
3445-HXXGF,Yes,0.61682314,1,Month-to-month,DSL,Electronic check,58,45.3
1159-WFSGR,No,0.21944904,0,Month-to-month,No,Electronic check,16,20.4
7654-YWJUF,No,0.121705934,0,One year,Fiber optic,Bank transfer (automatic),43,84.25
1875-QIVME,Yes,0.91380686,1,Month-to-month,Fiber optic,Electronic check,2,104.4
6727-IOTLZ,No,0.037228335,0,Two year,DSL,Mailed check,14,81.95
0691-JVSYA,Yes,0.46840537,1,One year,Fiber optic,Bank transfer (automatic),53,94.85
5918-VUKWP,No,0.062159467,0,One year,No,Bank transfer (automatic),32,20.55
1744-JHKYS,No,0.1672717,0,Month-to-month,No,Electronic check,34,24.7
2656-FMOKZ,Yes,0.7587108,1,Month-to-month,Fiber optic,Mailed check,15,74.45
2070-FNEXE,Yes,0.58905333,1,Month-to-month,Fiber optic,Bank transfer (automatic),7,76.45
5947-SGKCL,No,0.74414974,1,Month-to-month,Fiber optic,Bank transfer (automatic),15,105.35
3712-PKXZA,No,0.059148975,0,One year,No,Credit card (automatic),61,20.55
6317-YPKDH,Yes,0.72151065,1,Month-to-month,DSL,Bank transfer (automatic),1,29.95
6582-OIVSP,No,0.73448557,1,Month-to-month,DSL,Mailed check,1,45.3
9367-WXLCH,Yes,0.8228865,1,Month-to-month,Fiber optic,Bank transfer (automatic),8,84.5
5524-KHNJP,No,0.31637236,0,One year,DSL,Credit card (automatic),33,74.75
1918-ZBFQJ,Yes,0.8094124,1,Month-to-month,Fiber optic,Electronic check,13,79.25
1024-GUALD,Yes,0.858045,1,Month-to-month,DSL,Electronic check,1,24.8
4827-USJHP,No,0.37595582,0,Month-to-month,DSL,Mailed check,20,51.8
8167-GJLRN,No,0.5450192,1,Month-to-month,DSL,Electronic check,3,30.4
0956-SYCWG,No,0.10222742,0,One year,No,Electronic check,13,19.65
8017-UVSZU,No,0.3544179,0,Month-to-month,DSL,Credit card (automatic),40,56.6
7100-FQPRV,No,0.21594684,0,One year,DSL,Credit card (automatic),43,71.9
2472-OVKUP,Yes,0.861781,1,Month-to-month,Fiber optic,Electronic check,6,91.0
2984-RGEYA,No,0.02333203,0,Two year,No,Bank transfer (automatic),69,19.75
9680-NIAUV,No,0.015907608,0,Two year,Fiber optic,Credit card (automatic),72,109.7
2146-EGVDT,No,0.047794398,0,Two year,No,Credit card (automatic),59,19.3
2604-IJPDU,No,0.8152525,1,Month-to-month,Fiber optic,Electronic check,20,96.55
9178-JHUVJ,No,0.03958652,0,Two year,No,Bank transfer (automatic),24,24.1
6168-YBYNP,No,0.48040065,1,Month-to-month,Fiber optic,Electronic check,59,111.35
7255-SSFBC,No,0.025917633,0,Two year,Fiber optic,Bank transfer (automatic),72,112.25
3645-DEYGF,No,0.53878325,1,Month-to-month,No,Mailed check,1,20.75
9323-HGFWY,No,0.42180312,0,One year,Fiber optic,Credit card (automatic),27,101.9
8544-GOQSH,No,0.70348036,1,Month-to-month,Fiber optic,Credit card (automatic),14,80.05
3363-DTIVD,No,0.11772655,0,Two year,Fiber optic,Electronic check,71,105.55
7018-WBJNK,No,0.72287875,1,Month-to-month,Fiber optic,Credit card (automatic),13,78.3
9142-KZXOP,No,0.45074877,1,Month-to-month,Fiber optic,Credit card (automatic),44,68.85
7674-YTAFD,No,0.1927578,0,One year,Fiber optic,Bank transfer (automatic),33,79.95
6348-SNFUS,No,0.004669285,0,Two year,DSL,Credit card (automatic),72,55.45
1285-OKIPP,Yes,0.928533,1,Month-to-month,Fiber optic,Electronic check,1,79.9
7825-ECJRF,Yes,0.80359304,1,Month-to-month,Fiber optic,Electronic check,19,106.6
1347-KTTTA,No,0.31910652,0,One year,Fiber optic,Credit card (automatic),64,102.45
7841-TZDMQ,Yes,0.7440101,1,Month-to-month,DSL,Credit card (automatic),2,46.0
4195-NZGTA,No,0.7917527,1,Month-to-month,DSL,Electronic check,1,25.25
7157-SMCFK,No,0.05025153,0,Two year,No,Mailed check,61,19.75
4709-LKHYG,No,0.08630576,0,One year,No,Electronic check,29,20.0
2504-DSHIH,No,0.67112774,1,Month-to-month,Fiber optic,Electronic check,23,86.8
0699-NDKJM,No,0.23980555,0,Month-to-month,DSL,Bank transfer (automatic),57,58.75
9286-BHDQG,No,0.008011156,0,Two year,DSL,Credit card (automatic),72,45.25
0230-WEQUW,No,0.023627797,0,Two year,DSL,Bank transfer (automatic),66,56.6
2040-LDIWQ,No,0.114717126,0,Two year,DSL,Bank transfer (automatic),65,84.2
6496-JDSSB,No,0.8361577,1,Month-to-month,Fiber optic,Bank transfer (automatic),8,80.0
9408-SSNVZ,Yes,0.7772226,1,Month-to-month,Fiber optic,Electronic check,4,70.15
4443-EMBNA,No,0.00760252,0,Two year,No,Bank transfer (automatic),71,24.75
6469-MRVET,No,0.13117948,0,One year,No,Electronic check,1,20.2
0742-MOABM,Yes,0.532412,1,Month-to-month,DSL,Mailed check,4,50.05
5961-VUSRV,No,0.11841265,0,One year,No,Bank transfer (automatic),12,19.35
6778-JFCMK,No,0.12914939,0,One year,DSL,Mailed check,24,50.6
6341-JVQGF,No,0.2412873,0,One year,DSL,Mailed check,31,81.15
2232-DMLXU,Yes,0.7894409,1,Month-to-month,DSL,Mailed check,1,55.2
4811-JBUVU,No,0.5077215,1,Month-to-month,Fiber optic,Credit card (automatic),30,89.9
0945-TSONX,No,0.02827899,0,Two year,DSL,Credit card (automatic),47,85.3
2651-ZCBXV,No,0.5045176,1,Two year,Fiber optic,Credit card (automatic),54,108.0
3316-UWXUY,No,0.27706453,0,Month-to-month,Fiber optic,Credit card (automatic),50,93.5
8937-RDTHP,Yes,0.83811414,1,Month-to-month,Fiber optic,Mailed check,1,84.6
7083-MIOPC,No,0.003907046,0,Two year,No,Credit card (automatic),72,20.25
1984-GPTEH,No,0.17456791,0,Month-to-month,No,Electronic check,29,25.15
1251-KRREG,Yes,0.7510674,1,Month-to-month,DSL,Mailed check,2,54.4
0621-JFHOL,No,0.09349541,0,Two year,DSL,Mailed check,10,29.6
9903-LYSAB,No,0.74071556,1,Month-to-month,Fiber optic,Electronic check,18,73.15
0094-OIFMO,Yes,0.8379995,1,Month-to-month,Fiber optic,Electronic check,11,95.0
9227-UAQFT,No,0.04024818,0,Two year,No,Mailed check,16,19.75
7301-ABVAD,No,0.0058620973,0,Two year,DSL,Bank transfer (automatic),72,86.6
6614-FHDBO,No,0.043442775,0,Two year,Fiber optic,Bank transfer (automatic),72,109.2
7576-ASEJU,No,0.34076944,0,One year,DSL,Credit card (automatic),41,74.7
9058-HRZSV,No,0.26611692,0,Month-to-month,Fiber optic,Electronic check,65,94.4
4522-AKYLR,No,0.49425414,1,Month-to-month,DSL,Electronic check,13,54.8
0221-WMXNQ,No,0.6268314,1,Month-to-month,Fiber optic,Electronic check,4,75.35
0303-UNCIP,No,0.28513053,0,One year,DSL,Mailed check,41,65.0
9947-OTFQU,Yes,0.7800458,1,Month-to-month,Fiber optic,Electronic check,15,74.4
0322-YINQP,Yes,0.6325851,1,Month-to-month,DSL,Mailed check,1,48.55
0959-WHOKV,No,0.384256,0,One year,Fiber optic,Electronic check,42,99.0
4075-JFPGR,No,0.3844742,0,One year,Fiber optic,Electronic check,51,93.5
4629-NRXKX,Yes,0.7534769,1,Month-to-month,Fiber optic,Electronic check,2,70.4
9514-JDSKI,Yes,0.86868143,1,Month-to-month,DSL,Electronic check,1,40.2
3282-ZISZV,No,0.25400093,0,One year,DSL,Credit card (automatic),32,83.7
3675-YDUPJ,No,0.21256092,0,Month-to-month,No,Mailed check,10,19.85
4111-BNXIF,No,0.067496076,0,Two year,DSL,Electronic check,67,59.55
7017-VFHAY,No,0.0895839,0,Two year,Fiber optic,Credit card (automatic),61,115.1
6655-LHBYW,No,0.33322594,0,One year,Fiber optic,Credit card (automatic),50,114.35
4959-JOSRX,Yes,0.8067097,1,Month-to-month,DSL,Credit card (automatic),2,44.6
5046-NUHWD,No,0.40007478,0,Month-to-month,DSL,Electronic check,29,45.0
7273-TEFQD,Yes,0.8678678,1,Month-to-month,DSL,Electronic check,3,41.15
3606-TWKGI,Yes,0.85262716,1,Month-to-month,Fiber optic,Electronic check,13,106.9
7529-ZDFXI,No,0.5401325,1,Month-to-month,Fiber optic,Electronic check,57,89.85
7605-BDWDC,No,0.036036488,0,Two year,DSL,Bank transfer (automatic),31,49.85
1950-KSVVJ,No,0.2692466,0,One year,Fiber optic,Mailed check,45,113.3
0123-CRBRT,No,0.020944377,0,Two year,DSL,Mailed check,61,88.1
6292-TOSSS,No,0.03943346,0,Two year,No,Bank transfer (automatic),50,24.9
3197-ARFOY,No,0.8308276,1,Month-to-month,Fiber optic,Mailed check,19,105.0
6323-AYBRX,Yes,0.27548924,0,Two year,No,Mailed check,59,19.35
7014-ZZXAW,No,0.0066464436,0,Two year,No,Credit card (automatic),71,24.25
4385-GZQXV,Yes,0.78735274,1,Month-to-month,Fiber optic,Electronic check,16,94.45
7633-MVPUY,No,0.03565151,0,Two year,DSL,Electronic check,57,59.75
6366-ZGQGL,Yes,0.8088179,1,Month-to-month,DSL,Bank transfer (automatic),1,24.8
4716-HHKQH,No,0.72147644,1,Month-to-month,Fiber optic,Electronic check,20,107.05
5940-AHUHD,Yes,0.8749222,1,Month-to-month,Fiber optic,Mailed check,1,70.6
6432-TWQLB,Yes,0.8823719,1,Month-to-month,Fiber optic,Electronic check,5,85.4
4484-GLZOU,Yes,0.79805565,1,Month-to-month,Fiber optic,Electronic check,52,105.05
3179-GBRWV,No,0.4086152,0,Month-to-month,DSL,Bank transfer (automatic),21,64.95
8645-KWHJO,No,0.69976944,1,Month-to-month,DSL,Electronic check,14,55.0
4130-MZLCC,No,0.49117666,1,Month-to-month,DSL,Bank transfer (automatic),5,50.55
0314-TKOSI,No,0.3252681,0,Month-to-month,DSL,Mailed check,6,55.15
8229-MYEJZ,No,0.36231595,0,Month-to-month,DSL,Electronic check,10,51.2
2080-SRCDE,No,0.4745243,1,Month-to-month,No,Mailed check,1,25.4
9577-WJVCQ,No,0.07367142,0,Month-to-month,DSL,Mailed check,68,54.45
9512-UIBFX,Yes,0.6222708,1,Month-to-month,Fiber optic,Mailed check,18,95.15
6202-DYYFX,No,0.21388419,0,One year,Fiber optic,Credit card (automatic),22,76.0
3808-HFKDE,No,0.588072,1,Month-to-month,DSL,Electronic check,20,44.35
5583-SXDAG,Yes,0.90919137,1,Month-to-month,Fiber optic,Electronic check,1,70.0
3488-PGMQJ,Yes,0.7863299,1,Month-to-month,Fiber optic,Electronic check,8,74.5
3580-REOAC,Yes,0.46990845,1,Month-to-month,DSL,Credit card (automatic),10,44.85
7534-BFESC,Yes,0.7518265,1,Month-to-month,Fiber optic,Electronic check,24,76.1
3727-OWVYD,No,0.07057572,0,One year,DSL,Mailed check,35,61.2
2294-SALNE,No,0.14429314,0,One year,Fiber optic,Mailed check,23,86.8
4847-TAJYI,No,0.8819087,1,Month-to-month,Fiber optic,Electronic check,6,89.35
1563-IWQEX,No,0.2260986,0,Month-to-month,No,Mailed check,12,19.7
8203-XJZRC,No,0.5655096,1,Month-to-month,No,Mailed check,1,20.25
6556-DBKZF,No,0.09316457,0,Two year,Fiber optic,Electronic check,71,76.05
6851-WEFYX,No,0.8333651,1,Month-to-month,Fiber optic,Electronic check,35,100.8
2985-JUUBZ,No,0.49716067,1,Month-to-month,DSL,Electronic check,40,74.55
6390-DSAZX,Yes,0.80994993,1,Month-to-month,Fiber optic,Mailed check,1,73.6
0895-LMRSF,No,0.36978832,0,One year,DSL,Bank transfer (automatic),23,64.9
8098-LLAZX,Yes,0.9421459,1,Month-to-month,Fiber optic,Electronic check,4,95.45
8266-VBFQL,No,0.79871774,1,Month-to-month,Fiber optic,Electronic check,4,90.4
8181-YHCMF,No,0.01591709,0,Two year,DSL,Credit card (automatic),68,60.3
2240-HSJQD,No,0.58342886,1,Month-to-month,Fiber optic,Mailed check,38,81.85
1248-DYXUB,No,0.029190777,0,Two year,No,Mailed check,52,24.8
0265-EDXBD,Yes,0.74742097,1,Month-to-month,Fiber optic,Electronic check,32,74.9
4115-BNPJY,No,0.03493987,0,Two year,DSL,Mailed check,29,75.55
3167-SNQPL,No,0.63846755,1,Month-to-month,Fiber optic,Electronic check,38,101.15
4091-TVOCN,No,0.2236372,0,One year,DSL,Credit card (automatic),48,78.75
1098-TDVUQ,No,0.5838472,1,Month-to-month,No,Bank transfer (automatic),1,19.25
7277-OZCGZ,No,0.54911816,1,Month-to-month,Fiber optic,Electronic check,22,89.05
1557-EMYVT,No,0.19573852,0,Two year,Fiber optic,Credit card (automatic),43,115.05
2799-ARNLO,No,0.76830477,1,Month-to-month,Fiber optic,Electronic check,5,69.35
7563-BIUPC,Yes,0.8670546,1,Month-to-month,Fiber optic,Electronic check,5,80.6
5027-YOCXN,No,0.3850256,0,One year,Fiber optic,Credit card (automatic),51,110.05
3973-SKMLN,No,0.00522019,0,Two year,No,Credit card (automatic),71,19.9
2321-OMBXY,Yes,0.34459403,0,One year,DSL,Credit card (automatic),38,80.3
2840-XANRC,Yes,0.7107452,1,Month-to-month,Fiber optic,Electronic check,24,93.15
6745-JEFZB,No,0.42812175,0,Month-to-month,Fiber optic,Credit card (automatic),35,91.5
5020-ZSTTY,Yes,0.24742208,0,One year,DSL,Bank transfer (automatic),54,82.45
9880-TDQAC,No,0.066708334,0,Two year,DSL,Electronic check,72,60.0
8705-WZCYL,No,0.812947,1,Month-to-month,DSL,Electronic check,1,44.8
7102-JJVTX,No,0.1014161,0,One year,DSL,Mailed check,9,48.6
8626-PTQGE,No,0.028466823,0,Two year,DSL,Bank transfer (automatic),69,60.05
4983-CLMLV,No,0.520317,1,Month-to-month,Fiber optic,Credit card (automatic),52,102.7
5701-YVSVF,No,0.79645115,1,Month-to-month,Fiber optic,Electronic check,11,82.9
5804-LEPIM,Yes,0.7927715,1,Month-to-month,Fiber optic,Electronic check,2,70.35
5697-GOMBF,No,0.45523766,1,Month-to-month,DSL,Electronic check,28,35.9
2739-CACDQ,No,0.59726036,1,Month-to-month,Fiber optic,Credit card (automatic),17,82.65
9385-EHGDO,No,0.0326582,0,Two year,No,Mailed check,35,19.85
9498-FIMXL,No,0.044321932,0,One year,No,Mailed check,8,19.2
2379-GYFLQ,No,0.17315495,0,One year,Fiber optic,Credit card (automatic),46,94.9
0122-OAHPZ,Yes,0.87194276,1,Month-to-month,Fiber optic,Electronic check,7,73.85
2868-SNELZ,Yes,0.87943614,1,Month-to-month,Fiber optic,Mailed check,2,80.6
4322-RCYMT,Yes,0.39485568,0,One year,DSL,Bank transfer (automatic),68,75.8
6680-NENYN,Yes,0.387675,0,Two year,Fiber optic,Electronic check,43,104.6
2088-IEBAU,No,0.05332482,0,Two year,DSL,Electronic check,68,88.15
7982-VCELR,No,0.4045603,0,Month-to-month,Fiber optic,Credit card (automatic),36,94.8
1343-EHPYB,Yes,0.69410235,1,Month-to-month,Fiber optic,Electronic check,63,103.4
6035-BXTTY,No,0.19281267,0,Month-to-month,DSL,Bank transfer (automatic),32,54.65
6885-PKOAM,No,0.0065102438,0,Two year,DSL,Credit card (automatic),71,85.75
7520-HQWJU,No,0.1122586,0,Month-to-month,DSL,Bank transfer (automatic),66,67.45
9639-BUJXT,No,0.02331994,0,One year,No,Mailed check,63,20.5
5924-SNGKP,No,0.05604973,0,One year,No,Credit card (automatic),41,20.25
0021-IKXGC,No,0.94599265,1,Month-to-month,Fiber optic,Electronic check,1,72.1
2034-GDRCN,Yes,0.8888431,1,Month-to-month,Fiber optic,Electronic check,2,90.4
8966-SNIZF,No,0.02195844,0,Two year,No,Bank transfer (automatic),70,19.45
6243-OZGFH,No,0.70785797,1,Month-to-month,DSL,Electronic check,23,44.95
4654-DLAMQ,No,0.08752179,0,One year,Fiber optic,Bank transfer (automatic),64,97.0
0513-RBGPE,No,0.029426761,0,Two year,DSL,Credit card (automatic),37,62.8
5160-UXJED,No,0.18654834,0,One year,DSL,Mailed check,17,44.6
4115-NZRKS,No,0.8202399,1,Month-to-month,Fiber optic,Electronic check,7,89.15
0219-YTZUE,Yes,0.9064022,1,Month-to-month,Fiber optic,Bank transfer (automatic),4,84.8
0623-IIHUG,Yes,0.70910245,1,Month-to-month,DSL,Electronic check,21,41.9
4572-DVCGN,Yes,0.8014538,1,Month-to-month,Fiber optic,Bank transfer (automatic),10,80.25
3351-NGXYI,No,0.6526557,1,Month-to-month,DSL,Electronic check,16,54.1
8984-EYLLL,No,0.15525912,0,Two year,Fiber optic,Electronic check,64,105.25
9057-MSWCO,Yes,0.4761057,1,Month-to-month,DSL,Credit card (automatic),27,30.75
9833-TGFHX,No,0.2492016,0,One year,Fiber optic,Electronic check,42,97.1
9294-TDIPC,No,0.2193068,0,Month-to-month,No,Mailed check,5,20.2
5229-DTFYB,No,0.05043059,0,Two year,Fiber optic,Bank transfer (automatic),41,98.8
0104-PPXDV,No,0.083856896,0,One year,DSL,Credit card (automatic),58,50.3
5176-LMJXE,No,0.02238307,0,Two year,No,Mailed check,47,20.55
3583-KRKMD,No,0.49489716,1,Month-to-month,Fiber optic,Bank transfer (automatic),18,75.9
1010-DIAUQ,Yes,0.8439487,1,Month-to-month,Fiber optic,Bank transfer (automatic),5,96.5
9069-LGEUL,No,0.31381097,0,Month-to-month,DSL,Bank transfer (automatic),23,59.95
7302-ZHMHP,No,0.17887285,0,Month-to-month,No,Mailed check,1,19.15
9571-EDEBV,No,0.25031233,0,One year,Fiber optic,Credit card (automatic),71,98.65
3520-FJGCV,No,0.014194175,0,Two year,Fiber optic,Credit card (automatic),72,112.6
6563-VRERX,No,0.032717712,0,One year,No,Mailed check,33,20.6
0259-GBZSH,Yes,0.92329735,1,Month-to-month,Fiber optic,Electronic check,2,85.65
6122-EFVKN,No,0.039778545,0,Two year,DSL,Mailed check,24,35.75
2805-EDJPQ,No,0.21001454,0,One year,Fiber optic,Credit card (automatic),56,99.75
6862-CQUMB,No,0.47106448,1,Month-to-month,Fiber optic,Credit card (automatic),37,96.1
7156-MXBJE,No,0.22604157,0,One year,DSL,Credit card (automatic),43,85.1
6158-HDPXZ,No,0.77160466,1,Month-to-month,DSL,Mailed check,1,25.35
9601-BRXPO,Yes,0.75015265,1,Month-to-month,Fiber optic,Bank transfer (automatic),25,104.95
2863-IMQDR,No,0.0318888,0,Two year,DSL,Electronic check,61,89.65
5686-CMAWK,No,0.30103457,0,One year,Fiber optic,Electronic check,17,86.75
5651-CRHKQ,No,0.21100032,0,One year,Fiber optic,Bank transfer (automatic),41,86.2
6905-NIQIN,Yes,0.7514079,1,Month-to-month,DSL,Mailed check,1,50.65
8204-YJCLA,No,0.023669077,0,Two year,DSL,Bank transfer (automatic),72,64.8
5167-ZFFMM,Yes,0.92506593,1,Month-to-month,Fiber optic,Credit card (automatic),1,90.85
6583-SZVGP,No,0.4501817,1,Two year,Fiber optic,Bank transfer (automatic),48,108.1
4895-TMWIR,Yes,0.38014555,0,Month-to-month,No,Mailed check,11,19.95
0533-BNWKF,Yes,0.64872074,1,Month-to-month,Fiber optic,Electronic check,55,85.45
1708-PBBOA,No,0.28125244,0,One year,DSL,Electronic check,42,54.75
8782-LKFPK,No,0.54037136,1,Month-to-month,Fiber optic,Mailed check,44,90.4
5522-JBWMO,No,0.73038197,1,Month-to-month,DSL,Electronic check,1,44.0
3597-MVHJT,No,0.7711541,1,Month-to-month,Fiber optic,Bank transfer (automatic),27,95.6
9774-NRNAU,No,0.1950959,0,Month-to-month,DSL,Bank transfer (automatic),27,84.8
0224-RLWWD,No,0.7799498,1,Month-to-month,DSL,Electronic check,2,44.3
9967-ATRFS,No,0.18252644,0,Month-to-month,No,Mailed check,19,19.9
3951-NJCVI,No,0.7506453,1,Month-to-month,Fiber optic,Electronic check,42,95.05
2977-CEBSX,No,0.03276262,0,Two year,DSL,Credit card (automatic),66,90.05
0177-PXBAT,No,0.44905683,0,Month-to-month,Fiber optic,Bank transfer (automatic),33,109.9
6599-CEBNN,Yes,0.66140467,1,Month-to-month,Fiber optic,Credit card (automatic),34,73.95
2519-ERQOJ,No,0.368675,0,Month-to-month,DSL,Electronic check,33,54.6
5876-QMYLD,No,0.054123152,0,One year,No,Mailed check,23,20.05
2277-AXSDC,No,0.08470196,0,One year,No,Bank transfer (automatic),32,19.75
9442-JTWDL,No,0.078730114,0,One year,No,Credit card (automatic),11,20.05
0979-PHULV,Yes,0.70190376,1,Month-to-month,Fiber optic,Credit card (automatic),69,99.45
3067-SVMTC,No,0.036900204,0,One year,DSL,Bank transfer (automatic),68,55.9
5495-GPSRW,No,0.03870235,0,Two year,No,Mailed check,20,19.7
7606-BPHHN,No,0.0040141386,0,Two year,No,Credit card (automatic),72,19.8
4742-DRORA,No,0.07713156,0,One year,Fiber optic,Bank transfer (automatic),60,95.4
0111-KLBQG,No,0.607245,1,Month-to-month,Fiber optic,Mailed check,32,93.95
4800-VHZKI,Yes,0.6794746,1,Month-to-month,No,Mailed check,1,19.9
7989-CHGTL,Yes,0.6465,1,Month-to-month,No,Mailed check,1,19.6
0334-GDDSO,Yes,0.91482365,1,Month-to-month,Fiber optic,Electronic check,3,81.35
4163-NCJAK,No,0.10109391,0,One year,No,Bank transfer (automatic),46,24.45
5233-AOZUF,No,0.73121625,1,Month-to-month,Fiber optic,Electronic check,29,74.95
5973-EJGDP,No,0.51992893,1,Month-to-month,Fiber optic,Electronic check,51,87.35
1996-DBMUS,No,0.4584427,1,Month-to-month,Fiber optic,Bank transfer (automatic),48,70.65
7916-VCCPB,No,0.48321062,1,Month-to-month,Fiber optic,Bank transfer (automatic),16,73.25
4686-GEFRM,No,0.09799106,0,Two year,Fiber optic,Bank transfer (automatic),70,98.7
5249-QYHEX,No,0.03555445,0,Two year,No,Mailed check,40,24.8
0578-SKVMF,Yes,0.6013595,1,Month-to-month,Fiber optic,Electronic check,22,83.3
5564-NEMQO,Yes,0.9217891,1,Month-to-month,Fiber optic,Bank transfer (automatic),1,75.3
2233-FAGXV,No,0.26826432,0,Month-to-month,No,Mailed check,5,24.3
5605-IYGFG,No,0.7367342,1,Month-to-month,Fiber optic,Bank transfer (automatic),7,69.85
7663-ZTEGJ,No,0.25254148,0,One year,Fiber optic,Credit card (automatic),29,100.55
3935-TBRZZ,No,0.06061573,0,One year,No,Mailed check,44,25.7
8111-BKVDS,No,0.42169178,0,Month-to-month,DSL,Bank transfer (automatic),10,40.7
2055-SIFSS,No,0.2088959,0,Month-to-month,DSL,Bank transfer (automatic),55,51.65
2806-MLNTI,No,0.47876498,1,One year,Fiber optic,Bank transfer (automatic),52,105.1
8734-DKSTZ,No,0.7425451,1,Month-to-month,Fiber optic,Electronic check,10,85.95
4360-PNRQB,No,0.58631575,1,Month-to-month,Fiber optic,Bank transfer (automatic),18,75.6
6152-ONASV,No,0.03430651,0,One year,DSL,Bank transfer (automatic),68,58.25
9063-ZGTUY,Yes,0.54270494,1,Month-to-month,No,Mailed check,61,19.4
7781-HVGMK,No,0.008115729,0,Two year,DSL,Credit card (automatic),72,65.2
2181-UAESM,No,0.5966872,1,Month-to-month,DSL,Electronic check,2,53.45
2957-LOLHO,Yes,0.42213002,0,Month-to-month,DSL,Bank transfer (automatic),12,45.4
6048-NJXHX,No,0.035924304,0,Two year,No,Electronic check,41,19.75
2320-SLKMB,No,0.2739517,0,Month-to-month,DSL,Credit card (automatic),26,44.45
4980-URKXC,No,0.091428354,0,One year,No,Bank transfer (automatic),36,20.85
4376-KFVRS,No,0.025986055,0,Two year,Fiber optic,Credit card (automatic),72,114.05
5886-VLQVU,No,0.38931662,0,Month-to-month,Fiber optic,Bank transfer (automatic),35,89.85
3577-AMVUX,No,0.5908275,1,Month-to-month,DSL,Mailed check,1,55.05
0771-WLCLA,No,0.66350317,1,Month-to-month,Fiber optic,Electronic check,16,112.95
5628-RKIFK,No,0.60495746,1,Month-to-month,Fiber optic,Credit card (automatic),49,101.55
0206-TBWLC,No,0.23637201,0,One year,Fiber optic,Mailed check,54,114.65
2937-FTHUR,No,0.5706126,1,Month-to-month,DSL,Electronic check,18,64.8
1910-FMXJM,No,0.626985,1,Month-to-month,Fiber optic,Electronic check,36,80.4
7752-XUSCI,Yes,0.7611146,1,Month-to-month,Fiber optic,Electronic check,60,105.9
4110-PFEUZ,Yes,0.90893483,1,Month-to-month,Fiber optic,Mailed check,1,69.55
0732-OCQOC,No,0.035006914,0,Two year,No,Bank transfer (automatic),52,25.05
5168-MSWXT,No,0.8534364,1,Month-to-month,Fiber optic,Electronic check,8,94.75
1090-ESELR,No,0.016998723,0,Two year,Fiber optic,Bank transfer (automatic),72,105.5
8592-PLTMQ,No,0.041599113,0,One year,No,Mailed check,64,24.7
5760-WRAHC,No,0.33278576,0,Month-to-month,DSL,Mailed check,22,69.75
8847-GEOOQ,No,0.15161914,0,Month-to-month,DSL,Bank transfer (automatic),60,60.2
0256-LTHVJ,Yes,0.6640081,1,Month-to-month,Fiber optic,Electronic check,28,81.05
4785-FCIFB,No,0.031209053,0,Two year,No,Mailed check,61,24.4
8313-NDOIA,No,0.8629899,1,Month-to-month,Fiber optic,Electronic check,24,104.15
5149-CUZUJ,No,0.11462059,0,One year,Fiber optic,Bank transfer (automatic),28,92.9
0942-KOWSM,No,0.042283837,0,Two year,DSL,Bank transfer (automatic),30,80.8
4237-CLSMM,No,0.256272,0,Month-to-month,No,Mailed check,2,20.0
1452-VOQCH,No,0.94376236,1,Month-to-month,Fiber optic,Electronic check,1,75.1
4719-UMSIY,No,0.2114136,0,Month-to-month,No,Mailed check,6,19.65
6614-VBEGU,No,0.2687223,0,Month-to-month,DSL,Bank transfer (automatic),24,69.45
0880-TKATG,Yes,0.89443797,1,Month-to-month,Fiber optic,Electronic check,4,101.15
3811-VBYBZ,Yes,0.9278152,1,Month-to-month,Fiber optic,Electronic check,7,99.8
1480-BKXGA,No,0.036639225,0,Two year,Fiber optic,Bank transfer (automatic),72,116.05
2996-XAUVF,No,0.030542562,0,Two year,DSL,Mailed check,70,40.05
9076-AXYIK,No,0.10041668,0,Two year,Fiber optic,Electronic check,64,102.1
5968-XQIVE,No,0.24492764,0,One year,Fiber optic,Electronic check,72,89.7
8896-RAZCR,No,0.026160205,0,Two year,No,Mailed check,44,19.9
4640-UHDOS,Yes,0.54596037,1,Month-to-month,DSL,Electronic check,13,55.95
4933-IKULF,No,0.08696846,0,One year,No,Mailed check,17,20.65
3583-EKAPL,Yes,0.8616988,1,Month-to-month,DSL,Electronic check,1,55.0
1304-BCCFO,No,0.43792063,0,Month-to-month,DSL,Mailed check,9,70.05
4104-PVRPS,No,0.13960883,0,Month-to-month,DSL,Mailed check,24,53.6
9399-APLBT,Yes,0.9078476,1,Month-to-month,Fiber optic,Electronic check,1,74.7
2359-KMGLI,Yes,0.7736861,1,Month-to-month,Fiber optic,Electronic check,24,80.25
3780-DDGSE,No,0.14172988,0,Month-to-month,DSL,Electronic check,35,76.05
4431-EDMIQ,No,0.49045312,1,Month-to-month,DSL,Electronic check,7,75.7
0306-JAELE,Yes,0.8454143,1,Month-to-month,Fiber optic,Electronic check,5,96.1
6227-HWPWX,Yes,0.4720568,1,Month-to-month,Fiber optic,Bank transfer (automatic),15,69.0
0486-LGCCH,No,0.02402077,0,Two year,No,Mailed check,11,19.65
0447-BEMNG,Yes,0.2909795,0,Month-to-month,DSL,Bank transfer (automatic),48,45.3
4612-SSVHJ,No,0.71638566,1,Month-to-month,Fiber optic,Electronic check,20,81.45
5168-MQQCA,No,0.12951326,0,One year,Fiber optic,Bank transfer (automatic),72,108.5
5949-XIKAE,Yes,0.8317678,1,Month-to-month,Fiber optic,Electronic check,8,83.55
7971-HLVXI,No,0.05309595,0,Two year,Fiber optic,Credit card (automatic),72,84.5
9094-AZPHK,No,0.8423471,1,Month-to-month,Fiber optic,Electronic check,15,100.15
3649-JPUGY,No,0.00835732,0,Two year,DSL,Bank transfer (automatic),72,88.6
4472-LVYGI,No,0.034164775,0,Two year,DSL,Bank transfer (automatic),0,52.55
8372-JUXUI,Yes,0.9371454,1,Month-to-month,Fiber optic,Electronic check,1,74.35
3552-CTCYF,No,0.1732038,0,Two year,Fiber optic,Bank transfer (automatic),63,104.8
6778-YSNIH,No,0.6832996,1,Month-to-month,DSL,Electronic check,2,59.0
0388-EOPEX,Yes,0.6434118,1,Month-to-month,Fiber optic,Electronic check,2,74.4
5756-OZRIO,No,0.08153922,0,One year,DSL,Bank transfer (automatic),61,64.05
6579-JPICP,No,0.5731461,1,Month-to-month,No,Mailed check,1,20.4
8205-OTCHB,Yes,0.62511766,1,One year,DSL,Bank transfer (automatic),22,43.75
4134-BSXLX,No,0.13285959,0,Month-to-month,DSL,Mailed check,28,60.9
0505-SPOOW,No,0.021198796,0,Two year,No,Bank transfer (automatic),70,19.8
6235-VDHOM,Yes,0.7178363,1,Month-to-month,DSL,Electronic check,5,28.45
7783-YKGDV,Yes,0.88277376,1,Month-to-month,Fiber optic,Bank transfer (automatic),12,99.7
4374-YMUSQ,No,0.2686548,0,One year,Fiber optic,Credit card (automatic),34,116.25
4513-CXYIX,No,0.038986217,0,Two year,Fiber optic,Credit card (automatic),71,80.7
3957-HHLMR,No,0.06640236,0,One year,DSL,Bank transfer (automatic),70,65.2
7803-XOCCZ,No,0.21015787,0,Month-to-month,Fiber optic,Bank transfer (automatic),52,84.05
5736-YEJAX,No,0.053638417,0,Two year,DSL,Credit card (automatic),69,79.45
5609-CEBID,Yes,0.77402556,1,Month-to-month,Fiber optic,Electronic check,20,94.1
8981-FJGLA,No,0.72082365,1,Month-to-month,Fiber optic,Mailed check,11,78.0
7218-HKQFK,Yes,0.84763527,1,Month-to-month,Fiber optic,Electronic check,2,94.2
4636-QRJKY,Yes,0.89222527,1,Month-to-month,Fiber optic,Electronic check,6,80.5
1135-LMECX,No,0.60790277,1,Month-to-month,No,Mailed check,1,19.85
4332-MUOEZ,No,0.2566201,0,One year,Fiber optic,Credit card (automatic),20,94.3
8535-SFUTN,No,0.6172126,1,Month-to-month,Fiber optic,Electronic check,61,106.45
5956-VKDTT,Yes,0.8772292,1,Month-to-month,Fiber optic,Electronic check,5,74.35
8677-HDZEE,No,0.51356035,1,Month-to-month,Fiber optic,Bank transfer (automatic),56,105.45
2475-MROZF,No,0.48095295,1,Month-to-month,Fiber optic,Credit card (automatic),30,95.0
9412-GHEEC,Yes,0.6777168,1,Month-to-month,Fiber optic,Bank transfer (automatic),40,104.8
3482-ABPKK,No,0.06258569,0,One year,DSL,Mailed check,28,54.3
6705-LXORM,No,0.73796,1,Month-to-month,Fiber optic,Electronic check,5,70.05
0257-ZESQC,Yes,0.51436186,1,Month-to-month,Fiber optic,Bank transfer (automatic),27,75.2
7531-GQHME,No,0.22021529,0,Month-to-month,No,Credit card (automatic),12,20.05
5174-ITUMV,No,0.5062287,1,One year,Fiber optic,Electronic check,67,105.4
4109-CYRBD,No,0.39366123,0,Month-to-month,DSL,Electronic check,29,51.6
0913-XWSCN,No,0.3870683,0,Month-to-month,Fiber optic,Bank transfer (automatic),55,85.5
6825-UYPFK,Yes,0.44972682,0,Month-to-month,Fiber optic,Bank transfer (automatic),23,75.6
8397-MVTAZ,Yes,0.82339466,1,Month-to-month,Fiber optic,Electronic check,34,100.05
0750-EBAIU,No,0.34464574,0,One year,Fiber optic,Electronic check,52,91.25
8606-CIQUL,No,0.0285756,0,Two year,Fiber optic,Credit card (automatic),72,115.75
3571-DPYUH,No,0.108049445,0,One year,Fiber optic,Credit card (automatic),58,94.7
7601-GNDYK,No,0.0240919,0,Two year,No,Mailed check,35,19.6
0356-OBMAC,No,0.17039822,0,Two year,Fiber optic,Bank transfer (automatic),56,99.9
8067-NIOYM,No,0.02754663,0,Two year,No,Credit card (automatic),24,21.1
1403-GYAFU,No,0.0089329295,0,Two year,No,Credit card (automatic),70,20.05
4234-XTNEA,No,0.8794707,1,Month-to-month,Fiber optic,Electronic check,2,79.95
1297-VQDRP,No,0.4314089,0,One year,Fiber optic,Credit card (automatic),68,107.15
9282-IZGQK,Yes,0.958447,1,Month-to-month,Fiber optic,Electronic check,1,85.0
5348-CAGXB,No,0.869539,1,Month-to-month,Fiber optic,Electronic check,12,89.55
0621-HJWXJ,No,0.22339164,0,Month-to-month,Fiber optic,Bank transfer (automatic),63,81.55
5844-QVTAT,No,0.0783621,0,One year,DSL,Mailed check,33,58.45
8905-IAZPF,No,0.3156092,0,One year,Fiber optic,Credit card (automatic),69,95.65
5394-MEITZ,No,0.027701704,0,Two year,DSL,Bank transfer (automatic),60,80.6
6859-QNXIQ,No,0.013395105,0,Two year,Fiber optic,Bank transfer (automatic),72,113.1
2782-LFZVW,No,0.5397163,1,Month-to-month,DSL,Mailed check,11,58.95
2866-IKBTM,No,0.60790277,1,Month-to-month,No,Mailed check,1,19.55
1342-JPNKI,Yes,0.8743556,1,Month-to-month,Fiber optic,Bank transfer (automatic),10,86.05
2817-NTQDO,Yes,0.48620805,1,Month-to-month,DSL,Credit card (automatic),13,45.55
7129-AZJDE,No,0.4193237,0,One year,Fiber optic,Bank transfer (automatic),34,78.95
6986-IJDHX,Yes,0.6115151,1,Month-to-month,Fiber optic,Mailed check,39,86.3
2560-PPCHE,No,0.38285542,0,One year,Fiber optic,Bank transfer (automatic),65,105.05
4676-MQUEA,No,0.16051498,0,One year,Fiber optic,Bank transfer (automatic),50,101.9
8138-EALND,No,0.25479743,0,Month-to-month,No,Mailed check,15,19.75
3580-HYCSP,No,0.015494152,0,Two year,Fiber optic,Bank transfer (automatic),72,110.3
1352-HNSAW,No,0.015872607,0,Two year,Fiber optic,Bank transfer (automatic),72,115.6
2075-PUEPR,No,0.113208465,0,Two year,No,Bank transfer (automatic),55,19.35
1982-FEBTD,No,0.040065646,0,Two year,No,Credit card (automatic),23,25.6
5301-GAUUY,Yes,0.61139077,1,Month-to-month,Fiber optic,Bank transfer (automatic),32,80.35
5791-KAJFD,No,0.106191695,0,One year,DSL,Bank transfer (automatic),56,68.75
2654-VBVPB,No,0.58562773,1,Month-to-month,No,Bank transfer (automatic),1,19.9
1154-HYWWO,No,0.10923625,0,One year,DSL,Mailed check,38,70.6
2501-XWWTZ,No,0.6478446,1,Month-to-month,Fiber optic,Electronic check,11,70.2
3716-UVSPD,No,0.6128851,1,Month-to-month,DSL,Electronic check,1,49.3
6815-ABQFQ,No,0.5654583,1,One year,Fiber optic,Electronic check,56,107.25
7343-EOBEU,No,0.35635778,0,Month-to-month,No,Mailed check,3,23.6
3701-SFMUH,No,0.29927158,0,Month-to-month,DSL,Credit card (automatic),7,69.7
6103-LIANB,No,0.2563611,0,Two year,Fiber optic,Credit card (automatic),59,99.5
7319-VENRZ,No,0.34278017,0,Month-to-month,DSL,Bank transfer (automatic),7,64.3
5846-NEQVZ,No,0.033006206,0,Two year,DSL,Credit card (automatic),71,70.85
6967-QIQRV,No,0.32862625,0,One year,Fiber optic,Electronic check,15,101.9
5781-RFZRP,No,0.019482385,0,Two year,DSL,Credit card (automatic),71,73.5
0939-YAPAF,Yes,0.7998125,1,Month-to-month,Fiber optic,Electronic check,35,100.25
0308-IVGOK,No,0.22835791,0,One year,DSL,Credit card (automatic),11,40.4
7293-LSCDV,No,0.06338242,0,Two year,No,Credit card (automatic),60,19.25
7025-WCBNE,No,0.07745586,0,Two year,DSL,Bank transfer (automatic),47,59.6
5756-JYOJT,No,0.17681804,0,One year,DSL,Credit card (automatic),11,64.9
4710-FDUIZ,Yes,0.48122448,1,One year,Fiber optic,Credit card (automatic),56,100.3
6030-REHUX,No,0.68360955,1,Month-to-month,Fiber optic,Electronic check,28,110.85
9548-LIGTA,No,0.024189634,0,Two year,DSL,Mailed check,61,81.05
5150-LJNSR,No,0.14763288,0,One year,Fiber optic,Bank transfer (automatic),31,98.05
8270-RKSAP,No,0.7636796,1,Month-to-month,Fiber optic,Electronic check,9,70.5
6522-YRBXD,No,0.35264608,0,Month-to-month,Fiber optic,Electronic check,35,94.55
2640-LYMOV,No,0.26673496,0,Month-to-month,No,Mailed check,2,19.65
1218-VKFPE,Yes,0.03722906,0,Month-to-month,No,Mailed check,12,19.0
3627-FHKBK,Yes,0.7336517,1,Month-to-month,Fiber optic,Mailed check,1,75.3
2865-TCHJW,Yes,0.90128535,1,Month-to-month,Fiber optic,Electronic check,4,89.2
1423-BMPBQ,No,0.6550587,1,Month-to-month,No,Mailed check,1,19.0
2393-DIVAI,No,0.33364183,0,Month-to-month,No,Mailed check,3,20.0
5192-EBGOV,Yes,0.96147853,1,Month-to-month,Fiber optic,Electronic check,1,85.7
4568-KNYWR,No,0.028462674,0,Two year,DSL,Credit card (automatic),52,63.25
8752-IMQOS,No,0.066363245,0,One year,No,Mailed check,5,20.1
0742-LAFQK,No,0.028166994,0,Two year,Fiber optic,Electronic check,72,99.15
0795-LAFGP,No,0.0120691145,0,Two year,DSL,Electronic check,71,90.4
0619-OLYUR,No,0.012166971,0,Two year,Fiber optic,Credit card (automatic),72,111.9
5512-IDZEI,No,0.13057785,0,One year,No,Electronic check,46,24.9
0459-SPZHJ,No,0.041190688,0,Two year,DSL,Credit card (automatic),63,83.5
0215-BQKGS,No,0.59573925,1,Month-to-month,Fiber optic,Credit card (automatic),30,84.3
9244-ZVAPM,No,0.75630456,1,Month-to-month,DSL,Mailed check,1,45.6
0719-SYFRB,Yes,0.36705393,0,Month-to-month,DSL,Mailed check,12,61.65
8208-EUMTE,No,0.030977955,0,Two year,DSL,Mailed check,16,54.85
5172-MIGPM,No,0.44719595,0,Month-to-month,DSL,Mailed check,4,65.55
1710-RCXUS,No,0.23925154,0,One year,Fiber optic,Credit card (automatic),51,90.35
0374-FIUCA,No,0.010357916,0,Two year,No,Credit card (automatic),65,20.4
5839-SUYVZ,No,0.58648455,1,Month-to-month,Fiber optic,Credit card (automatic),16,74.55
5173-ZXXXL,No,0.07133906,0,One year,No,Mailed check,2,19.95
1096-ADRUX,No,0.13967061,0,One year,Fiber optic,Bank transfer (automatic),66,74.25
2001-MCUUW,No,0.40837258,0,Two year,Fiber optic,Electronic check,46,108.65
2731-GJRDG,No,0.48640728,1,One year,Fiber optic,Bank transfer (automatic),32,109.55
4723-BEGSG,No,0.006514671,0,Two year,DSL,Credit card (automatic),72,86.65
6516-NKQBO,No,0.042057153,0,Two year,DSL,Credit card (automatic),38,81.0
8672-OAUPW,No,0.087256745,0,One year,DSL,Credit card (automatic),51,47.85
8207-DMRVL,No,0.01580172,0,Two year,Fiber optic,Bank transfer (automatic),72,114.55
3419-SNJJD,Yes,0.4264109,0,Month-to-month,Fiber optic,Bank transfer (automatic),65,105.25
6543-CPZMK,Yes,0.48327243,1,Month-to-month,DSL,Electronic check,9,29.95
4765-OXPPD,Yes,0.4139801,0,Month-to-month,DSL,Mailed check,9,65.0
2804-ETQDK,No,0.009310492,0,Two year,No,Mailed check,66,20.55
6689-VRRTK,No,0.51836437,1,One year,Fiber optic,Credit card (automatic),44,109.8
7138-GIRSH,No,0.024264134,0,Two year,DSL,Bank transfer (automatic),50,69.5
9396-ZSFLL,No,0.40817457,0,Month-to-month,DSL,Mailed check,15,48.85
6464-KEXXH,No,0.49404487,1,Month-to-month,DSL,Credit card (automatic),8,25.25
7134-MJPDY,No,0.42921987,0,One year,Fiber optic,Credit card (automatic),66,102.85
5240-CAOYT,No,0.1257832,0,Month-to-month,Fiber optic,Bank transfer (automatic),57,87.55
4059-IIEBK,No,0.8731307,1,Month-to-month,Fiber optic,Bank transfer (automatic),7,78.55
4881-JVQOD,No,0.60834724,1,Month-to-month,DSL,Bank transfer (automatic),10,34.55
0516-UXRMT,No,0.2607341,0,One year,Fiber optic,Electronic check,62,92.05
4851-BQDNX,No,0.4491874,0,One year,Fiber optic,Electronic check,40,85.05
5148-HKFIR,No,0.040141597,0,Two year,No,Mailed check,20,19.7
1009-IRMNA,Yes,0.28980577,0,Month-to-month,No,Bank transfer (automatic),7,20.0
3003-CMDUU,No,0.6979405,1,Month-to-month,Fiber optic,Electronic check,25,95.15
5016-IBERQ,No,0.67712957,1,Month-to-month,Fiber optic,Electronic check,23,84.25
6797-UCJHZ,No,0.4090209,0,One year,Fiber optic,Credit card (automatic),66,104.6
2469-DTSGX,No,0.022176456,0,Two year,Fiber optic,Electronic check,72,111.65
4554-YGZIH,Yes,0.64031166,1,Month-to-month,Fiber optic,Credit card (automatic),49,90.05
5099-BAILX,Yes,0.73972315,1,Month-to-month,Fiber optic,Bank transfer (automatic),43,110.75
9931-KGHOA,No,0.17923766,0,Month-to-month,DSL,Bank transfer (automatic),46,55.0
1775-KWJKQ,No,0.003940287,0,Two year,DSL,Credit card (automatic),72,89.85
7665-VIGUD,No,0.06532513,0,One year,No,Mailed check,10,20.35
9411-TPQQV,No,0.10855255,0,One year,DSL,Bank transfer (automatic),40,54.55
7207-RMRDB,Yes,0.72223765,1,Month-to-month,Fiber optic,Electronic check,65,105.5
7954-MLBUN,No,0.056179874,0,Two year,Fiber optic,Bank transfer (automatic),31,99.45
2077-DDHJK,No,0.12329499,0,Two year,DSL,Credit card (automatic),68,70.9
4913-EHYUI,Yes,0.5847127,1,One year,Fiber optic,Bank transfer (automatic),56,104.55
0195-IESCP,Yes,0.909451,1,Month-to-month,Fiber optic,Electronic check,10,85.25
9574-BOSMD,No,0.018764762,0,Two year,No,Bank transfer (automatic),68,25.4
4580-TMHJU,Yes,0.54987276,1,Month-to-month,DSL,Electronic check,43,56.15
0970-ETWGE,Yes,0.9440389,1,Month-to-month,Fiber optic,Electronic check,1,89.55
4908-XAXAY,No,0.29957974,0,One year,Fiber optic,Bank transfer (automatic),49,89.85
8404-VLQFB,No,0.2879581,0,Month-to-month,No,Electronic check,15,25.25
1626-ERCMM,Yes,0.84554154,1,Month-to-month,Fiber optic,Electronic check,20,94.55
0887-HJGAR,Yes,0.79652935,1,Month-to-month,DSL,Mailed check,1,45.7
2391-IPLOP,No,0.17784216,0,One year,DSL,Electronic check,50,69.65
5644-PDMZC,Yes,0.9077237,1,Month-to-month,Fiber optic,Electronic check,2,89.5
3509-GWQGF,No,0.4391035,0,Month-to-month,Fiber optic,Credit card (automatic),24,70.0
9576-ANLXO,Yes,0.7148617,1,Month-to-month,Fiber optic,Bank transfer (automatic),3,69.55
2024-BASKD,Yes,0.8974647,1,Month-to-month,Fiber optic,Mailed check,1,74.6
5845-BZZIB,No,0.02003712,0,Two year,No,Mailed check,35,20.1
1140-UKVZG,No,0.21828425,0,Month-to-month,No,Mailed check,17,24.8
4160-AMJTL,Yes,0.26917014,0,Month-to-month,No,Electronic check,8,19.65
5183-SNMJQ,No,0.7705787,1,Month-to-month,Fiber optic,Credit card (automatic),10,95.1
8100-PNJMH,No,0.035368945,0,Two year,DSL,Credit card (automatic),68,88.85
7838-LAZFO,No,0.18458685,0,One year,DSL,Bank transfer (automatic),45,78.8
4464-JCOLN,Yes,0.06137477,0,One year,No,Mailed check,2,19.85
2085-JVGAD,No,0.14252365,0,Month-to-month,No,Bank transfer (automatic),37,20.35
5650-VDUDS,Yes,0.6976885,1,Month-to-month,DSL,Mailed check,4,24.25
8095-WANWK,No,0.40344068,0,Month-to-month,DSL,Mailed check,10,45.25
3030-ZKIWL,No,0.62732655,1,Month-to-month,No,Mailed check,1,20.05
9565-FLVCG,No,0.015825111,0,Two year,DSL,Mailed check,65,69.55
8755-OGKNA,No,0.0703546,0,Two year,No,Bank transfer (automatic),57,19.5
2800-VEQXM,No,0.742923,1,Month-to-month,Fiber optic,Mailed check,3,74.75
7538-GWHML,Yes,0.73886925,1,Month-to-month,Fiber optic,Electronic check,2,69.65
5533-RJFTJ,No,0.40379,0,Month-to-month,DSL,Bank transfer (automatic),49,30.2
3859-CVCET,Yes,0.66579854,1,Month-to-month,DSL,Mailed check,4,45.65
0214-JHPFW,No,0.020492852,0,Two year,DSL,Bank transfer (automatic),70,57.8
5642-MHDQT,No,0.19227585,0,One year,No,Bank transfer (automatic),53,19.85
3088-FVYWK,No,0.048223037,0,Two year,No,Credit card (automatic),53,25.55
3276-HDUEG,Yes,0.93507,1,Month-to-month,Fiber optic,Mailed check,1,75.05
9092-GDZKO,No,0.24305686,0,Month-to-month,No,Credit card (automatic),22,24.85
0823-HSCDJ,Yes,0.6197027,1,Month-to-month,DSL,Electronic check,52,49.15
3729-OWRVL,No,0.6205592,1,Two year,Fiber optic,Electronic check,65,110.35
2324-AALNO,No,0.092423275,0,One year,No,Bank transfer (automatic),48,24.55
0822-GAVAP,Yes,0.89562213,1,Month-to-month,DSL,Electronic check,2,34.7
5760-IFJOZ,No,0.75320613,1,Month-to-month,Fiber optic,Mailed check,3,107.95
2826-UWHIS,No,0.39028537,0,Month-to-month,Fiber optic,Bank transfer (automatic),45,81.4
1448-PWKYE,Yes,0.91455084,1,Month-to-month,Fiber optic,Electronic check,1,80.0
7501-IWUNG,No,0.030047461,0,Two year,DSL,Bank transfer (automatic),61,73.8
4957-TREIR,No,0.36777368,0,Month-to-month,DSL,Credit card (automatic),3,64.4
7251-LJBQN,No,0.5567739,1,One year,Fiber optic,Credit card (automatic),40,103.75
8040-MNRTF,No,0.876913,1,Month-to-month,Fiber optic,Mailed check,1,71.1
1536-HBSWP,No,0.69912046,1,Month-to-month,DSL,Electronic check,1,49.9
5313-FPXWG,No,0.06973591,0,One year,No,Bank transfer (automatic),51,24.6
0067-DKWBL,Yes,0.73646647,1,Month-to-month,DSL,Electronic check,2,49.25
0946-FKYTX,No,0.26715776,0,One year,DSL,Mailed check,52,30.1
5076-YVXCM,No,0.48851094,1,Month-to-month,Fiber optic,Bank transfer (automatic),51,83.4
8262-COGGB,No,0.620716,1,Month-to-month,No,Mailed check,1,20.45
6663-JOCQO,No,0.2159056,0,One year,DSL,Bank transfer (automatic),31,75.25
9620-QJREV,No,0.036537543,0,One year,No,Credit card (automatic),47,20.55
2276-YDAVZ,Yes,0.834542,1,Month-to-month,Fiber optic,Credit card (automatic),3,75.1
2682-KEVRP,No,0.08818284,0,One year,No,Mailed check,22,20.05
2480-JZOSN,No,0.66459715,1,Month-to-month,No,Mailed check,1,20.65
0078-XZMHT,No,0.0081887,0,Two year,DSL,Bank transfer (automatic),72,85.15
5896-NPFWW,Yes,0.79023266,1,Month-to-month,DSL,Electronic check,3,50.15
9978-HYCIN,No,0.12515005,0,One year,Fiber optic,Bank transfer (automatic),47,84.95
8338-QIUNR,No,0.014770613,0,Two year,DSL,Credit card (automatic),72,66.5
1525-LNLOJ,No,0.042071518,0,Two year,DSL,Bank transfer (automatic),66,63.3
9450-TRJUU,No,0.7275569,1,Month-to-month,Fiber optic,Electronic check,35,83.15
1766-GKNMI,No,0.79632205,1,Month-to-month,Fiber optic,Electronic check,29,84.9
6942-LBFDP,No,0.43439987,0,Month-to-month,No,Mailed check,2,20.55
1456-TWCGB,No,0.55581874,1,Month-to-month,DSL,Mailed check,4,49.25
7133-VBDCG,Yes,0.50366294,1,Month-to-month,Fiber optic,Bank transfer (automatic),25,79.85
7596-ZYWBB,No,0.01308938,0,Two year,DSL,Mailed check,65,59.6
8329-UTMVM,No,0.43523505,0,One year,Fiber optic,Bank transfer (automatic),27,104.65
3014-WJKSM,No,0.47005078,1,Month-to-month,Fiber optic,Credit card (automatic),29,75.3
3347-YJZZE,No,0.2204195,0,Month-to-month,DSL,Credit card (automatic),29,80.1
1029-QFBEN,Yes,0.6000805,1,Month-to-month,No,Mailed check,1,19.55
7929-DMBCV,No,0.46190628,1,Month-to-month,Fiber optic,Mailed check,20,81.0
9661-JALZV,No,0.039712958,0,Two year,No,Credit card (automatic),58,24.7
5433-KYGHE,No,0.53506225,1,Month-to-month,Fiber optic,Mailed check,14,86.0
4312-KFRXN,No,0.0052938163,0,Two year,No,Mailed check,72,25.4
5575-TPIZQ,No,0.4517696,1,Month-to-month,Fiber optic,Credit card (automatic),46,89.15
0114-IGABW,No,0.011821462,0,Two year,DSL,Bank transfer (automatic),71,58.25
9944-AEXBM,No,0.6507158,1,Month-to-month,Fiber optic,Bank transfer (automatic),32,85.65
1853-ARAAQ,No,0.3860025,0,Month-to-month,DSL,Credit card (automatic),26,50.35
6952-OMNWB,No,0.464431,1,Month-to-month,Fiber optic,Credit card (automatic),68,80.35
4697-LUPSU,No,0.059318554,0,One year,No,Mailed check,2,20.2
8434-VGEQQ,No,0.020413788,0,Two year,No,Credit card (automatic),61,20.55
4952-YSOGZ,Yes,0.9194013,1,Month-to-month,Fiber optic,Electronic check,4,85.95
1589-AGTLK,Yes,0.7460012,1,Month-to-month,DSL,Electronic check,3,45.35
5244-IRFIH,Yes,0.7671954,1,Month-to-month,Fiber optic,Electronic check,33,94.5
6549-YMFAW,No,0.45512187,1,Month-to-month,No,Mailed check,9,21.25
4950-HKQTE,No,0.03879244,0,Two year,No,Mailed check,22,26.25
6786-OBWQR,No,0.86779946,1,Month-to-month,Fiber optic,Electronic check,5,80.85
2684-EIWEO,Yes,0.711638,1,Month-to-month,Fiber optic,Credit card (automatic),30,91.7
2753-JMMCV,No,0.15229315,0,Two year,DSL,Credit card (automatic),65,74.2
6439-GTPCA,Yes,0.6014306,1,Month-to-month,Fiber optic,Electronic check,45,87.25
6621-YOBKI,No,0.22798729,0,Month-to-month,No,Mailed check,5,20.35
1216-JWVUX,No,0.6951661,1,Month-to-month,Fiber optic,Electronic check,25,75.5
7564-GHCVB,No,0.010808819,0,Two year,Fiber optic,Bank transfer (automatic),72,79.05
1173-NOEYG,No,0.5002815,1,Month-to-month,Fiber optic,Bank transfer (automatic),27,90.15
7595-EHCDL,No,0.2821682,0,Month-to-month,DSL,Credit card (automatic),32,50.6
6647-ZEDXT,No,0.3658182,0,One year,Fiber optic,Credit card (automatic),30,110.45
2521-NPUZR,No,0.07324575,0,Two year,Fiber optic,Credit card (automatic),70,101.0
1307-TVUFB,No,0.57275975,1,Month-to-month,Fiber optic,Bank transfer (automatic),42,79.35
7503-MIOGA,No,0.0105953235,0,Two year,DSL,Bank transfer (automatic),72,89.85
4381-MHQDC,No,0.030062724,0,Two year,DSL,Mailed check,47,65.0
6923-JHPMP,No,0.6918684,1,Month-to-month,Fiber optic,Electronic check,2,80.45
5138-WVKYJ,Yes,0.8847252,1,Month-to-month,Fiber optic,Electronic check,10,98.55
4018-PPNDW,No,0.035912007,0,Two year,No,Mailed check,61,24.1
1635-FJFCC,No,0.65036744,1,Month-to-month,DSL,Credit card (automatic),5,44.05
2499-AJYUA,No,0.021470997,0,Two year,Fiber optic,Credit card (automatic),72,110.8
6919-ELBGL,No,0.022511624,0,Two year,Fiber optic,Bank transfer (automatic),72,114.95
3966-HRMZA,No,0.73579067,1,Month-to-month,Fiber optic,Mailed check,3,75.05
6425-JWTDV,No,0.019641718,0,Two year,No,Mailed check,48,19.25
8405-IGQFX,No,0.092744894,0,One year,Fiber optic,Credit card (automatic),63,90.05
8224-IVVPA,No,0.25922984,0,Month-to-month,DSL,Mailed check,27,56.7
9477-LGWQI,No,0.037772175,0,Two year,DSL,Credit card (automatic),70,80.15
1410-RSCMR,No,0.2725467,0,Month-to-month,DSL,Credit card (automatic),7,71.35
3115-CZMZD,No,0.034651022,0,Two year,No,Mailed check,0,20.25
0139-IVFJG,No,0.5859791,1,Month-to-month,Fiber optic,Electronic check,2,90.35
6683-VLCTZ,Yes,0.89363784,1,Month-to-month,Fiber optic,Electronic check,20,98.55
5730-DBDSI,No,0.025937827,0,Two year,No,Bank transfer (automatic),66,19.7
0030-FNXPP,No,0.3156819,0,Month-to-month,No,Mailed check,3,19.85
2189-WWOEW,Yes,0.7199495,1,Month-to-month,Fiber optic,Bank transfer (automatic),15,85.9
5684-FJVYR,No,0.0066473787,0,Two year,Fiber optic,Bank transfer (automatic),72,90.35
4013-GUXND,No,0.64237124,1,Month-to-month,No,Mailed check,1,20.8
1894-IGFSG,Yes,0.6388236,1,Month-to-month,Fiber optic,Electronic check,22,89.25
7379-POKDZ,Yes,0.7694799,1,Month-to-month,Fiber optic,Electronic check,3,70.3
1266-NZYUI,No,0.013735879,0,Two year,DSL,Bank transfer (automatic),72,66.85
7969-FFOWG,No,0.011078522,0,Two year,No,Mailed check,65,19.9
4718-DHSMV,No,0.58209467,1,Month-to-month,DSL,Mailed check,11,35.8
5175-WLYXL,No,0.62986875,1,Month-to-month,Fiber optic,Mailed check,22,78.85
7817-OMJNA,No,0.085356995,0,One year,No,Bank transfer (automatic),14,20.4
8728-SKJLR,No,0.5356935,1,Month-to-month,Fiber optic,Electronic check,41,74.25
3137-NYQQI,No,0.18185648,0,One year,DSL,Mailed check,17,64.8
7706-DZNKK,No,0.20853776,0,Month-to-month,No,Credit card (automatic),11,20.45
0236-HFWSV,Yes,0.84302795,1,Month-to-month,Fiber optic,Electronic check,15,93.35
3900-AQPHZ,Yes,0.6349401,1,Month-to-month,No,Mailed check,1,19.9
5842-POCOP,Yes,0.6906102,1,Month-to-month,Fiber optic,Mailed check,5,88.9
2037-XJFUP,Yes,0.58336574,1,One year,Fiber optic,Electronic check,33,95.8
8823-RLPWL,No,0.01057398,0,Two year,Fiber optic,Credit card (automatic),72,110.65
9505-SQFSW,No,0.56913954,1,Month-to-month,DSL,Mailed check,3,40.3
7314-OXENN,Yes,0.91668075,1,Month-to-month,Fiber optic,Electronic check,2,82.0
3758-CKOQL,No,0.5008612,1,One year,Fiber optic,Credit card (automatic),59,107.0
0322-CHQRU,Yes,0.7136063,1,Month-to-month,DSL,Electronic check,2,45.35
5676-CFLYY,No,0.032161556,0,Two year,DSL,Credit card (automatic),71,73.35
7521-AFHAB,No,0.5309545,1,Month-to-month,DSL,Mailed check,5,44.8
0285-INHLN,No,0.2529947,0,Month-to-month,DSL,Credit card (automatic),27,54.75
4678-DVQEO,Yes,0.73730683,1,Month-to-month,DSL,Electronic check,1,52.2
5125-CNDSP,No,0.03759397,0,One year,DSL,Bank transfer (automatic),63,40.6
0691-IFBQW,Yes,0.58571833,1,One year,Fiber optic,Electronic check,46,110.0
4992-LTJNE,No,0.0057331515,0,Two year,DSL,Bank transfer (automatic),72,55.3
2202-OUTMO,No,0.16173467,0,Month-to-month,DSL,Bank transfer (automatic),34,60.85
0810-BDHAW,No,0.15435116,0,One year,DSL,Electronic check,24,78.4
0229-LFJAF,No,0.007986204,0,Two year,DSL,Bank transfer (automatic),72,69.65
7131-ZQZNK,No,0.020400457,0,Two year,DSL,Credit card (automatic),60,59.85
3442-ZHHCC,No,0.29668772,0,One year,DSL,Credit card (automatic),68,76.9
5726-CVNYA,No,0.035336956,0,Two year,No,Mailed check,8,19.85
9871-ELEYA,No,0.046035945,0,Two year,DSL,Credit card (automatic),34,67.65
4257-GAESD,No,0.59769887,1,Month-to-month,DSL,Credit card (automatic),6,45.0
5173-WXOQV,No,0.37801322,0,Month-to-month,DSL,Mailed check,2,64.2
2040-OBMLJ,No,0.12396599,0,One year,Fiber optic,Credit card (automatic),31,81.7
6286-ZHAOK,No,0.23476611,0,Month-to-month,No,Bank transfer (automatic),20,25.55
3807-XHCJH,No,0.6189623,1,Month-to-month,No,Electronic check,1,20.0
3009-JWMPU,Yes,0.6515348,1,One year,Fiber optic,Electronic check,62,96.75
5671-RQRLP,No,0.24866797,0,Two year,Fiber optic,Credit card (automatic),70,75.65
1450-GALXR,Yes,0.93677044,1,Month-to-month,Fiber optic,Electronic check,10,98.5
8859-AXJZP,No,0.034433432,0,Two year,No,Mailed check,39,23.8
3174-AKMAS,No,0.059959345,0,Two year,DSL,Credit card (automatic),46,64.2
3138-BKYAV,Yes,0.87180084,1,Month-to-month,Fiber optic,Electronic check,6,85.35
9926-PJHDQ,No,0.05043598,0,Two year,DSL,Bank transfer (automatic),72,76.8
7382-DFJTU,No,0.32092038,0,Month-to-month,DSL,Credit card (automatic),18,55.2
2798-NYLMZ,No,0.4292114,0,Two year,Fiber optic,Credit card (automatic),71,108.55
4289-DTDKW,Yes,0.813145,1,Month-to-month,Fiber optic,Electronic check,40,101.3
1820-TQVEV,Yes,0.9403647,1,Month-to-month,Fiber optic,Electronic check,1,69.55
2239-JALAW,Yes,0.6205186,1,One year,Fiber optic,Bank transfer (automatic),58,103.25
4853-RULSV,Yes,0.5422102,1,Two year,Fiber optic,Credit card (automatic),70,104.0
8098-TDCBU,No,0.05219688,0,Two year,No,Electronic check,42,25.25
3551-GAEGL,No,0.12992404,0,One year,DSL,Bank transfer (automatic),34,30.4
4785-NKHCX,No,0.31817204,0,Month-to-month,No,Bank transfer (automatic),5,20.05
3196-NVXLZ,No,0.6659631,1,Month-to-month,Fiber optic,Mailed check,25,84.6
6275-YDUVO,Yes,0.89310247,1,Month-to-month,Fiber optic,Mailed check,2,86.2
0036-IHMOT,No,0.24064334,0,One year,Fiber optic,Bank transfer (automatic),55,103.7
0115-TFERT,Yes,0.76397187,1,Month-to-month,Fiber optic,Electronic check,21,111.2
4178-EGMON,No,0.050516732,0,Two year,Fiber optic,Credit card (automatic),70,88.0
4220-TINQT,No,0.42421213,0,Month-to-month,Fiber optic,Electronic check,61,106.35
5318-YKDPV,No,0.0240359,0,Two year,DSL,Credit card (automatic),43,79.15
7975-TZMLR,No,0.5695871,1,One year,Fiber optic,Electronic check,47,103.1
0295-QVKPB,No,0.42114285,0,Month-to-month,DSL,Credit card (automatic),5,63.95
4335-BSMJS,No,0.048094675,0,Two year,No,Credit card (automatic),62,25.8
2311-QYMUQ,Yes,0.66094285,1,Month-to-month,Fiber optic,Credit card (automatic),16,89.45
3643-AHCFP,Yes,0.93424964,1,Month-to-month,Fiber optic,Bank transfer (automatic),7,95.6
9146-JRIOX,No,0.22303365,0,Month-to-month,No,Mailed check,14,25.55
3104-OWCGK,Yes,0.3994304,0,One year,Fiber optic,Electronic check,60,90.95
5337-IIWKZ,No,0.2504997,0,Month-to-month,DSL,Electronic check,34,44.85
9101-BWFSS,Yes,0.6028004,1,One year,Fiber optic,Electronic check,50,108.55
9650-VBUOG,No,0.033214685,0,Two year,No,Credit card (automatic),38,25.05
3487-EARAT,No,0.26531836,0,One year,DSL,Credit card (automatic),70,74.1
2672-TGEFF,No,0.59557605,1,Month-to-month,Fiber optic,Electronic check,37,88.8
9231-ZJYAM,Yes,0.8678493,1,Month-to-month,Fiber optic,Electronic check,4,78.85
4250-WAROZ,No,0.19332133,0,Month-to-month,Fiber optic,Electronic check,60,93.25
8184-WMOFI,No,0.12144195,0,One year,DSL,Credit card (automatic),62,71.4
6982-SSHFK,Yes,0.73229957,1,Month-to-month,DSL,Mailed check,1,44.4
6092-QZVPP,No,0.24405979,0,Month-to-month,DSL,Credit card (automatic),36,79.2
4625-LAMOB,No,0.019744847,0,Two year,No,Credit card (automatic),44,20.4
0727-BMPLR,Yes,0.63373995,1,One year,Fiber optic,Electronic check,55,100.0
0392-BZIUW,No,0.06280748,0,Two year,Fiber optic,Credit card (automatic),72,105.0
1038-ZAGBI,Yes,0.1391214,0,One year,No,Bank transfer (automatic),12,19.8
6549-NNDYT,No,0.48209494,1,Month-to-month,DSL,Bank transfer (automatic),13,30.85
3027-ZTDHO,Yes,0.9457266,1,Month-to-month,Fiber optic,Electronic check,1,89.9
0422-OHQHQ,No,0.066963755,0,One year,No,Mailed check,15,20.55
6916-HIJSE,No,0.029527357,0,Two year,DSL,Bank transfer (automatic),65,84.85
2316-ESMLS,No,0.12949906,0,One year,DSL,Credit card (automatic),12,33.15
9778-OGKQZ,No,0.0045683794,0,Two year,DSL,Credit card (automatic),72,92.0
7408-OFWXJ,No,0.0040399036,0,Two year,DSL,Credit card (automatic),72,89.8
6007-TCTST,No,0.024539668,0,Two year,Fiber optic,Bank transfer (automatic),72,115.8
2252-NKNSI,No,0.03521727,0,Two year,DSL,Mailed check,52,85.15
8713-IGZSO,No,0.2971822,0,Month-to-month,No,Mailed check,2,24.85
7905-TVXTA,No,0.5255698,1,Month-to-month,DSL,Electronic check,5,64.35
7695-PKLCZ,No,0.011086178,0,Two year,No,Credit card (automatic),68,20.5
2382-BCKQJ,Yes,0.5867405,1,One year,Fiber optic,Electronic check,62,100.15
8374-UULRV,No,0.0034167173,0,Two year,DSL,Credit card (automatic),72,86.05
2207-NHRJK,Yes,0.7378311,1,Month-to-month,DSL,Electronic check,1,50.8
3224-DFQNQ,No,0.27434888,0,One year,Fiber optic,Electronic check,66,89.0
5275-PMFUT,No,0.007894755,0,Two year,DSL,Credit card (automatic),72,64.8
4795-UXVCJ,No,0.040379867,0,One year,No,Credit card (automatic),26,19.8
9777-IQHWP,No,0.08885288,0,Two year,Fiber optic,Bank transfer (automatic),64,93.4
0947-MUGVO,Yes,0.745568,1,Month-to-month,Fiber optic,Electronic check,20,73.65
9944-HKVVB,Yes,0.8750348,1,Month-to-month,Fiber optic,Electronic check,3,95.1
4124-MMETB,Yes,0.7640571,1,Month-to-month,Fiber optic,Credit card (automatic),22,94.65
3671-SHRSP,Yes,0.8233309,1,Month-to-month,Fiber optic,Mailed check,4,80.6
0979-MOZQI,No,0.020482479,0,Two year,DSL,Bank transfer (automatic),62,39.0
2732-ISEZX,No,0.24756677,0,Month-to-month,No,Mailed check,5,20.5
3313-QKNKB,Yes,0.37360552,0,One year,Fiber optic,Electronic check,59,85.55
0323-XWWTN,No,0.02859024,0,Two year,No,Mailed check,3,26.4
1937-OTUKY,No,0.014812279,0,Two year,Fiber optic,Bank transfer (automatic),72,98.2
1573-LGXBA,No,0.2930771,0,One year,Fiber optic,Credit card (automatic),57,97.55
1764-VUUMT,No,0.008947996,0,Two year,No,Credit card (automatic),66,19.95
5073-WXOYN,Yes,0.64094377,1,Month-to-month,DSL,Electronic check,60,50.8
4713-ZBURT,No,0.13122927,0,Two year,Fiber optic,Bank transfer (automatic),45,99.7
3050-GBUSH,No,0.78907454,1,Month-to-month,DSL,Credit card (automatic),3,34.8
0207-MDKNV,Yes,0.7989188,1,Month-to-month,Fiber optic,Electronic check,15,105.1
7876-AEHIG,No,0.11878736,0,One year,DSL,Bank transfer (automatic),51,60.15
7945-HLKEA,No,0.09720284,0,One year,DSL,Electronic check,60,64.75
9342-VNIMQ,No,0.38780966,0,Month-to-month,DSL,Bank transfer (automatic),33,54.65
9851-KIELU,Yes,0.82264024,1,Month-to-month,Fiber optic,Electronic check,10,110.1
3523-BRGUW,No,0.017695524,0,One year,No,Credit card (automatic),26,19.3
3908-BLSYF,Yes,0.8376106,1,Month-to-month,Fiber optic,Electronic check,6,83.9
3199-NPKCN,No,0.27445492,0,One year,Fiber optic,Electronic check,67,111.25
5170-PTRKA,No,0.075694196,0,One year,DSL,Credit card (automatic),49,35.8
4661-NJEUX,No,0.67231053,1,Month-to-month,No,Mailed check,1,20.05
2123-AGEEN,No,0.8576136,1,Month-to-month,Fiber optic,Electronic check,7,84.35
1258-YMZNM,No,0.3290977,0,One year,Fiber optic,Bank transfer (automatic),27,110.5
0048-LUMLS,No,0.34977525,0,One year,Fiber optic,Credit card (automatic),37,91.2
7549-MYGPK,Yes,0.44395074,0,Month-to-month,Fiber optic,Electronic check,63,100.55
5898-IGSLP,No,0.5008364,1,Month-to-month,Fiber optic,Electronic check,31,89.3
3804-RVTGV,Yes,0.7561938,1,Month-to-month,Fiber optic,Bank transfer (automatic),50,103.85
6259-WJQLC,No,0.6718113,1,Month-to-month,Fiber optic,Credit card (automatic),32,81.1
9227-LUNBG,Yes,0.7584502,1,Month-to-month,DSL,Electronic check,1,24.6
7997-EASSD,No,0.05403445,0,One year,Fiber optic,Credit card (automatic),63,81.2
0730-KOAVE,No,0.7254977,1,Month-to-month,Fiber optic,Credit card (automatic),30,94.3
8975-SKGRX,No,0.03221268,0,Two year,Fiber optic,Bank transfer (automatic),71,116.1
0678-RLHVP,No,0.267485,0,Two year,Fiber optic,Electronic check,53,105.55
4315-MURBD,Yes,0.92217267,1,Month-to-month,Fiber optic,Bank transfer (automatic),12,98.9
2267-FPIMA,No,0.4056211,0,Month-to-month,Fiber optic,Credit card (automatic),50,94.4
1051-GEJLJ,No,0.44364142,0,Month-to-month,No,Mailed check,2,19.5
9734-YWGEX,Yes,0.8764844,1,Month-to-month,Fiber optic,Credit card (automatic),9,98.3
2719-BDAQO,Yes,0.7747123,1,Month-to-month,Fiber optic,Electronic check,17,93.85
5285-MVEHD,No,0.59570533,1,One year,Fiber optic,Credit card (automatic),56,105.6
0379-DJQHR,No,0.07372705,0,Two year,DSL,Credit card (automatic),67,81.35
0781-LKXBR,Yes,0.9327295,1,Month-to-month,Fiber optic,Electronic check,9,100.5
5543-QDCRY,No,0.5936801,1,Month-to-month,DSL,Electronic check,4,56.4
0297-RBCSG,No,0.38389394,0,One year,DSL,Bank transfer (automatic),19,65.35
4694-PHWFW,No,0.23174943,0,Month-to-month,No,Mailed check,8,19.95
0835-JKADZ,No,0.04323527,0,Two year,Fiber optic,Electronic check,71,111.25
1907-UBQFC,Yes,0.7729964,1,Month-to-month,Fiber optic,Electronic check,10,72.85
7508-SMHXL,No,0.6549258,1,Month-to-month,Fiber optic,Credit card (automatic),15,89.0
3865-YIOTT,No,0.10357661,0,One year,Fiber optic,Bank transfer (automatic),72,106.1
5993-BQHEA,No,0.08131758,0,One year,No,Credit card (automatic),12,20.05
6024-RUGGH,No,0.006440308,0,Two year,No,Bank transfer (automatic),72,25.2
6513-EECDB,Yes,0.94599265,1,Month-to-month,Fiber optic,Electronic check,1,73.55
3956-CJUST,No,0.5185059,1,Month-to-month,Fiber optic,Bank transfer (automatic),23,75.4
4079-WWQQQ,No,0.008772887,0,Two year,DSL,Bank transfer (automatic),72,65.55
6103-BOCOU,No,0.7611096,1,Month-to-month,Fiber optic,Electronic check,26,80.7
5149-TGWDZ,No,0.38364226,0,One year,Fiber optic,Mailed check,21,104.55
7471-WNSUF,No,0.024008516,0,One year,No,Bank transfer (automatic),60,24.15
8942-DBMHZ,No,0.169277,0,Month-to-month,No,Mailed check,12,20.45
4301-VVZKA,No,0.7854858,1,Month-to-month,Fiber optic,Electronic check,16,75.4
9199-PWQVC,No,0.16701454,0,One year,DSL,Credit card (automatic),63,79.7
4824-GUCBY,No,0.59241045,1,Month-to-month,Fiber optic,Electronic check,22,81.7
5393-HJZSM,No,0.27697048,0,Month-to-month,DSL,Bank transfer (automatic),32,76.3
7074-IEVOJ,Yes,0.9190806,1,Month-to-month,Fiber optic,Electronic check,3,79.4
9625-QSTYE,Yes,0.7826782,1,Month-to-month,Fiber optic,Electronic check,13,81.15
0862-PRCBS,No,0.09809278,0,Two year,Fiber optic,Credit card (automatic),68,103.75
8812-ZRHFP,No,0.3101304,0,One year,Fiber optic,Electronic check,30,86.45
5146-CBVOE,No,0.48321062,1,Month-to-month,Fiber optic,Bank transfer (automatic),16,75.1
0454-OKRCT,No,0.04126608,0,Two year,Fiber optic,Bank transfer (automatic),33,80.6
5787-KXGIY,No,0.0039287307,0,Two year,No,Credit card (automatic),72,19.3
4750-ZRXIU,Yes,0.9334515,1,Month-to-month,Fiber optic,Electronic check,4,84.6
4198-VFOEA,No,0.11075559,0,One year,DSL,Mailed check,12,33.6
6630-UJZMY,No,0.9258078,1,Month-to-month,Fiber optic,Electronic check,4,83.25
5709-LVOEQ,No,0.06732522,0,Two year,DSL,Mailed check,0,80.85
6400-BWQKW,Yes,0.75740767,1,Month-to-month,Fiber optic,Electronic check,6,79.05
2692-AQCPF,No,0.33431143,0,One year,Fiber optic,Credit card (automatic),65,108.05
0347-UBKUZ,No,0.22160476,0,Month-to-month,No,Mailed check,15,19.9
0835-DUUIQ,No,0.0895327,0,One year,No,Bank transfer (automatic),24,21.05
0811-GSDTP,No,0.3509684,0,Month-to-month,DSL,Electronic check,13,30.15
7567-ECMCM,No,0.50607026,1,Month-to-month,Fiber optic,Credit card (automatic),24,79.85
6115-ZTBFQ,No,0.007279733,0,Two year,DSL,Bank transfer (automatic),72,65.5
6353-BRMMA,No,0.5208805,1,Month-to-month,Fiber optic,Bank transfer (automatic),54,104.1
6680-WKXRZ,Yes,0.7354748,1,Month-to-month,Fiber optic,Bank transfer (automatic),3,74.4
6231-WFGFH,No,0.28648812,0,Month-to-month,No,Mailed check,4,20.5
9904-EHEVJ,No,0.6415408,1,Month-to-month,Fiber optic,Mailed check,32,91.35
7028-DVOIQ,Yes,0.86892366,1,Month-to-month,Fiber optic,Electronic check,35,99.05
6169-PPETC,No,0.019466156,0,Two year,No,Bank transfer (automatic),35,20.5
4208-UFFGW,Yes,0.7254944,1,Month-to-month,DSL,Mailed check,2,44.95
8584-KMVXD,No,0.62126523,1,Month-to-month,Fiber optic,Electronic check,8,75.6
8467-WYNSR,No,0.19365469,0,Month-to-month,DSL,Mailed check,22,55.1
0851-DFJKB,No,0.522239,1,Month-to-month,DSL,Electronic check,15,58.95
5382-SOYZL,No,0.85638064,1,Month-to-month,Fiber optic,Electronic check,22,95.1
9448-REEVD,Yes,0.7297466,1,Month-to-month,DSL,Credit card (automatic),1,44.7
3261-CQXOL,No,0.0074419705,0,Two year,No,Bank transfer (automatic),71,25.45
8388-FYNPZ,No,0.51633894,1,Month-to-month,DSL,Electronic check,4,56.75
4002-BQWPQ,No,0.1882598,0,Month-to-month,DSL,Bank transfer (automatic),25,81.75
5651-YLPRD,No,0.7058491,1,Month-to-month,Fiber optic,Electronic check,32,86.1
2826-DXLQO,No,0.5547179,1,Month-to-month,DSL,Bank transfer (automatic),7,29.8
4378-BZYFP,No,0.053743914,0,One year,No,Mailed check,17,20.5
9489-UTFKA,No,0.29068458,0,Month-to-month,DSL,Bank transfer (automatic),8,60.9
4849-PYRLQ,No,0.047073286,0,Two year,DSL,Bank transfer (automatic),56,73.25
9117-SHLZX,Yes,0.79652935,1,Month-to-month,DSL,Mailed check,1,45.7
9889-TMAHG,Yes,0.84775573,1,Month-to-month,Fiber optic,Credit card (automatic),8,100.3
4541-RMRLG,Yes,0.20321508,0,Month-to-month,No,Electronic check,7,19.25
7764-BDPEE,No,0.23746756,0,Month-to-month,No,Mailed check,3,20.85
3429-IFLEM,No,0.01313718,0,Two year,DSL,Credit card (automatic),71,77.35
3158-MOERK,Yes,0.93630284,1,Month-to-month,Fiber optic,Electronic check,2,96.0
7294-TMAOP,Yes,0.9300234,1,Month-to-month,Fiber optic,Electronic check,1,90.55
5002-GCQFH,No,0.43272617,0,Month-to-month,Fiber optic,Bank transfer (automatic),49,93.85
0556-FJEGU,No,0.024910552,0,Two year,DSL,Bank transfer (automatic),58,70.1
8919-FYFQZ,Yes,0.5332424,1,Month-to-month,DSL,Electronic check,44,30.35
0604-THJFP,No,0.029483786,0,Two year,DSL,Credit card (automatic),59,75.95
2834-JRTUA,Yes,0.6587975,1,Two year,Fiber optic,Electronic check,71,108.05
5875-YPQFJ,Yes,0.9301008,1,Month-to-month,Fiber optic,Electronic check,1,69.9
5879-SESNB,No,0.72644275,1,Month-to-month,Fiber optic,Electronic check,11,75.25
6646-QVXLR,Yes,0.51761675,1,One year,Fiber optic,Electronic check,62,103.75
6461-PPAXN,No,0.08950891,0,One year,DSL,Bank transfer (automatic),35,54.95
3318-ISQFQ,No,0.24522166,0,Month-to-month,No,Bank transfer (automatic),20,19.5
1106-HRLKZ,No,0.023253012,0,Two year,No,Mailed check,40,19.6
2483-XSSMZ,No,0.18129508,0,One year,DSL,Electronic check,39,47.85
8603-IJWDN,Yes,0.94830495,1,Month-to-month,Fiber optic,Electronic check,1,86.6
8165-ZJRNM,No,0.0044398946,0,Two year,No,Bank transfer (automatic),72,23.75
9369-XFEHK,Yes,0.6117519,1,Month-to-month,Fiber optic,Bank transfer (automatic),33,80.6
2604-XVDAM,No,0.34799814,0,Month-to-month,DSL,Bank transfer (automatic),12,43.8
3717-OFRTN,No,0.5494011,1,Month-to-month,No,Bank transfer (automatic),1,19.75
9046-JBFWA,No,0.023995176,0,Month-to-month,No,Mailed check,27,19.15
3280-NMUVX,No,0.032245703,0,One year,No,Credit card (automatic),34,19.6
1206-EHBDD,No,0.05411522,0,Two year,Fiber optic,Bank transfer (automatic),56,80.3
8361-LBRDI,No,0.030497337,0,Two year,No,Credit card (automatic),58,24.35
4883-KCPZJ,No,0.040065646,0,Two year,No,Credit card (automatic),22,25.25
9108-EQPNQ,No,0.03830705,0,Two year,No,Credit card (automatic),10,26.1
7277-KAMWT,No,0.026151724,0,Two year,No,Credit card (automatic),13,20.0
3842-IYKUE,Yes,0.46963766,1,Month-to-month,Fiber optic,Credit card (automatic),35,85.3
6641-XRPSU,Yes,0.6630671,1,Month-to-month,Fiber optic,Credit card (automatic),34,70.0
1374-DMZUI,Yes,0.94222665,1,Month-to-month,Fiber optic,Electronic check,4,94.3
2545-LXYVJ,No,0.0041028936,0,Two year,No,Bank transfer (automatic),72,20.7
3234-VKACU,No,0.5267769,1,Month-to-month,DSL,Electronic check,2,70.3
8357-EQXFO,Yes,0.8736713,1,Month-to-month,Fiber optic,Electronic check,7,95.35
1989-PRJHP,Yes,0.6429781,1,Month-to-month,Fiber optic,Electronic check,27,75.5
8120-JDCAM,No,0.7402797,1,Month-to-month,Fiber optic,Mailed check,4,69.55
8917-FAEMR,No,0.023459079,0,Two year,No,Mailed check,37,19.85
7047-YXDMZ,No,0.14011818,0,Month-to-month,No,Mailed check,21,20.0
2858-EIMXH,No,0.5305066,1,One year,Fiber optic,Credit card (automatic),53,95.85
9524-EGPJC,Yes,0.77885264,1,Month-to-month,Fiber optic,Electronic check,18,90.1
6993-OHLXR,Yes,0.7239931,1,Month-to-month,Fiber optic,Electronic check,2,68.95
8818-XYFCQ,Yes,0.6213236,1,Month-to-month,Fiber optic,Credit card (automatic),32,99.55
6419-ZTTLE,No,0.065325774,0,One year,No,Electronic check,23,20.75
0929-HYQEW,No,0.59042245,1,Month-to-month,DSL,Mailed check,3,50.15
6614-YOLAC,No,0.0055131475,0,Two year,DSL,Mailed check,71,58.65
7426-RHZGU,No,0.7691373,1,Month-to-month,Fiber optic,Bank transfer (automatic),9,95.9
4065-JJAVA,No,0.6733338,1,Month-to-month,DSL,Electronic check,1,49.5
4695-VADHF,Yes,0.51684535,1,Month-to-month,DSL,Electronic check,18,57.45
3863-IUBJR,Yes,0.34495252,0,One year,DSL,Credit card (automatic),12,53.65
7649-SIJJF,No,0.006252623,0,Two year,DSL,Mailed check,71,80.1
9361-YNQWJ,No,0.026848212,0,One year,No,Bank transfer (automatic),64,24.4
3748-FVMZZ,No,0.6639672,1,Month-to-month,DSL,Electronic check,4,40.05
9391-TTOYH,No,0.15007676,0,Month-to-month,No,Mailed check,23,19.5
1452-XRSJV,No,0.23270902,0,Month-to-month,DSL,Credit card (automatic),39,51.05
3422-WJOYD,No,0.06156809,0,One year,DSL,Mailed check,28,54.35
8242-SOQUO,No,0.86793005,1,Month-to-month,Fiber optic,Electronic check,5,84.7
7460-ITWWP,No,0.58933663,1,Month-to-month,Fiber optic,Electronic check,45,86.1
7147-AYBAA,No,0.61730325,1,Month-to-month,Fiber optic,Mailed check,37,70.35
7868-TMWMZ,No,0.13427491,0,Two year,Fiber optic,Bank transfer (automatic),60,110.0
4822-RVYBB,Yes,0.94274426,1,Month-to-month,Fiber optic,Electronic check,8,100.6
6732-FZUGP,No,0.13080484,0,One year,Fiber optic,Credit card (automatic),47,94.9
8436-BJUMM,Yes,0.75807804,1,Month-to-month,Fiber optic,Electronic check,26,83.75
4184-TJFAN,Yes,0.80815697,1,Month-to-month,Fiber optic,Mailed check,3,88.3
8329-GWVPJ,No,0.33285728,0,Month-to-month,Fiber optic,Bank transfer (automatic),50,69.75
1352-VHKAJ,No,0.08941603,0,Month-to-month,DSL,Bank transfer (automatic),27,71.6
4145-UQXUQ,Yes,0.85111314,1,Month-to-month,Fiber optic,Electronic check,8,92.1
2632-TACXW,No,0.020123258,0,Two year,No,Bank transfer (automatic),62,23.65
8146-QQKZH,No,0.012619482,0,Two year,DSL,Bank transfer (automatic),71,81.85
1767-CJKBA,No,0.021912169,0,Two year,No,Mailed check,66,25.1
6445-TNRXS,No,0.44262677,0,Two year,Fiber optic,Bank transfer (automatic),68,114.7
4581-LNWUM,No,0.68554413,1,Month-to-month,DSL,Electronic check,13,49.15
4869-EPIUS,No,0.30032608,0,One year,Fiber optic,Electronic check,56,80.9
9948-YPTDG,Yes,0.586516,1,Month-to-month,Fiber optic,Electronic check,38,79.45
1236-WFCDV,Yes,0.6620798,1,Month-to-month,Fiber optic,Credit card (automatic),14,90.45
1915-OAKWD,No,0.05931296,0,One year,No,Bank transfer (automatic),16,19.3
7296-PIXQY,No,0.6533218,1,Month-to-month,Fiber optic,Electronic check,14,70.2
4883-QICIH,Yes,0.6575685,1,Month-to-month,Fiber optic,Bank transfer (automatic),32,69.75
3354-OADJP,No,0.13352448,0,One year,DSL,Bank transfer (automatic),8,54.25
3524-WQDSG,No,0.7791012,1,Month-to-month,Fiber optic,Bank transfer (automatic),43,99.3
0810-DHDBD,No,0.08152002,0,One year,DSL,Credit card (automatic),52,74.0
4026-SKKHW,No,0.55743665,1,Month-to-month,DSL,Mailed check,3,50.25
2829-HYVZP,No,0.04233943,0,One year,No,Mailed check,29,19.8
8329-IBCTI,Yes,0.60790277,1,Month-to-month,No,Mailed check,1,19.65
1271-SJBGZ,Yes,0.72802156,1,Month-to-month,DSL,Electronic check,12,43.65
3845-JHAMY,No,0.53012294,1,Month-to-month,DSL,Credit card (automatic),16,35.5
7013-PSXHK,No,0.42274198,0,One year,DSL,Mailed check,40,80.75
5669-SRAIP,Yes,0.7629572,1,Month-to-month,DSL,Electronic check,5,39.5
5981-ITEMU,Yes,0.73553556,1,Month-to-month,Fiber optic,Bank transfer (automatic),40,97.1
3486-NPGST,No,0.032259837,0,One year,No,Mailed check,36,19.55
6941-PMGEP,Yes,0.86197716,1,Month-to-month,Fiber optic,Electronic check,5,80.0
1624-WOIWJ,Yes,0.6480591,1,Month-to-month,Fiber optic,Mailed check,10,84.7
2074-GKOWZ,Yes,0.87860477,1,Month-to-month,Fiber optic,Bank transfer (automatic),2,89.55
0376-YMCJC,Yes,0.6829322,1,Month-to-month,Fiber optic,Electronic check,23,90.6
6100-FJZDG,No,0.05675542,0,One year,No,Bank transfer (automatic),26,20.05
4829-ZLJTK,No,0.0135116745,0,Two year,Fiber optic,Electronic check,72,112.4
1730-VFMWO,No,0.17109005,0,Month-to-month,DSL,Bank transfer (automatic),34,50.2
7143-BQIBA,No,0.3327961,0,Month-to-month,DSL,Bank transfer (automatic),10,62.25
3800-LYTRK,No,0.10634716,0,One year,DSL,Mailed check,14,55.7
0634-SZPQA,Yes,0.60173213,1,Month-to-month,Fiber optic,Bank transfer (automatic),23,90.05
9646-NMHXE,No,0.032379616,0,Two year,No,Mailed check,47,19.65
7030-NJVDP,No,0.43582174,0,Month-to-month,Fiber optic,Electronic check,24,89.25
5536-RTPWK,Yes,0.76969403,1,Month-to-month,Fiber optic,Bank transfer (automatic),49,99.05
8883-GRDWQ,No,0.17485355,0,One year,DSL,Mailed check,20,54.0
6166-ILMNY,Yes,0.71304876,1,Month-to-month,Fiber optic,Bank transfer (automatic),2,69.75
3097-NNSPB,Yes,0.73369426,1,Month-to-month,DSL,Credit card (automatic),2,49.05
7771-ZONAT,No,0.031241963,0,Two year,DSL,Bank transfer (automatic),22,56.75
0655-RBDUG,Yes,0.9373596,1,Month-to-month,Fiber optic,Bank transfer (automatic),7,98.05
2111-DWYHN,No,0.5372576,1,Month-to-month,No,Mailed check,1,21.1
4194-WHFCB,No,0.3010598,0,Month-to-month,Fiber optic,Bank transfer (automatic),59,96.65
4121-AGSIN,No,0.08043578,0,One year,No,Credit card (automatic),58,24.5
4361-BKAXE,Yes,0.6621059,1,Month-to-month,Fiber optic,Bank transfer (automatic),41,114.5
9845-PEEKO,No,0.2043722,0,Two year,Fiber optic,Credit card (automatic),59,79.2
0455-XFASS,No,0.7471532,1,Month-to-month,Fiber optic,Electronic check,3,69.55
0301-KOBTQ,No,0.028937187,0,Two year,No,Bank transfer (automatic),32,20.05
1751-NCDLI,No,0.87882656,1,Month-to-month,Fiber optic,Electronic check,46,98.85
4367-NUYAO,No,0.037243277,0,Two year,No,Mailed check,0,25.75
9878-TNQGW,Yes,0.87903345,1,Month-to-month,Fiber optic,Electronic check,2,80.95
9170-ARBTB,No,0.03636632,0,One year,No,Credit card (automatic),52,19.6
4441-NIHPT,Yes,0.74283266,1,Month-to-month,Fiber optic,Electronic check,13,74.3
8999-BOHSE,Yes,0.7870994,1,Month-to-month,Fiber optic,Bank transfer (automatic),11,89.7
7241-AJHFS,No,0.3344368,0,Month-to-month,Fiber optic,Bank transfer (automatic),32,87.65
7029-RPUAV,Yes,0.7367181,1,Month-to-month,Fiber optic,Credit card (automatic),17,100.45
4546-FOKWR,No,0.72635496,1,Month-to-month,Fiber optic,Credit card (automatic),16,74.75
9036-CSKBW,No,0.3687524,0,One year,Fiber optic,Bank transfer (automatic),51,107.45
5832-TRLPB,No,0.2743609,0,One year,DSL,Bank transfer (automatic),29,75.35
8590-YFFQO,No,0.045551226,0,Two year,DSL,Credit card (automatic),70,64.95
8659-IOOPU,No,0.033598747,0,Two year,Fiber optic,Electronic check,71,100.45
1338-CECEE,No,0.10775983,0,One year,DSL,Bank transfer (automatic),41,68.5
7439-DKZTW,No,0.94596237,1,Month-to-month,Fiber optic,Electronic check,1,80.55
4646-QZXTF,No,0.43137306,0,Month-to-month,DSL,Bank transfer (automatic),7,81.25
4607-CHPCA,Yes,0.39302135,0,One year,Fiber optic,Electronic check,25,90.4
9742-XOKTS,No,0.26743335,0,One year,Fiber optic,Electronic check,67,89.55
6921-OZMFH,No,0.4559506,1,Month-to-month,DSL,Mailed check,5,55.7
9578-FOMUK,No,0.23321606,0,Month-to-month,No,Electronic check,15,24.8
4712-UYOOI,No,0.22375898,0,Month-to-month,No,Electronic check,20,20.0
8824-RWFXJ,Yes,0.6755633,1,Month-to-month,DSL,Mailed check,3,56.15
7722-CVFXN,No,0.35783297,0,One year,Fiber optic,Electronic check,54,105.2
8717-VCTXJ,No,0.039007377,0,One year,No,Mailed check,42,19.55
7363-QTBIW,No,0.8010683,1,Month-to-month,Fiber optic,Electronic check,9,79.75
4159-NAAIX,No,0.06767461,0,Two year,Fiber optic,Bank transfer (automatic),63,97.45
0971-QIFJK,No,0.014981153,0,Two year,No,Bank transfer (automatic),69,24.25
9397-TZSHA,No,0.02066929,0,Two year,No,Credit card (automatic),69,24.6
3391-JSQEW,No,0.2945795,0,Month-to-month,DSL,Mailed check,40,50.15
0343-QLUZP,No,0.030894373,0,Two year,DSL,Bank transfer (automatic),60,39.6
9763-PDTKK,Yes,0.86367977,1,Month-to-month,Fiber optic,Bank transfer (automatic),4,94.4
2176-LVPNX,No,0.010800211,0,Two year,DSL,Mailed check,71,89.85
7627-JKIAZ,Yes,0.6202719,1,Month-to-month,Fiber optic,Credit card (automatic),37,78.95
3312-UUMZW,No,0.8006873,1,Month-to-month,Fiber optic,Credit card (automatic),32,98.85
1271-UODNO,No,0.1072118,0,Two year,DSL,Credit card (automatic),39,53.85
8461-EFQYM,No,0.12549156,0,One year,No,Electronic check,38,24.25
6900-RBKER,No,0.074434005,0,Two year,Fiber optic,Credit card (automatic),52,89.45
6891-JPYFF,No,0.524527,1,Month-to-month,Fiber optic,Credit card (automatic),48,105.25
1459-QNFQT,No,0.017219102,0,Two year,DSL,Bank transfer (automatic),70,59.5
1047-NNCBF,No,0.4951254,1,Month-to-month,Fiber optic,Credit card (automatic),20,70.55
3696-XRIEN,No,0.18265678,0,One year,DSL,Credit card (automatic),50,82.5
4081-DYXAV,Yes,0.54846567,1,One year,DSL,Credit card (automatic),19,44.85
0074-HDKDG,No,0.13986287,0,One year,DSL,Bank transfer (automatic),25,61.6
8791-GFXLZ,No,0.42213002,0,Month-to-month,DSL,Bank transfer (automatic),12,49.05
8111-SLLHI,Yes,0.8238043,1,Month-to-month,Fiber optic,Electronic check,39,105.65
0927-LCSMG,Yes,0.6721498,1,Month-to-month,Fiber optic,Mailed check,7,74.65
9330-DHBFL,No,0.08212787,0,One year,DSL,Mailed check,23,66.25
0098-BOWSO,No,0.22849697,0,Month-to-month,No,Electronic check,27,19.4
3452-ABWRL,No,0.6706211,1,Month-to-month,Fiber optic,Credit card (automatic),47,86.05
5859-HZYLF,No,0.014762247,0,Two year,No,Credit card (automatic),26,19.15
8257-RZAHR,Yes,0.47938287,1,Month-to-month,DSL,Bank transfer (automatic),14,64.7
5293-WXJAK,Yes,0.9297646,1,Month-to-month,Fiber optic,Bank transfer (automatic),11,104.05
3156-QLHBO,No,0.10468976,0,Month-to-month,No,Mailed check,2,19.25
2208-NQBCT,No,0.5123647,1,Month-to-month,Fiber optic,Electronic check,26,81.95
1779-PWPMG,No,0.028220687,0,Two year,Fiber optic,Bank transfer (automatic),72,114.65
6621-NRZAK,No,0.027229862,0,Two year,No,Credit card (automatic),63,20.0
0831-JNISG,No,0.0069113974,0,Two year,No,Mailed check,71,19.8
0774-IFUVM,No,0.38690856,0,Month-to-month,DSL,Bank transfer (automatic),11,65.15
3082-WQRVY,No,0.12965141,0,One year,No,Mailed check,14,19.65
9553-DLCLU,No,0.038896464,0,Two year,DSL,Credit card (automatic),13,88.95
1641-BYBTK,No,0.21194173,0,Month-to-month,No,Mailed check,6,20.2
2460-NGXBJ,No,0.729374,1,Month-to-month,Fiber optic,Credit card (automatic),11,75.2
2446-ZKVAF,No,0.44655937,0,Month-to-month,DSL,Credit card (automatic),18,56.8
0841-NULXI,Yes,0.8934378,1,Month-to-month,DSL,Electronic check,1,35.55
3522-CDKHF,No,0.5378145,1,Month-to-month,Fiber optic,Bank transfer (automatic),32,75.5
1430-SFQSA,No,0.08275724,0,One year,DSL,Mailed check,29,35.6
0411-EZJZE,No,0.80155313,1,Month-to-month,DSL,Electronic check,3,60.25
7851-WZEKY,Yes,0.94001883,1,Month-to-month,Fiber optic,Electronic check,2,95.15
8844-TONUD,Yes,0.8426946,1,Month-to-month,Fiber optic,Mailed check,13,96.65
8807-ARQET,No,0.51457375,1,Month-to-month,DSL,Electronic check,41,40.35
8992-CEUEN,No,0.20295475,0,Month-to-month,No,Electronic check,1,18.85
4320-QMLLA,No,0.4402811,0,Month-to-month,DSL,Mailed check,7,54.85
8777-PVYGU,No,0.06616385,0,One year,DSL,Mailed check,52,64.3
8292-ITGYJ,No,0.05544505,0,Two year,No,Bank transfer (automatic),45,24.65
6870-ZWMNX,No,0.116386265,0,Two year,DSL,Credit card (automatic),70,76.1
0621-CXBKL,No,0.017024279,0,Two year,No,Mailed check,53,18.7
5268-DSMNQ,No,0.15623963,0,One year,Fiber optic,Credit card (automatic),62,97.95
5334-JLAXU,No,0.21767822,0,Month-to-month,Fiber optic,Credit card (automatic),60,94.1
4086-YQSNZ,Yes,0.85856646,1,Month-to-month,Fiber optic,Electronic check,3,80.4
6242-MBHPK,No,0.84246856,1,Month-to-month,Fiber optic,Electronic check,23,95.1
5868-CZJDR,Yes,0.8187934,1,Month-to-month,DSL,Mailed check,1,31.35
9359-UGBTK,No,0.25686935,0,One year,DSL,Bank transfer (automatic),67,72.35
0135-NMXAP,Yes,0.8578858,1,Month-to-month,Fiber optic,Bank transfer (automatic),12,89.75
4782-OSFXZ,No,0.012478172,0,Two year,DSL,Bank transfer (automatic),71,82.7
6479-OAUSD,No,0.04530343,0,One year,No,Credit card (automatic),25,19.9
7129-ACFOG,No,0.68167627,1,Month-to-month,DSL,Electronic check,5,53.8
4189-NAKJS,No,0.13789614,0,One year,DSL,Credit card (automatic),26,51.55
5562-BETPV,No,0.10631959,0,One year,No,Mailed check,1,19.65
1282-IHQAC,No,0.12879804,0,One year,DSL,Credit card (automatic),70,44.05
9127-FHJBZ,No,0.0115645295,0,Two year,Fiber optic,Electronic check,72,114.0
6270-OMFIW,Yes,0.36745423,0,One year,Fiber optic,Electronic check,60,94.4
1641-RQDAY,No,0.69508547,1,Month-to-month,Fiber optic,Electronic check,32,100.4
0107-WESLM,Yes,0.63682884,1,Month-to-month,No,Electronic check,1,19.85
6994-ORCWG,No,0.37812173,0,One year,DSL,Mailed check,14,54.25
1346-UFHAX,No,0.6548811,1,Month-to-month,Fiber optic,Credit card (automatic),13,80.0
3992-YWPKO,Yes,0.85628235,1,Month-to-month,Fiber optic,Credit card (automatic),6,109.9
2933-XEUJM,No,0.036453985,0,Two year,DSL,Mailed check,46,79.2
0125-LZQXK,Yes,0.7387812,1,Month-to-month,Fiber optic,Electronic check,15,101.35
5461-QKNTN,No,0.59379166,1,Month-to-month,Fiber optic,Electronic check,43,94.3
4835-YSJMR,No,0.09702268,0,Two year,DSL,Bank transfer (automatic),39,49.8
8399-YNDCH,Yes,0.5035771,1,Month-to-month,DSL,Bank transfer (automatic),21,60.05
3164-YAXFY,No,0.48896465,1,Month-to-month,DSL,Electronic check,57,53.75
0887-WBJVH,No,0.33495373,0,One year,Fiber optic,Electronic check,53,93.45
4660-IRIBM,No,0.52368575,1,Month-to-month,Fiber optic,Mailed check,18,87.9
5673-FSSMF,Yes,0.86285776,1,Month-to-month,DSL,Electronic check,1,60.15
7670-ZBPOQ,No,0.04829128,0,One year,DSL,Bank transfer (automatic),58,61.05
8089-UZWLX,No,0.20444876,0,Two year,Fiber optic,Bank transfer (automatic),71,104.05
0080-OROZO,No,0.37976992,0,One year,Fiber optic,Electronic check,35,99.25
3916-NRPAP,No,0.7242324,1,Month-to-month,Fiber optic,Credit card (automatic),3,85.7
6807-SIWJI,No,0.4785317,1,One year,Fiber optic,Electronic check,38,104.85
8221-HVAYI,No,0.029272132,0,Two year,DSL,Credit card (automatic),35,69.15
1579-KLYDT,Yes,0.92384106,1,Month-to-month,Fiber optic,Electronic check,7,90.45
5232-NXPAY,No,0.03243075,0,Two year,DSL,Mailed check,47,74.45
8967-SZQAS,No,0.3522871,0,Month-to-month,DSL,Electronic check,14,50.45
4468-KAZHE,No,0.47472823,1,Month-to-month,DSL,Electronic check,20,60.0
0455-ENTCR,No,0.04043577,0,Two year,DSL,Electronic check,66,85.25
8944-AILEF,No,0.1983898,0,Month-to-month,No,Credit card (automatic),15,19.45
5542-NKVRU,No,0.023086092,0,Two year,No,Bank transfer (automatic),42,20.75
7126-RBHSD,No,0.59144133,1,Month-to-month,Fiber optic,Electronic check,17,78.9
5370-IIVVL,No,0.44321612,0,One year,Fiber optic,Credit card (automatic),37,104.5
6789-HJBWG,No,0.4941454,1,Month-to-month,DSL,Electronic check,12,49.4
3927-NLNRY,Yes,0.47459483,1,One year,Fiber optic,Bank transfer (automatic),53,94.25
9087-EYCPR,No,0.030839585,0,Two year,No,Mailed check,60,25.0
6791-YBNAK,No,0.3940045,0,Month-to-month,DSL,Credit card (automatic),18,25.55
6358-LYNGM,Yes,0.94025254,1,Month-to-month,Fiber optic,Electronic check,1,74.9
6077-BDPXA,No,0.81141406,1,Month-to-month,Fiber optic,Electronic check,3,70.15
0013-MHZWF,No,0.5543512,1,Month-to-month,DSL,Credit card (automatic),9,69.4
5494-HECPR,Yes,0.9517712,1,Month-to-month,Fiber optic,Electronic check,1,80.25
8268-YDIXR,No,0.2444026,0,One year,Fiber optic,Electronic check,56,93.15
9824-BEMCV,Yes,0.73760533,1,Month-to-month,Fiber optic,Electronic check,17,69.0
1373-ORVIZ,Yes,0.66347426,1,Month-to-month,DSL,Electronic check,11,66.35
4291-SHSBH,No,0.75689524,1,Month-to-month,Fiber optic,Electronic check,7,69.55
6980-IMXXE,No,0.013446012,0,Two year,No,Bank transfer (automatic),69,20.2
9866-QEVEE,Yes,0.6580694,1,Month-to-month,Fiber optic,Bank transfer (automatic),19,86.0
9897-KXHCM,Yes,0.8477378,1,Month-to-month,Fiber optic,Electronic check,3,80.3
0040-HALCW,No,0.031125382,0,Two year,No,Credit card (automatic),54,20.4
0784-GTUUK,No,0.108903416,0,One year,No,Credit card (automatic),62,23.75
7979-CORPM,Yes,0.7187568,1,Month-to-month,Fiber optic,Credit card (automatic),24,90.55
2294-DMMUS,No,0.21635829,0,Month-to-month,DSL,Credit card (automatic),62,70.45
0872-JCPIB,No,0.38209456,0,Month-to-month,DSL,Bank transfer (automatic),17,65.75
3055-MJDSB,No,0.47379988,1,Month-to-month,DSL,Mailed check,9,24.6
9091-WTUUY,No,0.024532385,0,Two year,DSL,Mailed check,64,69.25
1618-CFHME,Yes,0.9126966,1,Month-to-month,Fiber optic,Electronic check,2,75.9
3165-HDOEW,Yes,0.8048185,1,Month-to-month,DSL,Mailed check,1,45.85
6581-NQCBA,Yes,0.7445767,1,Month-to-month,DSL,Electronic check,16,49.95
7115-IRDHS,No,0.0052281423,0,Two year,No,Bank transfer (automatic),72,24.65
8496-DMZUK,No,0.100671925,0,One year,Fiber optic,Bank transfer (automatic),30,90.4
2040-VZIKE,No,0.5058413,1,Month-to-month,Fiber optic,Mailed check,49,100.85
9068-VPWQQ,No,0.04831938,0,Two year,DSL,Credit card (automatic),61,75.35
0178-SZBHO,No,0.529553,1,Month-to-month,Fiber optic,Electronic check,47,87.2
0384-RVBPI,No,0.34198642,0,Month-to-month,DSL,Credit card (automatic),20,64.4
1689-MRZQR,Yes,0.7315443,1,Month-to-month,Fiber optic,Electronic check,34,78.3
1299-AURJA,No,0.020452002,0,Two year,No,Bank transfer (automatic),70,24.7
4525-VZCZG,No,0.3102629,0,One year,Fiber optic,Electronic check,54,105.85
1543-LLLFT,No,0.08670795,0,One year,Fiber optic,Mailed check,61,98.3
5835-BEQEU,Yes,0.90568584,1,Month-to-month,Fiber optic,Electronic check,3,76.95
2788-CJQAQ,No,0.057105277,0,One year,No,Mailed check,13,19.45
5565-FILXA,Yes,0.87181777,1,Month-to-month,Fiber optic,Electronic check,16,96.15
0319-QZTCO,No,0.6786258,1,Month-to-month,DSL,Credit card (automatic),3,58.7
2120-SMPEX,No,0.107223384,0,Month-to-month,No,Mailed check,25,20.15
0096-FCPUF,No,0.23497555,0,Month-to-month,DSL,Mailed check,30,64.5
0668-OGMHD,No,0.55206865,1,Month-to-month,DSL,Electronic check,21,28.5
5552-ZNFSJ,Yes,0.7994104,1,Month-to-month,DSL,Electronic check,1,45.3
2223-KAGMX,Yes,0.35197815,0,Month-to-month,No,Bank transfer (automatic),15,19.4
6507-ZJSUR,No,0.7107452,1,Month-to-month,Fiber optic,Electronic check,23,90.45
9408-HRXRK,No,0.4753526,1,Month-to-month,Fiber optic,Electronic check,45,105.15
5593-SUAOO,No,0.12214126,0,One year,Fiber optic,Bank transfer (automatic),24,83.15
7321-PKUYW,Yes,0.78517216,1,Month-to-month,Fiber optic,Electronic check,11,90.15
2833-SLKDQ,Yes,0.749604,1,Month-to-month,DSL,Mailed check,1,45.05
6766-HFKLA,No,0.14419053,0,Two year,Fiber optic,Bank transfer (automatic),56,103.2
7595-EUIVN,Yes,0.91277635,1,Month-to-month,Fiber optic,Electronic check,1,75.8
7617-EYGLW,No,0.56062716,1,Month-to-month,No,Electronic check,1,19.45
2026-TGDHM,Yes,0.8442509,1,Month-to-month,Fiber optic,Electronic check,7,79.3
9220-ZNKJI,No,0.12943928,0,Two year,Fiber optic,Credit card (automatic),55,88.8
4030-VPZBD,Yes,0.76102775,1,Month-to-month,DSL,Electronic check,2,30.9
2226-ICFDO,No,0.008536893,0,Two year,DSL,Credit card (automatic),72,85.9
0723-VSOBE,No,0.27273327,0,One year,DSL,Electronic check,45,34.2
5529-GIBVH,No,0.027086148,0,Two year,No,Mailed check,47,20.15
4187-CINZD,Yes,0.44064072,0,One year,Fiber optic,Credit card (automatic),46,95.25
9992-UJOEL,No,0.74888605,1,Month-to-month,DSL,Mailed check,2,50.3
4741-WWJQZ,No,0.7010763,1,Month-to-month,Fiber optic,Electronic check,2,80.15
6625-UTXEW,No,0.4941454,1,Month-to-month,DSL,Electronic check,12,51.25
6818-WOBHJ,Yes,0.5822318,1,Month-to-month,Fiber optic,Bank transfer (automatic),68,89.6
6244-BESBM,No,0.10372452,0,Two year,Fiber optic,Credit card (automatic),69,95.2
1004-NOZNR,No,0.23846857,0,One year,Fiber optic,Credit card (automatic),56,94.8
1251-STYSZ,No,0.7712957,1,Month-to-month,Fiber optic,Electronic check,4,80.25
2612-PHGOX,No,0.04632118,0,Two year,DSL,Bank transfer (automatic),64,76.1
2408-TZMJL,Yes,0.67936325,1,One year,Fiber optic,Electronic check,59,110.15
8480-PPONV,No,0.09572163,0,Two year,Fiber optic,Bank transfer (automatic),62,115.55
8780-IHCRN,No,0.0406307,0,Two year,No,Credit card (automatic),63,24.65
4598-ZADCK,No,0.21561392,0,One year,DSL,Electronic check,53,53.6
1257-SXUXQ,No,0.18983586,0,Month-to-month,No,Mailed check,5,19.45
9681-KYGYB,No,0.5141756,1,Month-to-month,Fiber optic,Electronic check,49,88.2
7182-OVLBJ,No,0.078215174,0,Two year,Fiber optic,Bank transfer (automatic),62,101.15
5095-ETBRJ,No,0.031119373,0,Two year,DSL,Mailed check,55,56.8
7005-CYUIL,No,0.018362997,0,Two year,Fiber optic,Electronic check,71,99.4
4821-WQOYN,No,0.0034351563,0,Two year,No,Credit card (automatic),72,20.1
4730-AWNAU,No,0.12987898,0,One year,DSL,Credit card (automatic),36,60.7
3452-FLHYD,No,0.1110561,0,One year,No,Bank transfer (automatic),25,20.95
2388-LAESQ,No,0.018277882,0,Two year,Fiber optic,Bank transfer (automatic),72,114.85
9531-NSBMR,No,0.029341578,0,One year,No,Bank transfer (automatic),36,19.25
6260-ONULR,No,0.7526003,1,Month-to-month,DSL,Mailed check,1,62.8
4389-UEFCZ,No,0.10588484,0,Two year,Fiber optic,Electronic check,72,105.5
8711-LOBKY,No,0.036783166,0,Two year,No,Mailed check,59,19.85
9134-CEQMF,Yes,0.8655561,1,Month-to-month,Fiber optic,Electronic check,7,89.5
8985-OOPOS,No,0.19073293,0,One year,DSL,Credit card (automatic),1,74.1
8800-ZKRFW,No,0.6782246,1,Month-to-month,Fiber optic,Electronic check,30,107.5
2616-FLVQC,No,0.026903078,0,Two year,No,Mailed check,64,19.55
9968-FFVVH,No,0.031243833,0,One year,DSL,Bank transfer (automatic),63,68.8
3108-PCCGG,No,0.015160232,0,Two year,DSL,Credit card (automatic),72,84.45
7993-PYKOF,Yes,0.60532385,1,Month-to-month,Fiber optic,Electronic check,8,75.0
8390-FESFV,No,0.020274524,0,Two year,DSL,Bank transfer (automatic),62,84.5
3022-BEXHZ,No,0.34574434,0,Two year,Fiber optic,Bank transfer (automatic),67,111.2
5027-XWQHA,Yes,0.6305359,1,Month-to-month,DSL,Electronic check,6,44.75
6248-TKCQV,No,0.08486584,0,Two year,DSL,Bank transfer (automatic),70,80.6
6729-GDNGC,No,0.5399213,1,Month-to-month,Fiber optic,Bank transfer (automatic),20,80.7
6198-ZFIOJ,No,0.78980434,1,Month-to-month,Fiber optic,Electronic check,5,75.6
5989-OMNJE,No,0.22778487,0,One year,DSL,Electronic check,24,57.6
4566-QVRRW,Yes,0.60074025,1,Month-to-month,DSL,Electronic check,11,44.05
1291-CUOCY,No,0.030643549,0,Two year,Fiber optic,Credit card (automatic),72,110.6
9795-SHUHB,No,0.016099498,0,Two year,DSL,Credit card (automatic),66,58.2
3230-IUALN,No,0.02146008,0,Two year,DSL,Mailed check,45,81.0
0042-RLHYP,No,0.020969966,0,Two year,No,Bank transfer (automatic),69,19.7
8519-IMDHU,Yes,0.79938525,1,Month-to-month,Fiber optic,Bank transfer (automatic),15,85.6
4945-RVMTE,No,0.3032854,0,Month-to-month,DSL,Bank transfer (automatic),28,59.55
0201-OAMXR,Yes,0.67789,1,One year,Fiber optic,Credit card (automatic),70,115.55
1866-NXPSP,No,0.20936044,0,One year,DSL,Mailed check,36,75.55
3372-KWFBM,Yes,0.84041363,1,Month-to-month,Fiber optic,Electronic check,16,86.6
7831-QGOXH,Yes,0.8159091,1,Month-to-month,Fiber optic,Electronic check,18,85.2
6393-WRYZE,Yes,0.85557085,1,Month-to-month,Fiber optic,Electronic check,34,97.65
3941-XTSKM,No,0.33853415,0,One year,DSL,Credit card (automatic),42,45.1
1661-CZBAU,No,0.13154338,0,One year,DSL,Bank transfer (automatic),48,70.95
6599-RCLCJ,Yes,0.7719518,1,Month-to-month,Fiber optic,Electronic check,47,109.55
9831-BPFRI,Yes,0.41529226,0,One year,Fiber optic,Electronic check,39,89.55
5158-RIVOP,No,0.030242125,0,Two year,No,Credit card (automatic),11,20.9
9788-YTFGE,No,0.24348824,0,Month-to-month,No,Mailed check,7,19.95
9277-JOOMO,No,0.30322602,0,Month-to-month,No,Mailed check,3,24.6
1907-YLNYW,No,0.51211256,1,Month-to-month,DSL,Electronic check,8,66.7
1725-MIMXW,Yes,0.6156088,1,Month-to-month,No,Mailed check,1,19.45
8947-YRTDV,No,0.20154873,0,One year,Fiber optic,Mailed check,32,94.8
3161-ONRWK,No,0.0383278,0,One year,DSL,Bank transfer (automatic),60,65.85
0114-RSRRW,No,0.27444395,0,Month-to-month,No,Bank transfer (automatic),10,19.95
4565-NLZBV,No,0.00760252,0,Two year,No,Bank transfer (automatic),71,24.65
0031-PVLZI,Yes,0.34601852,0,Month-to-month,No,Mailed check,4,20.35
7206-GZCDC,Yes,0.9443702,1,Month-to-month,Fiber optic,Electronic check,1,69.25
6682-VCIXC,No,0.102093846,0,One year,DSL,Bank transfer (automatic),43,51.25
4791-QRGMF,Yes,0.58495075,1,One year,Fiber optic,Bank transfer (automatic),59,99.5
6475-VHUIZ,No,0.2568543,0,Month-to-month,DSL,Electronic check,23,54.25
3910-MRQOY,No,0.008868295,0,Two year,No,Bank transfer (automatic),72,19.4
0661-WCQNQ,No,0.1386475,0,One year,DSL,Credit card (automatic),22,56.25
7537-RBWEA,No,0.7968824,1,Month-to-month,DSL,Mailed check,1,25.15
4656-CAURT,No,0.024450855,0,Two year,No,Bank transfer (automatic),69,23.95
0121-SNYRK,No,0.051509757,0,One year,DSL,Mailed check,50,35.4
1768-ZAIFU,Yes,0.8939418,1,Month-to-month,DSL,Electronic check,1,25.2
4671-LXRDQ,Yes,0.7352814,1,Month-to-month,DSL,Mailed check,2,45.0
3733-LSYCE,No,0.49090374,1,Month-to-month,Fiber optic,Bank transfer (automatic),15,75.35
6265-FRMTQ,No,0.03078269,0,Two year,No,Bank transfer (automatic),31,20.4
1934-SJVJK,Yes,0.62732655,1,Month-to-month,No,Mailed check,1,20.15
3838-OZURD,Yes,0.7541979,1,Month-to-month,Fiber optic,Credit card (automatic),66,105.0
1371-DWPAZ,No,0.030928124,0,Two year,DSL,Credit card (automatic),0,56.05
9269-CQOOL,Yes,0.72745585,1,Month-to-month,DSL,Credit card (automatic),3,54.7
2017-CCBLH,No,0.03579896,0,Two year,No,Mailed check,8,20.0
7690-KPNCU,No,0.24460828,0,One year,DSL,Credit card (automatic),64,73.05
0536-BGFMZ,No,0.10237296,0,Month-to-month,No,Mailed check,28,20.5
2293-IJWPS,No,0.53390557,1,One year,Fiber optic,Credit card (automatic),57,100.75
2845-HSJCY,Yes,0.8201647,1,Month-to-month,Fiber optic,Electronic check,14,87.25
5469-NUJUR,No,0.023739554,0,Two year,No,Mailed check,19,19.95
1184-PJVDB,Yes,0.82298684,1,Month-to-month,Fiber optic,Electronic check,10,79.95
2625-TRCZQ,No,0.5935475,1,Month-to-month,DSL,Electronic check,51,49.65
4102-HLENU,No,0.01616865,0,Two year,DSL,Mailed check,67,65.65
7266-GSSJX,No,0.21338421,0,Month-to-month,No,Electronic check,11,20.45
7722-VJRQD,No,0.006641119,0,Two year,DSL,Bank transfer (automatic),72,60.95
7073-QETQY,No,0.035631202,0,One year,No,Electronic check,66,20.35
9415-DPEWS,Yes,0.79132974,1,Month-to-month,Fiber optic,Electronic check,18,88.35
5624-RYAMH,No,0.25186965,0,Month-to-month,No,Electronic check,9,19.5
0196-JTUQI,No,0.8294656,1,Month-to-month,Fiber optic,Credit card (automatic),9,75.2
7130-YXBRO,No,0.3752597,0,Month-to-month,Fiber optic,Bank transfer (automatic),48,111.45
9272-LSVYH,No,0.6124118,1,Month-to-month,Fiber optic,Mailed check,10,70.15
7943-RQCHR,Yes,0.9143689,1,Month-to-month,Fiber optic,Electronic check,9,94.75
3793-MMFUH,Yes,0.8572274,1,Month-to-month,Fiber optic,Electronic check,13,95.05
3249-ZPQRG,Yes,0.8255081,1,Month-to-month,Fiber optic,Electronic check,4,78.45
2568-BRGYX,Yes,0.7555128,1,Month-to-month,Fiber optic,Electronic check,4,70.2
3084-DOWLE,No,0.0039226445,0,Two year,DSL,Bank transfer (automatic),72,92.0
1084-MNSMJ,No,0.020799581,0,Two year,DSL,Credit card (automatic),51,85.5
7721-JXEAW,Yes,0.49750707,1,Month-to-month,DSL,Bank transfer (automatic),59,41.05
7249-WBIYX,Yes,0.9021432,1,Month-to-month,Fiber optic,Electronic check,10,85.6
4238-HFHSN,No,0.3892156,0,Month-to-month,Fiber optic,Electronic check,61,82.15
6250-CGGUN,No,0.34783542,0,One year,Fiber optic,Electronic check,54,84.4
5478-JJVZK,No,0.22396423,0,Month-to-month,DSL,Mailed check,33,60.9
7596-IIWYC,No,0.03580942,0,Two year,No,Bank transfer (automatic),27,20.25
6567-HOOPW,Yes,0.95476824,1,Month-to-month,Fiber optic,Electronic check,1,79.2
9793-WECQC,No,0.537279,1,Month-to-month,Fiber optic,Mailed check,23,95.3
4291-HPAXL,No,0.56784445,1,Month-to-month,No,Mailed check,1,19.85
8999-YPYBV,No,0.01993135,0,Two year,DSL,Mailed check,45,84.35
1839-FBNFR,No,0.029065985,0,Two year,No,Bank transfer (automatic),39,19.85
3164-AALRN,Yes,0.62895125,1,One year,DSL,Mailed check,5,70.0
3071-MVJCD,No,0.004653109,0,Two year,DSL,Bank transfer (automatic),72,82.3
1697-BCSHV,No,0.20172499,0,Month-to-month,DSL,Bank transfer (automatic),58,66.8
0562-KBDVM,No,0.031923734,0,Two year,DSL,Bank transfer (automatic),70,44.6
1131-SUEKT,No,0.17108029,0,One year,Fiber optic,Bank transfer (automatic),61,98.45
3717-OEAUQ,No,0.73066634,1,Month-to-month,Fiber optic,Mailed check,2,70.7
4538-WNTMJ,No,0.06513219,0,One year,No,Mailed check,46,24.95
3334-CTHOL,Yes,0.7764175,1,Month-to-month,DSL,Bank transfer (automatic),1,49.95
4704-ERYFC,Yes,0.72464347,1,Month-to-month,Fiber optic,Electronic check,22,69.25
9432-RUVSL,No,0.16766685,0,Two year,Fiber optic,Credit card (automatic),48,102.5
8060-HIWJJ,No,0.02131757,0,Two year,DSL,Credit card (automatic),64,86.55
7684-XSZIY,No,0.0044426857,0,Two year,No,Bank transfer (automatic),72,24.3
9089-UOWJG,No,0.4436834,0,Month-to-month,DSL,Credit card (automatic),12,58.35
8621-MNIHH,Yes,0.6413859,1,Month-to-month,Fiber optic,Electronic check,34,94.25
8039-ACLPL,No,0.010481739,0,Two year,DSL,Credit card (automatic),72,68.75
9885-AIBVB,No,0.74850297,1,Month-to-month,Fiber optic,Electronic check,29,85.8
1934-MKPXS,No,0.04282235,0,One year,No,Credit card (automatic),33,20.1
2592-YKDIF,No,0.6144001,1,Month-to-month,No,Mailed check,1,20.35
2272-JKMSI,No,0.14896934,0,One year,Fiber optic,Electronic check,62,110.8
0471-LVHGK,Yes,0.4970941,1,One year,DSL,Electronic check,41,73.0
9518-RWHZL,Yes,0.5680298,1,One year,Fiber optic,Credit card (automatic),64,100.05
8714-CTZJW,No,0.8606376,1,Month-to-month,Fiber optic,Credit card (automatic),4,82.85
3569-EDBPQ,No,0.60763884,1,Month-to-month,Fiber optic,Electronic check,24,84.35
3131-NWVFJ,No,0.07153641,0,One year,No,Mailed check,14,19.55
7521-YXVZY,No,0.2564775,0,Month-to-month,No,Mailed check,3,19.95
5419-CONWX,Yes,0.88846165,1,Month-to-month,Fiber optic,Credit card (automatic),4,99.8
6240-EURKS,Yes,0.65420955,1,Month-to-month,DSL,Electronic check,18,35.0
2373-NTKOD,No,0.57911056,1,Month-to-month,DSL,Electronic check,8,66.25
1970-KKFWL,No,0.05112624,0,Two year,No,Bank transfer (automatic),35,23.3
6960-HVYXR,Yes,0.93266433,1,Month-to-month,Fiber optic,Electronic check,1,76.0
9337-SRRNI,No,0.019786462,0,Two year,No,Credit card (automatic),66,25.3
0895-UADGO,No,0.035741635,0,Two year,DSL,Mailed check,8,44.55
5678-VFNEQ,No,0.16609883,0,One year,Fiber optic,Credit card (automatic),71,104.1
5977-CKHON,No,0.5221315,1,Month-to-month,Fiber optic,Bank transfer (automatic),43,92.55
7024-OHCCK,Yes,0.944326,1,Month-to-month,Fiber optic,Electronic check,2,93.85
2692-BUCFV,No,0.61358935,1,Month-to-month,Fiber optic,Bank transfer (automatic),29,101.45
7861-UVUFT,Yes,0.7718798,1,Month-to-month,Fiber optic,Electronic check,15,84.3
1830-GGFNM,No,0.07436326,0,Two year,Fiber optic,Credit card (automatic),65,94.55
5302-BDJNT,No,0.43211097,0,Month-to-month,Fiber optic,Electronic check,35,95.5
5223-UZAVK,No,0.31288067,0,One year,Fiber optic,Credit card (automatic),64,100.3
4859-ZSRDZ,No,0.03374452,0,Two year,DSL,Credit card (automatic),58,55.5
5651-WYIPH,No,0.4287547,0,Month-to-month,DSL,Credit card (automatic),18,49.85
9350-VLHMB,No,0.45027688,1,Month-to-month,Fiber optic,Bank transfer (automatic),67,89.55
3498-LZGQZ,No,0.03699105,0,Two year,No,Mailed check,63,19.15
8785-CJSHH,No,0.69652003,1,Month-to-month,Fiber optic,Electronic check,60,99.8
5357-TZHPP,Yes,0.9036997,1,Month-to-month,Fiber optic,Credit card (automatic),9,84.4
3870-SPZSI,No,0.11022534,0,Two year,Fiber optic,Credit card (automatic),70,113.05
0680-DFNNY,Yes,0.8671164,1,Month-to-month,Fiber optic,Electronic check,15,101.1
7560-QRBXH,No,0.044030983,0,One year,No,Mailed check,48,19.95
7077-XJMET,No,0.4361193,0,Month-to-month,DSL,Electronic check,12,74.15
8752-GHJFU,No,0.08209518,0,One year,Fiber optic,Electronic check,71,92.0
6896-SRVYQ,No,0.66866755,1,Month-to-month,Fiber optic,Electronic check,44,73.85
7767-UXAGJ,Yes,0.87054956,1,Month-to-month,DSL,Electronic check,1,50.45
4652-ODEVH,No,0.040946152,0,Two year,No,Mailed check,45,24.45
6510-UPNKS,No,0.104268454,0,One year,No,Credit card (automatic),23,24.8
6718-BDGHG,No,0.14838906,0,One year,DSL,Bank transfer (automatic),43,64.85
9046-DQMTP,No,0.14252365,0,Month-to-month,No,Bank transfer (automatic),35,20.75
6439-LAJXL,No,0.33773398,0,Month-to-month,DSL,Mailed check,9,68.95
1571-SAVHK,Yes,0.8785325,1,Month-to-month,Fiber optic,Mailed check,12,99.95
9052-VKDUW,No,0.21319807,0,Month-to-month,Fiber optic,Credit card (automatic),65,109.4
9546-CQJSU,Yes,0.9318553,1,Month-to-month,Fiber optic,Electronic check,2,91.4
1666-JZPZT,No,0.20218089,0,Month-to-month,DSL,Mailed check,27,49.0
5777-KJIRB,No,0.19351226,0,One year,DSL,Mailed check,40,50.25
0506-LVNGN,Yes,0.77901673,1,Month-to-month,Fiber optic,Credit card (automatic),5,75.55
7677-SJJJK,No,0.07971915,0,One year,No,Credit card (automatic),8,19.9
2480-EJWYP,No,0.5025674,1,One year,Fiber optic,Bank transfer (automatic),58,97.8
3253-HKOKL,No,0.27893057,0,One year,Fiber optic,Electronic check,52,100.3
7055-HNEOJ,No,0.51539147,1,Month-to-month,DSL,Mailed check,3,55.8
5514-YQENT,No,0.25426716,0,Two year,Fiber optic,Electronic check,41,111.15
3211-AAPKX,No,0.67623234,1,Month-to-month,Fiber optic,Mailed check,20,98.55
8445-DNBAE,No,0.8421538,1,Month-to-month,DSL,Electronic check,1,50.05
2951-QOQTK,Yes,0.80890214,1,Month-to-month,Fiber optic,Credit card (automatic),4,80.8
2958-NHPPS,No,0.17754254,0,Month-to-month,No,Electronic check,23,20.85
6806-YDEUL,No,0.2619025,0,Month-to-month,No,Bank transfer (automatic),6,19.5
1735-XMJVH,No,0.26100117,0,Month-to-month,No,Mailed check,8,19.35
6890-PFRQX,No,0.26366755,0,Month-to-month,DSL,Mailed check,18,69.5
0222-CNVPT,No,0.32148308,0,Month-to-month,DSL,Credit card (automatic),52,48.8
5899-OUVKV,No,0.55399835,1,Month-to-month,Fiber optic,Electronic check,31,94.5
8681-ICONS,No,0.0907206,0,Month-to-month,No,Mailed check,29,20.65
1621-YNCJH,No,0.20900396,0,Two year,Fiber optic,Credit card (automatic),36,106.05
3473-XIIIT,Yes,0.8397356,1,Month-to-month,Fiber optic,Electronic check,16,100.0
6362-QHAFM,No,0.5875939,1,One year,Fiber optic,Electronic check,42,108.3
7893-IXHRQ,Yes,0.48330373,1,Month-to-month,No,Electronic check,1,20.55
3070-BDOQC,No,0.18745843,0,Two year,Fiber optic,Electronic check,60,99.65
2952-QAYZF,Yes,0.91682625,1,Month-to-month,Fiber optic,Electronic check,5,85.3
6234-PFPXL,No,0.6559606,1,Month-to-month,Fiber optic,Credit card (automatic),22,95.9
9824-QCJPK,No,0.035845205,0,One year,No,Mailed check,36,20.0
4763-PGDPO,Yes,0.72055984,1,Month-to-month,Fiber optic,Electronic check,4,70.4
4283-IVYCI,No,0.25200346,0,Month-to-month,DSL,Mailed check,9,64.95
1866-OBPNR,No,0.7774808,1,Month-to-month,Fiber optic,Credit card (automatic),1,74.6
8205-MQUGY,No,0.578757,1,Month-to-month,DSL,Electronic check,12,49.2
8970-ANWXO,No,0.26183486,0,One year,DSL,Mailed check,23,73.75
9480-BQJEI,No,0.119669855,0,One year,Fiber optic,Bank transfer (automatic),62,92.3
5394-SVGJV,Yes,0.6485356,1,Month-to-month,Fiber optic,Bank transfer (automatic),37,98.8
6979-TNDEU,No,0.038580604,0,Month-to-month,No,Mailed check,8,19.2
9777-WJJPR,No,0.59342194,1,Month-to-month,Fiber optic,Credit card (automatic),31,88.65
9283-LZQOH,Yes,0.70594066,1,Month-to-month,Fiber optic,Credit card (automatic),13,74.4
7079-QRCBC,Yes,0.8885103,1,Month-to-month,Fiber optic,Electronic check,24,98.75
9495-SKLKD,No,0.6120028,1,Month-to-month,Fiber optic,Bank transfer (automatic),45,95.95
6048-UWKAL,No,0.13056988,0,Two year,Fiber optic,Credit card (automatic),69,105.4
5067-DGXLL,No,0.24203674,0,Month-to-month,No,Mailed check,2,20.25
5469-CTCWN,Yes,0.24353915,0,One year,Fiber optic,Electronic check,61,106.0
9851-QXEEQ,Yes,0.82461417,1,Month-to-month,Fiber optic,Electronic check,41,104.7
6281-FKEWS,No,0.35130668,0,One year,DSL,Electronic check,44,49.05
8898-KASCD,No,0.10487671,0,One year,DSL,Mailed check,39,35.55
9242-TKFSV,No,0.0087036295,0,Two year,DSL,Credit card (automatic),72,65.1
9290-SHCMB,No,0.78994095,1,Month-to-month,Fiber optic,Electronic check,13,96.85
0743-HNPFG,No,0.09043791,0,One year,DSL,Credit card (automatic),51,69.75
2277-BKJKN,No,0.13004021,0,Two year,Fiber optic,Electronic check,71,99.2
9809-IMGCQ,Yes,0.88262206,1,Month-to-month,Fiber optic,Electronic check,22,96.7
5208-HFSBT,Yes,0.64832723,1,Month-to-month,DSL,Credit card (automatic),2,55.05
5035-PGZXH,No,0.36071488,0,One year,Fiber optic,Electronic check,56,106.8
8695-WDYEA,No,0.58613247,1,Month-to-month,DSL,Mailed check,1,51.25
6543-JXSOO,No,0.08292531,0,One year,DSL,Mailed check,23,57.75
8016-ZMGMO,No,0.18681291,0,One year,DSL,Bank transfer (automatic),66,70.85
8605-ITULD,No,0.60790277,1,Month-to-month,No,Mailed check,1,19.55
3254-YRILK,Yes,0.82193536,1,Month-to-month,Fiber optic,Electronic check,19,88.2
6416-YJTTB,No,0.6286633,1,Month-to-month,Fiber optic,Bank transfer (automatic),11,79.5
2667-WYLWJ,Yes,0.11862953,0,One year,No,Mailed check,8,19.75
4472-VESGY,No,0.23257141,0,Month-to-month,Fiber optic,Bank transfer (automatic),52,98.15
3195-TQDZX,No,0.34977844,0,Month-to-month,No,Electronic check,3,20.25
3128-YOVTD,No,0.3013498,0,Month-to-month,Fiber optic,Bank transfer (automatic),51,79.15
0529-ONKER,Yes,0.79228044,1,Month-to-month,Fiber optic,Electronic check,15,75.65
1728-CXQBE,No,0.3221259,0,Month-to-month,Fiber optic,Electronic check,64,94.25
7041-TXQJH,No,0.38533768,0,Month-to-month,DSL,Credit card (automatic),37,40.2
5014-GSOUQ,No,0.02632798,0,Two year,No,Mailed check,13,19.95
5724-BIDBU,No,0.24291305,0,One year,DSL,Electronic check,49,55.35
0481-SUMCB,No,0.5398943,1,One year,Fiber optic,Bank transfer (automatic),45,102.15
1769-GRUIK,No,0.68143743,1,Month-to-month,Fiber optic,Electronic check,18,71.1
5240-IJOQT,Yes,0.9477533,1,Month-to-month,Fiber optic,Electronic check,1,74.7
8819-WFGGJ,No,0.06300642,0,Two year,DSL,Bank transfer (automatic),68,54.1
7427-AUFPY,No,0.05483291,0,Two year,No,Credit card (automatic),54,19.65
2811-POVEX,No,0.6192843,1,Month-to-month,Fiber optic,Bank transfer (automatic),23,88.45
1092-GANHU,Yes,0.71296626,1,Month-to-month,Fiber optic,Electronic check,17,76.65
7898-PDWQE,No,0.008474731,0,Two year,DSL,Credit card (automatic),71,80.4
9972-EWRJS,No,0.027909907,0,Two year,No,Bank transfer (automatic),67,19.25
9314-IJWSQ,No,0.8110749,1,Month-to-month,Fiber optic,Electronic check,14,84.8
0661-XEYAN,Yes,0.8597911,1,Month-to-month,DSL,Mailed check,1,25.8
5799-JRCZO,No,0.016975233,0,Two year,No,Credit card (automatic),63,19.5
1921-KYSAY,No,0.35495374,0,One year,DSL,Electronic check,41,68.6
6198-RTPMF,No,0.6515484,1,Month-to-month,Fiber optic,Electronic check,17,92.6
2924-KHUVI,No,0.58104557,1,One year,Fiber optic,Electronic check,56,100.55
1925-GMVBW,No,0.2697524,0,Month-to-month,No,Credit card (automatic),5,20.55
7881-EVUAD,Yes,0.7729481,1,Month-to-month,DSL,Electronic check,2,42.6
6184-DYUOB,No,0.33633742,0,Month-to-month,No,Mailed check,3,19.6
9207-ZPANB,No,0.1378055,0,One year,DSL,Electronic check,37,67.45
5766-XQXMQ,Yes,0.33257908,0,Month-to-month,DSL,Bank transfer (automatic),29,68.85
9327-QSDED,No,0.4621579,1,Month-to-month,DSL,Mailed check,8,43.55
1656-DRSMG,No,0.48198646,1,Month-to-month,Fiber optic,Credit card (automatic),63,109.85
3012-VFFMN,No,0.23025672,0,Month-to-month,No,Mailed check,7,20.65
2984-AFWNC,No,0.7909363,1,Month-to-month,Fiber optic,Electronic check,3,95.4
0640-YJTPY,No,0.004487771,0,Two year,No,Bank transfer (automatic),72,21.0
8096-LOIST,No,0.6309044,1,Month-to-month,DSL,Electronic check,19,56.2
9764-REAFF,No,0.01575285,0,Two year,No,Bank transfer (automatic),59,18.4
3703-VAVCL,Yes,0.74946135,1,Month-to-month,Fiber optic,Credit card (automatic),2,90.0
7107-UBYKY,No,0.15897104,0,Month-to-month,No,Electronic check,35,25.75
4881-GQJTW,No,0.18690519,0,Month-to-month,No,Credit card (automatic),14,19.6
8519-QJGJD,Yes,0.6702449,1,Month-to-month,Fiber optic,Electronic check,14,75.35
7876-DNYAP,No,0.010732372,0,Two year,No,Credit card (automatic),69,19.8
7905-NJMXS,No,0.32879198,0,Month-to-month,DSL,Electronic check,7,64.2
2882-WDTBA,No,0.112721175,0,Two year,DSL,Bank transfer (automatic),69,75.75
2091-GPPIQ,No,0.018966472,0,Two year,DSL,Electronic check,72,78.95
6326-MTTXK,Yes,0.8391998,1,Month-to-month,Fiber optic,Electronic check,8,100.85
5071-FBJFS,No,0.52048355,1,Month-to-month,DSL,Electronic check,4,50.3
2796-UUZZO,No,0.22524141,0,Month-to-month,Fiber optic,Credit card (automatic),63,80.3
2429-AYKKO,No,0.0062447973,0,Two year,No,Bank transfer (automatic),72,19.85
9798-OPFEM,No,0.043580413,0,Two year,No,Electronic check,46,21.1
0330-IVZHA,Yes,0.7047659,1,Month-to-month,Fiber optic,Electronic check,5,69.95
3794-NFNCH,No,0.26881805,0,Month-to-month,DSL,Mailed check,30,50.0
5193-QLVZB,No,0.21425945,0,Two year,Fiber optic,Bank transfer (automatic),63,104.75
7114-AEOZE,No,0.027891878,0,Two year,No,Bank transfer (automatic),60,19.85
2886-KEFUM,Yes,0.46211383,1,One year,Fiber optic,Electronic check,63,107.5
5522-NYKPB,No,0.48755443,1,Month-to-month,Fiber optic,Electronic check,25,85.9
4237-RLAQD,Yes,0.79652935,1,Month-to-month,DSL,Mailed check,1,45.85
9957-YODKZ,No,0.91926306,1,Month-to-month,Fiber optic,Electronic check,6,80.8
6518-KZXCB,No,0.037633583,0,Two year,No,Mailed check,22,25.25
2245-ADZFJ,No,0.03411264,0,Two year,DSL,Bank transfer (automatic),31,80.55
7776-QGYJC,No,0.48454827,1,Month-to-month,Fiber optic,Bank transfer (automatic),39,81.5
9313-QOLTZ,No,0.14308697,0,Month-to-month,No,Mailed check,26,20.9
9651-GTSAQ,Yes,0.67447406,1,One year,Fiber optic,Bank transfer (automatic),53,106.1
3186-BAXNB,Yes,0.8595519,1,Month-to-month,Fiber optic,Electronic check,1,91.7
4672-FOTSD,No,0.44661152,0,Month-to-month,DSL,Electronic check,12,67.25
0637-YLETY,Yes,0.6768902,1,Month-to-month,Fiber optic,Credit card (automatic),16,95.6
9818-XQCUV,No,0.27918288,0,Month-to-month,No,Mailed check,2,20.35
7338-ERIVA,No,0.07216883,0,One year,DSL,Bank transfer (automatic),39,45.05
1157-BQCUW,Yes,0.94025254,1,Month-to-month,Fiber optic,Electronic check,1,74.95
8259-NFJTV,No,0.3521878,0,Month-to-month,DSL,Mailed check,7,34.65
3223-DWFIO,No,0.7266495,1,Month-to-month,Fiber optic,Electronic check,4,69.35
2660-EMUBI,Yes,0.92970747,1,Month-to-month,Fiber optic,Electronic check,10,95.35
6968-GMKPR,No,0.5133072,1,Month-to-month,Fiber optic,Electronic check,55,81.55
4751-ERMAN,No,0.027350655,0,Two year,DSL,Bank transfer (automatic),72,75.4
1436-ZMJAN,No,0.4931426,1,Month-to-month,DSL,Credit card (automatic),10,67.8
3292-PBZEJ,No,0.8654213,1,Month-to-month,Fiber optic,Electronic check,11,111.4
0799-DDIHE,No,0.5365141,1,Month-to-month,DSL,Electronic check,15,46.3
3070-FNFZQ,No,0.024078324,0,Two year,No,Bank transfer (automatic),23,20.4
2812-SFXMJ,No,0.5958074,1,Month-to-month,No,Mailed check,1,20.05
7675-OZCZG,Yes,0.7258359,1,Month-to-month,DSL,Electronic check,3,45.0
5014-WUQMG,No,0.21557315,0,One year,Fiber optic,Electronic check,47,96.1
5312-TSZVC,No,0.088766515,0,One year,No,Mailed check,15,19.65
2003-CKLOR,Yes,0.53015053,1,Month-to-month,Fiber optic,Electronic check,66,99.5
0993-OSGPT,No,0.03791734,0,One year,DSL,Bank transfer (automatic),68,60.65
9254-RBFON,Yes,0.32547444,0,One year,Fiber optic,Bank transfer (automatic),17,98.6
1205-WNWPJ,Yes,0.4598353,1,Month-to-month,DSL,Mailed check,7,59.5
9391-EOYLI,Yes,0.764305,1,Month-to-month,Fiber optic,Electronic check,12,80.45
7108-DGVUU,No,0.15766118,0,One year,DSL,Bank transfer (automatic),21,71.7
2782-JEEBU,No,0.3438418,0,Month-to-month,DSL,Mailed check,21,36.0
5127-BZENZ,No,0.051237963,0,One year,DSL,Bank transfer (automatic),56,65.2
2720-FVBQP,No,0.5877041,1,Month-to-month,DSL,Credit card (automatic),6,48.95
9906-NHHVC,No,0.18497504,0,Two year,DSL,Bank transfer (automatic),65,53.5
4522-XRWWI,No,0.22905691,0,One year,DSL,Credit card (automatic),42,80.45
3766-EJLFL,No,0.28711605,0,Two year,Fiber optic,Bank transfer (automatic),68,109.05
5939-SXWHM,No,0.033187237,0,Two year,No,Bank transfer (automatic),48,26.3
8152-UOBNY,No,0.42780918,0,One year,Fiber optic,Electronic check,50,106.8
7351-KYHQH,No,0.40266785,0,Month-to-month,DSL,Electronic check,7,64.95
7643-RCHXS,No,0.10800674,0,Two year,No,Electronic check,63,19.35
8246-SHFGA,No,0.27660412,0,Month-to-month,No,Credit card (automatic),17,21.1
8387-MOJJT,Yes,0.5495597,1,Month-to-month,Fiber optic,Credit card (automatic),42,77.95
0620-XEFWH,No,0.031232627,0,Month-to-month,No,Mailed check,4,18.85
6485-QXWWE,No,0.016910877,0,Two year,No,Bank transfer (automatic),62,26.0
2761-OCIAX,Yes,0.7813513,1,Month-to-month,Fiber optic,Electronic check,2,74.7
7321-VGNKU,No,0.79034424,1,Month-to-month,Fiber optic,Electronic check,2,70.35
5327-CNLUQ,No,0.110513076,0,Two year,Fiber optic,Bank transfer (automatic),48,96.9
7552-KEYGT,No,0.031811707,0,Two year,No,Bank transfer (automatic),27,19.55
5816-JMLGY,No,0.029405182,0,Two year,DSL,Bank transfer (automatic),70,80.4
3068-OMWZA,Yes,0.96147853,1,Month-to-month,Fiber optic,Electronic check,1,88.8
2927-QRRQV,No,0.50823283,1,One year,Fiber optic,Electronic check,46,94.65
6032-KRXXO,Yes,0.6648483,1,Month-to-month,Fiber optic,Electronic check,30,90.25
7459-RRWQZ,Yes,0.527204,1,Month-to-month,DSL,Bank transfer (automatic),15,64.65
6265-SXWBU,No,0.1575969,0,One year,Fiber optic,Credit card (automatic),69,95.75
7941-RCJOW,No,0.012372662,0,Two year,No,Credit card (automatic),65,19.55
6374-NTQLP,No,0.09333211,0,Two year,Fiber optic,Credit card (automatic),72,104.1
4154-AQUGT,Yes,0.7102295,1,Month-to-month,Fiber optic,Bank transfer (automatic),13,89.05
2387-KDZQY,No,0.064305305,0,One year,No,Mailed check,17,20.1
3584-WKTTW,No,0.3688383,0,One year,Fiber optic,Electronic check,51,111.55
3399-BMLVW,No,0.030897664,0,Two year,DSL,Credit card (automatic),51,60.5
1971-DTCZB,No,0.0046838005,0,Two year,DSL,Bank transfer (automatic),72,90.95
3092-IGHWF,Yes,0.5167522,1,One year,Fiber optic,Electronic check,67,87.4
3374-PZLXD,No,0.13722274,0,Month-to-month,No,Mailed check,34,19.7
3813-DHBBB,No,0.034213625,0,Two year,DSL,Bank transfer (automatic),67,50.95
2812-REYAT,No,0.06070935,0,One year,No,Bank transfer (automatic),49,20.05
6518-PPLMZ,No,0.058834106,0,Two year,No,Mailed check,53,19.4
4939-KYYPY,No,0.22733365,0,Month-to-month,DSL,Electronic check,27,59.45
8017-LXHFA,Yes,0.7655098,1,Month-to-month,Fiber optic,Electronic check,23,94.75
5930-GBIWP,No,0.026531663,0,Two year,DSL,Credit card (automatic),69,81.5
6022-KOUQO,No,0.56728864,1,Month-to-month,DSL,Bank transfer (automatic),2,29.05
6352-TWCAU,Yes,0.7707931,1,Month-to-month,Fiber optic,Electronic check,35,86.45
2361-UPSND,No,0.19376373,0,One year,DSL,Mailed check,46,70.6
6035-RIIOM,No,0.23787752,0,Two year,Fiber optic,Bank transfer (automatic),54,97.2
2929-QNSRW,Yes,0.5243548,1,One year,Fiber optic,Electronic check,56,98.25
1262-OPMFY,Yes,0.75571793,1,Month-to-month,Fiber optic,Bank transfer (automatic),9,75.75
9504-DSHWM,No,0.23005027,0,Month-to-month,DSL,Bank transfer (automatic),20,59.2
5035-BVCXS,No,0.667763,1,Month-to-month,Fiber optic,Mailed check,11,75.9
6267-DCFFZ,No,0.7697602,1,Month-to-month,Fiber optic,Electronic check,30,90.05
3533-UVMOM,No,0.09994941,0,Two year,DSL,Bank transfer (automatic),68,70.95
2439-LYPMQ,No,0.7858027,1,Month-to-month,Fiber optic,Electronic check,38,102.6
4248-QPAVC,Yes,0.5920164,1,Month-to-month,Fiber optic,Bank transfer (automatic),17,85.35
1899-VXWXM,Yes,0.6018263,1,One year,Fiber optic,Credit card (automatic),48,106.1
1478-VPOAD,No,0.71454495,1,Month-to-month,DSL,Electronic check,1,43.8
9995-HOTOH,No,0.10347854,0,Two year,DSL,Electronic check,63,59.0
2988-PLAHS,No,0.4569124,1,One year,DSL,Electronic check,3,69.95
1371-OJCEK,No,0.07235235,0,One year,No,Bank transfer (automatic),48,24.35
4999-IEZLT,No,0.08967611,0,One year,DSL,Credit card (automatic),66,29.45
8883-ANODQ,No,0.051011972,0,Two year,Fiber optic,Credit card (automatic),68,84.4
4690-LLKUA,Yes,0.58916473,1,Month-to-month,DSL,Electronic check,17,45.05
2351-RRBUE,No,0.0899049,0,One year,No,Mailed check,7,20.65
5980-BDHPY,No,0.0038843472,0,Two year,DSL,Bank transfer (automatic),72,87.1
1498-DQNRX,No,0.12735993,0,Month-to-month,No,Mailed check,29,19.85
9469-WEJBT,No,0.31969213,0,Month-to-month,Fiber optic,Electronic check,37,90.35
3331-HQDTW,Yes,0.26658943,0,Month-to-month,Fiber optic,Mailed check,34,109.8
9490-DFPMD,Yes,0.75016016,1,Month-to-month,Fiber optic,Electronic check,42,84.65
2581-VKIRT,No,0.040482648,0,One year,DSL,Mailed check,59,65.5
5442-XSDCW,Yes,0.7420899,1,Month-to-month,Fiber optic,Bank transfer (automatic),11,79.5
7426-WEIJX,No,0.31087574,0,Month-to-month,Fiber optic,Electronic check,60,80.95
2851-MMUTZ,No,0.18635795,0,Month-to-month,DSL,Mailed check,27,56.15
3049-NDXFL,Yes,0.93397933,1,Month-to-month,Fiber optic,Mailed check,1,85.8
8580-AECUZ,Yes,0.95448774,1,Month-to-month,Fiber optic,Electronic check,1,79.1
3307-TLCUD,No,0.38390547,0,Month-to-month,DSL,Mailed check,17,34.4
6625-FLENO,No,0.036255028,0,Two year,No,Mailed check,58,20.75
2967-MXRAV,No,0.031416416,0,One year,No,Mailed check,1,18.8
7963-GQRMY,Yes,0.61824477,1,Month-to-month,DSL,Mailed check,3,44.3
8189-HBVRW,No,0.36786118,0,Month-to-month,Fiber optic,Electronic check,53,90.8
4163-KIUHY,No,0.17796111,0,Month-to-month,No,Electronic check,35,25.6
1228-FZFRV,Yes,0.679336,1,Month-to-month,Fiber optic,Credit card (automatic),50,105.95
3500-NSDOA,No,0.056077182,0,Two year,DSL,Credit card (automatic),68,70.8
1171-TYKUR,No,0.22504157,0,Month-to-month,No,Electronic check,47,25.4
3761-FLYZI,No,0.3730648,0,Month-to-month,Fiber optic,Bank transfer (automatic),65,108.8
2058-DCJBE,Yes,0.7760989,1,Month-to-month,Fiber optic,Electronic check,5,69.75
5364-XYIRR,Yes,0.7521339,1,Month-to-month,Fiber optic,Electronic check,51,94.65
4829-AUOAX,Yes,0.5973735,1,Month-to-month,Fiber optic,Bank transfer (automatic),46,96.05
1219-NNDDO,No,0.8737107,1,Month-to-month,Fiber optic,Electronic check,9,76.85
8388-DMKAE,No,0.032950968,0,Two year,No,Mailed check,8,20.25
4403-BWPAY,No,0.12836304,0,One year,No,Credit card (automatic),14,24.8
9659-QEQSY,No,0.39753807,0,Month-to-month,Fiber optic,Electronic check,45,115.65
5405-ZMYXQ,No,0.8434424,1,Month-to-month,Fiber optic,Credit card (automatic),8,74.6
5047-LHVLY,Yes,0.8122856,1,Month-to-month,DSL,Mailed check,1,50.15
1442-OKRJE,No,0.23888698,0,One year,Fiber optic,Bank transfer (automatic),66,103.15
4737-AQCPU,No,0.008199288,0,Two year,DSL,Credit card (automatic),72,72.1
9158-VCTQB,Yes,0.6747365,1,Month-to-month,Fiber optic,Bank transfer (automatic),41,113.6
2808-CHTDM,No,0.03620072,0,Two year,No,Mailed check,23,25.1
6311-UEUME,Yes,0.79078025,1,Month-to-month,Fiber optic,Electronic check,29,78.9
0793-TWELN,No,0.76563275,1,Month-to-month,Fiber optic,Electronic check,4,80.15
3283-WCWXT,No,0.029152827,0,Two year,No,Mailed check,6,25.4
1060-ENTOF,No,0.26542065,0,One year,Fiber optic,Credit card (automatic),67,105.4
0999-QXNSA,No,0.48543185,1,Month-to-month,DSL,Mailed check,7,45.75
5451-MHQOF,No,0.0551829,0,One year,No,Mailed check,56,24.45
4836-WNFNO,No,0.0066234567,0,Two year,No,Credit card (automatic),72,25.0
9225-BZLNZ,No,0.025338046,0,Two year,DSL,Electronic check,72,85.25
0354-VXMJC,No,0.01469737,0,Two year,No,Credit card (automatic),23,19.6
4422-QVIJA,No,0.2053714,0,Month-to-month,DSL,Mailed check,35,50.15
9365-SRSZE,No,0.57095444,1,Month-to-month,Fiber optic,Electronic check,27,70.55
6839-ITVZJ,Yes,0.39374402,0,Month-to-month,DSL,Electronic check,26,60.05
8332-OSJDW,No,0.07819814,0,One year,No,Mailed check,12,26.4
4735-BJKOU,No,0.022933036,0,Two year,No,Mailed check,40,20.15
0274-JKUJR,No,0.29374808,0,Month-to-month,DSL,Mailed check,7,58.85
5740-YHGTW,No,0.4184728,0,Month-to-month,Fiber optic,Credit card (automatic),70,97.55
8917-SZTTJ,No,0.03759564,0,Two year,No,Credit card (automatic),60,19.65
1696-MZVAU,No,0.14853844,0,One year,DSL,Credit card (automatic),39,25.25
7359-WWYJV,No,0.025829656,0,Two year,Fiber optic,Credit card (automatic),72,114.45
0375-HVGXO,Yes,0.8807372,1,Month-to-month,DSL,Electronic check,1,34.7
4906-ZHGPK,No,0.12241868,0,One year,DSL,Electronic check,54,70.7
8593-WHYHV,Yes,0.9262828,1,Month-to-month,Fiber optic,Electronic check,3,85.3
3795-GWTRD,No,0.05992819,0,Two year,DSL,Credit card (automatic),63,75.55
1298-PHBTI,No,0.041731805,0,Two year,Fiber optic,Electronic check,71,84.8
6223-DHJGV,No,0.03731068,0,One year,No,Mailed check,42,20.65
6961-MJKBO,No,0.025204422,0,Two year,No,Bank transfer (automatic),47,20.45
6097-EQISJ,Yes,0.40231472,0,One year,Fiber optic,Credit card (automatic),66,102.45
4423-YLHDV,Yes,0.8620029,1,Month-to-month,Fiber optic,Bank transfer (automatic),21,104.4
8158-WPEZG,No,0.55866355,1,Month-to-month,DSL,Electronic check,11,35.65
0107-YHINA,Yes,0.9654608,1,Month-to-month,Fiber optic,Electronic check,1,99.75
4918-FYJNT,No,0.32483944,0,Month-to-month,Fiber optic,Electronic check,55,90.45
0727-BNRLG,No,0.08590094,0,Two year,Fiber optic,Credit card (automatic),69,97.65
4854-CIDCF,No,0.75790584,1,Month-to-month,Fiber optic,Electronic check,3,73.85
8640-SDGKB,Yes,0.54646933,1,Month-to-month,DSL,Electronic check,4,74.4
3280-MRDOF,No,0.07597247,0,Two year,DSL,Credit card (automatic),30,69.1
6435-SRWBJ,No,0.90129447,1,Month-to-month,Fiber optic,Electronic check,5,82.75
9964-WBQDJ,No,0.0066464436,0,Two year,No,Credit card (automatic),71,24.4
6303-KFWSL,No,0.28416574,0,One year,DSL,Electronic check,29,55.25
1702-CCFNJ,No,0.13047226,0,Month-to-month,DSL,Bank transfer (automatic),52,61.35
8932-CZHRQ,No,0.3576968,0,One year,DSL,Credit card (automatic),68,76.75
0386-CWRGM,No,0.031075316,0,Two year,No,Mailed check,46,19.4
5515-RUGKN,No,0.48321453,1,Month-to-month,DSL,Credit card (automatic),8,54.75
0404-AHASP,No,0.0042380383,0,Two year,No,Credit card (automatic),72,19.7
7279-NMVJC,No,0.11436319,0,One year,No,Bank transfer (automatic),17,19.9
2081-VEYEH,No,0.76426846,1,Month-to-month,Fiber optic,Electronic check,3,107.95
6407-UTSLV,No,0.8851683,1,Month-to-month,Fiber optic,Bank transfer (automatic),2,83.8
4116-TZAQJ,Yes,0.628677,1,Month-to-month,Fiber optic,Credit card (automatic),9,74.25
9060-HJJRW,No,0.29342425,0,One year,DSL,Credit card (automatic),51,56.4
2587-YNLES,No,0.030082602,0,Two year,No,Mailed check,6,20.1
7398-SKNQZ,No,0.88918096,1,Month-to-month,Fiber optic,Electronic check,3,94.9
5935-FCCNB,No,0.79372996,1,Month-to-month,Fiber optic,Electronic check,17,94.2
1958-RNRKS,No,0.34256202,0,Month-to-month,DSL,Electronic check,30,49.9
5136-RGMZO,No,0.19344246,0,Month-to-month,DSL,Electronic check,31,71.05
8345-MVDYC,No,0.030670656,0,Two year,DSL,Bank transfer (automatic),45,81.65
8226-BXGES,No,0.04407733,0,One year,Fiber optic,Bank transfer (automatic),64,89.45
3877-JRJIP,Yes,0.8590926,1,Month-to-month,DSL,Electronic check,1,59.85
8375-DKEBR,Yes,0.9443702,1,Month-to-month,Fiber optic,Electronic check,1,69.6
9705-IOVQQ,No,0.28341544,0,One year,Fiber optic,Electronic check,61,99.0
1015-OWJKI,No,0.18834321,0,Month-to-month,No,Mailed check,1,19.05
7511-YMXVQ,Yes,0.8082365,1,Month-to-month,DSL,Electronic check,9,45.4
2040-XBAVJ,No,0.009258968,0,Two year,Fiber optic,Bank transfer (automatic),72,114.45
7551-JOHTI,Yes,0.60790277,1,Month-to-month,No,Mailed check,1,19.5
8887-IPQNC,No,0.5211342,1,Month-to-month,DSL,Mailed check,7,44.25
8646-JCOMS,No,0.10915134,0,One year,Fiber optic,Bank transfer (automatic),66,90.55
9804-ICWBG,Yes,0.9301008,1,Month-to-month,Fiber optic,Electronic check,1,69.9
1222-KJNZD,No,0.12677838,0,Month-to-month,No,Bank transfer (automatic),40,20.4
0106-GHRQR,No,0.4012249,0,Month-to-month,DSL,Bank transfer (automatic),16,71.4
5318-IXUZF,Yes,0.88501364,1,Month-to-month,Fiber optic,Bank transfer (automatic),2,87.15
3768-VHXQO,No,0.027144428,0,Two year,No,Credit card (automatic),67,24.85
8952-WCVCD,No,0.5740134,1,One year,Fiber optic,Bank transfer (automatic),41,104.45
2418-TPEUN,No,0.030338198,0,Two year,No,Credit card (automatic),56,19.8
3963-RYFNS,No,0.019229317,0,Two year,Fiber optic,Bank transfer (automatic),72,116.45
3198-VELRD,Yes,0.91607183,1,Month-to-month,Fiber optic,Bank transfer (automatic),3,84.75
8540-ZQGEA,No,0.03918444,0,Two year,No,Credit card (automatic),54,20.05
1320-REHCS,No,0.5767624,1,Month-to-month,Fiber optic,Electronic check,52,110.75
4137-JOPHL,No,0.042847805,0,Two year,Fiber optic,Bank transfer (automatic),50,89.7
9436-ZBZCT,Yes,0.8421787,1,Month-to-month,Fiber optic,Electronic check,14,89.95
7801-CEDNV,No,0.08483761,0,One year,DSL,Credit card (automatic),27,48.7
2057-BOYKM,No,0.01403991,0,Two year,Fiber optic,Bank transfer (automatic),72,96.6
3658-QQJYD,No,0.26499358,0,One year,DSL,Credit card (automatic),62,74.3
1803-BGNBD,No,0.52664644,1,Month-to-month,DSL,Electronic check,12,54.3
0134-XWXCE,No,0.21107988,0,One year,DSL,Bank transfer (automatic),44,74.85
6950-TWMYB,No,0.024225013,0,Two year,Fiber optic,Bank transfer (automatic),54,79.95
5848-FHRFC,No,0.01626747,0,Two year,No,Bank transfer (automatic),68,20.05
2243-FNMMI,No,0.20333539,0,Month-to-month,No,Mailed check,20,19.4
2511-MORQY,No,0.074615724,0,One year,DSL,Bank transfer (automatic),50,54.9
5356-KZCKT,No,0.04452727,0,Two year,No,Credit card (automatic),58,24.45
9470-XCCEM,No,0.580766,1,Month-to-month,Fiber optic,Bank transfer (automatic),35,89.65
6519-CFDBX,No,0.8294821,1,Month-to-month,DSL,Electronic check,2,45.4
3902-MIVLE,No,0.032781854,0,Two year,DSL,Mailed check,63,75.7
0409-WTMPL,No,0.521523,1,One year,Fiber optic,Credit card (automatic),58,110.65
8763-KIAFH,No,0.040905416,0,One year,No,Mailed check,27,20.55
3669-WHAFY,No,0.026439114,0,Two year,Fiber optic,Credit card (automatic),71,115.15
3055-VTCGS,No,0.087689,0,One year,DSL,Credit card (automatic),63,58.55
3144-KMTWZ,No,0.3119967,0,Month-to-month,Fiber optic,Bank transfer (automatic),71,93.25
7279-BUYWN,Yes,0.5731864,1,Month-to-month,Fiber optic,Electronic check,41,113.2
7156-MHUGY,Yes,0.83607036,1,Month-to-month,Fiber optic,Electronic check,13,90.5
7198-GLXTC,Yes,0.8711289,1,Month-to-month,Fiber optic,Electronic check,2,79.0
2007-QVGAW,No,0.049786676,0,Two year,No,Bank transfer (automatic),68,19.35
5207-PLSTK,No,0.6445729,1,Month-to-month,DSL,Mailed check,1,48.75
2307-FYNNL,No,0.6492452,1,Two year,Fiber optic,Electronic check,65,109.05
5605-XNWEN,No,0.015456817,0,Two year,No,Bank transfer (automatic),72,25.0
2155-AMQRX,No,0.17612429,0,Month-to-month,DSL,Credit card (automatic),28,54.9
6181-AXXYF,No,0.0050833784,0,Two year,No,Credit card (automatic),72,24.75
5091-HFAZW,No,0.71925324,1,Month-to-month,Fiber optic,Electronic check,2,91.15
0516-VRYBW,Yes,0.13605237,0,One year,No,Bank transfer (automatic),18,20.15
2519-LBNQL,No,0.51761675,1,One year,Fiber optic,Electronic check,60,104.35
8623-ULFNQ,No,0.38644972,0,Month-to-month,DSL,Electronic check,26,66.05
8380-PEFPE,Yes,0.9184027,1,Month-to-month,Fiber optic,Electronic check,1,71.65
5687-DKDTV,Yes,0.343122,0,Month-to-month,No,Mailed check,4,20.35
1568-LJSZU,No,0.028848477,0,Two year,DSL,Credit card (automatic),68,92.2
7530-HDYDS,Yes,0.56352115,1,Month-to-month,Fiber optic,Credit card (automatic),38,84.25
7789-HKSBS,No,0.5856644,1,One year,Fiber optic,Bank transfer (automatic),42,105.2
7416-CKTEP,No,0.106334396,0,Two year,No,Bank transfer (automatic),57,19.6
2586-CWXVV,No,0.4544609,1,Month-to-month,DSL,Electronic check,54,30.4
3096-IZETN,Yes,0.6202185,1,Month-to-month,Fiber optic,Bank transfer (automatic),12,78.1
2348-KCJLT,No,0.103877924,0,One year,DSL,Mailed check,44,61.5
8401-EMUWF,No,0.26114693,0,Month-to-month,DSL,Bank transfer (automatic),42,69.4
4193-IBKSW,No,0.0050833784,0,Two year,No,Bank transfer (automatic),72,24.75
5377-NDTOU,No,0.0060011805,0,Two year,DSL,Mailed check,71,91.05
5922-ABDVO,Yes,0.5640538,1,Month-to-month,Fiber optic,Mailed check,19,89.65
2474-LCNUE,No,0.13425158,0,Month-to-month,DSL,Credit card (automatic),23,73.65
0839-QNXME,No,0.026182096,0,Two year,No,Credit card (automatic),30,19.4
3506-OVLKD,No,0.11257178,0,One year,No,Bank transfer (automatic),35,26.2
9172-ANCRX,Yes,0.93591136,1,Month-to-month,Fiber optic,Electronic check,10,98.7
6650-VJONK,No,0.7218294,1,Month-to-month,DSL,Bank transfer (automatic),1,43.85
2178-PMGCJ,No,0.59748626,1,Month-to-month,Fiber optic,Mailed check,22,69.7
7492-TAFJD,No,0.03962646,0,Two year,DSL,Mailed check,7,38.55
2773-MADBQ,No,0.03296859,0,Two year,DSL,Mailed check,36,53.1
6016-LVTJQ,No,0.10937032,0,Month-to-month,No,Mailed check,34,20.65
7860-KSUGX,No,0.011364554,0,Two year,DSL,Credit card (automatic),72,64.45
8966-KZXXA,No,0.032697346,0,Two year,No,Credit card (automatic),36,25.1
6910-HADCM,Yes,0.9267369,1,Month-to-month,Fiber optic,Electronic check,1,76.35
4816-LXZYW,Yes,0.78050065,1,Month-to-month,Fiber optic,Electronic check,23,79.15
9606-PBKBQ,Yes,0.8040832,1,Month-to-month,Fiber optic,Electronic check,32,85.0
5149-QYTTU,No,0.028596293,0,One year,Fiber optic,Credit card (automatic),71,95.15
2070-XYMFH,No,0.58937794,1,Month-to-month,Fiber optic,Mailed check,23,79.35
2085-BOJKI,No,0.48140764,1,One year,Fiber optic,Bank transfer (automatic),17,96.65
0817-HSUSE,No,0.60187364,1,Month-to-month,DSL,Electronic check,1,75.5
5442-PPTJY,No,0.02402077,0,Two year,No,Mailed check,12,19.7
1927-QEWMY,No,0.0031813432,0,Two year,No,Credit card (automatic),72,20.5
1663-MHLHE,No,0.18104737,0,Month-to-month,No,Mailed check,1,19.2
5663-QBGIS,No,0.09152745,0,Two year,Fiber optic,Bank transfer (automatic),72,98.35
4450-MDZFX,No,0.15211113,0,Month-to-month,Fiber optic,Bank transfer (automatic),60,74.35
6701-DHKWQ,No,0.057424948,0,Two year,DSL,Credit card (automatic),61,51.35
7554-AKDQF,No,0.4687897,1,Month-to-month,DSL,Mailed check,6,45.65
3536-IQCTX,Yes,0.7630122,1,Month-to-month,Fiber optic,Electronic check,32,85.3
4911-BANWH,Yes,0.6738819,1,Month-to-month,Fiber optic,Credit card (automatic),31,86.55
8496-EJAUI,Yes,0.5789085,1,Month-to-month,Fiber optic,Credit card (automatic),19,73.85
0794-YVSGE,No,0.0037185117,0,Two year,No,Bank transfer (automatic),72,20.3
5423-BHIXO,No,0.35203817,0,Month-to-month,DSL,Electronic check,32,54.2
6908-VVYHM,No,0.51154226,1,Month-to-month,Fiber optic,Electronic check,65,90.65
2959-EEXWB,No,0.24570256,0,Month-to-month,DSL,Bank transfer (automatic),45,50.9
1839-UMACK,No,0.13843311,0,One year,No,Electronic check,42,25.05
3030-YDNRM,No,0.87622094,1,Month-to-month,Fiber optic,Electronic check,8,74.85
7321-KKSDU,No,0.035781763,0,Two year,No,Mailed check,32,20.5
3402-XRIUO,No,0.33733532,0,Month-to-month,DSL,Mailed check,22,63.55
3132-TVFDZ,Yes,0.6835987,1,Month-to-month,DSL,Electronic check,57,44.85
8286-AFUYI,No,0.65686154,1,Month-to-month,DSL,Electronic check,1,47.95
8080-DDEMJ,Yes,0.8405692,1,Month-to-month,DSL,Electronic check,1,45.1
8356-WUAOJ,No,0.8138852,1,Month-to-month,DSL,Electronic check,1,45.0
6365-MTGZX,Yes,0.63414997,1,Month-to-month,Fiber optic,Electronic check,24,96.0
1349-WXNGG,Yes,0.5776698,1,Month-to-month,No,Bank transfer (automatic),1,20.05
8058-DMYRU,No,0.62288445,1,Month-to-month,Fiber optic,Electronic check,54,90.05
9350-ZXYJC,No,0.044086482,0,Two year,No,Credit card (automatic),4,25.3
6990-YNRIO,Yes,0.42473164,0,Two year,Fiber optic,Bank transfer (automatic),65,108.65
8958-JPTRR,No,0.15066025,0,One year,No,Electronic check,56,24.3
6959-GQEGV,No,0.38388824,0,Month-to-month,DSL,Electronic check,45,75.95
3173-WSSUE,No,0.00523709,0,Two year,No,Credit card (automatic),71,19.7
1265-HVPZB,No,0.09988279,0,One year,DSL,Credit card (automatic),59,66.4
4115-UMJFQ,No,0.07335842,0,One year,DSL,Bank transfer (automatic),69,35.75
7369-TRPFD,No,0.013716719,0,One year,No,Mailed check,19,18.8
1098-KFQEC,No,0.048375502,0,Two year,No,Credit card (automatic),55,19.4
7190-XHTWJ,No,0.02142374,0,One year,No,Mailed check,38,19.3
0621-TWIEM,Yes,0.64923596,1,Month-to-month,DSL,Electronic check,10,45.55
3537-RYBHH,No,0.3167372,0,Month-to-month,DSL,Credit card (automatic),47,67.45
2485-ITVKB,Yes,0.89562213,1,Month-to-month,DSL,Electronic check,2,35.1
3669-OYSJI,Yes,0.7441396,1,Month-to-month,DSL,Credit card (automatic),1,46.2
1612-EOHDH,Yes,0.7864425,1,Month-to-month,DSL,Electronic check,1,45.15
6702-OHFWR,Yes,0.89850634,1,Month-to-month,DSL,Electronic check,1,43.3
5296-BFCYD,No,0.0219186,0,Two year,No,Mailed check,46,20.1
4510-PYUSH,Yes,0.31004947,0,Month-to-month,DSL,Credit card (automatic),38,57.15
9359-JANWS,No,0.021391256,0,Two year,DSL,Credit card (automatic),65,58.9
7517-SAWMO,Yes,0.6331957,1,Month-to-month,Fiber optic,Electronic check,19,73.2
4143-HHPMK,Yes,0.5944016,1,Month-to-month,Fiber optic,Electronic check,52,85.35
3279-DYZQM,No,0.0076347315,0,Two year,No,Mailed check,71,19.45
7054-LGEQW,Yes,0.74145126,1,Month-to-month,DSL,Mailed check,1,45.95
0523-VNGTF,No,0.36020958,0,Month-to-month,DSL,Electronic check,52,50.5
9575-IWCAZ,No,0.09773809,0,One year,No,Mailed check,6,25.1
7105-MXJLL,No,0.19484404,0,One year,DSL,Mailed check,26,60.7
7064-FRRSW,No,0.56348675,1,One year,Fiber optic,Electronic check,48,99.0
7940-UQQUG,No,0.1533706,0,One year,Fiber optic,Bank transfer (automatic),64,104.4
0923-PNFUB,Yes,0.6929655,1,Month-to-month,Fiber optic,Electronic check,3,83.75
3961-SXAXY,No,0.7218294,1,Month-to-month,DSL,Bank transfer (automatic),1,44.05
7010-BRBUU,No,0.0047627995,0,Two year,No,Credit card (automatic),72,24.1
3566-HJGPK,No,0.79652935,1,Month-to-month,DSL,Mailed check,1,45.55
3062-ICYZQ,No,0.43258443,0,Month-to-month,Fiber optic,Electronic check,51,93.8
9938-PRCVK,No,0.036522247,0,Two year,No,Bank transfer (automatic),41,19.7
0973-KYVNF,No,0.014020716,0,Two year,DSL,Credit card (automatic),72,70.65
5129-HHMZC,No,0.031342704,0,Two year,DSL,Credit card (automatic),43,86.45
9637-CDTKZ,No,0.011685534,0,Two year,Fiber optic,Credit card (automatic),72,114.1
3946-JEWRQ,No,0.49184516,1,One year,Fiber optic,Credit card (automatic),47,95.2
7873-CVMAW,No,0.004018732,0,Two year,DSL,Credit card (automatic),72,88.55
0463-WZZKO,No,0.3383296,0,Month-to-month,No,Credit card (automatic),3,20.75
3494-JCHRQ,Yes,0.919525,1,Month-to-month,Fiber optic,Electronic check,1,70.05
6474-FVJLC,Yes,0.9158202,1,Month-to-month,Fiber optic,Electronic check,2,86.0
4524-QCSSM,No,0.55576587,1,Month-to-month,DSL,Bank transfer (automatic),26,44.65
5832-EXGTT,No,0.2934364,0,Month-to-month,DSL,Mailed check,29,60.2
8840-DQLGN,Yes,0.39832756,0,Month-to-month,Fiber optic,Bank transfer (automatic),35,100.5
2039-JONDJ,No,0.095100075,0,One year,DSL,Bank transfer (automatic),27,55.45
7217-JYHOQ,No,0.13073432,0,Month-to-month,DSL,Credit card (automatic),24,70.3
6695-FRVEC,No,0.030923747,0,Two year,DSL,Bank transfer (automatic),67,60.4
4547-LYTDD,Yes,0.6528482,1,Month-to-month,Fiber optic,Electronic check,16,72.65
9894-QMIMJ,No,0.12162663,0,One year,DSL,Bank transfer (automatic),23,55.8
8069-YQQAJ,No,0.5356901,1,Month-to-month,DSL,Mailed check,14,31.1
6770-XUAGN,Yes,0.62364,1,Month-to-month,No,Electronic check,1,21.0
4193-ORFCL,Yes,0.8092305,1,Month-to-month,DSL,Mailed check,1,45.1
1636-NTNCO,No,0.7599204,1,Month-to-month,DSL,Credit card (automatic),4,50.95
3466-WAESX,No,0.5472698,1,Month-to-month,DSL,Electronic check,16,69.1
9281-PKKZE,No,0.5678954,1,Month-to-month,DSL,Electronic check,46,43.95
3638-VBZTA,No,0.033352003,0,Two year,DSL,Bank transfer (automatic),68,86.5
7459-IMVYU,No,0.273024,0,Month-to-month,DSL,Electronic check,38,69.95
7776-QWNFX,Yes,0.34049618,0,Month-to-month,DSL,Bank transfer (automatic),30,50.4
6689-TCZHQ,Yes,0.83444,1,Month-to-month,Fiber optic,Electronic check,5,78.95
8563-OYMQY,No,0.54970044,1,Month-to-month,Fiber optic,Credit card (automatic),17,90.95
0754-EEBDC,No,0.031867474,0,Two year,No,Mailed check,4,19.9
5777-ZPQNC,No,0.1101283,0,One year,No,Electronic check,12,20.15
1951-IEYXM,No,0.00470485,0,Two year,DSL,Credit card (automatic),72,90.6
3318-NMQXL,No,0.8765584,1,Month-to-month,Fiber optic,Electronic check,3,92.0
3143-ILDAL,Yes,0.46160382,1,Month-to-month,Fiber optic,Electronic check,56,94.45
1022-RKXDR,No,0.069990784,0,One year,No,Mailed check,41,24.85
2361-FJWNO,No,0.1470604,0,One year,DSL,Credit card (automatic),40,36.0
2272-UOINI,No,0.47445005,1,Month-to-month,DSL,Electronic check,7,78.5
8232-UTFOZ,No,0.010903315,0,Two year,No,Credit card (automatic),69,19.95
3750-YHRYO,No,0.06414793,0,One year,No,Mailed check,7,20.65
6637-KYRCV,No,0.6909678,1,Month-to-month,DSL,Electronic check,5,30.5
5668-MEISB,No,0.016106024,0,Two year,Fiber optic,Credit card (automatic),72,106.1
0129-QMPDR,No,0.046084538,0,One year,No,Bank transfer (automatic),44,20.5
7188-CBBBA,No,0.49196595,1,One year,Fiber optic,Electronic check,65,95.5
5356-CSVSQ,No,0.595497,1,Month-to-month,DSL,Electronic check,3,64.6
3221-CJMSG,No,0.11523555,0,Month-to-month,DSL,Credit card (automatic),24,51.1
4720-VSTSI,Yes,0.5956815,1,Month-to-month,Fiber optic,Bank transfer (automatic),44,84.8
3219-JQRSL,No,0.008164276,0,Two year,DSL,Credit card (automatic),72,89.1
2801-NISEI,No,0.28922677,0,Month-to-month,DSL,Electronic check,24,54.95
3946-MHCZW,Yes,0.7724486,1,Month-to-month,DSL,Mailed check,1,50.9
4623-ZKHLY,No,0.16735779,0,Month-to-month,No,Bank transfer (automatic),22,20.45
6732-VAILE,No,0.027086392,0,Two year,DSL,Credit card (automatic),70,85.95
8201-AAXCB,No,0.40263772,0,Month-to-month,DSL,Electronic check,25,60.35
7696-CFTAT,No,0.0356972,0,Two year,No,Bank transfer (automatic),37,19.8
1845-CSBRZ,No,0.5466487,1,Month-to-month,Fiber optic,Bank transfer (automatic),22,85.35
2123-VSCOT,No,0.021550838,0,Two year,DSL,Bank transfer (automatic),59,72.1
6651-AZVTJ,Yes,0.83970606,1,Month-to-month,Fiber optic,Electronic check,49,99.8
4566-GOLUK,Yes,0.6920858,1,Month-to-month,Fiber optic,Bank transfer (automatic),47,107.35
2484-DGXPZ,Yes,0.19520208,0,Month-to-month,No,Mailed check,31,19.55
2018-QKYGT,No,0.9293391,1,Month-to-month,Fiber optic,Electronic check,1,81.05
2792-VPPET,No,0.38046515,0,Month-to-month,No,Electronic check,3,20.5
7409-JURKQ,No,0.39802656,0,One year,Fiber optic,Bank transfer (automatic),53,111.8
3247-MHJKM,No,0.62166,1,Month-to-month,No,Mailed check,1,20.2
1964-SVLEA,No,0.06553342,0,One year,No,Mailed check,20,19.7
4587-NUKOX,Yes,0.684634,1,Month-to-month,Fiber optic,Electronic check,3,79.1
7297-DVYGA,No,0.06422709,0,One year,No,Bank transfer (automatic),51,19.85
2239-CGBUZ,No,0.06996475,0,One year,DSL,Bank transfer (automatic),51,60.5
0854-UYHZD,No,0.029153375,0,Two year,No,Mailed check,13,19.55
7243-LCGGZ,No,0.66335225,1,Month-to-month,No,Mailed check,1,20.9
8267-KFGYD,No,0.47936863,1,Month-to-month,No,Mailed check,1,21.05
4890-VMUAV,No,0.07726962,0,One year,DSL,Electronic check,63,71.5
9261-WDCAF,No,0.6870808,1,Month-to-month,DSL,Mailed check,3,54.65
3764-MNMOI,No,0.010195207,0,Two year,No,Credit card (automatic),46,19.2
7442-YGZFK,No,0.8034305,1,Month-to-month,DSL,Credit card (automatic),1,49.8
0420-BWTPW,Yes,0.49910712,1,Month-to-month,DSL,Mailed check,8,25.5
8229-BUJHX,No,0.004793363,0,Two year,No,Bank transfer (automatic),71,20.5
7449-HVPIV,No,0.42346418,0,Month-to-month,Fiber optic,Credit card (automatic),55,90.4
5504-WSIUR,No,0.091871016,0,One year,Fiber optic,Bank transfer (automatic),70,90.25
8183-ONMXC,Yes,0.84147984,1,Month-to-month,Fiber optic,Electronic check,2,80.75
8466-PZBLH,No,0.2938919,0,Two year,Fiber optic,Bank transfer (automatic),67,104.6
9614-RMGHA,Yes,0.5244961,1,Month-to-month,Fiber optic,Bank transfer (automatic),65,91.85
8735-IJJEG,No,0.35399345,0,Month-to-month,DSL,Credit card (automatic),14,50.2
0564-MUUQK,No,0.5095116,1,Month-to-month,Fiber optic,Bank transfer (automatic),20,95.5
5054-IEXZT,Yes,0.9125696,1,Month-to-month,Fiber optic,Electronic check,1,75.35
5834-ASPWA,Yes,0.94376236,1,Month-to-month,Fiber optic,Electronic check,1,75.45
0701-RFGFI,No,0.608407,1,Month-to-month,Fiber optic,Bank transfer (automatic),49,95.4
0019-EFAEP,No,0.016421307,0,Two year,Fiber optic,Bank transfer (automatic),72,101.3
5619-PTMIK,No,0.40319937,0,Month-to-month,DSL,Electronic check,46,53.1
3737-XBQDD,No,0.6633552,1,Month-to-month,Fiber optic,Bank transfer (automatic),24,84.85
5882-CMAZQ,No,0.47321007,1,Month-to-month,DSL,Electronic check,5,34.25
5846-QFDFI,No,0.4208979,0,Month-to-month,Fiber optic,Credit card (automatic),33,88.6
4445-KWOKW,No,0.11436647,0,One year,DSL,Bank transfer (automatic),42,60.15
3511-APPBJ,No,0.3465645,0,One year,Fiber optic,Credit card (automatic),23,99.95
7967-HYCDE,No,0.64226276,1,Month-to-month,Fiber optic,Bank transfer (automatic),8,70.7
2430-RRYUW,No,0.03944952,0,One year,DSL,Mailed check,66,54.8
3948-XHGNA,Yes,0.40241632,0,Month-to-month,DSL,Bank transfer (automatic),24,49.55
3723-BFBGR,No,0.3442086,0,Month-to-month,DSL,Credit card (automatic),24,54.8
0565-IYCGT,Yes,0.43364754,0,One year,DSL,Credit card (automatic),69,78.6
5447-WZAFP,No,0.34344646,0,One year,Fiber optic,Mailed check,53,100.3
5110-CHOPY,No,0.16955881,0,Two year,DSL,Electronic check,60,53.6
5445-UTODQ,Yes,0.8557984,1,Month-to-month,Fiber optic,Electronic check,7,81.1
4425-OWHWB,No,0.06836356,0,One year,No,Credit card (automatic),20,19.35
7892-QVYKW,No,0.62391126,1,Month-to-month,Fiber optic,Electronic check,23,85.6
9675-ICXCT,No,0.011327475,0,Two year,DSL,Electronic check,72,80.8
1024-VRZHF,Yes,0.84159225,1,Month-to-month,Fiber optic,Electronic check,11,74.95
4703-MQYKT,No,0.030860882,0,Two year,No,Mailed check,21,19.6
9497-QCMMS,Yes,0.97082764,1,Month-to-month,Fiber optic,Electronic check,1,93.55
5692-ICXLW,No,0.747512,1,Month-to-month,Fiber optic,Electronic check,31,90.7
0602-DDUML,No,0.020219553,0,Two year,DSL,Mailed check,57,69.75
2208-MPXIO,No,0.030928614,0,Two year,No,Bank transfer (automatic),45,20.0
1960-UYCNN,No,0.8516591,1,Month-to-month,Fiber optic,Electronic check,10,95.25
0348-SDKOL,Yes,0.55959153,1,Month-to-month,Fiber optic,Credit card (automatic),58,102.1
3190-FZATL,No,0.17727666,0,Month-to-month,No,Mailed check,14,19.95
7336-RLLRH,No,0.15971212,0,One year,DSL,Mailed check,27,80.85
4373-MAVJG,Yes,0.7053448,1,Month-to-month,Fiber optic,Bank transfer (automatic),14,90.9
8901-HJXTF,Yes,0.38790455,0,Month-to-month,DSL,Mailed check,12,29.2
7710-JSYOA,No,0.03685472,0,Two year,Fiber optic,Bank transfer (automatic),69,93.3
5419-KLXBN,Yes,0.60757035,1,Month-to-month,Fiber optic,Bank transfer (automatic),25,89.15
3424-NMNBO,Yes,0.7526902,1,One year,Fiber optic,Electronic check,58,108.85
9885-MFVSU,No,0.03641047,0,Two year,DSL,Credit card (automatic),35,46.35
4514-GFCFI,Yes,0.8441441,1,Month-to-month,Fiber optic,Electronic check,16,84.75
0607-MVMGC,No,0.23458517,0,One year,DSL,Credit card (automatic),45,78.75
3365-SAIGS,No,0.774916,1,Month-to-month,Fiber optic,Electronic check,17,83.55
9828-AOQLM,Yes,0.8407026,1,Month-to-month,DSL,Electronic check,1,45.7
8022-BECSI,No,0.050518014,0,One year,No,Mailed check,22,19.6
8000-REIQB,Yes,0.9347478,1,Month-to-month,Fiber optic,Electronic check,1,69.95
9993-LHIEB,No,0.029368158,0,Two year,DSL,Mailed check,67,67.85
0266-CLZKZ,No,0.19213161,0,Two year,Fiber optic,Bank transfer (automatic),67,105.65
7615-ESMYF,Yes,0.794982,1,Month-to-month,DSL,Electronic check,2,44.6
3858-VOBET,Yes,0.7517454,1,Month-to-month,Fiber optic,Electronic check,23,74.95
7020-OZKXZ,No,0.6885309,1,Month-to-month,Fiber optic,Credit card (automatic),9,75.5
3977-QCRSL,No,0.2659976,0,Month-to-month,No,Mailed check,5,20.15
0017-DINOC,No,0.04784402,0,Two year,DSL,Credit card (automatic),54,45.2
1447-PJGGA,Yes,0.36538616,0,Two year,Fiber optic,Electronic check,57,95.25
8565-CLBZW,Yes,0.68628776,1,Month-to-month,Fiber optic,Mailed check,24,89.85
9139-WQQDY,Yes,0.3192241,0,One year,Fiber optic,Mailed check,49,100.45
0224-HJAPT,Yes,0.72787553,1,Month-to-month,DSL,Electronic check,5,47.15
8086-OVPWV,Yes,0.87903345,1,Month-to-month,Fiber optic,Electronic check,2,80.2
9430-FRQOC,Yes,0.8929367,1,Month-to-month,Fiber optic,Mailed check,4,87.1
7639-OPLNG,No,0.05673766,0,Two year,DSL,Bank transfer (automatic),70,79.25
3074-GQWYX,Yes,0.8762903,1,Month-to-month,Fiber optic,Bank transfer (automatic),5,75.9
1492-QGCLU,No,0.2802778,0,Month-to-month,DSL,Electronic check,53,85.7
6845-RGTYS,Yes,0.627251,1,Month-to-month,Fiber optic,Electronic check,47,98.75
7328-OWMOM,No,0.057184167,0,One year,No,Credit card (automatic),31,20.1
4418-LZMSV,No,0.31502038,0,Month-to-month,DSL,Bank transfer (automatic),13,61.8
5155-AZQPB,No,0.2053714,0,Month-to-month,DSL,Mailed check,28,49.9
8861-HGGKB,Yes,0.80346704,1,Month-to-month,Fiber optic,Electronic check,10,86.45
1087-GRUYI,No,0.038311888,0,Two year,No,Bank transfer (automatic),38,20.4
7065-YUNRY,Yes,0.7829523,1,Month-to-month,DSL,Mailed check,1,45.3
7694-VLBWQ,Yes,0.57585174,1,One year,Fiber optic,Electronic check,67,104.1
2546-KZAAT,No,0.18983705,0,One year,DSL,Mailed check,52,75.4
0181-RITDD,No,0.14533676,0,Two year,Fiber optic,Mailed check,62,108.15
5989-PGKJB,No,0.7581554,1,Month-to-month,Fiber optic,Electronic check,16,86.25
4795-KTRTH,Yes,0.91482365,1,Month-to-month,Fiber optic,Electronic check,5,81.0
8272-ONJLV,No,0.49817976,1,One year,Fiber optic,Electronic check,12,95.7
1488-PBLJN,No,0.041990254,0,Two year,Fiber optic,Bank transfer (automatic),72,116.85
0308-GIQJT,No,0.19847018,0,One year,Fiber optic,Bank transfer (automatic),71,105.75
3778-FOAQW,No,0.04481743,0,One year,No,Mailed check,24,20.15
4452-ROHMO,No,0.03330634,0,Two year,No,Mailed check,15,19.6
6481-OGDOO,Yes,0.33510092,0,One year,Fiber optic,Credit card (automatic),67,90.6
3090-LETTY,No,0.466542,1,Month-to-month,DSL,Bank transfer (automatic),2,60.95
5349-AZPEW,No,0.5483335,1,Month-to-month,DSL,Mailed check,5,25.05
3753-TSEMP,Yes,0.6979708,1,Month-to-month,Fiber optic,Electronic check,15,88.15
8305-VHZBZ,Yes,0.6669648,1,Month-to-month,No,Mailed check,1,20.2
9720-JJJOR,No,0.15145057,0,One year,DSL,Bank transfer (automatic),41,60.3
8100-HZZLJ,No,0.3999,0,Month-to-month,DSL,Electronic check,43,63.95
8775-ERLNB,No,0.930887,1,Month-to-month,Fiber optic,Electronic check,1,74.3
8309-IEYJD,No,0.9171505,1,Month-to-month,Fiber optic,Mailed check,1,70.6
9172-JITSM,Yes,0.76323664,1,Month-to-month,Fiber optic,Electronic check,26,90.8
6298-QDFNH,Yes,0.8063113,1,Month-to-month,Fiber optic,Electronic check,22,79.35
7398-HPYZQ,No,0.008025724,0,Two year,DSL,Bank transfer (automatic),71,90.55
3546-GHEAE,No,0.025297668,0,Two year,No,Mailed check,7,19.45
7361-YPXFS,No,0.1761107,0,Month-to-month,DSL,Bank transfer (automatic),28,64.45
6557-BZXLQ,No,0.6705055,1,Month-to-month,Fiber optic,Electronic check,16,69.65
2550-QHZGP,No,0.07430425,0,One year,No,Mailed check,7,19.5
7519-JTWQH,No,0.29036158,0,Two year,Fiber optic,Bank transfer (automatic),69,110.5
2538-OIMXF,No,0.68583506,1,Month-to-month,DSL,Mailed check,1,24.7
8543-MSDMF,No,0.5780905,1,Month-to-month,DSL,Electronic check,3,77.4
9961-JBNMK,Yes,0.7477898,1,Month-to-month,Fiber optic,Bank transfer (automatic),21,96.8
1170-SASML,No,0.45005348,1,Month-to-month,Fiber optic,Bank transfer (automatic),69,85.4
4872-JCVCA,No,0.013808242,0,Two year,DSL,Bank transfer (automatic),71,47.6
5346-BZCHP,No,0.04500478,0,Two year,No,Mailed check,69,19.4
2038-LLMLM,No,0.6963517,1,Month-to-month,Fiber optic,Electronic check,48,103.85
6173-ITPWD,Yes,0.5934628,1,Month-to-month,Fiber optic,Bank transfer (automatic),47,83.35
9734-UYXQI,Yes,0.8429406,1,Month-to-month,DSL,Electronic check,2,49.4
1216-BGTSP,No,0.43756083,0,Month-to-month,Fiber optic,Credit card (automatic),45,108.45
4138-NAXED,No,0.38753968,0,Month-to-month,Fiber optic,Bank transfer (automatic),51,81.0
2189-UXTKY,Yes,0.5645785,1,Month-to-month,DSL,Electronic check,22,79.2
0744-BIKKF,No,0.0034167173,0,Two year,DSL,Bank transfer (automatic),72,86.65
7483-IQWIB,No,0.5732888,1,Month-to-month,Fiber optic,Electronic check,37,92.95
5248-KWLAR,No,0.0128738275,0,Two year,DSL,Electronic check,71,90.35
4958-GZWIY,Yes,0.6416931,1,Month-to-month,DSL,Electronic check,7,48.7
7996-MHXLW,No,0.02607759,0,Two year,No,Credit card (automatic),66,25.15
7833-PKIHD,No,0.14382645,0,One year,DSL,Bank transfer (automatic),51,76.4
7061-OVMIM,No,0.08210977,0,One year,No,Bank transfer (automatic),30,19.55
5153-RTHKF,No,0.6990525,1,Month-to-month,Fiber optic,Electronic check,34,85.35
1852-QSWCD,No,0.03288915,0,Two year,No,Mailed check,64,24.8
4832-VRBMR,No,0.4934935,1,One year,Fiber optic,Bank transfer (automatic),65,103.15
9079-LWTFD,No,0.3060737,0,Month-to-month,Fiber optic,Mailed check,47,100.75
6356-ELRKD,Yes,0.93129873,1,Month-to-month,Fiber optic,Electronic check,1,95.6
8624-GIOUT,Yes,0.29622725,0,Month-to-month,DSL,Credit card (automatic),49,59.75
3392-EHMNK,No,0.075500704,0,Two year,Fiber optic,Credit card (automatic),67,94.1
5986-WWXDV,No,0.07362545,0,One year,No,Bank transfer (automatic),39,19.35
3061-BCKYI,No,0.20604415,0,Month-to-month,No,Mailed check,14,19.9
6179-GJPSO,Yes,0.6650212,1,Month-to-month,Fiber optic,Credit card (automatic),43,108.15
7901-TBKJX,No,0.83379054,1,Month-to-month,Fiber optic,Electronic check,56,101.05
7228-PAQPD,No,0.1885127,0,One year,DSL,Credit card (automatic),14,59.1
3177-LASXD,Yes,0.8918366,1,Month-to-month,Fiber optic,Electronic check,1,71.35
7746-QYVCO,No,0.119470805,0,One year,DSL,Mailed check,16,55.85
5804-HYIEZ,No,0.50633234,1,Month-to-month,Fiber optic,Electronic check,70,106.05
9919-FZDED,No,0.020786969,0,Two year,DSL,Credit card (automatic),72,84.1
5934-TSSAU,No,0.4920156,1,Month-to-month,Fiber optic,Credit card (automatic),23,75.3
3486-KHMLI,No,0.12558594,0,Month-to-month,No,Mailed check,21,24.7
4897-QSUYC,Yes,0.6794746,1,Month-to-month,No,Mailed check,1,20.15
1084-UQCHV,Yes,0.9033878,1,Month-to-month,Fiber optic,Bank transfer (automatic),1,69.75
8290-YWKHZ,Yes,0.7509139,1,Month-to-month,Fiber optic,Electronic check,32,93.2
2955-BJZHG,Yes,0.67755795,1,Month-to-month,Fiber optic,Electronic check,17,80.85
3806-DXQOM,Yes,0.7268903,1,Month-to-month,DSL,Electronic check,4,33.65
6784-XYJAE,No,0.17756261,0,One year,DSL,Electronic check,36,55.8
3933-DQPWX,No,0.057802387,0,Two year,DSL,Credit card (automatic),50,39.7
6661-EIPZC,No,0.18037537,0,Month-to-month,DSL,Credit card (automatic),48,29.5
8957-THMOA,No,0.024373587,0,Two year,No,Credit card (automatic),50,20.15
2251-PYLPB,No,0.003675253,0,Two year,DSL,Credit card (automatic),72,79.55
5555-RNPGT,No,0.20029436,0,Month-to-month,No,Credit card (automatic),10,24.8
1057-FOGLZ,No,0.27448913,0,Month-to-month,No,Mailed check,18,19.65
9300-RENDD,Yes,0.95147306,1,Month-to-month,Fiber optic,Electronic check,1,79.95
0761-AETCS,Yes,0.64005715,1,Month-to-month,No,Electronic check,1,19.3
8087-LGYHQ,No,0.8363891,1,Month-to-month,Fiber optic,Electronic check,9,94.05
4137-BTIKL,No,0.6278675,1,Month-to-month,Fiber optic,Mailed check,2,90.75
2190-BCXEC,No,0.50632334,1,Month-to-month,Fiber optic,Credit card (automatic),40,78.85
6227-FBDXH,No,0.35320812,0,One year,Fiber optic,Bank transfer (automatic),69,99.5
2153-MREFK,Yes,0.5429763,1,One year,Fiber optic,Electronic check,37,99.2
2911-WDXMV,No,0.6143301,1,Month-to-month,Fiber optic,Credit card (automatic),18,80.55
7206-PQBBZ,No,0.73219866,1,Month-to-month,Fiber optic,Electronic check,11,70.2
3106-ULWFW,Yes,0.9124232,1,Month-to-month,Fiber optic,Credit card (automatic),8,85.2
0925-VYDLG,Yes,0.78980434,1,Month-to-month,Fiber optic,Electronic check,3,75.25
4547-FZJWE,No,0.1954166,0,One year,DSL,Credit card (automatic),55,59.45
7422-WNBTY,No,0.60564876,1,Month-to-month,Fiber optic,Electronic check,33,93.35
0842-IWYCP,No,0.24979864,0,Month-to-month,DSL,Bank transfer (automatic),46,44.95
3521-HTQTV,No,0.0451114,0,Two year,No,Bank transfer (automatic),34,26.1
3744-ZBHON,No,0.32268208,0,Month-to-month,No,Electronic check,3,20.2
3373-DIUUN,No,0.04700472,0,Two year,No,Mailed check,30,21.25
8383-SGHJU,No,0.16807507,0,One year,DSL,Electronic check,33,59.4
7607-QKKTJ,No,0.29661936,0,One year,Fiber optic,Credit card (automatic),45,95.0
7707-PYBBH,No,0.19665809,0,Month-to-month,DSL,Mailed check,40,61.9
8984-HPEMB,No,0.05685737,0,Two year,Fiber optic,Electronic check,71,118.65
4349-GFQHK,Yes,0.83818054,1,Month-to-month,DSL,Electronic check,1,54.35
4139-DETXS,No,0.0054223537,0,Two year,DSL,Bank transfer (automatic),72,64.45
9779-DPNEJ,No,0.70917624,1,Month-to-month,Fiber optic,Electronic check,22,80.15
9805-FILKB,No,0.05158065,0,One year,No,Bank transfer (automatic),46,20.2
5793-YOLJN,No,0.037948582,0,Two year,No,Mailed check,55,21.0
0673-IGUQO,No,0.5731461,1,Month-to-month,No,Mailed check,1,20.45
4123-FCVCB,No,0.47465608,1,One year,DSL,Mailed check,12,75.85
8819-IMISP,No,0.7638967,1,Month-to-month,Fiber optic,Electronic check,31,80.45
7802-EFKNY,Yes,0.83855194,1,Month-to-month,DSL,Electronic check,5,24.95
8311-UEUAB,No,0.41330132,0,Two year,DSL,Electronic check,67,75.5
5858-EAFCZ,No,0.73229957,1,Month-to-month,DSL,Mailed check,1,44.45
8035-BUYVG,Yes,0.26012564,0,One year,DSL,Electronic check,40,42.35
1163-ONYEY,No,0.28493723,0,Month-to-month,DSL,Credit card (automatic),41,74.55
9787-XVQIU,Yes,0.94376236,1,Month-to-month,Fiber optic,Electronic check,1,75.3
8945-MUQUF,Yes,0.44023466,0,One year,Fiber optic,Electronic check,51,94.8
5656-MJEFC,No,0.033194564,0,Two year,DSL,Credit card (automatic),42,48.15
6082-OQFBA,No,0.047924727,0,One year,No,Mailed check,23,19.65
8051-HJRLT,Yes,0.9237635,1,Month-to-month,Fiber optic,Electronic check,1,70.55
8974-OVACP,No,0.6349401,1,Month-to-month,No,Mailed check,1,20.15
4010-YLMVT,No,0.36144492,0,Month-to-month,Fiber optic,Credit card (automatic),56,106.6
1379-FRVEB,No,0.8026881,1,Month-to-month,Fiber optic,Electronic check,15,91.0
8612-GXIDD,No,0.030641098,0,Two year,No,Bank transfer (automatic),12,25.4
6288-CHQJB,No,0.025300385,0,Two year,DSL,Bank transfer (automatic),54,69.95
8160-HOWOX,No,0.68996406,1,Month-to-month,DSL,Electronic check,7,66.85
3023-GFLBR,Yes,0.56837636,1,Month-to-month,Fiber optic,Credit card (automatic),33,86.15
6648-INWPS,No,0.2179267,0,Month-to-month,No,Electronic check,16,20.15
4223-BKEOR,No,0.1331299,0,One year,DSL,Mailed check,21,64.85
4079-VTGLK,No,0.07641312,0,Two year,DSL,Electronic check,30,74.85
1763-WQFUK,No,0.55743665,1,Month-to-month,DSL,Mailed check,3,50.5
1391-UBDAR,No,0.6648979,1,Month-to-month,Fiber optic,Electronic check,11,72.9
8894-JVDCV,No,0.2760791,0,One year,Fiber optic,Credit card (automatic),62,115.05
2023-VQFDL,No,0.059924386,0,Month-to-month,No,Electronic check,18,19.0
1345-GKDZZ,No,0.17494763,0,Month-to-month,No,Mailed check,6,19.55
2014-MKGMH,No,0.56874394,1,One year,Fiber optic,Electronic check,46,101.1
5628-FCGYG,No,0.82894945,1,Month-to-month,Fiber optic,Electronic check,21,84.1
2560-WBWXF,No,0.015470538,0,Two year,No,Bank transfer (automatic),68,24.15
0248-IPDFW,No,0.8423883,1,Month-to-month,DSL,Electronic check,1,50.1
7978-DKUQH,No,0.66756856,1,Month-to-month,Fiber optic,Electronic check,25,74.6
4335-UPJSI,No,0.040683433,0,Two year,No,Mailed check,24,19.75
0524-IAVZO,Yes,0.7952964,1,Month-to-month,Fiber optic,Electronic check,30,85.0
2737-YNGYW,Yes,0.8316806,1,Month-to-month,Fiber optic,Electronic check,2,80.55
1784-EZDKJ,No,0.4491432,0,One year,Fiber optic,Bank transfer (automatic),51,106.8
9297-FVVDH,No,0.083841,0,Two year,DSL,Electronic check,57,84.5
8007-YYPWD,No,0.036614988,0,Two year,No,Bank transfer (automatic),15,25.05
7101-HRBLJ,No,0.0049723443,0,Two year,DSL,Bank transfer (automatic),72,83.7
5159-YFPKQ,Yes,0.8810587,1,Month-to-month,Fiber optic,Electronic check,2,75.8
6635-CPNUN,No,0.64255923,1,Month-to-month,Fiber optic,Credit card (automatic),28,96.6
4021-RQSNY,Yes,0.8784411,1,Month-to-month,Fiber optic,Electronic check,29,98.5
5453-YBTWV,No,0.06593881,0,Two year,Fiber optic,Credit card (automatic),70,101.1
5039-LZRQT,No,0.06908315,0,One year,No,Mailed check,13,20.2
2931-VUVJN,No,0.27815914,0,One year,Fiber optic,Electronic check,59,94.05
9061-TIHDA,Yes,0.8949658,1,Month-to-month,Fiber optic,Electronic check,13,95.25
8699-ASUFO,Yes,0.8444158,1,Month-to-month,Fiber optic,Mailed check,7,74.4
6418-PIQSP,No,0.044016752,0,Two year,DSL,Mailed check,62,81.0
8220-OCUFY,No,0.17770007,0,One year,DSL,Electronic check,21,60.25
3995-WFCSM,No,0.57863665,1,Month-to-month,DSL,Electronic check,2,60.85
1895-QTKDO,No,0.66669065,1,Month-to-month,DSL,Credit card (automatic),1,43.95
2038-OEQZH,No,0.7885634,1,Month-to-month,Fiber optic,Electronic check,4,86.05
1178-PZGAB,No,0.078645356,0,One year,No,Credit card (automatic),19,20.25
7927-AUXBZ,Yes,0.6653522,1,Month-to-month,Fiber optic,Electronic check,30,85.15
2626-VEEWG,No,0.02284919,0,Two year,No,Credit card (automatic),67,19.4
2878-RMWXY,No,0.029361794,0,Two year,Fiber optic,Credit card (automatic),72,102.65
1657-DYMBM,No,0.02736102,0,Two year,No,Credit card (automatic),53,19.9
7311-MQJCH,No,0.098100185,0,One year,No,Electronic check,5,19.55
7375-WMVMT,No,0.05643363,0,Two year,Fiber optic,Credit card (automatic),71,95.5
1136-XGEQU,No,0.17352504,0,One year,DSL,Credit card (automatic),50,84.15
2530-FMFXO,No,0.2591652,0,Two year,Fiber optic,Electronic check,56,103.2
6844-DZKRF,No,0.5312253,1,Month-to-month,DSL,Credit card (automatic),2,50.2
4695-WJZUE,Yes,0.93773156,1,Month-to-month,Fiber optic,Electronic check,2,88.55
7619-ODSGN,Yes,0.37597647,0,Month-to-month,DSL,Electronic check,24,54.75
5970-GHJAW,No,0.01750361,0,Two year,No,Credit card (automatic),46,19.95
8879-XUAHX,No,0.04457309,0,Two year,Fiber optic,Electronic check,71,116.25
3689-MOZGR,No,0.42736626,0,Month-to-month,DSL,Electronic check,29,31.2
4195-PNGZS,No,0.018784756,0,Two year,No,Bank transfer (automatic),69,24.45
5003-XZWWO,No,0.012598264,0,Two year,DSL,Credit card (automatic),71,84.2
3988-RQIXO,Yes,0.94781125,1,Month-to-month,Fiber optic,Electronic check,1,91.3
7622-FWGEW,No,0.08539116,0,Two year,DSL,Bank transfer (automatic),56,85.65
6922-NCEDI,No,0.053408895,0,One year,No,Mailed check,56,21.2
2514-GINMM,Yes,0.95147306,1,Month-to-month,Fiber optic,Electronic check,1,79.5
9891-NQDBD,No,0.06838011,0,One year,No,Mailed check,28,25.55
6131-IUNXN,No,0.19073445,0,Month-to-month,No,Mailed check,19,20.2
8548-AWOFC,No,0.22480482,0,Month-to-month,DSL,Electronic check,66,63.85
9798-DRYDS,No,0.33806396,0,One year,DSL,Mailed check,17,61.95
8532-UEFWH,No,0.031664513,0,Two year,No,Mailed check,52,25.75
6296-DDOOR,No,0.22254832,0,One year,DSL,Electronic check,19,58.2
7951-VRDVK,No,0.27304712,0,One year,DSL,Bank transfer (automatic),36,85.85
5931-FLJJF,Yes,0.75122327,1,Month-to-month,Fiber optic,Mailed check,7,70.1
4815-YOSUK,No,0.028796172,0,One year,Fiber optic,Credit card (automatic),72,104.9
2659-VXMWZ,Yes,0.21402104,0,One year,Fiber optic,Electronic check,67,111.3
0380-NEAVX,No,0.372549,0,One year,Fiber optic,Electronic check,34,99.85
3207-OYBWH,Yes,0.41440582,0,Month-to-month,Fiber optic,Bank transfer (automatic),57,95.25
4285-GYRQC,Yes,0.8575605,1,Month-to-month,Fiber optic,Electronic check,7,86.25
7216-EWTRS,Yes,0.9686402,1,Month-to-month,Fiber optic,Electronic check,1,100.8
4365-MSDYN,No,0.21787742,0,Month-to-month,No,Bank transfer (automatic),8,19.55
7036-TYDEC,No,0.23218875,0,Two year,Fiber optic,Electronic check,69,104.0
5802-ADBRC,No,0.48884413,1,One year,Fiber optic,Mailed check,50,104.4
8076-FEZKJ,No,0.052497733,0,One year,No,Mailed check,10,19.5
5197-YPYBZ,No,0.03480418,0,Two year,No,Credit card (automatic),12,25.25
8337-MSSXB,Yes,0.7825934,1,Month-to-month,Fiber optic,Electronic check,14,86.3
4312-GVYNH,No,0.040353343,0,Two year,DSL,Bank transfer (automatic),70,49.85
8495-LJDFO,No,0.15272708,0,Month-to-month,Fiber optic,Bank transfer (automatic),64,108.95
0839-JTCUD,No,0.031935085,0,Two year,DSL,Credit card (automatic),66,89.9
5494-WOZRZ,No,0.014107617,0,Two year,DSL,Credit card (automatic),71,82.0
1302-UHBDD,No,0.72502553,1,Month-to-month,Fiber optic,Electronic check,20,89.95
2234-EOFPT,No,0.0046627233,0,Two year,DSL,Bank transfer (automatic),72,79.35
8619-IJNDK,No,0.009853582,0,Two year,DSL,Credit card (automatic),71,64.05
8378-LKJAF,No,0.72666806,1,Month-to-month,Fiber optic,Credit card (automatic),38,101.15
8182-BJDSI,Yes,0.75542855,1,Month-to-month,Fiber optic,Electronic check,28,89.95
2528-HFYZX,Yes,0.7396061,1,Month-to-month,Fiber optic,Electronic check,17,76.45
1153-GNOLC,No,0.26244414,0,One year,DSL,Electronic check,33,39.1
3298-QEICA,No,0.04542805,0,Two year,DSL,Mailed check,23,34.6
0788-DXBFY,No,0.17595561,0,One year,No,Electronic check,58,19.55
3597-YASZG,No,0.18229502,0,Two year,Fiber optic,Bank transfer (automatic),70,104.45
3496-LFSZU,No,0.72591597,1,Month-to-month,Fiber optic,Electronic check,4,70.5
5242-UOWHD,No,0.019640135,0,Two year,No,Mailed check,45,20.35
2482-CZGBB,Yes,0.76077443,1,Month-to-month,Fiber optic,Electronic check,10,70.0
6479-SZPLM,No,0.022489244,0,Two year,No,Credit card (automatic),36,19.45
8097-VBQTZ,No,0.12224063,0,Month-to-month,DSL,Mailed check,54,69.9
4500-HKANN,No,0.033165034,0,Two year,DSL,Mailed check,23,59.7
9917-KWRBE,No,0.18518806,0,One year,DSL,Credit card (automatic),41,78.35
3420-ZDBMA,No,0.7598978,1,Month-to-month,Fiber optic,Mailed check,5,71.45
2212-LYASK,No,0.31157207,0,One year,DSL,Credit card (automatic),27,45.85
1393-IMKZG,No,0.8385135,1,Month-to-month,Fiber optic,Electronic check,1,95.85
8069-RHUXK,No,0.025962306,0,Two year,DSL,Credit card (automatic),67,35.7
3398-GCPMU,No,0.010029845,0,Two year,DSL,Credit card (automatic),72,89.55
2908-WGAXL,No,0.04666469,0,Two year,No,Credit card (automatic),56,24.95
3378-AJRAO,No,0.097853385,0,One year,No,Electronic check,44,24.85
1013-QCWAM,No,0.74805796,1,Month-to-month,Fiber optic,Electronic check,66,100.8
0866-QLSIR,Yes,0.06797632,0,One year,DSL,Mailed check,34,64.4
6050-FFXES,No,0.14048573,0,Two year,Fiber optic,Bank transfer (automatic),69,105.35
7181-BQYBV,Yes,0.9398349,1,Month-to-month,Fiber optic,Electronic check,1,102.45
0362-RAOQO,No,0.025247788,0,Two year,No,Credit card (automatic),40,19.65
9554-DFKIC,No,0.2663533,0,Month-to-month,DSL,Bank transfer (automatic),30,54.45
5527-ACHSO,No,0.39773953,0,Month-to-month,DSL,Mailed check,11,70.5
0829-DDVLK,No,0.095200405,0,One year,No,Credit card (automatic),15,20.1
1399-UBQIU,No,0.5028338,1,Month-to-month,DSL,Electronic check,11,69.35
1813-JLKWR,No,0.03208525,0,One year,No,Bank transfer (automatic),64,19.8
0336-PIKEI,No,0.019818138,0,Two year,DSL,Bank transfer (automatic),72,74.4
7322-OCWHC,No,0.012691499,0,Two year,Fiber optic,Bank transfer (automatic),72,93.05
9537-VHDTA,No,0.5668474,1,Month-to-month,DSL,Mailed check,1,51.2
4957-TIALW,No,0.12217268,0,One year,DSL,Credit card (automatic),15,65.6
2054-PJOCK,No,0.09815272,0,One year,DSL,Credit card (automatic),60,80.55
9150-HEPMB,No,0.06804623,0,One year,DSL,Mailed check,56,52.7
9030-QGZNL,No,0.04240901,0,Two year,No,Mailed check,8,20.85
6204-IEUXJ,Yes,0.8278478,1,Month-to-month,Fiber optic,Credit card (automatic),3,80.1
3126-WQMGH,No,0.33473083,0,Month-to-month,DSL,Credit card (automatic),49,52.15
4529-CKBCL,Yes,0.9002575,1,Month-to-month,Fiber optic,Electronic check,2,80.2
2506-CLAKW,Yes,0.8651602,1,Month-to-month,Fiber optic,Bank transfer (automatic),6,98.15
7176-WRTNX,No,0.49061322,1,Two year,Fiber optic,Bank transfer (automatic),70,114.95
1583-IHQZE,Yes,0.7911115,1,Month-to-month,Fiber optic,Mailed check,12,112.95
5732-IKGQH,No,0.63047314,1,One year,Fiber optic,Bank transfer (automatic),52,104.45
9239-GZHZE,No,0.015273244,0,Two year,Fiber optic,Credit card (automatic),72,113.65
7205-BAIAD,No,0.023086092,0,Two year,No,Bank transfer (automatic),40,20.6
0151-ONTOV,Yes,0.876913,1,Month-to-month,Fiber optic,Mailed check,1,70.9
4140-MUHUG,Yes,0.86030024,1,Month-to-month,Fiber optic,Electronic check,3,86.85
0093-EXYQL,No,0.5799724,1,Month-to-month,Fiber optic,Electronic check,40,91.55
8064-RAVOH,No,0.81973076,1,Month-to-month,DSL,Electronic check,1,49.85
0219-QAERP,No,0.042602584,0,One year,No,Credit card (automatic),30,19.8
0320-JDNQG,Yes,0.8136194,1,Month-to-month,Fiber optic,Electronic check,23,99.85
7180-PISOG,Yes,0.9371454,1,Month-to-month,Fiber optic,Electronic check,1,74.5
9168-INPSZ,No,0.7346865,1,Month-to-month,Fiber optic,Electronic check,44,104.15
3571-RFHAR,Yes,0.7371232,1,Month-to-month,Fiber optic,Electronic check,65,109.15
0015-UOCOJ,No,0.59020746,1,Month-to-month,DSL,Electronic check,7,48.2
5334-AFQJB,No,0.014922805,0,Two year,No,Credit card (automatic),72,25.1
2754-SDJRD,No,0.92528856,1,Month-to-month,Fiber optic,Credit card (automatic),8,100.15
9578-VRMNM,Yes,0.623213,1,Month-to-month,DSL,Credit card (automatic),16,65.2
1587-FKLZB,Yes,0.71101743,1,Month-to-month,Fiber optic,Credit card (automatic),66,99.5
6140-QNRQQ,Yes,0.90231436,1,Month-to-month,Fiber optic,Mailed check,1,71.55
8963-JLGJT,No,0.5229753,1,Month-to-month,DSL,Mailed check,3,55.9
4307-KTUMW,Yes,0.5867679,1,Month-to-month,Fiber optic,Electronic check,53,93.9
1465-LNTLJ,No,0.36935934,0,Month-to-month,DSL,Credit card (automatic),8,64.4
5440-FLBQG,Yes,0.5635768,1,Two year,Fiber optic,Bank transfer (automatic),69,108.4
2135-DQWAQ,No,0.8733229,1,Month-to-month,Fiber optic,Mailed check,5,85.3
4056-QHXHZ,No,0.015940748,0,Two year,Fiber optic,Mailed check,72,107.45
7470-MCQTK,Yes,0.6384722,1,Month-to-month,DSL,Bank transfer (automatic),13,48.75
7488-MXJIV,Yes,0.92047185,1,Month-to-month,Fiber optic,Electronic check,4,85.65
7401-JIXNM,No,0.033824276,0,Two year,DSL,Credit card (automatic),54,91.3
9339-FIIJL,No,0.007048123,0,Two year,DSL,Bank transfer (automatic),72,85.95
2027-FECZV,Yes,0.84042835,1,Month-to-month,Fiber optic,Electronic check,12,106.7
2672-DZUOY,Yes,0.86760366,1,Month-to-month,DSL,Electronic check,1,25.15
4706-DGAHW,No,0.8405692,1,Month-to-month,DSL,Electronic check,1,45.2
3870-MQAMG,Yes,0.5569966,1,One year,Fiber optic,Electronic check,54,110.35
6670-MFRPK,No,0.10842398,0,Two year,Fiber optic,Credit card (automatic),69,79.2
6177-PEVRA,No,0.036823403,0,Two year,DSL,Credit card (automatic),48,55.5
4800-CZMPC,Yes,0.5021734,1,One year,Fiber optic,Credit card (automatic),48,103.25
4813-HQMGZ,No,0.87831515,1,Month-to-month,Fiber optic,Electronic check,8,90.25
7579-KKLOE,No,0.0067685996,0,Two year,DSL,Mailed check,71,91.25
7377-DMMRI,Yes,0.6965487,1,Month-to-month,DSL,Electronic check,2,47.8
8402-EIVQS,No,0.3324315,0,One year,Fiber optic,Credit card (automatic),67,100.9
4947-DSMXK,No,0.7501208,1,Month-to-month,Fiber optic,Bank transfer (automatic),34,97.7
7245-NIIWQ,No,0.7567073,1,Month-to-month,Fiber optic,Electronic check,3,69.85
0002-ORFBO,No,0.4158242,0,One year,DSL,Mailed check,9,65.6
3324-OIRTO,No,0.09088446,0,One year,Fiber optic,Bank transfer (automatic),71,104.65
5414-OFQCB,No,0.09438877,0,Two year,Fiber optic,Credit card (automatic),57,90.45
4967-WPNCF,No,0.0077466033,0,Two year,DSL,Bank transfer (automatic),72,63.7
8552-OBVRU,No,0.41770664,0,Month-to-month,Fiber optic,Electronic check,48,104.5
8499-BRXTD,No,0.06184505,0,One year,No,Mailed check,18,20.1
9154-QDGTH,No,0.5140606,1,One year,Fiber optic,Credit card (automatic),43,104.3
8197-BFWVU,No,0.005407367,0,Two year,DSL,Bank transfer (automatic),72,93.25
2577-GVSIL,No,0.2612254,0,One year,DSL,Bank transfer (automatic),35,73.45
9367-OIUXP,No,0.24622269,0,Month-to-month,No,Mailed check,4,20.7
6770-UAYGJ,No,0.04210736,0,Two year,No,Mailed check,49,25.25
6463-HHXJR,No,0.02892065,0,Two year,Fiber optic,Bank transfer (automatic),71,100.5
7928-VJYAB,No,0.7111268,1,Month-to-month,Fiber optic,Electronic check,11,90.6
1187-WILMM,No,0.026578419,0,Two year,DSL,Credit card (automatic),63,89.4
9776-OJUZI,No,0.4897382,1,Month-to-month,Fiber optic,Bank transfer (automatic),65,95.45
1306-RPWXZ,No,0.02231579,0,Two year,No,Credit card (automatic),49,20.45
8949-JTMAY,Yes,0.8009419,1,Month-to-month,Fiber optic,Credit card (automatic),29,98.6
2774-LVQUS,Yes,0.8319693,1,Month-to-month,Fiber optic,Electronic check,15,83.05
3097-PYWXL,No,0.31161904,0,Month-to-month,No,Electronic check,4,19.95
2266-SJNAT,No,0.10919417,0,One year,Fiber optic,Credit card (automatic),72,109.15
0869-PAPRP,No,0.5692411,1,Month-to-month,Fiber optic,Credit card (automatic),26,85.7
4238-JSSWH,No,0.6582151,1,Month-to-month,Fiber optic,Bank transfer (automatic),35,102.05
2972-YDYUW,No,0.2207858,0,One year,Fiber optic,Electronic check,57,94.7
1104-FEJAM,No,0.1906332,0,Month-to-month,DSL,Electronic check,28,64.4
2809-ILCYT,No,0.08090953,0,One year,No,Mailed check,25,26.8
5499-ECUTN,No,0.15498774,0,One year,DSL,Credit card (automatic),47,66.05
4981-FLTMF,No,0.09339554,0,Month-to-month,DSL,Bank transfer (automatic),57,65.2
9121-PHQSR,No,0.74938685,1,Month-to-month,Fiber optic,Credit card (automatic),16,85.05
3113-IWHLC,No,0.46775508,1,Month-to-month,DSL,Mailed check,5,55.8
3211-ILJTT,Yes,0.6080467,1,Month-to-month,Fiber optic,Bank transfer (automatic),17,70.4
4612-THJBS,Yes,0.49905947,1,One year,Fiber optic,Bank transfer (automatic),56,104.75
4277-BWBML,No,0.0045808298,0,Two year,No,Bank transfer (automatic),72,19.95
4094-NSEDU,Yes,0.84295845,1,Month-to-month,Fiber optic,Electronic check,21,94.25
0234-TEVTT,No,0.12035906,0,One year,DSL,Credit card (automatic),48,45.0
4304-TSPVK,No,0.35466254,0,Two year,Fiber optic,Bank transfer (automatic),68,114.9
1552-AAGRX,No,0.43593398,0,Month-to-month,Fiber optic,Bank transfer (automatic),30,106.4
2637-FKFSY,No,0.7230762,1,Month-to-month,DSL,Mailed check,3,46.1
9796-MVYXX,No,0.09500354,0,Two year,DSL,Mailed check,14,39.7
7874-ECPQJ,No,0.33412433,0,Month-to-month,No,Bank transfer (automatic),4,20.05
0020-INWCK,No,0.073326364,0,Two year,Fiber optic,Credit card (automatic),71,95.75
7089-RKVSZ,No,0.06046992,0,One year,No,Mailed check,8,24.4
2683-JXWQQ,No,0.12976952,0,Month-to-month,DSL,Bank transfer (automatic),61,33.6
9548-ZMVTX,No,0.008796092,0,Two year,Fiber optic,Bank transfer (automatic),72,90.45
8739-XNIKG,No,0.92047185,1,Month-to-month,Fiber optic,Electronic check,5,84.0
9755-JHNMN,No,0.030717302,0,Two year,DSL,Bank transfer (automatic),49,67.4
3981-QSVQI,No,0.26046678,0,Month-to-month,No,Bank transfer (automatic),8,19.7
2789-HQBOU,No,0.8242103,1,Month-to-month,Fiber optic,Electronic check,3,80.35
9424-CMPOG,No,0.019094845,0,Two year,No,Mailed check,9,19.6
5067-WJEUN,No,0.050022036,0,Two year,DSL,Bank transfer (automatic),67,54.2
3450-WXOAT,No,0.24351962,0,Month-to-month,DSL,Credit card (automatic),46,45.2
9251-WNSOD,No,0.17289627,0,One year,DSL,Mailed check,67,75.1
6974-DAFLI,No,0.21102336,0,One year,No,Electronic check,55,19.7
2616-UUTFK,No,0.28089812,0,Month-to-month,DSL,Bank transfer (automatic),33,72.75
7064-JHXCE,No,0.019311821,0,Two year,No,Credit card (automatic),62,20.05
5103-MHMHY,Yes,0.74145126,1,Month-to-month,DSL,Mailed check,1,45.95
7989-AWGEH,No,0.34371465,0,Month-to-month,DSL,Electronic check,49,39.2
4373-VVHQL,No,0.812947,1,Month-to-month,DSL,Electronic check,1,44.75
4559-UWIHT,No,0.8424425,1,Month-to-month,Fiber optic,Electronic check,14,82.65
7268-IGMFD,No,0.56263006,1,Month-to-month,Fiber optic,Bank transfer (automatic),18,93.9
1846-XWOQN,Yes,0.91815,1,Month-to-month,Fiber optic,Electronic check,1,70.15
0235-KGSLC,Yes,0.9109411,1,Month-to-month,Fiber optic,Credit card (automatic),1,85.55
6650-BWFRT,No,0.040445205,0,Two year,Fiber optic,Credit card (automatic),72,117.15
9570-KYEUA,No,0.05505002,0,Two year,Fiber optic,Credit card (automatic),64,99.25
6993-YGFJV,No,0.19367029,0,Two year,Fiber optic,Bank transfer (automatic),69,112.55
2712-SYWAY,No,0.5504925,1,Month-to-month,No,Electronic check,1,25.7
0730-BGQGF,No,0.007687437,0,Two year,DSL,Credit card (automatic),71,90.3
5498-IBWPI,No,0.046190705,0,One year,DSL,Credit card (automatic),66,49.4
9101-NTIXF,No,0.23102,0,Month-to-month,No,Mailed check,2,19.4
0013-SMEOE,No,0.03130611,0,Two year,Fiber optic,Bank transfer (automatic),71,109.7
9314-QDMDW,No,0.3016791,0,One year,DSL,Electronic check,11,61.25
9308-ANMVE,No,0.378806,0,Month-to-month,DSL,Electronic check,47,55.3
2884-GBPFB,Yes,0.7563373,1,Month-to-month,Fiber optic,Electronic check,35,70.3
3757-NJYBX,Yes,0.6980961,1,Month-to-month,Fiber optic,Bank transfer (automatic),32,106.35
3413-DHLPB,No,0.25740537,0,Month-to-month,Fiber optic,Bank transfer (automatic),60,103.75
7649-PHJVR,No,0.052497733,0,One year,No,Mailed check,11,19.5
6114-TCFID,No,0.11181486,0,One year,DSL,Credit card (automatic),29,39.5
3787-TRIAL,No,0.5685117,1,Month-to-month,DSL,Electronic check,21,26.05
2573-GYRUU,No,0.6170631,1,Month-to-month,Fiber optic,Credit card (automatic),48,91.05
5156-UMKOW,No,0.52506244,1,Month-to-month,DSL,Mailed check,3,29.65
1247-QBVSH,No,0.24807979,0,Month-to-month,DSL,Mailed check,43,50.2
6734-GMPVK,No,0.8019601,1,Month-to-month,Fiber optic,Electronic check,5,105.3
9822-OAOVB,No,0.81683946,1,Month-to-month,DSL,Electronic check,1,55.45
6161-ERDGD,No,0.05254066,0,One year,DSL,Electronic check,71,85.45
1226-JZNKR,No,0.12148466,0,One year,No,Electronic check,8,19.8
7318-EIVKO,No,0.73937374,1,Month-to-month,DSL,Electronic check,8,59.25
3771-PZOBW,No,0.7040618,1,Month-to-month,Fiber optic,Credit card (automatic),20,90.7
5136-KCKGI,Yes,0.49777666,1,One year,Fiber optic,Mailed check,33,103.7
8231-BSWXX,No,0.07205057,0,One year,Fiber optic,Credit card (automatic),71,79.05
6486-LHTMA,No,0.5552109,1,One year,Fiber optic,Electronic check,31,90.7
4083-BFNYK,No,0.32502407,0,One year,Fiber optic,Credit card (automatic),38,95.0
3722-WPXTK,Yes,0.9419801,1,Month-to-month,Fiber optic,Electronic check,1,88.35
7389-KBFIT,No,0.75829464,1,Month-to-month,DSL,Mailed check,2,30.25
7176-WIONM,No,0.6384722,1,Month-to-month,DSL,Bank transfer (automatic),12,49.85
5141-ZUVBH,No,0.77583253,1,Month-to-month,Fiber optic,Bank transfer (automatic),9,93.0
1089-HDMKP,No,0.41409427,0,Month-to-month,DSL,Electronic check,11,54.55
7623-HKYRK,No,0.2114136,0,Month-to-month,No,Mailed check,6,19.7
0310-SUCIN,No,0.033361502,0,One year,DSL,Bank transfer (automatic),71,84.8
5197-PYEPU,No,0.13202472,0,One year,Fiber optic,Credit card (automatic),42,94.45
2929-ERCFZ,Yes,0.85575616,1,Month-to-month,Fiber optic,Electronic check,8,94.2
7548-SEPYI,Yes,0.8794613,1,Month-to-month,Fiber optic,Electronic check,5,96.25
8835-VSDSE,Yes,0.79270005,1,Month-to-month,Fiber optic,Electronic check,2,70.7
6619-RPLQZ,No,0.030930985,0,Two year,No,Mailed check,45,20.85
3275-RHRNE,No,0.2578505,0,One year,DSL,Credit card (automatic),28,60.0
3503-TYDAY,No,0.53325653,1,Month-to-month,Fiber optic,Electronic check,43,80.45
6901-GOGZG,No,0.11629939,0,Two year,DSL,Electronic check,60,84.95
1623-NLDOT,Yes,0.37393805,0,One year,DSL,Mailed check,42,33.55
7021-XSNYE,No,0.03634457,0,Two year,DSL,Credit card (automatic),7,49.65
9621-OUPYD,No,0.07261068,0,One year,No,Bank transfer (automatic),25,20.2
9898-KZQDZ,Yes,0.6700261,1,Month-to-month,Fiber optic,Credit card (automatic),40,94.55
8982-NHAVY,No,0.5455014,1,One year,Fiber optic,Bank transfer (automatic),27,100.5
4307-KWMXE,No,0.4723378,1,Month-to-month,DSL,Electronic check,10,35.75
0141-YEAYS,No,0.66448516,1,Month-to-month,Fiber optic,Bank transfer (automatic),27,86.45
2450-ZKEED,No,0.15089035,0,One year,DSL,Bank transfer (automatic),11,53.8
3694-DELSO,No,0.55922526,1,Month-to-month,DSL,Credit card (automatic),4,38.55
3893-JRNFS,No,0.25154316,0,Month-to-month,DSL,Bank transfer (automatic),68,39.9
9603-OAIHC,No,0.92436665,1,Month-to-month,Fiber optic,Electronic check,1,70.05
1133-KXCGE,No,0.066476844,0,One year,No,Mailed check,18,20.1
5236-PERKL,Yes,0.24895085,0,Two year,Fiber optic,Bank transfer (automatic),57,112.95
0142-GVYSN,No,0.14909038,0,Month-to-month,No,Electronic check,26,20.3
1049-FYSYG,No,0.51128906,1,Month-to-month,DSL,Credit card (automatic),17,35.65
7854-FOKSF,Yes,0.8466158,1,Month-to-month,DSL,Electronic check,1,35.9
2519-FAKOD,Yes,0.7826545,1,Month-to-month,Fiber optic,Bank transfer (automatic),38,99.25
8406-LNMHF,No,0.11594462,0,One year,Fiber optic,Credit card (automatic),59,82.95
1821-BUCWY,No,0.032757483,0,Two year,DSL,Mailed check,30,55.65
8263-JQAIK,Yes,0.8671277,1,Month-to-month,DSL,Mailed check,2,24.45
0023-UYUPN,No,0.105320685,0,One year,No,Electronic check,50,25.2
8314-DPQHL,No,0.15928411,0,One year,DSL,Mailed check,9,50.8
1465-WCZVT,No,0.31845912,0,Month-to-month,No,Mailed check,3,19.65
9481-SFCQY,No,0.41150144,0,Month-to-month,DSL,Credit card (automatic),14,59.8
6360-SVNWV,No,0.4401237,0,Month-to-month,Fiber optic,Credit card (automatic),31,73.55
0567-GGCAC,No,0.3309532,0,Month-to-month,DSL,Electronic check,7,61.4
7089-IVVAZ,Yes,0.90834415,1,Month-to-month,Fiber optic,Bank transfer (automatic),8,103.35
8884-MRNSU,No,0.09850562,0,One year,No,Bank transfer (automatic),17,19.9
2171-UDMFD,No,0.11488137,0,Month-to-month,No,Credit card (automatic),32,19.45
9050-IKDZA,No,0.88188636,1,Month-to-month,Fiber optic,Mailed check,2,81.5
2205-YMZZJ,Yes,0.9241577,1,Month-to-month,Fiber optic,Electronic check,7,84.8
9802-CAQUT,No,0.009321424,0,Two year,Fiber optic,Credit card (automatic),72,109.55
1254-IZEYF,Yes,0.7417946,1,Month-to-month,Fiber optic,Electronic check,31,99.95
0187-WZNAB,No,0.35565242,0,Month-to-month,Fiber optic,Mailed check,27,74.4
9492-TOKRI,Yes,0.6904073,1,Month-to-month,Fiber optic,Credit card (automatic),18,90.0
1475-VWVDO,No,0.7925249,1,Month-to-month,Fiber optic,Electronic check,7,74.9
9221-OTIVJ,Yes,0.86797124,1,Month-to-month,Fiber optic,Electronic check,14,104.85
1357-MVDOZ,No,0.40993363,0,Month-to-month,DSL,Bank transfer (automatic),11,59.65
7602-MVRMB,No,0.011239706,0,Two year,Fiber optic,Bank transfer (automatic),72,110.45
3325-FUYCG,Yes,0.39748704,0,One year,Fiber optic,Electronic check,28,106.1
5908-QMGOE,Yes,0.769445,1,Month-to-month,Fiber optic,Credit card (automatic),15,74.2
1197-BVMVG,No,0.8772292,1,Month-to-month,Fiber optic,Electronic check,4,74.45
5406-KGRMX,No,0.031002471,0,Two year,No,Electronic check,71,24.55
8481-YYXWG,Yes,0.868889,1,Month-to-month,Fiber optic,Electronic check,5,89.35
5968-HYJRZ,No,0.040946152,0,Two year,No,Mailed check,47,24.55
5198-EFNBM,No,0.303226,0,One year,Fiber optic,Electronic check,57,90.65
7516-GMHUV,No,0.4320797,0,Two year,Fiber optic,Credit card (automatic),50,105.05
7140-ADSMJ,No,0.2509457,0,Month-to-month,No,Credit card (automatic),8,20.45
2230-XTUWL,No,0.030266881,0,Two year,No,Mailed check,48,19.55
7706-YLMQA,No,0.040046643,0,One year,No,Bank transfer (automatic),70,19.7
2585-KTFRE,No,0.39801428,0,Month-to-month,DSL,Bank transfer (automatic),1,70.45
7994-UYIVZ,No,0.88180906,1,Month-to-month,Fiber optic,Bank transfer (automatic),8,85.65
2609-IAICY,Yes,0.95514405,1,Month-to-month,Fiber optic,Electronic check,1,77.15
1740-CSDJP,Yes,0.8449003,1,Month-to-month,DSL,Bank transfer (automatic),1,35.25
7717-BICXI,No,0.02432108,0,Two year,No,Mailed check,60,20.55
6559-RAKOZ,No,0.46158615,1,One year,Fiber optic,Electronic check,49,97.95
2636-OHFMN,Yes,0.8033084,1,Month-to-month,DSL,Electronic check,4,48.55
4716-MRVEN,No,0.037648194,0,One year,No,Mailed check,29,20.0
2143-LJULT,No,0.02229389,0,Two year,No,Credit card (automatic),67,25.25
1323-OOEPC,Yes,0.7224576,1,Month-to-month,Fiber optic,Credit card (automatic),53,98.4
3200-MNQTF,No,0.12395122,0,Two year,DSL,Credit card (automatic),67,70.9
6164-HXUGH,No,0.25162157,0,Month-to-month,No,Mailed check,6,19.85
5630-IXDXV,No,0.7695748,1,Month-to-month,Fiber optic,Electronic check,47,106.35
0320-DWVTU,No,0.028053353,0,Two year,Fiber optic,Mailed check,53,99.5
9135-MGVPY,No,0.0177049,0,Two year,DSL,Mailed check,69,84.7
1212-GLHMD,No,0.557952,1,Month-to-month,Fiber optic,Mailed check,3,86.05
7878-JGDKK,No,0.5376127,1,Month-to-month,DSL,Mailed check,4,44.55
1088-AUUZZ,No,0.024393082,0,Two year,DSL,Credit card (automatic),56,75.85
0397-GZBBC,Yes,0.63186604,1,Month-to-month,Fiber optic,Bank transfer (automatic),59,93.85
6614-YWYSC,No,0.03853793,0,Two year,No,Bank transfer (automatic),61,25.0
9588-OZDMQ,No,0.74888563,1,Month-to-month,DSL,Electronic check,2,45.0
7641-EUYET,Yes,0.64181197,1,Month-to-month,Fiber optic,Electronic check,46,100.7
6476-EPYZR,No,0.14470723,0,Month-to-month,No,Mailed check,12,20.5
9921-ZVRHG,Yes,0.8551063,1,Month-to-month,Fiber optic,Electronic check,14,80.45
1174-FGIFN,No,0.32993323,0,One year,Fiber optic,Electronic check,28,90.45
6620-HVDUJ,No,0.1755009,0,Month-to-month,DSL,Bank transfer (automatic),24,60.45
4701-MLJPN,Yes,0.239549,0,Month-to-month,DSL,Electronic check,31,55.25
1032-MAELW,No,0.3073021,0,One year,DSL,Electronic check,68,78.45
7641-TQFHN,No,0.059533693,0,Two year,Fiber optic,Mailed check,39,100.55
1552-TKMXS,No,0.118374676,0,Month-to-month,No,Credit card (automatic),42,20.35
9206-GVPEQ,Yes,0.62498254,1,Month-to-month,DSL,Electronic check,13,54.45
8622-ZLFKO,No,0.9210199,1,Month-to-month,Fiber optic,Electronic check,6,90.75
1596-BBVTG,Yes,0.51783097,1,Month-to-month,Fiber optic,Credit card (automatic),35,75.35
6188-UXBBR,No,0.046429016,0,One year,No,Credit card (automatic),38,20.25
2333-KWEWW,No,0.025277624,0,Two year,No,Credit card (automatic),18,20.05
5702-SKUOB,No,0.23640206,0,Month-to-month,No,Mailed check,4,19.6
1134-YWTYF,No,0.16823612,0,Month-to-month,DSL,Electronic check,27,53.8
6061-GWWAV,No,0.119611785,0,One year,DSL,Mailed check,41,70.2
0679-TDGAK,No,0.18070003,0,One year,DSL,Electronic check,50,75.5
6585-WCEWR,No,0.0116787795,0,Two year,No,Electronic check,72,20.35
9067-YGSCA,No,0.04671198,0,One year,No,Credit card (automatic),70,26.05
9067-SQTNS,No,0.046084538,0,One year,No,Bank transfer (automatic),44,20.6
8433-WXGNA,Yes,0.705047,1,Month-to-month,Fiber optic,Electronic check,2,75.7
1776-SPBWV,No,0.08174413,0,One year,No,Bank transfer (automatic),34,20.1
8735-SDUFN,No,0.00997169,0,Two year,No,Bank transfer (automatic),72,24.3
9668-PUGNU,No,0.029634694,0,Two year,No,Electronic check,71,24.5
9405-GPBBG,No,0.17835228,0,Two year,Fiber optic,Credit card (automatic),64,110.5
1926-QUZNN,No,0.0056456495,0,Two year,No,Bank transfer (automatic),72,25.25
3707-GNWHM,Yes,0.9220587,1,Month-to-month,Fiber optic,Mailed check,1,74.25
7016-NVRIC,No,0.21866626,0,One year,Fiber optic,Bank transfer (automatic),29,90.1
5829-NVSQN,No,0.121962585,0,One year,DSL,Bank transfer (automatic),23,68.75
9565-AXSMR,No,0.010375543,0,Two year,No,Mailed check,52,19.2
8922-LIEGH,Yes,0.7785371,1,Month-to-month,Fiber optic,Electronic check,25,89.7
8869-LIHMK,No,0.0990138,0,Two year,Fiber optic,Bank transfer (automatic),64,115.1
8245-UMPYT,Yes,0.87181777,1,Month-to-month,Fiber optic,Electronic check,16,96.4
5186-SAMNZ,Yes,0.93434507,1,Month-to-month,Fiber optic,Bank transfer (automatic),1,69.5
0447-RXSGD,No,0.78441167,1,Month-to-month,Fiber optic,Bank transfer (automatic),24,99.65
4927-WWOOZ,No,0.9318553,1,Month-to-month,Fiber optic,Electronic check,2,91.45
5788-YPOEG,No,0.0404521,0,Two year,DSL,Mailed check,34,84.75
5373-SFODM,Yes,0.7250196,1,Month-to-month,Fiber optic,Credit card (automatic),36,85.25
0661-KBKPA,No,0.28281587,0,One year,DSL,Mailed check,53,78.75
9081-WWXKP,No,0.023777982,0,Two year,No,Credit card (automatic),47,20.25
0784-ZQJZX,No,0.0034214633,0,Two year,No,Credit card (automatic),72,19.9
3133-PZNSR,No,0.0074880193,0,Two year,Fiber optic,Credit card (automatic),72,97.75
5766-ZJYBB,Yes,0.53107744,1,Month-to-month,No,Mailed check,1,19.4
8931-GJJIQ,Yes,0.89664614,1,Month-to-month,Fiber optic,Electronic check,9,83.3
4277-PVRAN,Yes,0.8361577,1,Month-to-month,Fiber optic,Bank transfer (automatic),8,80.1
0022-TCJCI,Yes,0.297504,0,One year,DSL,Credit card (automatic),45,62.7
0722-SVSFK,No,0.86617726,1,Month-to-month,Fiber optic,Electronic check,7,100.4
3612-YVGSJ,No,0.00760252,0,Two year,No,Credit card (automatic),71,24.45
9825-YCXWZ,No,0.37134638,0,One year,Fiber optic,Bank transfer (automatic),41,101.1
5397-NSKQG,No,0.048863772,0,Two year,DSL,Credit card (automatic),67,50.9
8565-HBFNN,No,0.39259797,0,One year,Fiber optic,Credit card (automatic),69,107.2
2000-DHJUY,No,0.054004356,0,Two year,DSL,Bank transfer (automatic),70,92.2
0203-HHYIJ,Yes,0.1254077,0,One year,No,Bank transfer (automatic),25,25.3
8670-ERCJH,No,0.025023712,0,Two year,Fiber optic,Bank transfer (automatic),72,113.4
7758-UJWYS,No,0.059850372,0,Two year,DSL,Electronic check,34,40.55
2050-ONYDQ,No,0.020828998,0,Two year,No,Credit card (automatic),65,26.0
7055-JCGNI,No,0.19600326,0,Two year,Fiber optic,Credit card (automatic),70,111.95
0739-UUAJR,No,0.024496797,0,Two year,DSL,Credit card (automatic),72,53.8
4826-DXMUP,No,0.43200997,0,One year,DSL,Mailed check,35,72.1
0952-KMEEH,Yes,0.8472591,1,Month-to-month,Fiber optic,Mailed check,13,98.15
7285-KLOTR,No,0.3841312,0,One year,DSL,Electronic check,12,78.85
0654-PQKDW,No,0.03730879,0,One year,DSL,Bank transfer (automatic),62,70.75
7175-NTIXE,No,0.18250729,0,Month-to-month,DSL,Credit card (automatic),25,76.15
7963-SHNDT,No,0.039478052,0,Two year,DSL,Mailed check,52,39.1
9796-BPKIW,No,0.7201431,1,Month-to-month,Fiber optic,Credit card (automatic),8,69.95
0188-GWFLE,No,0.24649745,0,Month-to-month,No,Mailed check,2,20.05
8129-GMVGI,No,0.030958481,0,Two year,No,Mailed check,56,20.05
2882-DDZPG,No,0.22543992,0,Month-to-month,No,Bank transfer (automatic),12,19.45
3547-LQRIK,No,0.112671405,0,One year,No,Electronic check,47,26.9
9137-NOQKA,No,0.09357977,0,Month-to-month,No,Electronic check,2,19.2
5843-TTHGI,No,0.39912605,0,Month-to-month,DSL,Mailed check,18,50.0
1849-RJYIG,No,0.56710315,1,Month-to-month,DSL,Electronic check,8,60.0
8868-GAGIO,No,0.39239052,0,Month-to-month,Fiber optic,Mailed check,45,84.55
4061-UKJWL,No,0.6454375,1,Month-to-month,DSL,Mailed check,3,45.45
5380-XPJNZ,No,0.040910523,0,One year,No,Mailed check,38,20.05
8263-QMNTJ,No,0.035717454,0,Two year,Fiber optic,Electronic check,72,115.55
8178-EYZUO,Yes,0.5306817,1,Month-to-month,Fiber optic,Electronic check,46,93.7
3230-JCNZS,No,0.031451236,0,Two year,Fiber optic,Credit card (automatic),71,99.0
0277-ORXQS,No,0.031251475,0,Two year,DSL,Bank transfer (automatic),66,50.55
5130-IEKQT,Yes,0.7986995,1,Month-to-month,Fiber optic,Mailed check,25,105.95
3230-WYKIR,Yes,0.37100282,0,One year,DSL,Credit card (automatic),18,82.0
7996-BPXHY,No,0.033030763,0,Two year,No,Bank transfer (automatic),13,25.0
3227-WLKLI,No,0.036330596,0,Two year,DSL,Bank transfer (automatic),65,91.55
0407-BDJKB,Yes,0.70850945,1,Month-to-month,Fiber optic,Electronic check,60,95.75
2266-FUBDZ,No,0.04503431,0,Two year,No,Mailed check,15,19.35
8237-ULIXL,No,0.0066234567,0,Two year,No,Credit card (automatic),72,24.85
9600-UDOPK,Yes,0.737216,1,Month-to-month,Fiber optic,Credit card (automatic),30,94.05
8216-AZUUZ,No,0.06401027,0,Two year,Fiber optic,Electronic check,42,100.4
9153-BTBVV,No,0.0096253855,0,Two year,No,Bank transfer (automatic),71,25.0
4074-SJFFA,Yes,0.8104785,1,Month-to-month,DSL,Mailed check,1,54.75
3269-ATYWD,Yes,0.7656926,1,Month-to-month,Fiber optic,Bank transfer (automatic),39,95.65
5186-PEIZU,No,0.105237156,0,Month-to-month,No,Bank transfer (automatic),35,19.25
1074-AMIOH,No,0.35122898,0,Month-to-month,Fiber optic,Bank transfer (automatic),53,108.25
4910-GMJOT,Yes,0.96755534,1,Month-to-month,Fiber optic,Electronic check,1,94.6
0354-WYROK,Yes,0.7716326,1,Month-to-month,Fiber optic,Electronic check,31,98.9
4361-FEBGN,No,0.023697475,0,Two year,No,Credit card (automatic),48,20.15
7748-UMTRK,No,0.7475318,1,Month-to-month,Fiber optic,Electronic check,30,101.3
0380-ZCSBI,No,0.2115514,0,Month-to-month,No,Credit card (automatic),10,20.0
7145-FEJWU,No,0.7946672,1,Month-to-month,Fiber optic,Electronic check,12,105.3
6463-MVYRY,No,0.045088287,0,Two year,DSL,Bank transfer (automatic),57,69.85
3969-JQABI,No,0.18846211,0,Month-to-month,DSL,Credit card (automatic),58,65.25
9624-EGDEQ,No,0.024994029,0,Two year,No,Mailed check,37,19.8
1051-EQPZR,No,0.14715625,0,Month-to-month,No,Mailed check,44,19.6
5849-ASHZJ,No,0.034903448,0,One year,No,Credit card (automatic),27,20.05
5780-INQIK,No,0.61950463,1,Month-to-month,DSL,Electronic check,8,49.4
7576-OYWBN,Yes,0.9119188,1,Month-to-month,Fiber optic,Electronic check,3,76.05
4526-ZJJTM,No,0.5276395,1,Month-to-month,Fiber optic,Bank transfer (automatic),25,88.4
8384-FZBJK,No,0.6351017,1,Month-to-month,Fiber optic,Electronic check,57,100.6
3750-RNQKR,No,0.18770254,0,Month-to-month,No,Mailed check,12,19.45
0962-CQPWQ,No,0.009864978,0,Two year,No,Bank transfer (automatic),62,20.3
3096-YXENJ,No,0.26716974,0,Two year,Fiber optic,Bank transfer (automatic),65,107.65
1265-BCFEO,No,0.03835237,0,Two year,DSL,Bank transfer (automatic),71,80.45
5837-LXSDN,No,0.22078227,0,One year,DSL,Credit card (automatic),21,58.85
5945-AZYHT,No,0.12269612,0,One year,Fiber optic,Electronic check,71,109.6
8325-QRPZR,No,0.79358804,1,Month-to-month,Fiber optic,Electronic check,7,75.15
6384-VMJHP,No,0.008618363,0,Two year,DSL,Credit card (automatic),72,73.0
2262-SLNVK,No,0.88416713,1,Month-to-month,Fiber optic,Electronic check,1,70.1
7730-CLDSV,No,0.019490637,0,Two year,Fiber optic,Bank transfer (automatic),72,98.65
1135-HIORI,No,0.114690535,0,One year,Fiber optic,Electronic check,64,111.45
0164-APGRB,No,0.039811134,0,Two year,Fiber optic,Electronic check,72,114.9
6481-ESCNL,No,0.5939562,1,Month-to-month,Fiber optic,Bank transfer (automatic),29,100.55
1790-NESIO,No,0.023848884,0,Two year,No,Mailed check,13,20.4
1550-EENBN,No,0.3725681,0,Month-to-month,Fiber optic,Electronic check,31,104.35
5539-TMZLF,Yes,0.9440289,1,Month-to-month,Fiber optic,Electronic check,1,69.75
4323-SADQS,Yes,0.46881333,1,Month-to-month,DSL,Electronic check,7,34.5
4446-BZKHU,Yes,0.7248088,1,Month-to-month,Fiber optic,Electronic check,61,105.55
5202-IVJNU,Yes,0.48201427,1,Month-to-month,DSL,Credit card (automatic),39,30.1
5976-JCJRH,Yes,0.7742646,1,Month-to-month,Fiber optic,Electronic check,10,70.3
8198-RKSZG,No,0.45380825,1,Month-to-month,DSL,Credit card (automatic),14,80.45
0137-OCGAB,Yes,0.95299065,1,Month-to-month,Fiber optic,Mailed check,1,80.2
3351-NQLDI,Yes,0.3598554,0,One year,Fiber optic,Credit card (automatic),67,94.35
9297-EONCV,No,0.0042697284,0,Two year,DSL,Bank transfer (automatic),72,91.35
7593-JNWRU,Yes,0.53879607,1,Month-to-month,DSL,Bank transfer (automatic),6,44.6
4588-YBNIB,Yes,0.65393794,1,Month-to-month,No,Mailed check,1,19.6
1069-QJOEE,No,0.061510246,0,One year,No,Electronic check,25,19.9
3336-JORSO,Yes,0.7228458,1,Month-to-month,Fiber optic,Electronic check,33,110.45
7799-DSEWS,No,0.4463395,0,Month-to-month,DSL,Electronic check,18,68.35
8766-PAFNE,No,0.018010132,0,Two year,DSL,Credit card (automatic),71,79.1
5315-CKEQK,No,0.2528427,0,One year,DSL,Electronic check,28,51.0
3130-ICDUP,No,0.6459415,1,Month-to-month,Fiber optic,Credit card (automatic),2,80.55
0820-FNRNX,No,0.26756763,0,Month-to-month,DSL,Mailed check,17,66.7
0880-FVFWF,No,0.358993,0,Month-to-month,Fiber optic,Electronic check,56,86.4
4611-ANLQC,No,0.1662672,0,One year,DSL,Electronic check,60,50.05
4213-HKBJO,No,0.048749745,0,Two year,No,Credit card (automatic),33,25.7
2792-LSHWX,No,0.61349547,1,Month-to-month,Fiber optic,Mailed check,1,83.4
5028-GZLDO,Yes,0.6811164,1,Month-to-month,Fiber optic,Credit card (automatic),2,70.7
0014-BMAQU,No,0.0730774,0,Two year,Fiber optic,Credit card (automatic),63,84.65
6861-XWTWQ,Yes,0.956795,1,Month-to-month,Fiber optic,Electronic check,7,99.25
9018-PCIOK,No,0.04068679,0,Two year,DSL,Mailed check,55,64.75
4837-QUSFT,No,0.10180582,0,One year,Fiber optic,Bank transfer (automatic),65,100.15
6877-TJMBR,Yes,0.80163157,1,Month-to-month,Fiber optic,Electronic check,1,84.8
9953-ZMKSM,No,0.024968669,0,Two year,No,Mailed check,63,25.25
0907-HQNTS,No,0.09931924,0,Two year,Fiber optic,Credit card (automatic),70,113.0
7665-NKLAV,No,0.038444392,0,Two year,DSL,Credit card (automatic),36,40.65
6769-DCQLI,Yes,0.59914654,1,One year,Fiber optic,Bank transfer (automatic),52,105.0
2433-KMEAS,Yes,0.6717099,1,Month-to-month,DSL,Electronic check,22,54.45
4391-LNRXK,No,0.39539814,0,Month-to-month,Fiber optic,Bank transfer (automatic),22,94.95
8250-ZNGGW,No,0.43771845,0,Month-to-month,DSL,Credit card (automatic),5,59.9
2195-ZRVAX,Yes,0.624214,1,Month-to-month,Fiber optic,Electronic check,47,85.3
3550-SAHFP,Yes,0.7779721,1,Month-to-month,Fiber optic,Electronic check,33,83.35
2011-TRQYE,Yes,0.56467277,1,Month-to-month,DSL,Credit card (automatic),18,33.5
8562-GHPPI,No,0.43039876,0,Month-to-month,No,Credit card (automatic),1,19.8
5893-PYOLZ,No,0.028481096,0,Two year,DSL,Credit card (automatic),56,81.8
4986-MXSFP,No,0.2827719,0,Month-to-month,No,Mailed check,2,20.0
6131-FOYAS,No,0.35607588,0,Month-to-month,DSL,Electronic check,35,59.6
3027-YNWZU,No,0.06086512,0,Two year,No,Credit card (automatic),64,25.0
5609-IMCGG,No,0.58123595,1,Month-to-month,Fiber optic,Credit card (automatic),15,84.35
4873-ILOLJ,Yes,0.7101675,1,Month-to-month,Fiber optic,Electronic check,24,90.35
4727-MCYZG,No,0.72543925,1,Month-to-month,DSL,Mailed check,1,55.55
9481-WHGWY,No,0.072593726,0,Two year,DSL,Credit card (automatic),70,75.35
2725-KXXWT,Yes,0.9457266,1,Month-to-month,Fiber optic,Electronic check,1,90.75
9565-DJPIB,Yes,0.8553878,1,Month-to-month,Fiber optic,Mailed check,4,89.6
4328-VUFWD,No,0.1606298,0,One year,DSL,Electronic check,39,59.3
3301-LSLWQ,No,0.3680429,0,Month-to-month,DSL,Electronic check,29,66.1
7473-ZBDSN,No,0.008380762,0,Two year,No,Mailed check,14,18.8
3166-PNEOF,No,0.055658277,0,Two year,DSL,Credit card (automatic),61,86.45
5639-NTUPK,No,0.3861881,0,Month-to-month,DSL,Credit card (automatic),13,52.1
8780-YRMTT,No,0.03620015,0,Two year,DSL,Mailed check,66,47.4
8348-HFYIV,Yes,0.8754628,1,Month-to-month,DSL,Electronic check,2,49.25
5140-FOMCQ,No,0.573384,1,One year,Fiber optic,Credit card (automatic),59,109.15
6242-SGYTS,No,0.11176617,0,One year,Fiber optic,Credit card (automatic),62,94.95
8166-ORCHU,No,0.36445892,0,One year,Fiber optic,Electronic check,33,93.55
8414-OOEEL,No,0.12363499,0,Two year,DSL,Credit card (automatic),66,79.5
8454-AATJP,No,0.029661013,0,Two year,Fiber optic,Credit card (automatic),72,115.05
6849-WLEYG,Yes,0.56784445,1,Month-to-month,No,Mailed check,1,19.75
4659-NZRUF,Yes,0.8285693,1,Month-to-month,Fiber optic,Electronic check,19,95.15
4531-AUZNK,No,0.09454525,0,One year,Fiber optic,Mailed check,51,95.15
4191-XOVOM,No,0.43242475,0,Month-to-month,Fiber optic,Electronic check,63,105.4
2150-OEGBV,No,0.061761014,0,One year,No,Bank transfer (automatic),27,20.1
8429-XIBUM,Yes,0.84575427,1,Month-to-month,Fiber optic,Bank transfer (automatic),22,101.35
1855-CFULU,No,0.39816278,0,Month-to-month,No,Mailed check,4,20.05
4878-BUNFV,No,0.0173218,0,Two year,No,Mailed check,42,20.7
1872-EBWSC,No,0.03379111,0,One year,No,Mailed check,29,20.35
2608-BHKFN,Yes,0.7474733,1,Month-to-month,Fiber optic,Credit card (automatic),4,70.05
7026-YMSBE,No,0.046306595,0,One year,No,Mailed check,30,19.7
7341-LXCAF,Yes,0.8688944,1,Month-to-month,Fiber optic,Electronic check,4,74.65
6997-UVGOX,No,0.00758732,0,Two year,DSL,Bank transfer (automatic),71,85.45
9674-EHPPG,No,0.049414426,0,Two year,DSL,Credit card (automatic),46,40.4
9462-MJUAW,Yes,0.66514736,1,Month-to-month,DSL,Mailed check,4,50.4
8128-YVJRG,Yes,0.6960147,1,Month-to-month,Fiber optic,Mailed check,7,79.65
5440-VHLUL,No,0.59909326,1,One year,Fiber optic,Bank transfer (automatic),69,105.2
5781-BKHOP,No,0.012617183,0,Two year,Fiber optic,Bank transfer (automatic),72,100.65
4283-FUTGF,Yes,0.78795326,1,Month-to-month,Fiber optic,Electronic check,19,79.85
5213-TWWJU,No,0.39356935,0,Month-to-month,Fiber optic,Electronic check,28,91.0
1569-TTNYJ,Yes,0.90877575,1,Month-to-month,Fiber optic,Electronic check,5,78.75
8628-MFKAX,No,0.026312055,0,Two year,Fiber optic,Credit card (automatic),72,116.75
2397-BRLOM,Yes,0.8244183,1,Month-to-month,Fiber optic,Credit card (automatic),8,80.45
7629-WIXZF,No,0.32120556,0,One year,DSL,Electronic check,7,59.1
5445-GLVOT,No,0.61198115,1,Month-to-month,DSL,Electronic check,22,49.8
3976-HXHCE,No,0.008363372,0,Two year,No,Bank transfer (automatic),72,19.3
2466-NEJOJ,No,0.16608766,0,Month-to-month,No,Credit card (automatic),8,19.65
0254-KCJGT,No,0.219334,0,One year,DSL,Credit card (automatic),52,81.4
5472-CVMDX,No,0.020455858,0,Two year,DSL,Mailed check,68,38.9
6461-SZMCV,No,0.008227771,0,Two year,DSL,Bank transfer (automatic),71,87.95
8150-QUDFX,No,0.29602766,0,Month-to-month,No,Mailed check,2,19.85
9508-ILZDG,No,0.6847358,1,Month-to-month,Fiber optic,Electronic check,34,96.35
2346-DJQTB,No,0.36157632,0,Month-to-month,DSL,Electronic check,35,24.15
1697-LYYYX,No,0.023820804,0,One year,No,Credit card (automatic),61,19.1
1942-OQFRW,No,0.73038197,1,Month-to-month,DSL,Electronic check,1,44.0
4749-VFKVB,Yes,0.7851319,1,Month-to-month,DSL,Mailed check,1,50.1
9640-ZSLDC,No,0.16826072,0,One year,DSL,Credit card (automatic),53,60.6
4231-LZUYM,No,0.0056456495,0,Two year,No,Bank transfer (automatic),72,25.65
7598-UAASY,Yes,0.84751725,1,Month-to-month,Fiber optic,Electronic check,2,76.4
7938-OUHIO,Yes,0.87007236,1,Month-to-month,Fiber optic,Electronic check,3,98.7
8510-AWCXC,Yes,0.90336823,1,Month-to-month,Fiber optic,Electronic check,13,100.8
6128-AQBMT,No,0.61895216,1,Month-to-month,DSL,Electronic check,41,53.95
3594-BDSOA,No,0.045414533,0,One year,No,Credit card (automatic),24,20.4
0431-APWVY,Yes,0.3756871,0,One year,Fiber optic,Bank transfer (automatic),28,90.1
5133-VRSAB,No,0.34633118,0,Month-to-month,DSL,Mailed check,8,29.35
5996-DAOQL,No,0.620716,1,Month-to-month,No,Mailed check,1,20.45
6838-YAUVY,No,0.2381256,0,Two year,Fiber optic,Bank transfer (automatic),54,95.1
0484-JPBRU,No,0.23780248,0,Month-to-month,No,Bank transfer (automatic),41,25.25
7883-ROJOC,No,0.33963707,0,Month-to-month,DSL,Mailed check,19,44.9
0244-LGNFY,No,0.0045291604,0,Two year,DSL,Bank transfer (automatic),72,92.65
7274-CGTOD,No,0.021623865,0,Two year,DSL,Bank transfer (automatic),62,43.7
4295-YURET,No,0.037552767,0,Two year,DSL,Credit card (automatic),56,72.6
3426-NIYYL,Yes,0.62473416,1,Month-to-month,DSL,Electronic check,15,51.55
8225-BTJAU,Yes,0.81477094,1,Month-to-month,Fiber optic,Electronic check,10,79.25
4635-EJYPD,No,0.008884588,0,Two year,No,Mailed check,32,18.95
1866-ZSLJM,No,0.14889987,0,Month-to-month,No,Credit card (automatic),21,20.5
4636-TVXVG,No,0.020919355,0,One year,No,Bank transfer (automatic),62,19.95
4236-UJPWO,No,0.74719095,1,Month-to-month,DSL,Electronic check,2,24.5
9392-XBGTD,No,0.024933876,0,Two year,No,Mailed check,27,20.6
3387-VATUS,Yes,0.93315154,1,Month-to-month,Fiber optic,Bank transfer (automatic),5,94.85
6402-SSEJG,No,0.18184362,0,One year,DSL,Electronic check,25,61.05
1143-NMNQJ,Yes,0.93099,1,Month-to-month,Fiber optic,Electronic check,2,85.7
1169-SAOCL,No,0.51979446,1,One year,Fiber optic,Bank transfer (automatic),49,106.65
1110-KYLGQ,No,0.25306144,0,Month-to-month,Fiber optic,Credit card (automatic),63,108.25
9929-PLVPA,No,0.27228633,0,Month-to-month,No,Credit card (automatic),4,20.4
3518-PZXZQ,No,0.8271252,1,Month-to-month,DSL,Mailed check,1,55.3
2371-JUNGC,No,0.1988075,0,Month-to-month,No,Mailed check,11,20.25
7693-QPEFS,No,0.46043444,1,Month-to-month,Fiber optic,Bank transfer (automatic),52,72.95
0924-BJCRC,No,0.28681248,0,Month-to-month,Fiber optic,Electronic check,60,89.45
5074-FBGHB,No,0.5836121,1,One year,Fiber optic,Credit card (automatic),64,104.65
2351-BKRZW,No,0.055568043,0,Two year,DSL,Bank transfer (automatic),43,75.2
4455-BFSPD,No,0.16875051,0,One year,Fiber optic,Bank transfer (automatic),61,101.15
0415-MOSGF,Yes,0.7165315,1,Month-to-month,DSL,Mailed check,1,44.4
1724-BQUHA,Yes,0.8812324,1,Month-to-month,Fiber optic,Electronic check,5,89.5
3948-KXDUF,No,0.02306903,0,Two year,DSL,Bank transfer (automatic),66,68.75
2323-ARSVR,No,0.28049466,0,Two year,Fiber optic,Electronic check,67,111.05
0815-MFZGM,No,0.06873949,0,Two year,Fiber optic,Credit card (automatic),42,99.0
4826-XTSOH,Yes,0.96147853,1,Month-to-month,Fiber optic,Electronic check,1,86.05
5480-XTFFL,No,0.05594651,0,Two year,No,Mailed check,31,21.0
8295-FHIVV,No,0.23650785,0,Month-to-month,No,Mailed check,7,19.4
2495-INZWQ,Yes,0.84355533,1,Month-to-month,DSL,Electronic check,4,44.55
9086-YJYXS,No,0.21709767,0,One year,DSL,Bank transfer (automatic),34,77.2
1179-INLAT,No,0.08517713,0,One year,No,Mailed check,3,19.45
7909-FIOIY,No,0.3057103,0,Month-to-month,DSL,Mailed check,19,24.85
4139-SUGLD,Yes,0.3415963,0,Month-to-month,DSL,Bank transfer (automatic),31,35.4
6857-VWJDT,Yes,0.9449524,1,Month-to-month,Fiber optic,Mailed check,1,95.65
6351-SCJKT,No,0.4337847,0,Month-to-month,DSL,Mailed check,3,41.35
5468-BPMMO,No,0.18397424,0,Month-to-month,No,Electronic check,46,19.6
5624-BQSSA,Yes,0.66335225,1,Month-to-month,No,Mailed check,1,20.95
0197-PNKNK,No,0.08935955,0,One year,Fiber optic,Bank transfer (automatic),69,84.45
2439-QKJUL,No,0.24950317,0,Month-to-month,No,Mailed check,5,20.25
1194-SPVSP,No,0.5494011,1,Month-to-month,No,Bank transfer (automatic),1,19.65
9534-NSXEM,No,0.037569392,0,One year,No,Credit card (automatic),26,20.65
2408-WITXK,Yes,0.8103952,1,Month-to-month,DSL,Electronic check,10,34.7
8929-KSWIH,No,0.063575625,0,Two year,Fiber optic,Bank transfer (automatic),25,99.3
2250-IVBWA,No,0.2822976,0,Month-to-month,Fiber optic,Electronic check,64,81.05
1810-MVMAI,No,0.17705846,0,Month-to-month,DSL,Electronic check,30,67.6
9506-UXUSK,No,0.7267531,1,Month-to-month,Fiber optic,Electronic check,13,70.15
1229-RCALF,No,0.11824611,0,One year,Fiber optic,Electronic check,64,115.0
3572-UOLYZ,No,0.4032993,0,Month-to-month,Fiber optic,Bank transfer (automatic),46,84.8
1429-UYJSV,No,0.07639608,0,One year,No,Mailed check,12,19.7
5577-OTWWW,Yes,0.3450951,0,Month-to-month,No,Bank transfer (automatic),15,19.75
6100-QQHEB,Yes,0.7797283,1,Month-to-month,Fiber optic,Electronic check,17,92.55
6366-XIVKZ,No,0.3501057,0,Month-to-month,DSL,Mailed check,13,63.15
3470-OBUET,No,0.122624606,0,Two year,DSL,Credit card (automatic),67,74.0
2770-NSVDG,No,0.6181211,1,Month-to-month,DSL,Electronic check,24,29.1
9375-MHRRS,No,0.46414667,1,Month-to-month,DSL,Mailed check,6,50.05
2634-HCZGT,Yes,0.35525596,0,One year,DSL,Electronic check,53,60.05
7503-QQRVF,Yes,0.62679094,1,Month-to-month,Fiber optic,Credit card (automatic),16,74.3
4860-YZGZM,No,0.22768189,0,Month-to-month,No,Electronic check,10,20.0
6599-GZWCM,No,0.284171,0,One year,Fiber optic,Mailed check,13,74.65
2691-NZETQ,Yes,0.8967549,1,Month-to-month,Fiber optic,Electronic check,9,85.35
4404-HIBDJ,Yes,0.10660602,0,One year,DSL,Mailed check,25,74.3
5533-NHFRF,No,0.65996516,1,Month-to-month,DSL,Electronic check,7,44.4
7037-MTYVW,No,0.03550299,0,Two year,DSL,Bank transfer (automatic),38,85.4
4760-THGOT,No,0.50198656,1,Month-to-month,Fiber optic,Electronic check,43,94.1
7295-JOMMD,Yes,0.90853566,1,Month-to-month,Fiber optic,Bank transfer (automatic),4,98.1
4016-BJKTZ,No,0.23445849,0,Two year,Fiber optic,Electronic check,25,108.9
6584-VQMYT,No,0.07988696,0,One year,DSL,Mailed check,27,56.2
9838-BFCQT,No,0.0047983993,0,Two year,No,Mailed check,72,26.1
2790-XUYMV,No,0.044521496,0,One year,Fiber optic,Credit card (automatic),71,85.45
0581-MDMPW,No,0.6664481,1,Month-to-month,Fiber optic,Credit card (automatic),24,88.95
5013-SBUIH,Yes,0.54012555,1,Two year,Fiber optic,Electronic check,50,109.65
1023-BQXZE,No,0.04208392,0,Two year,DSL,Bank transfer (automatic),57,74.35
9163-GHAYE,No,0.3522871,0,Month-to-month,DSL,Electronic check,15,48.85
3904-UKFRE,No,0.76563275,1,Month-to-month,Fiber optic,Electronic check,4,80.1
5353-WILCI,No,0.23154007,0,Month-to-month,DSL,Electronic check,28,56.05
0709-TVGUR,Yes,0.87326354,1,Month-to-month,Fiber optic,Electronic check,9,74.55
0058-EVZWM,No,0.29978797,0,Month-to-month,Fiber optic,Bank transfer (automatic),55,89.8
6023-YEBUP,Yes,0.939499,1,Month-to-month,Fiber optic,Electronic check,3,100.95
7209-JCUDS,Yes,0.8664863,1,Month-to-month,Fiber optic,Electronic check,10,94.9
7009-PCARS,No,0.020374307,0,One year,No,Bank transfer (automatic),55,19.1
0519-DRGTI,No,0.14355412,0,Month-to-month,No,Mailed check,20,20.35
1017-FBQMM,No,0.1931119,0,One year,Fiber optic,Credit card (automatic),62,106.05
3001-CBHLQ,Yes,0.7960964,1,Month-to-month,Fiber optic,Electronic check,32,104.9
1985-MBRYP,No,0.045560393,0,Two year,No,Bank transfer (automatic),43,19.65
6158-DWPZT,Yes,0.53226244,1,One year,DSL,Bank transfer (automatic),9,24.1
9372-TXXPS,No,0.012347185,0,Two year,DSL,Bank transfer (automatic),60,59.85
3259-QMXUN,No,0.05421763,0,Two year,DSL,Electronic check,58,86.1
1015-JPFYW,No,0.06616722,0,One year,No,Mailed check,7,19.45
6645-MXQJT,No,0.6978566,1,Month-to-month,Fiber optic,Electronic check,2,97.1
4360-QRAVE,No,0.42194095,0,Month-to-month,DSL,Electronic check,37,36.65
8433-WPJTV,No,0.28818464,0,One year,Fiber optic,Bank transfer (automatic),65,103.9
5804-JMYIO,No,0.03059679,0,Two year,No,Mailed check,39,19.75
3763-GCZHZ,Yes,0.6278465,1,One year,Fiber optic,Electronic check,66,104.05
6484-LATFU,No,0.018739808,0,Two year,No,Mailed check,68,24.55
7599-NTMDP,No,0.020845596,0,Two year,DSL,Bank transfer (automatic),62,48.7
0772-GYEQQ,Yes,0.8384243,1,Month-to-month,Fiber optic,Mailed check,3,88.35
0536-ACXIP,No,0.036693115,0,Two year,Fiber optic,Electronic check,72,109.55
0936-NQLJU,No,0.018553909,0,Two year,No,Credit card (automatic),41,20.65
4831-EOBFE,Yes,0.7192232,1,Month-to-month,Fiber optic,Credit card (automatic),29,94.65
1575-KRZZE,No,0.44263023,0,Month-to-month,DSL,Electronic check,4,55.2
3251-YMVWZ,No,0.10822966,0,One year,No,Bank transfer (automatic),53,24.05
4102-OQUPX,Yes,0.9477533,1,Month-to-month,Fiber optic,Electronic check,1,74.4
9170-GYZJC,Yes,0.31059918,0,Month-to-month,DSL,Credit card (automatic),41,79.9
4884-LEVMQ,No,0.021424266,0,Two year,No,Bank transfer (automatic),39,20.45
8857-CUPFQ,No,0.054135777,0,Two year,No,Mailed check,63,19.25
7610-TVOPG,No,0.34632894,0,Month-to-month,No,Electronic check,15,26.35
3638-DIMPH,No,0.1993855,0,One year,DSL,Electronic check,13,43.8
1845-ZLLIG,No,0.7625793,1,Month-to-month,DSL,Mailed check,1,50.15
8559-WNQZS,No,0.036510125,0,Two year,No,Mailed check,1,20.45
3999-QGRJH,Yes,0.7608536,1,Month-to-month,Fiber optic,Electronic check,8,69.7
1699-UOTXU,No,0.024999991,0,Two year,DSL,Electronic check,60,61.4
2454-RPBRZ,Yes,0.9421591,1,Month-to-month,Fiber optic,Electronic check,12,98.1
0635-WKOLD,No,0.11663524,0,One year,DSL,Credit card (automatic),40,70.75
5993-JSUWV,No,0.021324772,0,Two year,DSL,Bank transfer (automatic),66,61.15
4518-FZBSX,No,0.035051707,0,One year,No,Mailed check,42,20.25
5387-ASZNZ,No,0.05362565,0,One year,DSL,Credit card (automatic),66,63.85
6988-CJEYV,No,0.6117058,1,Month-to-month,Fiber optic,Electronic check,49,98.7
2002-MZHWP,Yes,0.60683197,1,Month-to-month,No,Mailed check,1,20.5
3097-FQTVJ,No,0.022933036,0,Two year,No,Mailed check,41,20.0
5465-BUBFA,No,0.021478217,0,Two year,No,Bank transfer (automatic),41,19.3
7299-GNVPL,No,0.3255148,0,Month-to-month,Fiber optic,Mailed check,23,84.4
9743-DQKQW,No,0.8159968,1,Month-to-month,DSL,Electronic check,3,25.1
1215-VFYVK,No,0.4253704,0,Month-to-month,DSL,Mailed check,4,48.25
9371-BITHB,No,0.034130797,0,Two year,No,Mailed check,52,19.85
2265-CYWIV,Yes,0.9431225,1,Month-to-month,Fiber optic,Electronic check,4,99.6
9093-FPDLG,No,0.73983896,1,Month-to-month,Fiber optic,Electronic check,11,94.2
0541-FITGH,No,0.51431346,1,Month-to-month,DSL,Mailed check,2,62.15
6985-HAYWX,No,0.4746318,1,Month-to-month,Fiber optic,Bank transfer (automatic),26,79.3
7508-KBIMB,No,0.11416433,0,One year,DSL,Credit card (automatic),24,56.25
6838-HVLXG,No,0.19472224,0,Month-to-month,No,Mailed check,12,20.3
2277-DJJDL,No,0.61171734,1,Month-to-month,Fiber optic,Electronic check,60,99.0
1897-OKVMW,No,0.020722972,0,Two year,DSL,Mailed check,64,90.6
5485-ITNPC,No,0.02899803,0,Two year,DSL,Bank transfer (automatic),66,85.9
0233-FTHAV,No,0.04928945,0,One year,Fiber optic,Bank transfer (automatic),60,79.2
4644-PIZRT,No,0.13764773,0,One year,DSL,Bank transfer (automatic),17,70.35
8922-NPKBJ,No,0.031717014,0,Two year,No,Mailed check,42,19.35
2740-TVLFN,No,0.8492009,1,Month-to-month,DSL,Electronic check,1,50.15
7771-CFQRQ,No,0.040852584,0,Two year,DSL,Bank transfer (automatic),47,63.8
9512-PHSMG,No,0.19398771,0,Month-to-month,No,Mailed check,10,20.55
6963-EZQEE,No,0.047798045,0,Two year,DSL,Credit card (automatic),70,88.55
2452-KDRRH,No,0.7303368,1,Month-to-month,Fiber optic,Credit card (automatic),67,101.4
2004-OCQXK,Yes,0.9414158,1,Month-to-month,Fiber optic,Electronic check,1,81.95
5027-QPKTE,Yes,0.75689524,1,Month-to-month,Fiber optic,Electronic check,7,69.35
4146-SVFUD,No,0.73229957,1,Month-to-month,DSL,Mailed check,1,44.6
1564-HJUVY,No,0.37022564,0,Month-to-month,DSL,Bank transfer (automatic),4,63.75
3617-XLSGQ,No,0.10225434,0,Two year,Fiber optic,Bank transfer (automatic),66,109.25
7517-LDMPS,No,0.7928468,1,Month-to-month,Fiber optic,Electronic check,12,84.6
7244-KXYZN,No,0.045414533,0,One year,No,Credit card (automatic),24,20.45
5226-NOZFC,No,0.7230617,1,Month-to-month,Fiber optic,Electronic check,26,85.75
2672-HUYVI,Yes,0.88161594,1,Month-to-month,Fiber optic,Electronic check,6,91.1
1400-WIVLL,No,0.3134503,0,Two year,Fiber optic,Electronic check,57,107.95
7508-MYBOG,Yes,0.8364092,1,Month-to-month,Fiber optic,Electronic check,14,86.1
8148-NLEGT,No,0.046125907,0,Two year,No,Electronic check,42,22.95
0148-DCDOS,Yes,0.74714595,1,Month-to-month,Fiber optic,Bank transfer (automatic),25,94.7
8347-GDTMP,No,0.026187545,0,Two year,No,Credit card (automatic),64,19.45
9992-RRAMN,Yes,0.81717336,1,Month-to-month,Fiber optic,Electronic check,22,85.1
6746-WAUWT,No,0.07242538,0,One year,No,Credit card (automatic),19,19.7
0310-MVLET,Yes,0.63413244,1,Month-to-month,Fiber optic,Electronic check,61,99.15
0428-IKYCP,No,0.6407122,1,Month-to-month,Fiber optic,Bank transfer (automatic),22,87.0
4550-VBOFE,Yes,0.78969914,1,Month-to-month,Fiber optic,Electronic check,70,102.95
2187-PKZAY,No,0.7655916,1,Month-to-month,Fiber optic,Bank transfer (automatic),12,79.95
4003-OCTMP,No,0.17064251,0,One year,DSL,Electronic check,31,64.0
6652-YFFJO,No,0.5866898,1,Month-to-month,DSL,Electronic check,11,64.9
7225-IILWY,No,0.015951606,0,Two year,No,Mailed check,68,25.75
5248-RPYWW,No,0.012220899,0,Two year,DSL,Bank transfer (automatic),72,90.15
7923-IYJWY,No,0.46185857,1,Two year,Fiber optic,Credit card (automatic),67,116.1
3170-GWYKC,No,0.1869927,0,Month-to-month,Fiber optic,Bank transfer (automatic),60,104.95
5696-QURRL,Yes,0.7906285,1,Month-to-month,DSL,Mailed check,1,45.05
7409-KIUTL,Yes,0.9237635,1,Month-to-month,Fiber optic,Electronic check,1,71.0
9830-ECLEN,No,0.090550624,0,One year,DSL,Mailed check,58,50.0
1732-VHUBQ,Yes,0.51072985,1,Month-to-month,Fiber optic,Bank transfer (automatic),47,70.55
0495-RVCBF,Yes,0.94736433,1,Month-to-month,Fiber optic,Electronic check,1,79.7
2668-TZSPS,No,0.5731461,1,Month-to-month,No,Mailed check,1,20.45
7854-EDSSA,Yes,0.44247252,0,Month-to-month,DSL,Electronic check,22,59.0
8869-TORSS,Yes,0.08546488,0,One year,DSL,Credit card (automatic),48,60.35
7446-SFAOA,No,0.069517836,0,One year,No,Bank transfer (automatic),37,19.85
9522-ZSINC,No,0.11886749,0,One year,No,Electronic check,13,19.95
8234-GSZYK,No,0.04686325,0,Two year,No,Bank transfer (automatic),43,26.45
6505-OZNPG,No,0.025362369,0,Two year,DSL,Mailed check,6,63.4
6164-HAQTX,No,0.02293247,0,Two year,DSL,Bank transfer (automatic),71,53.95
0679-IDSTG,Yes,0.9443702,1,Month-to-month,Fiber optic,Electronic check,1,69.25
7765-LWVVH,No,0.022157319,0,Two year,Fiber optic,Electronic check,72,95.1
1658-TJVOA,No,0.68859845,1,Month-to-month,Fiber optic,Electronic check,6,74.1
0953-LGOVU,No,0.30840006,0,Month-to-month,DSL,Mailed check,12,35.5
2115-BFTIW,Yes,0.4445331,0,Month-to-month,Fiber optic,Mailed check,25,70.95
4692-NNQRU,No,0.17538318,0,One year,Fiber optic,Electronic check,21,79.2
7742-MYPGI,No,0.573159,1,Month-to-month,DSL,Mailed check,6,48.8
0611-DFXKO,Yes,0.67315763,1,Month-to-month,Fiber optic,Mailed check,20,89.0
7780-OTDSO,Yes,0.924488,1,Month-to-month,Fiber optic,Electronic check,18,99.4
9619-GSATL,No,0.23237033,0,One year,DSL,Electronic check,43,55.45
5622-UEJFI,No,0.03878666,0,Two year,No,Credit card (automatic),35,25.4
9747-DDZOS,Yes,0.8717569,1,Month-to-month,Fiber optic,Bank transfer (automatic),1,73.5
0674-DGMAQ,No,0.63729244,1,Month-to-month,Fiber optic,Electronic check,32,93.5
6203-HBZPA,No,0.028595917,0,Two year,DSL,Credit card (automatic),52,63.9
0484-FFVBJ,No,0.35499582,0,One year,DSL,Bank transfer (automatic),32,64.85
0301-FIDRB,No,0.0092505505,0,Two year,DSL,Bank transfer (automatic),72,63.8
4139-JPIAM,No,0.16190608,0,Month-to-month,DSL,Credit card (automatic),51,44.45
2181-TIDSV,No,0.013313754,0,Two year,No,Bank transfer (automatic),68,19.95
2761-XECQW,No,0.67561406,1,Month-to-month,DSL,Mailed check,8,43.35
1936-CZAKF,No,0.08414456,0,Two year,DSL,Credit card (automatic),49,49.65
9453-PATOS,No,0.0033175065,0,Two year,DSL,Mailed check,72,85.1
0564-JJHGS,Yes,0.9201957,1,Month-to-month,Fiber optic,Electronic check,9,95.5
3348-CFRNX,Yes,0.7122682,1,Month-to-month,Fiber optic,Mailed check,28,92.35
4402-FTBXC,No,0.28662768,0,Month-to-month,Fiber optic,Mailed check,54,89.8
1428-GTBJJ,Yes,0.7662909,1,Month-to-month,Fiber optic,Electronic check,11,74.55
2931-XIQBR,No,0.2040333,0,One year,Fiber optic,Mailed check,50,103.05
0106-UGRDO,No,0.081540376,0,Two year,Fiber optic,Electronic check,69,116.0
5542-TBBWB,No,0.9301008,1,Month-to-month,Fiber optic,Electronic check,1,69.9
1930-QPBVZ,No,0.060259912,0,Two year,Fiber optic,Bank transfer (automatic),68,95.1
2606-PKWJB,No,0.0740039,0,One year,DSL,Mailed check,40,40.25
5322-ZSMZY,No,0.03275873,0,Two year,No,Mailed check,31,25.75
8059-UDZFY,No,0.6850301,1,Month-to-month,Fiber optic,Bank transfer (automatic),33,105.35
7740-BTPUX,No,0.28012264,0,Two year,Fiber optic,Electronic check,55,113.6
5220-AGAAX,No,0.01641553,0,Two year,No,Bank transfer (automatic),68,24.0
0208-BPQEJ,No,0.27105924,0,Month-to-month,No,Bank transfer (automatic),12,19.4
9435-JMLSX,No,0.010316004,0,Two year,DSL,Bank transfer (automatic),71,86.1
3352-ALMCK,No,0.7796197,1,Month-to-month,Fiber optic,Mailed check,40,102.65
5312-IRCFR,No,0.22509137,0,One year,Fiber optic,Electronic check,64,92.85
5294-IMHHT,No,0.2198785,0,One year,Fiber optic,Bank transfer (automatic),53,97.75
8802-UNOJF,Yes,0.7748036,1,Month-to-month,Fiber optic,Mailed check,12,83.8
6313-GIDIT,Yes,0.6714489,1,Month-to-month,DSL,Electronic check,53,54.45
6176-YJWAS,No,0.01989686,0,Two year,Fiber optic,Credit card (automatic),72,97.95
5310-NOOVA,No,0.03080907,0,Two year,No,Electronic check,46,19.95
4526-EXKKN,No,0.037003417,0,Two year,No,Mailed check,40,24.6
5311-IHLEI,No,0.46257928,1,Month-to-month,DSL,Bank transfer (automatic),12,50.95
3987-KQDDU,No,0.58065796,1,Month-to-month,Fiber optic,Electronic check,9,75.6
3404-JNXAX,No,0.48634675,1,Month-to-month,Fiber optic,Electronic check,51,80.75
5131-PONJI,No,0.3760038,0,Month-to-month,Fiber optic,Credit card (automatic),49,90.4
2845-AFFTX,Yes,0.8717122,1,Month-to-month,Fiber optic,Electronic check,41,99.8
3489-VSFRD,No,0.099964745,0,One year,DSL,Credit card (automatic),56,60.25
3345-JHUEO,No,0.33464083,0,Month-to-month,No,Electronic check,4,20.2
5815-HGGHV,No,0.16051538,0,One year,DSL,Mailed check,20,64.15
5260-UMPWX,No,0.13055924,0,Month-to-month,No,Credit card (automatic),26,20.25
2249-YPRNG,Yes,0.8325891,1,Month-to-month,Fiber optic,Bank transfer (automatic),20,105.85
7410-YTJIK,Yes,0.72595257,1,Month-to-month,Fiber optic,Mailed check,7,75.45
4626-GYCZP,Yes,0.9364539,1,Month-to-month,Fiber optic,Electronic check,7,93.85
5649-RXQTV,No,0.6396225,1,Month-to-month,Fiber optic,Electronic check,51,99.0
2674-MIAHT,No,0.8919709,1,Month-to-month,Fiber optic,Mailed check,4,80.3
2576-HXMPA,No,0.43039876,0,Month-to-month,No,Credit card (automatic),1,19.55
7587-AOVVU,No,0.6394421,1,Month-to-month,Fiber optic,Electronic check,27,100.75
5590-BYNII,Yes,0.8932305,1,Month-to-month,Fiber optic,Electronic check,22,100.75
6898-MDLZW,No,0.40824038,0,Month-to-month,DSL,Mailed check,12,53.75
3237-AJGEH,Yes,0.5411377,1,Month-to-month,DSL,Mailed check,3,31.0
4707-YNOQA,No,0.08032365,0,One year,No,Credit card (automatic),34,25.6
9357-UJRUN,No,0.16260535,0,One year,DSL,Electronic check,24,58.35
1591-NFNLQ,Yes,0.4805191,1,Month-to-month,Fiber optic,Credit card (automatic),51,80.0
8648-PFRMP,No,0.80020726,1,Month-to-month,DSL,Electronic check,14,46.35
7663-CUXZB,No,0.12412458,0,Two year,Fiber optic,Electronic check,59,113.75
0258-NOKBL,No,0.7697037,1,Month-to-month,Fiber optic,Electronic check,3,90.4
1163-VIPRI,No,0.13300148,0,Two year,Fiber optic,Electronic check,65,109.3
2815-CPTUL,Yes,0.7615626,1,Month-to-month,Fiber optic,Mailed check,5,70.25
9348-ROUAI,No,0.030232687,0,Two year,DSL,Credit card (automatic),59,90.3
9443-JUBUO,No,0.0061940174,0,Two year,DSL,Credit card (automatic),72,65.25
0596-BQCEQ,Yes,0.5780511,1,Month-to-month,Fiber optic,Electronic check,62,100.15
1481-ZUWZA,Yes,0.7254977,1,Month-to-month,Fiber optic,Credit card (automatic),28,94.5
3043-TYBNO,No,0.33716524,0,Month-to-month,DSL,Mailed check,3,60.65
4830-FAXFM,No,0.36099958,0,Month-to-month,No,Credit card (automatic),19,24.1
5906-BFOZT,No,0.6465,1,Month-to-month,No,Mailed check,1,19.5
2960-NKRSO,No,0.5459353,1,Month-to-month,Fiber optic,Electronic check,24,85.95
8996-ZROXE,No,0.15597823,0,One year,DSL,Electronic check,57,53.5
5598-IKHQQ,No,0.0059291967,0,Two year,No,Credit card (automatic),72,25.45
0397-ZXWQF,No,0.013768805,0,Two year,No,Bank transfer (automatic),67,20.5
5266-PFRQK,No,0.05109107,0,One year,No,Credit card (automatic),52,20.85
4674-HGNUA,No,0.007687437,0,Two year,DSL,Credit card (automatic),71,89.9
6765-MBQNU,No,0.06838011,0,One year,No,Mailed check,26,26.0
9786-IJYDL,No,0.09229834,0,Two year,Fiber optic,Mailed check,35,113.2
1303-SRDOK,No,0.024837194,0,Two year,Fiber optic,Credit card (automatic),55,69.05
3769-MHZNV,No,0.026624052,0,Two year,No,Mailed check,33,20.1
6295-OSINB,No,0.02877906,0,Two year,Fiber optic,Electronic check,72,109.65
3308-MHOOC,No,0.5669454,1,Month-to-month,No,Mailed check,1,19.2
2309-OSFEU,Yes,0.6586541,1,Month-to-month,DSL,Mailed check,10,33.9
2207-QPJED,No,0.47728363,1,Month-to-month,Fiber optic,Electronic check,37,90.0
4177-JPDFU,No,0.44613102,0,Month-to-month,DSL,Mailed check,12,34.0
2239-CFOUJ,No,0.096423835,0,One year,No,Mailed check,1,20.4
8046-DNVTL,No,0.067443,0,Two year,DSL,Credit card (automatic),62,38.6
2209-XADXF,No,0.7508213,1,Month-to-month,DSL,Bank transfer (automatic),1,25.25
6620-JDYNW,No,0.3497977,0,Month-to-month,DSL,Mailed check,18,60.6
1891-FZYSA,Yes,0.6857682,1,Month-to-month,Fiber optic,Electronic check,69,89.95
4770-UEZOX,No,0.74017316,1,Month-to-month,Fiber optic,Electronic check,2,74.75
1038-RQOST,No,0.13527669,0,Month-to-month,No,Mailed check,19,20.6
7613-LLQFO,Yes,0.8806293,1,Month-to-month,Fiber optic,Electronic check,12,84.45
4568-TTZRT,No,0.21210456,0,Month-to-month,No,Mailed check,9,20.4
9513-DXHDA,No,0.2071935,0,One year,DSL,Electronic check,27,81.7
2640-PMGFL,Yes,0.5708553,1,Month-to-month,Fiber optic,Electronic check,27,79.5
3801-HMYNL,Yes,0.8976039,1,Month-to-month,Fiber optic,Mailed check,1,89.15
0516-QREYC,No,0.16416377,0,Month-to-month,No,Mailed check,24,20.3
9685-WKZGT,Yes,0.8546043,1,Month-to-month,Fiber optic,Electronic check,14,74.95
6022-UGGSO,Yes,0.71088743,1,Month-to-month,Fiber optic,Electronic check,32,74.4
8084-OIVBS,No,0.0654728,0,One year,No,Mailed check,11,20.0
8896-BQTTI,No,0.52911305,1,Month-to-month,No,Mailed check,1,25.0
3865-QBWSJ,No,0.5858208,1,Month-to-month,Fiber optic,Mailed check,38,80.45
3352-RICWQ,No,0.028722059,0,Two year,No,Mailed check,9,19.75
2160-GPFXD,No,0.029737094,0,Two year,DSL,Credit card (automatic),54,65.65
2065-MMKGR,No,0.24545571,0,One year,DSL,Credit card (automatic),29,71.0
5857-TYBCJ,No,0.73989886,1,Month-to-month,Fiber optic,Electronic check,44,89.2
1498-NHTLT,No,0.024301829,0,Two year,DSL,Electronic check,59,86.75
4484-CGXFK,Yes,0.73009664,1,Month-to-month,DSL,Electronic check,3,55.3
1402-PTHGN,No,0.119840816,0,One year,DSL,Mailed check,18,61.5
4176-RELJR,No,0.04173532,0,Two year,No,Credit card (automatic),67,25.1
6214-EDAKZ,Yes,0.40308815,0,Month-to-month,DSL,Electronic check,22,55.15
5199-FPUSP,No,0.121029936,0,One year,DSL,Credit card (automatic),33,34.05
6377-KSLXC,No,0.24831417,0,Month-to-month,No,Mailed check,5,19.95
1796-JANOW,No,0.2640969,0,Month-to-month,No,Mailed check,2,19.95
0238-WHBIQ,No,0.003940287,0,Two year,DSL,Credit card (automatic),72,89.7
8735-NBLWT,No,0.1826856,0,Month-to-month,No,Mailed check,9,20.4
6651-RLGGM,No,0.015951606,0,Two year,No,Mailed check,67,26.3
6127-ISGTU,Yes,0.83828944,1,Month-to-month,Fiber optic,Electronic check,16,84.95
1614-JBEBI,No,0.22588636,0,Month-to-month,No,Mailed check,8,20.7
8740-XLHDR,Yes,0.4297892,0,Month-to-month,DSL,Mailed check,5,43.25
1208-DNHLN,Yes,0.39286098,0,One year,DSL,Credit card (automatic),23,48.35
1761-AEZZR,Yes,0.95147306,1,Month-to-month,Fiber optic,Electronic check,1,79.55
3923-CSIHK,Yes,0.56868196,1,Month-to-month,Fiber optic,Electronic check,50,71.05
5696-EXCYS,No,0.02306347,0,Two year,No,Credit card (automatic),17,19.45
5795-KTGUD,No,0.19227165,0,Two year,Fiber optic,Bank transfer (automatic),68,110.8
7120-RFMVS,Yes,0.94058603,1,Month-to-month,Fiber optic,Electronic check,1,84.5
7924-GJZFI,No,0.67211217,1,Month-to-month,Fiber optic,Electronic check,25,69.3
4702-HDRKD,No,0.04754836,0,One year,DSL,Bank transfer (automatic),67,49.35
8512-WIWYV,No,0.042710926,0,One year,No,Credit card (automatic),32,20.35
5897-ZYEKH,No,0.2959291,0,One year,Fiber optic,Electronic check,67,105.6
5456-ITGIC,No,0.02148965,0,Two year,DSL,Credit card (automatic),72,64.45
7317-GGVPB,Yes,0.5634322,1,Two year,Fiber optic,Credit card (automatic),71,108.6
1406-PUQVY,No,0.7775365,1,Month-to-month,DSL,Electronic check,1,49.9
1322-AGOQM,Yes,0.49852356,1,Month-to-month,DSL,Bank transfer (automatic),46,30.3
3677-IYRBF,Yes,0.90817034,1,Month-to-month,DSL,Electronic check,2,30.4
5692-FPTAH,Yes,0.7829523,1,Month-to-month,DSL,Mailed check,1,45.4
9114-AAFQH,No,0.23300447,0,One year,DSL,Electronic check,48,65.65
8715-KKTFG,No,0.23533314,0,One year,Fiber optic,Bank transfer (automatic),61,103.3
1550-LOAHA,Yes,0.6046375,1,Month-to-month,Fiber optic,Bank transfer (automatic),32,84.15
1728-BQDMA,No,0.644731,1,Month-to-month,DSL,Electronic check,2,44.45
0268-QKIWO,Yes,0.34766558,0,Month-to-month,No,Electronic check,3,19.75
0876-WDUUZ,Yes,0.8662728,1,Month-to-month,Fiber optic,Credit card (automatic),5,85.4
5117-ZSMHQ,No,0.009493597,0,Two year,DSL,Bank transfer (automatic),71,89.9
5151-HQRDG,No,0.2199066,0,Month-to-month,DSL,Mailed check,37,55.05
0960-HUWBM,No,0.2693574,0,Two year,Fiber optic,Bank transfer (automatic),65,104.1
6465-GSRCL,No,0.23766805,0,One year,Fiber optic,Bank transfer (automatic),67,106.6
0617-FHSGK,Yes,0.43640572,0,Month-to-month,Fiber optic,Credit card (automatic),49,75.2
0263-FJTQO,No,0.029312365,0,Two year,DSL,Credit card (automatic),50,70.5
7319-ZNRTR,No,0.05564821,0,One year,No,Electronic check,25,19.6
2858-MOFSQ,Yes,0.36650994,0,One year,DSL,Mailed check,17,55.85
7503-EPSZW,No,0.035912007,0,Two year,No,Mailed check,64,24.05
7089-XXAYG,No,0.25177357,0,One year,DSL,Credit card (automatic),25,38.1
8118-LSUEL,Yes,0.8676111,1,Month-to-month,Fiber optic,Electronic check,23,106.4
8070-AAWZP,No,0.29152778,0,Month-to-month,DSL,Mailed check,24,34.25
1666-JXLKU,No,0.7998125,1,Month-to-month,Fiber optic,Electronic check,37,100.05
7855-DIWPO,No,0.72464347,1,Month-to-month,Fiber optic,Electronic check,21,68.65
5133-POWUA,No,0.79652935,1,Month-to-month,DSL,Mailed check,1,45.8
5652-MSDEY,No,0.8108536,1,Month-to-month,Fiber optic,Mailed check,10,75.75
7005-CCBKV,Yes,0.8795814,1,Month-to-month,Fiber optic,Electronic check,6,84.4
1810-BOHSY,No,0.2926349,0,One year,Fiber optic,Credit card (automatic),51,96.4
1784-BXEFA,No,0.2248781,0,Month-to-month,No,Mailed check,10,20.55
7351-MHQVU,No,0.50073326,1,Month-to-month,DSL,Credit card (automatic),6,50.95
9224-VTYID,No,0.023820832,0,Two year,DSL,Mailed check,47,90.5
9500-IWPXQ,No,0.11608024,0,One year,DSL,Electronic check,61,79.4
5762-TJXGK,No,0.043935873,0,Two year,DSL,Bank transfer (automatic),52,58.75
4504-YOULA,No,0.2885999,0,Month-to-month,DSL,Credit card (automatic),35,59.45
5569-IDSEY,No,0.36367843,0,One year,Fiber optic,Bank transfer (automatic),71,105.7
4250-FDVOU,Yes,0.40290144,0,Month-to-month,DSL,Electronic check,6,56.25
7284-ZZLOH,No,0.04165726,0,Two year,DSL,Credit card (automatic),45,53.3
5277-ZLOOR,Yes,0.92845833,1,Month-to-month,Fiber optic,Electronic check,2,85.55
2141-RRYGO,Yes,0.63117874,1,Month-to-month,DSL,Bank transfer (automatic),4,68.65
1777-JYQPJ,No,0.6432448,1,Month-to-month,DSL,Mailed check,2,24.3
6376-GAHQE,Yes,0.81453085,1,Month-to-month,Fiber optic,Electronic check,4,77.85
3401-URHDA,No,0.07909886,0,One year,DSL,Credit card (automatic),51,59.9
1599-EAHXY,No,0.07525007,0,One year,No,Credit card (automatic),60,23.95
8631-XVRZL,No,0.08200084,0,One year,No,Mailed check,9,20.15
5052-PNLOS,Yes,0.8912031,1,Month-to-month,Fiber optic,Bank transfer (automatic),3,105.35
3853-LYGAM,No,0.48154217,1,Month-to-month,Fiber optic,Bank transfer (automatic),17,95.65
6979-ZNSFF,Yes,0.9116178,1,Month-to-month,Fiber optic,Electronic check,8,87.05
5751-USDBL,No,0.024434231,0,Two year,DSL,Mailed check,46,81.0
5680-LQOGP,No,0.028335873,0,Two year,DSL,Credit card (automatic),68,82.45
2386-LAHRK,Yes,0.82180554,1,Month-to-month,DSL,Mailed check,1,53.5
8189-DUKMV,No,0.16216503,0,One year,No,Bank transfer (automatic),4,20.5
6032-IGALN,Yes,0.7968824,1,Month-to-month,DSL,Mailed check,1,25.1
9931-DCEZH,No,0.1336233,0,One year,DSL,Credit card (automatic),28,54.4
1898-JSNDC,No,0.16814886,0,One year,DSL,Credit card (automatic),39,58.6
0315-LVCRK,No,0.7275234,1,Month-to-month,Fiber optic,Electronic check,11,84.8
3911-RSNHI,No,0.016893819,0,Two year,DSL,Credit card (automatic),71,61.4
2410-CIYFZ,No,0.19685544,0,Month-to-month,No,Mailed check,2,20.4
4248-HCETZ,Yes,0.6683491,1,Month-to-month,Fiber optic,Mailed check,30,79.65
5505-OVWQW,No,0.066476844,0,One year,No,Mailed check,17,20.15
7271-AJDTL,No,0.5031572,1,Month-to-month,Fiber optic,Credit card (automatic),55,94.45
1867-TJHTS,No,0.33636782,0,Month-to-month,Fiber optic,Bank transfer (automatic),58,79.8
0516-WJVXC,Yes,0.5124006,1,Month-to-month,DSL,Electronic check,5,54.2
9174-FKWZE,Yes,0.7433589,1,Month-to-month,No,Electronic check,1,19.45
6860-YRJZP,No,0.86933875,1,Month-to-month,Fiber optic,Electronic check,9,74.05
4429-WYGFR,No,0.16146335,0,Month-to-month,DSL,Bank transfer (automatic),26,49.15
2817-LVCPP,No,0.03358833,0,Two year,No,Credit card (automatic),50,19.4
5038-ETMLM,No,0.015273244,0,Two year,Fiber optic,Bank transfer (automatic),72,113.65
5056-FIMPT,No,0.4040567,0,One year,Fiber optic,Credit card (automatic),43,106.0
4521-WFJAI,No,0.042236216,0,Two year,No,Bank transfer (automatic),56,25.95
6569-KTMDU,No,0.18610102,0,Month-to-month,No,Mailed check,1,19.1
8809-RIHDD,Yes,0.49101532,1,Two year,Fiber optic,Electronic check,72,103.4
8809-XKHMD,No,0.008753689,0,Two year,Fiber optic,Bank transfer (automatic),72,100.55
0396-YCHWO,No,0.68893063,1,Month-to-month,Fiber optic,Electronic check,36,95.4
0867-LDTTC,No,0.42039526,0,Month-to-month,DSL,Bank transfer (automatic),5,75.15
4822-NGOCH,Yes,0.88755023,1,Month-to-month,Fiber optic,Electronic check,13,84.45
9391-DXGGG,No,0.28374666,0,One year,Fiber optic,Credit card (automatic),44,89.15
9844-FELAJ,No,0.32477462,0,One year,Fiber optic,Electronic check,70,107.9
2122-SZZZD,No,0.035802186,0,One year,No,Credit card (automatic),44,19.5
5307-DZCVC,Yes,0.7180659,1,Month-to-month,Fiber optic,Credit card (automatic),32,85.95
3148-AOIQT,No,0.026079493,0,Two year,No,Credit card (automatic),69,24.95
8679-JOEVF,Yes,0.6207212,1,Month-to-month,DSL,Electronic check,16,59.4
8395-ETZKQ,No,0.041085884,0,One year,No,Bank transfer (automatic),68,19.5
6692-YQHXC,No,0.59393007,1,Month-to-month,Fiber optic,Credit card (automatic),16,69.95
3889-VWBID,No,0.028227875,0,Two year,DSL,Bank transfer (automatic),68,82.85
5222-JCXZT,No,0.03675775,0,Month-to-month,No,Mailed check,4,19.0
9754-CLVZW,No,0.2941091,0,Month-to-month,DSL,Credit card (automatic),26,38.85
1432-FPAXX,Yes,0.44739163,0,Month-to-month,DSL,Electronic check,29,30.6
2739-CCZMB,No,0.22083127,0,Month-to-month,No,Credit card (automatic),5,20.35
7080-TNUWP,No,0.19037463,0,One year,Fiber optic,Bank transfer (automatic),70,95.0
0496-AHOOK,No,0.19077493,0,One year,DSL,Bank transfer (automatic),24,74.4
8336-TAVKX,No,0.010191376,0,Two year,DSL,Bank transfer (automatic),72,78.45
2468-SJFLM,No,0.6512794,1,Month-to-month,Fiber optic,Mailed check,1,74.3
3181-VTHOE,No,0.16469485,0,One year,DSL,Bank transfer (automatic),70,51.05
7168-HDQHG,No,0.048892766,0,Month-to-month,No,Bank transfer (automatic),36,19.2
4803-AXVYP,Yes,0.8534393,1,Month-to-month,Fiber optic,Electronic check,38,99.55
3884-HCSWG,Yes,0.74861926,1,Month-to-month,Fiber optic,Electronic check,17,70.0
4567-AKPIA,No,0.4192575,0,One year,Fiber optic,Bank transfer (automatic),41,109.1
5077-DXTCG,Yes,0.8285658,1,Month-to-month,DSL,Electronic check,1,45.3
1142-WACZW,Yes,0.6792453,1,Month-to-month,DSL,Bank transfer (automatic),2,29.85
7901-HXJVA,No,0.6932437,1,Month-to-month,Fiber optic,Electronic check,14,76.45
5649-ANRML,Yes,0.8122594,1,Month-to-month,Fiber optic,Credit card (automatic),2,95.1
4892-VLANZ,Yes,0.6000805,1,Month-to-month,No,Mailed check,1,19.8
5924-IFQTT,No,0.37605098,0,Month-to-month,DSL,Electronic check,13,72.8
7968-QUXNS,No,0.038720984,0,Month-to-month,No,Mailed check,6,18.95
2919-HBCJO,Yes,0.8377803,1,Month-to-month,Fiber optic,Bank transfer (automatic),4,76.65
4236-XPXAV,Yes,0.90645194,1,Month-to-month,Fiber optic,Mailed check,5,99.15
8903-WMRNW,No,0.7688226,1,Month-to-month,Fiber optic,Electronic check,15,101.75
2452-SNHFZ,No,0.3863785,0,Month-to-month,Fiber optic,Credit card (automatic),47,75.45
3629-WEAAM,No,0.36965412,0,Month-to-month,DSL,Mailed check,8,64.1
6029-CSMJE,No,0.37446293,0,Month-to-month,DSL,Mailed check,17,25.65
7993-NQLJE,No,0.41928214,0,Month-to-month,Fiber optic,Mailed check,15,75.1
9909-DFRJA,No,0.2822121,0,One year,Fiber optic,Bank transfer (automatic),26,95.85
9099-FTUHS,No,0.38760686,0,Month-to-month,DSL,Electronic check,23,54.4
0581-BXBUB,No,0.7195735,1,Month-to-month,Fiber optic,Electronic check,4,72.75
4962-CHQPW,No,0.03648914,0,One year,No,Mailed check,29,19.85
9467-ROOLM,No,0.029906869,0,Month-to-month,No,Mailed check,25,19.05
3030-YZADT,Yes,0.43223003,0,Month-to-month,DSL,Mailed check,9,44.95
7410-KTVFV,Yes,0.3975736,0,Month-to-month,DSL,Mailed check,18,49.55
5150-ITWWB,No,0.94155943,1,Month-to-month,Fiber optic,Electronic check,3,94.85
2253-KPMNB,No,0.030139439,0,Two year,DSL,Bank transfer (automatic),69,46.25
1345-ZUKID,No,0.100969225,0,One year,No,Mailed check,14,19.35
6429-SHBCB,No,0.25302953,0,Month-to-month,DSL,Mailed check,19,69.6
9281-OFDMF,No,0.53345156,1,Month-to-month,Fiber optic,Electronic check,39,90.7
2603-HVKCG,No,0.62904817,1,Month-to-month,Fiber optic,Electronic check,31,101.4
1834-WULEG,No,0.038421527,0,One year,No,Mailed check,24,20.25
9097-ZUBYC,No,0.39542088,0,Month-to-month,DSL,Bank transfer (automatic),14,48.8
5148-ORICT,No,0.056740027,0,Two year,DSL,Mailed check,64,74.35
4893-GYUJU,No,0.049649645,0,One year,No,Mailed check,50,19.35
4578-PHJYZ,No,0.07933534,0,One year,DSL,Electronic check,52,68.75
7272-QDCKA,No,0.45111334,1,One year,Fiber optic,Electronic check,28,100.2
8908-SLFCJ,No,0.042112898,0,Two year,No,Credit card (automatic),21,20.85
8393-DLHGA,Yes,0.76575035,1,Month-to-month,Fiber optic,Electronic check,25,95.9
9766-HGEDE,No,0.09219095,0,One year,No,Mailed check,17,19.35
6968-MHOMU,No,0.3259905,0,One year,DSL,Credit card (automatic),58,45.0
7395-IGJOS,Yes,0.562283,1,Month-to-month,Fiber optic,Bank transfer (automatic),17,81.5
5044-XDPYX,No,0.031810906,0,Two year,No,Mailed check,51,25.5
1814-WFGVS,No,0.014967888,0,Two year,DSL,Mailed check,72,48.9
2834-SPCJV,Yes,0.60835224,1,Month-to-month,Fiber optic,Electronic check,52,84.1
3721-WKIIL,No,0.03197049,0,Two year,No,Mailed check,27,19.6
6734-CKRSM,No,0.31307375,0,Month-to-month,No,Mailed check,3,20.0
1265-ZFOSD,No,0.021387422,0,Two year,DSL,Mailed check,64,81.3
6568-POCUI,No,0.074609295,0,Two year,Fiber optic,Credit card (automatic),45,95.2
7890-VYYWG,Yes,0.86241764,1,Month-to-month,DSL,Mailed check,3,36.45
5197-LQXXH,No,0.016355164,0,Two year,DSL,Credit card (automatic),71,83.3
9907-SWKKF,Yes,0.8362226,1,Month-to-month,DSL,Mailed check,1,25.05
3457-PQBYH,No,0.028206088,0,Two year,No,Credit card (automatic),58,20.3
7682-AZNDK,No,0.5709122,1,Month-to-month,Fiber optic,Electronic check,34,89.85
0587-DMGBH,Yes,0.5901023,1,Month-to-month,DSL,Electronic check,8,49.85
5384-ZTTWP,No,0.23749533,0,Month-to-month,No,Mailed check,15,19.8
3745-HRPHI,No,0.012970893,0,Two year,DSL,Bank transfer (automatic),66,54.65
7636-OWBPG,No,0.4796797,1,Month-to-month,DSL,Credit card (automatic),12,29.35
1231-YNDEK,No,0.036429025,0,Two year,No,Bank transfer (automatic),58,19.15
1407-DIGZV,No,0.008874252,0,Two year,No,Mailed check,3,19.1
6397-JNZZG,Yes,0.5736307,1,Month-to-month,DSL,Credit card (automatic),43,55.55
0570-BFQHT,No,0.6390501,1,Month-to-month,Fiber optic,Electronic check,9,80.55
4393-OBCRR,No,0.08512028,0,One year,No,Mailed check,3,20.25
3523-QRQLL,Yes,0.30422002,0,One year,DSL,Bank transfer (automatic),22,69.5
8564-LDKFL,No,0.5978116,1,One year,Fiber optic,Bank transfer (automatic),40,106.0
3696-DFHHB,No,0.02114241,0,Two year,No,Bank transfer (automatic),68,25.5
0895-DQHEW,Yes,0.81754744,1,Month-to-month,Fiber optic,Electronic check,54,104.3
4717-GHADL,No,0.034243353,0,Two year,DSL,Mailed check,50,79.6
5501-TVMGM,No,0.8616988,1,Month-to-month,DSL,Electronic check,1,55.25
5879-HMFFH,No,0.0039226445,0,Two year,DSL,Bank transfer (automatic),72,88.05
6772-WFQRD,No,0.047957823,0,One year,No,Bank transfer (automatic),40,20.4
3810-DVDQQ,No,0.027332578,0,Two year,Fiber optic,Bank transfer (automatic),72,117.6
6972-SNKKW,No,0.24695694,0,Month-to-month,No,Mailed check,6,20.0
3694-GLTJM,No,0.28851902,0,Month-to-month,No,Credit card (automatic),5,19.65
8550-XSXUQ,No,0.314285,0,One year,DSL,Credit card (automatic),48,70.55
8149-RSOUN,Yes,0.96755534,1,Month-to-month,Fiber optic,Electronic check,1,93.85
9055-MOJJJ,No,0.050647855,0,One year,DSL,Mailed check,64,65.8
4359-INNWN,No,0.07992009,0,One year,No,Credit card (automatic),17,20.05
0585-EGDDA,No,0.6490042,1,Month-to-month,Fiber optic,Electronic check,40,80.0
4032-RMHCI,No,0.07625413,0,One year,DSL,Credit card (automatic),41,35.4
0549-CYCQN,No,0.12252992,0,One year,Fiber optic,Bank transfer (automatic),51,79.6
3481-JHUZH,No,0.6672445,1,Month-to-month,Fiber optic,Electronic check,41,80.25
7250-EQKIY,Yes,0.75771457,1,Month-to-month,DSL,Mailed check,1,50.45
3594-IVHJZ,No,0.2624126,0,Month-to-month,No,Mailed check,2,20.45
6869-FGJJC,No,0.10279996,0,One year,Fiber optic,Credit card (automatic),68,79.6
3896-ZVNET,No,0.03620072,0,Two year,No,Mailed check,24,24.7
8205-VSLRB,No,0.085569166,0,Two year,DSL,Credit card (automatic),70,77.3
5960-MVTUK,No,0.6256722,1,Month-to-month,DSL,Electronic check,3,29.75
6817-WTYHE,No,0.633105,1,Month-to-month,DSL,Bank transfer (automatic),2,44.9
3082-VQXNH,No,0.6327447,1,Month-to-month,DSL,Credit card (automatic),3,29.8
4013-UBXWQ,Yes,0.78702146,1,Month-to-month,DSL,Electronic check,7,74.65
4931-TRZWN,No,0.5906904,1,Month-to-month,DSL,Electronic check,13,71.95
0750-EKNGL,No,0.19811101,0,Month-to-month,No,Mailed check,7,20.75
7669-LCRSD,No,0.44154727,0,Month-to-month,DSL,Mailed check,12,56.3
3567-PQTSO,No,0.4356127,0,One year,Fiber optic,Electronic check,53,105.25
5519-NPHVG,Yes,0.9174695,1,Month-to-month,Fiber optic,Electronic check,12,94.2
8043-PNYSD,No,0.033000324,0,Two year,No,Mailed check,63,19.55
9938-EKRGF,No,0.33903804,0,Month-to-month,DSL,Mailed check,15,84.45
2703-AMTUL,No,0.07713479,0,One year,DSL,Mailed check,36,53.65
0928-JMXNP,No,0.7688334,1,Month-to-month,DSL,Electronic check,4,29.9
8173-RXAYP,No,0.035206284,0,Two year,No,Mailed check,24,19.7
4825-XJGDM,No,0.07083059,0,One year,DSL,Credit card (automatic),61,43.7
5402-HTOTQ,No,0.48404092,1,Month-to-month,DSL,Electronic check,16,55.3
6734-JDTTV,No,0.010225946,0,Two year,No,Credit card (automatic),65,19.85
7850-THJMU,No,0.024362704,0,Two year,No,Credit card (automatic),26,19.65
3890-RTCMS,No,0.40824038,0,Month-to-month,DSL,Mailed check,16,49.45
8849-GYOKR,Yes,0.40410277,0,One year,Fiber optic,Bank transfer (automatic),54,106.55
3148-BLQJT,Yes,0.62732655,1,Month-to-month,No,Mailed check,1,20.1
3717-FDJFU,No,0.02168777,0,Two year,No,Mailed check,5,20.45
3665-JATSN,No,0.66376275,1,Month-to-month,DSL,Electronic check,19,39.7
7966-YOTQW,No,0.43612665,0,Month-to-month,DSL,Credit card (automatic),10,54.5
0461-CVKMU,Yes,0.58451587,1,Month-to-month,Fiber optic,Electronic check,23,83.8
8806-EAGWC,Yes,0.7353592,1,Month-to-month,DSL,Mailed check,3,55.15
8853-TZDGH,No,0.01661469,0,Two year,Fiber optic,Bank transfer (automatic),72,111.6
7779-LGOVN,Yes,0.8991605,1,Month-to-month,Fiber optic,Electronic check,10,86.65
4324-BZCKL,No,0.39625502,0,Month-to-month,DSL,Mailed check,10,55.55
6924-TDGMT,No,0.06310718,0,One year,No,Mailed check,11,20.55
9710-ZUSHQ,Yes,0.4197605,0,Month-to-month,Fiber optic,Bank transfer (automatic),37,106.75
1536-YHDOE,No,0.108430795,0,One year,DSL,Mailed check,17,62.1
8123-QBNAZ,No,0.4769973,1,Month-to-month,Fiber optic,Credit card (automatic),36,104.5
3629-ZNKXA,No,0.7642954,1,Month-to-month,Fiber optic,Electronic check,17,101.8
4827-LTQRJ,No,0.1784592,0,One year,Fiber optic,Credit card (automatic),66,110.6
7711-YIJWC,No,0.14205559,0,One year,DSL,Bank transfer (automatic),61,84.9
5482-VXSXJ,No,0.68303317,1,Month-to-month,Fiber optic,Mailed check,22,93.2
7365-BVCJH,No,0.8342017,1,Month-to-month,DSL,Electronic check,1,24.4
9620-ENEJV,No,0.68768054,1,Month-to-month,Fiber optic,Credit card (automatic),6,70.55
4183-WCSEP,Yes,0.66939396,1,Month-to-month,Fiber optic,Electronic check,31,78.45
2378-YIZKA,No,0.022935584,0,Two year,DSL,Credit card (automatic),68,85.0
5498-TXHLF,Yes,0.70939314,1,Month-to-month,Fiber optic,Electronic check,34,87.45
0689-DSXGL,No,0.16147688,0,Month-to-month,Fiber optic,Bank transfer (automatic),52,85.8
6818-DJXAA,No,0.8023928,1,Month-to-month,Fiber optic,Electronic check,10,91.1
9722-UJOJR,Yes,0.5708479,1,Month-to-month,Fiber optic,Electronic check,29,70.75
0464-WJTKO,No,0.0042469497,0,Two year,No,Bank transfer (automatic),72,20.1
8902-ZEOVF,No,0.0339874,0,One year,No,Mailed check,47,20.05
6778-EICRF,No,0.17217338,0,One year,DSL,Mailed check,24,74.8
2662-NNTDK,No,0.042897876,0,One year,No,Credit card (automatic),65,24.8
4132-KALRO,No,0.9154396,1,Month-to-month,Fiber optic,Mailed check,4,100.85
3902-FOIGH,Yes,0.903857,1,Month-to-month,Fiber optic,Electronic check,12,101.35
6772-KSATR,Yes,0.88396007,1,Month-to-month,Fiber optic,Electronic check,1,81.7
7112-OPOTK,Yes,0.6411243,1,Month-to-month,Fiber optic,Electronic check,33,68.25
2874-YXVVA,No,0.47503182,1,Month-to-month,Fiber optic,Electronic check,34,105.1
1245-HARPS,No,0.02297121,0,Two year,No,Mailed check,14,20.4
4210-QFJMF,Yes,0.86197716,1,Month-to-month,Fiber optic,Electronic check,4,79.15
4323-ELYYB,No,0.054150734,0,One year,No,Mailed check,13,20.0
4293-ETKAP,No,0.13658479,0,Two year,DSL,Bank transfer (automatic),65,79.4
6064-PUPMC,No,0.08672915,0,One year,DSL,Credit card (automatic),23,57.2
6504-VBLFL,No,0.04714855,0,Two year,DSL,Electronic check,55,58.6
6322-PJJDJ,No,0.17613794,0,Two year,Fiber optic,Electronic check,49,94.8
0330-BGYZE,No,0.24866222,0,One year,Fiber optic,Bank transfer (automatic),60,102.5
1085-LDWAM,No,0.021868253,0,One year,No,Credit card (automatic),69,20.35
7586-ZATGZ,No,0.7431436,1,Month-to-month,Fiber optic,Electronic check,40,84.9
7197-VOJMM,No,0.09860509,0,Two year,DSL,Credit card (automatic),67,69.2
3318-OSATS,Yes,0.7428801,1,Month-to-month,Fiber optic,Electronic check,35,95.45
5828-AVIPD,Yes,0.5178158,1,One year,Fiber optic,Electronic check,19,100.95
1843-TLSGD,No,0.030518524,0,Two year,No,Mailed check,13,20.85
9626-VFRGG,No,0.52759516,1,Month-to-month,Fiber optic,Bank transfer (automatic),41,88.5
7075-BNDVQ,No,0.5176396,1,Month-to-month,DSL,Mailed check,4,35.0
9143-CANJF,No,0.33078453,0,Month-to-month,DSL,Electronic check,24,55.15
7284-BUYEC,No,0.6868826,1,Month-to-month,DSL,Credit card (automatic),5,50.95
2041-JIJCI,No,0.58981967,1,Month-to-month,DSL,Electronic check,5,64.0
1086-LXKFY,Yes,0.9316264,1,Month-to-month,Fiber optic,Mailed check,1,69.1
4900-MSOMT,No,0.004770656,0,Two year,DSL,Bank transfer (automatic),72,80.2
2229-VWQJH,No,0.25547945,0,Month-to-month,DSL,Credit card (automatic),24,49.3
9194-GFVOI,No,0.032643817,0,Two year,DSL,Credit card (automatic),42,84.35
1336-EZFZY,No,0.23814964,0,Month-to-month,No,Mailed check,4,20.05
4282-MSACW,No,0.49535775,1,One year,Fiber optic,Credit card (automatic),68,117.2
1403-LKLIK,No,0.048028637,0,One year,No,Mailed check,33,20.1
2636-ALXXZ,Yes,0.9443702,1,Month-to-month,Fiber optic,Electronic check,1,69.6
7774-OJSXI,Yes,0.5113153,1,One year,Fiber optic,Electronic check,31,103.45
7786-WBJYI,Yes,0.7975637,1,Month-to-month,Fiber optic,Bank transfer (automatic),4,77.95
0136-IFMYD,No,0.49182588,1,Two year,Fiber optic,Electronic check,69,109.95
5144-TVGLP,No,0.7098729,1,Month-to-month,Fiber optic,Electronic check,38,94.75
9643-AVVWI,No,0.8492685,1,Month-to-month,Fiber optic,Electronic check,3,80.0
0253-ZTEOB,No,0.022764066,0,Two year,DSL,Electronic check,48,79.65
2706-QZIHY,No,0.03484951,0,Two year,No,Mailed check,15,25.2
6061-PQHMK,No,0.046002157,0,One year,No,Credit card (automatic),25,19.9
9885-CSMWE,Yes,0.9516842,1,Month-to-month,Fiber optic,Electronic check,1,78.45
6137-MFAJN,No,0.41720548,0,Month-to-month,DSL,Electronic check,48,44.8
9122-UMROB,No,0.5655096,1,Month-to-month,No,Mailed check,1,20.3
4232-JGKIY,No,0.19771564,0,Month-to-month,No,Electronic check,1,19.2
2402-TAIRZ,No,0.20726381,0,One year,Fiber optic,Electronic check,37,80.05
9659-ZTWSM,No,0.5789357,1,One year,Fiber optic,Bank transfer (automatic),66,107.35
9139-TWBAS,No,0.113756694,0,One year,DSL,Bank transfer (automatic),26,47.85
6685-GBWJZ,No,0.08336961,0,One year,DSL,Credit card (automatic),63,70.8
5016-ETTFF,Yes,0.55677265,1,Month-to-month,DSL,Mailed check,10,29.5
3866-MDTUB,Yes,0.6741135,1,Month-to-month,DSL,Electronic check,2,70.75
2195-VVRJF,No,0.39258948,0,Month-to-month,DSL,Credit card (automatic),18,59.1
3913-RDSJZ,No,0.04375104,0,Two year,No,Mailed check,64,25.55
8058-JMEQO,Yes,0.91351837,1,Month-to-month,Fiber optic,Electronic check,9,84.45
4203-QGNZA,No,0.11868246,0,Month-to-month,No,Mailed check,28,20.25
5043-TRZWM,No,0.88427055,1,Month-to-month,Fiber optic,Electronic check,1,75.55
0697-ZMSWS,Yes,0.90903544,1,Month-to-month,Fiber optic,Electronic check,4,85.65
7657-DYEPJ,Yes,0.33845434,0,One year,DSL,Credit card (automatic),38,70.15
9494-BDNNC,No,0.3808592,0,One year,Fiber optic,Electronic check,66,95.3
1640-PLFMP,No,0.912948,1,Month-to-month,Fiber optic,Electronic check,1,70.25
5366-OBVMR,No,0.3674524,0,Month-to-month,DSL,Mailed check,18,50.3
8276-MQBYC,Yes,0.863854,1,Month-to-month,Fiber optic,Electronic check,51,97.8
7644-OMVMY,No,0.03635654,0,Two year,No,Mailed check,0,19.85
7593-XFKDI,Yes,0.75630456,1,Month-to-month,DSL,Mailed check,1,46.3
4573-JKNAE,No,0.046988584,0,Two year,No,Bank transfer (automatic),12,19.35
0337-CNPZE,Yes,0.79559106,1,Month-to-month,Fiber optic,Electronic check,41,106.3
9817-APLHW,No,0.24391858,0,Month-to-month,No,Electronic check,12,25.0
8380-MQINP,No,0.027766986,0,Two year,No,Mailed check,55,20.3
0840-DFEZH,No,0.8758005,1,Month-to-month,Fiber optic,Electronic check,7,75.35
1513-XNPPH,Yes,0.8086773,1,Month-to-month,Fiber optic,Electronic check,12,89.4
8690-ZVLCL,No,0.028293867,0,Two year,DSL,Credit card (automatic),68,88.0
6015-VVHHE,Yes,0.9193276,1,Month-to-month,Fiber optic,Credit card (automatic),5,83.15
1125-SNVCK,No,0.28823507,0,Month-to-month,DSL,Mailed check,49,43.8
0384-LPITE,No,0.25081408,0,One year,DSL,Credit card (automatic),40,62.05
4616-EWBNJ,No,0.11794515,0,One year,No,Bank transfer (automatic),16,20.1
6347-DCUIK,Yes,0.7983945,1,Month-to-month,Fiber optic,Mailed check,10,74.15
1335-HQMKX,No,0.19471477,0,One year,Fiber optic,Electronic check,72,101.35
2545-EBUPK,No,0.9430419,1,Month-to-month,Fiber optic,Electronic check,2,84.05
6923-AQONU,No,0.024563363,0,Two year,No,Mailed check,23,20.9
2172-EJXVF,No,0.25261128,0,One year,Fiber optic,Electronic check,71,105.9
0897-FEGMU,Yes,0.9512399,1,Month-to-month,Fiber optic,Electronic check,11,99.5
7663-RGWBC,Yes,0.7753094,1,Month-to-month,DSL,Mailed check,1,44.15
1120-BMWUB,Yes,0.47426566,1,Month-to-month,DSL,Mailed check,16,53.9
9124-LHCJQ,Yes,0.95421183,1,Month-to-month,Fiber optic,Mailed check,1,85.45
4536-PLEQY,No,0.7609533,1,Month-to-month,Fiber optic,Credit card (automatic),12,85.05
7029-IJEJK,No,0.11195315,0,One year,DSL,Bank transfer (automatic),54,44.1
8871-JLMHM,No,0.04059349,0,Two year,Fiber optic,Credit card (automatic),68,90.2
2235-ZGKPT,Yes,0.6018927,1,Month-to-month,DSL,Mailed check,4,50.85
3891-PUQOD,Yes,0.7608971,1,Month-to-month,DSL,Electronic check,1,59.2
5447-VYTKW,No,0.13960883,0,Month-to-month,DSL,Mailed check,27,53.45
3623-FQBOX,No,0.1492556,0,Month-to-month,No,Mailed check,21,19.95
0689-NKYLF,Yes,0.8039295,1,Month-to-month,Fiber optic,Electronic check,13,83.2
8659-HDIYE,No,0.07248657,0,Month-to-month,DSL,Credit card (automatic),64,74.65
3658-KIBGF,Yes,0.74919534,1,Month-to-month,DSL,Electronic check,1,54.9
3474-BAFSJ,No,0.051154427,0,Two year,DSL,Bank transfer (automatic),57,57.5
5519-YLDGW,Yes,0.90792435,1,Month-to-month,Fiber optic,Electronic check,21,103.9
3865-ZFZIB,No,0.038921747,0,Two year,No,Mailed check,19,19.65
1855-AGAWH,No,0.52128637,1,One year,Fiber optic,Electronic check,31,93.8
7109-CQYUZ,No,0.025863435,0,Two year,DSL,Mailed check,52,89.25
1370-GGAWX,No,0.4104565,0,One year,Fiber optic,Electronic check,46,94.15
4680-KUTAJ,No,0.6672867,1,Month-to-month,DSL,Electronic check,11,55.6
5307-UVGNB,No,0.30709842,0,Month-to-month,DSL,Bank transfer (automatic),53,48.7
4946-EDSEW,Yes,0.107801884,0,Month-to-month,No,Mailed check,11,19.25
2883-ILGWO,No,0.5783923,1,Month-to-month,Fiber optic,Bank transfer (automatic),57,104.9
2516-VQRRV,Yes,0.8511915,1,Month-to-month,Fiber optic,Mailed check,2,75.45
7580-UGXNC,Yes,0.728327,1,Month-to-month,DSL,Mailed check,2,54.85
3642-BYHDO,No,0.0058713583,0,Two year,No,Bank transfer (automatic),71,19.9
9629-NHXFW,No,0.5659233,1,Month-to-month,No,Mailed check,1,19.4
2696-RZVZW,No,0.027144428,0,Two year,No,Credit card (automatic),68,25.05
5766-FTRTS,No,0.0028776024,0,Two year,DSL,Mailed check,72,84.45
0396-HUJBP,No,0.13181964,0,Month-to-month,No,Mailed check,2,19.3
5178-LMXOP,Yes,0.9713329,1,Month-to-month,Fiber optic,Electronic check,1,95.1
8879-ZKJOF,No,0.2702412,0,One year,DSL,Bank transfer (automatic),41,79.85
6285-FTQBF,No,0.005489389,0,Two year,No,Credit card (automatic),72,25.55
8185-UPYBR,Yes,0.868417,1,Month-to-month,Fiber optic,Electronic check,6,75.5
4585-HETAI,Yes,0.79029363,1,Month-to-month,Fiber optic,Electronic check,4,73.75
7526-BEZQB,Yes,0.9297223,1,Month-to-month,Fiber optic,Electronic check,12,96.05
1474-JUWSM,No,0.18923922,0,One year,DSL,Electronic check,58,68.4
3530-CRZSB,No,0.2279914,0,Month-to-month,No,Mailed check,7,20.65
8498-XXGWA,No,0.084986955,0,Month-to-month,DSL,Mailed check,65,55.15
9617-INGJY,No,0.90231436,1,Month-to-month,Fiber optic,Mailed check,1,70.6
0621-TSSMU,No,0.07887287,0,One year,No,Credit card (automatic),56,19.95
7234-KMNRQ,No,0.03675775,0,Month-to-month,No,Mailed check,4,19.0
7636-PEPNS,No,0.13330154,0,One year,DSL,Mailed check,58,44.1
4683-WYDOU,No,0.42686206,0,Two year,Fiber optic,Bank transfer (automatic),62,107.6
9052-DHNKM,No,0.18172267,0,One year,DSL,Electronic check,26,61.55
6794-HKIAJ,No,0.11032857,0,Month-to-month,Fiber optic,Bank transfer (automatic),62,90.7
5578-NKCXI,No,0.15441376,0,One year,Fiber optic,Credit card (automatic),58,99.25
1642-HMARX,No,0.043643847,0,Two year,DSL,Electronic check,68,91.7
3096-WPXBT,No,0.18647237,0,One year,Fiber optic,Credit card (automatic),61,100.7
8434-PNQZX,No,0.050848007,0,Two year,DSL,Credit card (automatic),42,78.45
5950-AAAGJ,No,0.5336569,1,Month-to-month,Fiber optic,Bank transfer (automatic),18,84.3
4299-OPXEJ,No,0.12148382,0,Two year,No,Bank transfer (automatic),56,19.55
4951-UKAAQ,Yes,0.9208894,1,Month-to-month,Fiber optic,Electronic check,4,88.95
9618-LFJRU,No,0.24164078,0,Month-to-month,No,Credit card (automatic),4,20.45
6693-DJWTY,No,0.08283865,0,One year,DSL,Credit card (automatic),35,55.6
0744-GKNGE,No,0.09742463,0,Month-to-month,Fiber optic,Bank transfer (automatic),64,86.8
6447-EGDIV,No,0.06852597,0,One year,No,Mailed check,31,20.95
1167-OYZJF,No,0.022031356,0,Two year,No,Bank transfer (automatic),67,20.05
2108-YKQTY,Yes,0.6244784,1,Month-to-month,DSL,Credit card (automatic),4,50.7
4806-DXQCE,No,0.20399824,0,Two year,Fiber optic,Electronic check,70,113.65
4918-QLLIW,Yes,0.67460966,1,Month-to-month,DSL,Credit card (automatic),3,53.4
7056-IMHCC,Yes,0.8308244,1,Month-to-month,Fiber optic,Electronic check,53,101.9
4854-SSLTN,No,0.021769043,0,Two year,DSL,Mailed check,2,59.5
5294-DMSFH,No,0.61383533,1,Month-to-month,Fiber optic,Credit card (automatic),29,87.8
4837-PZTIC,No,0.04105021,0,Two year,DSL,Mailed check,47,41.9
1625-JAIIY,Yes,0.39590773,0,One year,Fiber optic,Electronic check,68,83.0
0603-OLQDC,No,0.3415515,0,Month-to-month,DSL,Mailed check,12,69.85
3272-VUHPV,No,0.47851232,1,Month-to-month,DSL,Bank transfer (automatic),8,56.3
4176-FXYBO,No,0.4496628,0,Month-to-month,Fiber optic,Electronic check,54,109.55
1063-DHQJF,No,0.016439369,0,Two year,Fiber optic,Mailed check,69,92.15
8663-UPDGF,No,0.2931529,0,Month-to-month,DSL,Bank transfer (automatic),26,69.5
6719-FGEDO,No,0.0076124226,0,Two year,Fiber optic,Bank transfer (automatic),72,97.0
1837-YQUCE,No,0.02185695,0,Two year,DSL,Bank transfer (automatic),70,58.35
2947-DOMLJ,Yes,0.58613247,1,Month-to-month,DSL,Mailed check,1,50.6
4112-LUEIZ,Yes,0.8305289,1,Month-to-month,Fiber optic,Electronic check,10,89.5
0369-ZGOVK,No,0.17680593,0,One year,Fiber optic,Bank transfer (automatic),28,70.4
4510-HIMLV,Yes,0.9403647,1,Month-to-month,Fiber optic,Electronic check,1,69.8
9919-KNPOO,No,0.8425862,1,Month-to-month,Fiber optic,Electronic check,21,94.3
8749-JMNKX,Yes,0.5580784,1,Month-to-month,Fiber optic,Bank transfer (automatic),51,93.8
7872-BAAZR,No,0.16009468,0,One year,No,Bank transfer (automatic),53,19.55
9391-LMANN,No,0.18594806,0,One year,Fiber optic,Electronic check,53,95.95
2430-USGXP,Yes,0.8834689,1,Month-to-month,Fiber optic,Electronic check,24,101.05
8174-TBVCF,No,0.06265296,0,Two year,DSL,Credit card (automatic),70,94.8
1698-XFZCI,No,0.46220875,1,One year,Fiber optic,Electronic check,61,107.75
1877-HKBQX,No,0.10668894,0,One year,DSL,Mailed check,11,54.6
4450-DLLMH,No,0.7484947,1,Month-to-month,Fiber optic,Credit card (automatic),2,71.3
0428-AXXLJ,No,0.07150751,0,One year,No,Bank transfer (automatic),25,19.5
2746-DIJLO,No,0.2525799,0,One year,DSL,Credit card (automatic),41,56.3
5955-ERIHD,Yes,0.8435724,1,Month-to-month,Fiber optic,Electronic check,18,94.7
0917-EZOLA,Yes,0.51772463,1,Two year,Fiber optic,Bank transfer (automatic),72,104.15
3508-VLHCZ,No,0.009403027,0,Two year,DSL,Credit card (automatic),71,90.55
4086-ATNFV,No,0.07961783,0,One year,DSL,Mailed check,34,60.8
0468-YRPXN,No,0.57326293,1,Month-to-month,Fiber optic,Credit card (automatic),29,98.8
5996-NRVXR,No,0.1657788,0,One year,Fiber optic,Credit card (automatic),40,98.15
3739-YBWAB,No,0.059580185,0,One year,DSL,Mailed check,36,35.35
7047-FWEYA,No,0.43675244,0,One year,Fiber optic,Electronic check,46,103.15
2000-MPKCA,No,0.54813254,1,One year,Fiber optic,Electronic check,58,107.75
9762-YAQAA,No,0.14369963,0,One year,Fiber optic,Credit card (automatic),39,81.4
5949-EBSQK,Yes,0.29743907,0,Month-to-month,DSL,Credit card (automatic),4,61.45
5473-KHBPS,No,0.14891565,0,One year,Fiber optic,Credit card (automatic),52,95.7
0100-DUVFC,No,0.57329786,1,One year,Fiber optic,Electronic check,70,104.8
5397-TUPSH,No,0.062427606,0,One year,Fiber optic,Bank transfer (automatic),65,70.95
8950-MTZNV,No,0.7753094,1,Month-to-month,DSL,Mailed check,1,44.95
0326-VDYXE,No,0.42158034,0,One year,Fiber optic,Electronic check,70,97.65
6773-LQTVT,No,0.4414397,0,Month-to-month,DSL,Mailed check,29,35.65
7274-RTAPZ,Yes,0.9457266,1,Month-to-month,Fiber optic,Electronic check,1,90.55
0436-TWFFZ,No,0.035351314,0,Two year,DSL,Mailed check,67,85.25
8566-YPRGL,No,0.65393794,1,Month-to-month,No,Mailed check,1,19.5
0311-UNPFF,Yes,0.65500176,1,Month-to-month,Fiber optic,Bank transfer (automatic),26,88.8
6609-MXJHJ,No,0.03885902,0,Two year,No,Mailed check,30,25.1
2669-OIDSD,No,0.36047038,0,Month-to-month,Fiber optic,Credit card (automatic),48,100.05
8400-WZICQ,No,0.24293737,0,Month-to-month,DSL,Electronic check,55,55.7
3834-XUIFC,Yes,0.90961,1,Month-to-month,Fiber optic,Mailed check,7,85.2
9576-SYUHJ,No,0.48766327,1,Month-to-month,Fiber optic,Electronic check,37,91.15
0410-IPFTY,No,0.67940164,1,Month-to-month,Fiber optic,Bank transfer (automatic),31,83.85
2831-EBWRN,No,0.72123384,1,Month-to-month,DSL,Electronic check,4,45.9
9430-NKQLY,No,0.006440308,0,Two year,No,Credit card (automatic),72,25.1
8414-MYSHR,Yes,0.8812324,1,Month-to-month,Fiber optic,Electronic check,5,91.4
0247-SLUJI,No,0.58054394,1,Month-to-month,No,Mailed check,1,19.7
9402-ORRAH,No,0.77405345,1,Month-to-month,Fiber optic,Electronic check,15,91.5
6483-OATDN,No,0.4194725,0,Month-to-month,DSL,Credit card (automatic),8,51.3
1293-HHSHJ,No,0.06198037,0,One year,No,Mailed check,35,21.1
4840-ORQXB,No,0.6694838,1,Month-to-month,Fiber optic,Electronic check,56,104.75
7599-FKVXZ,Yes,0.74007726,1,Month-to-month,Fiber optic,Bank transfer (automatic),42,106.15
3982-DQLUS,No,0.28874615,0,Month-to-month,Fiber optic,Electronic check,65,85.75
8610-ZIKJJ,No,0.13825423,0,One year,No,Mailed check,2,20.3
3756-VNWDH,No,0.33876052,0,One year,Fiber optic,Electronic check,65,100.75
7801-KICAO,No,0.7460725,1,Month-to-month,Fiber optic,Electronic check,18,74.15
7673-LPRNY,No,0.27185988,0,One year,DSL,Electronic check,23,78.55
8229-TNIQA,Yes,0.6455158,1,Month-to-month,DSL,Mailed check,4,45.3
6060-QBMGV,No,0.012457008,0,Two year,No,Credit card (automatic),70,19.85
7339-POGZN,No,0.7096208,1,Month-to-month,DSL,Electronic check,4,50.7
2828-SLQPF,No,0.411921,0,Month-to-month,DSL,Bank transfer (automatic),19,45.0
4465-VDKIQ,No,0.5875602,1,Month-to-month,Fiber optic,Electronic check,18,77.8
2921-XWDJH,No,0.6592539,1,Month-to-month,Fiber optic,Electronic check,38,83.45
6221-AVQYL,Yes,0.8356896,1,Month-to-month,Fiber optic,Credit card (automatic),2,73.25
2558-BUOZZ,No,0.119179115,0,One year,Fiber optic,Bank transfer (automatic),47,94.8
9257-AZMTZ,No,0.030998806,0,Two year,No,Bank transfer (automatic),52,20.1
0003-MKNFE,No,0.3678013,0,Month-to-month,DSL,Mailed check,9,59.9
0975-UYDTX,No,0.20308408,0,One year,DSL,Credit card (automatic),26,90.1
7743-EXURX,Yes,0.64923596,1,Month-to-month,DSL,Electronic check,8,51.05
4682-BLBUC,No,0.20553386,0,One year,DSL,Electronic check,44,70.95
0975-VOOVL,No,0.5737003,1,Month-to-month,DSL,Mailed check,3,29.2
5968-VXZLG,No,0.7529337,1,Month-to-month,DSL,Bank transfer (automatic),2,46.6
5569-KGJHX,Yes,0.8697882,1,Month-to-month,Fiber optic,Bank transfer (automatic),9,85.35
4988-IQIGL,Yes,0.9508455,1,Month-to-month,Fiber optic,Electronic check,1,75.35
5201-FRKKS,No,0.40814772,0,Month-to-month,Fiber optic,Bank transfer (automatic),25,74.3
9799-CAYJJ,No,0.79018444,1,Month-to-month,Fiber optic,Electronic check,2,69.3
7730-IUTDZ,Yes,0.63206476,1,Month-to-month,Fiber optic,Electronic check,43,75.2
0426-TIRNE,Yes,0.66335225,1,Month-to-month,No,Mailed check,1,20.9
5443-SCMKX,No,0.31254703,0,One year,Fiber optic,Electronic check,58,94.3
8295-KMENE,No,0.04338978,0,Two year,DSL,Mailed check,59,76.45
6738-ISCBM,No,0.34159455,0,One year,DSL,Electronic check,44,54.0
9821-BESNZ,No,0.5342096,1,One year,Fiber optic,Electronic check,66,104.25
3678-MNGZX,No,0.013804495,0,Two year,No,Bank transfer (automatic),68,19.95
1335-NTIUC,No,0.65502554,1,Month-to-month,DSL,Electronic check,9,24.95
2916-BQZLN,No,0.7153388,1,Month-to-month,Fiber optic,Electronic check,19,84.75
4558-CGYCZ,No,0.2989156,0,Month-to-month,No,Mailed check,4,19.75
2368-GAKKQ,No,0.15723716,0,Two year,Fiber optic,Bank transfer (automatic),70,113.65
8710-YGLWG,No,0.7753094,1,Month-to-month,DSL,Mailed check,1,44.9
3199-XGZCY,No,0.87622094,1,Month-to-month,Fiber optic,Electronic check,8,75.25
3785-KTYSH,No,0.04271262,0,Two year,No,Mailed check,53,24.6
6814-ZPWFQ,No,0.067941524,0,One year,No,Bank transfer (automatic),51,25.0
4063-EIKNQ,No,0.21563007,0,Month-to-month,No,Bank transfer (automatic),11,20.95
6993-YCOBK,No,0.18443643,0,Two year,Fiber optic,Electronic check,60,110.6
5206-HPJKM,No,0.39524466,0,Month-to-month,DSL,Credit card (automatic),17,55.5
7587-RZNME,Yes,0.72853816,1,Month-to-month,DSL,Electronic check,3,43.3
0748-RDGGM,Yes,0.54753447,1,One year,Fiber optic,Bank transfer (automatic),70,109.5
8393-JMVMB,No,0.6000805,1,Month-to-month,No,Mailed check,1,19.45
5019-GQVCR,No,0.76087445,1,Month-to-month,Fiber optic,Electronic check,43,84.85
6036-TTFYU,No,0.22879574,0,Month-to-month,No,Mailed check,16,19.6
2550-AEVRU,No,0.16041501,0,One year,DSL,Electronic check,57,53.45
0969-RGKCU,No,0.040250484,0,One year,No,Credit card (automatic),37,19.8
0378-CJKPV,No,0.006319714,0,Two year,Fiber optic,Credit card (automatic),72,112.1
4706-AXVKM,Yes,0.87817395,1,Month-to-month,Fiber optic,Credit card (automatic),11,84.8
5889-JTMUL,Yes,0.7143579,1,Month-to-month,Fiber optic,Electronic check,50,95.05
9026-RNUJS,Yes,0.72546726,1,Month-to-month,DSL,Electronic check,5,50.35
3746-EUBYR,Yes,0.9183199,1,Month-to-month,Fiber optic,Bank transfer (automatic),1,74.6
2332-EFBJY,Yes,0.2690732,0,Month-to-month,No,Mailed check,16,19.7
2880-FPNAE,No,0.73499674,1,Month-to-month,Fiber optic,Electronic check,2,74.2
1703-MGIAB,No,0.34948933,0,Month-to-month,DSL,Mailed check,17,69.0
4311-QTTAI,No,0.09757241,0,One year,No,Credit card (automatic),16,19.35
9474-PHLYD,Yes,0.5982844,1,Month-to-month,DSL,Electronic check,15,59.45
4318-RAJVY,No,0.07312034,0,One year,No,Mailed check,10,19.8
2165-VOEGB,Yes,0.37709215,0,One year,Fiber optic,Bank transfer (automatic),46,105.2
3612-YUNGG,No,0.22487193,0,Two year,Fiber optic,Credit card (automatic),64,109.2
2254-DLXRI,No,0.9463663,1,Month-to-month,Fiber optic,Mailed check,1,79.15
5062-CJJKH,No,0.162533,0,One year,DSL,Mailed check,25,53.65
9028-LIHRP,No,0.01754572,0,Two year,Fiber optic,Credit card (automatic),71,100.2
2219-MVUSO,Yes,0.49412325,1,Month-to-month,DSL,Mailed check,8,45.15
1053-MXTTK,No,0.031176703,0,Two year,Fiber optic,Bank transfer (automatic),72,108.65
1530-ZTDOZ,No,0.275704,0,Month-to-month,DSL,Bank transfer (automatic),49,40.65
1301-LOPVR,No,0.15227066,0,One year,DSL,Credit card (automatic),29,55.35
0853-TWRVK,No,0.019372744,0,Two year,Fiber optic,Bank transfer (automatic),72,105.6
8914-RBTSB,Yes,0.5641625,1,Month-to-month,Fiber optic,Electronic check,31,93.8
6212-ATMLK,No,0.80182177,1,Month-to-month,Fiber optic,Electronic check,50,95.7
8200-LGKSR,No,0.023426495,0,Two year,DSL,Electronic check,71,83.2
1568-BEKZM,No,0.047798045,0,Two year,DSL,Credit card (automatic),70,90.05
0670-ANMUU,No,0.039508395,0,One year,Fiber optic,Credit card (automatic),71,97.65
6897-RWMUB,No,0.0164683,0,Two year,DSL,Bank transfer (automatic),61,68.05
0963-ZBDRN,Yes,0.6270289,1,Month-to-month,Fiber optic,Electronic check,32,96.2
7594-RQHXR,Yes,0.9368157,1,Month-to-month,Fiber optic,Electronic check,1,79.6
6999-CHVCF,No,0.12359441,0,Two year,Fiber optic,Bank transfer (automatic),68,102.1
6134-KWTBV,No,0.02094867,0,Two year,No,Bank transfer (automatic),62,23.4
1077-HUUJM,No,0.7877954,1,Month-to-month,Fiber optic,Electronic check,7,71.05
6331-EWIEB,Yes,0.8188415,1,Month-to-month,Fiber optic,Electronic check,20,85.25
0895-LNKRC,No,0.057247154,0,One year,No,Mailed check,6,19.45
2045-BMBTJ,No,0.44207498,0,Month-to-month,DSL,Bank transfer (automatic),33,59.45
8417-GSODA,No,0.30445346,0,One year,Fiber optic,Bank transfer (automatic),28,92.2
5171-EPLKN,No,0.022307822,0,Two year,No,Credit card (automatic),27,19.85
4452-QIIEB,No,0.48749238,1,Month-to-month,DSL,Mailed check,7,43.9
5998-VVEJY,Yes,0.65037656,1,Month-to-month,Fiber optic,Electronic check,26,80.5
1624-NALOJ,Yes,0.91899675,1,Month-to-month,Fiber optic,Electronic check,5,89.8
6741-EGCBI,No,0.5861478,1,Month-to-month,Fiber optic,Credit card (automatic),30,90.5
7820-ZYGNY,No,0.1560187,0,One year,Fiber optic,Credit card (automatic),63,90.45
4317-VTEOA,Yes,0.8151445,1,Month-to-month,DSL,Electronic check,1,50.75
9677-AVKED,No,0.26166424,0,One year,DSL,Electronic check,53,84.6
1670-SVOWZ,Yes,0.76218504,1,Month-to-month,Fiber optic,Credit card (automatic),14,89.65
2227-JRSJX,No,0.71779233,1,Month-to-month,Fiber optic,Bank transfer (automatic),21,99.15
9847-HNVGP,No,0.06184505,0,One year,No,Mailed check,17,19.95
6696-YDAYZ,No,0.019435557,0,Two year,No,Mailed check,16,20.5
8980-WQFWL,No,0.4342693,0,Month-to-month,DSL,Electronic check,35,62.1
1730-ZMAME,No,0.7088405,1,Month-to-month,Fiber optic,Electronic check,32,79.5
6506-EYCNH,No,0.2208772,0,Month-to-month,No,Bank transfer (automatic),28,19.55
4634-JLRJT,No,0.6600989,1,Month-to-month,No,Mailed check,1,20.35
9501-UKKNL,No,0.4334276,0,Month-to-month,DSL,Electronic check,59,51.7
2560-QTSBS,No,0.00885399,0,One year,No,Bank transfer (automatic),72,23.3
7541-YLXCL,Yes,0.5553096,1,One year,DSL,Mailed check,36,65.4
4795-WRNVT,No,0.2945157,0,Month-to-month,DSL,Mailed check,40,65.1
6080-TCMYC,No,0.7463814,1,Month-to-month,Fiber optic,Electronic check,40,81.2
0260-ZDLGK,Yes,0.553184,1,Month-to-month,DSL,Mailed check,9,72.9
7860-UXCRM,No,0.064146295,0,Two year,DSL,Credit card (automatic),63,74.5
6357-JJPQT,No,0.8081749,1,Month-to-month,Fiber optic,Electronic check,3,80.5
2292-XQWSV,No,0.32156715,0,One year,DSL,Mailed check,40,60.3
9552-TGUZV,No,0.5908383,1,Month-to-month,Fiber optic,Mailed check,8,75.0
5913-INRQV,No,0.19117644,0,One year,Fiber optic,Mailed check,34,90.15
8722-NGNBH,Yes,0.4003067,0,Month-to-month,DSL,Mailed check,5,40.0
6210-KBBPI,Yes,0.9371999,1,Month-to-month,Fiber optic,Credit card (automatic),9,99.45
9643-YBLUR,No,0.55061454,1,Month-to-month,DSL,Credit card (automatic),9,69.05
8734-FNWVH,No,0.21973608,0,Month-to-month,DSL,Bank transfer (automatic),31,59.7
9447-YPTBX,No,0.054658774,0,One year,No,Bank transfer (automatic),50,19.85
0133-BMFZO,Yes,0.7203521,1,Month-to-month,Fiber optic,Electronic check,2,86.25
6128-CZOMY,Yes,0.8336224,1,Month-to-month,DSL,Electronic check,1,45.65
9540-JYROE,Yes,0.7335095,1,Month-to-month,Fiber optic,Mailed check,8,70.1
9026-LHEVG,No,0.51192117,1,Month-to-month,DSL,Electronic check,9,40.75
2260-USTRB,Yes,0.8607434,1,Month-to-month,Fiber optic,Bank transfer (automatic),2,70.2
3656-TKRVZ,Yes,0.56595194,1,Month-to-month,DSL,Electronic check,3,55.35
7011-CVEUC,No,0.52211136,1,Month-to-month,Fiber optic,Credit card (automatic),25,95.7
6185-TASNN,No,0.84533787,1,Month-to-month,DSL,Electronic check,1,46.3
7925-PNRGI,No,0.109828815,0,Month-to-month,DSL,Mailed check,45,81.3
8623-TMRBY,Yes,0.7534963,1,Month-to-month,Fiber optic,Electronic check,51,84.2
1552-CZCLL,No,0.13941525,0,Month-to-month,No,Credit card (automatic),55,20.0
3038-PQIUY,No,0.29546434,0,Month-to-month,DSL,Bank transfer (automatic),38,66.15
1501-SGHBW,Yes,0.7807841,1,Month-to-month,DSL,Mailed check,2,45.85
9313-CDOGY,No,0.12436957,0,Month-to-month,No,Electronic check,38,19.6
8148-BPLZQ,No,0.2556641,0,Month-to-month,DSL,Electronic check,34,49.8
2623-DRYAM,No,0.3754837,0,One year,Fiber optic,Electronic check,70,101.75
9987-LUTYD,No,0.10634716,0,One year,DSL,Mailed check,13,55.15
3208-YPIOE,Yes,0.67780143,1,Month-to-month,Fiber optic,Electronic check,39,75.25
4488-KQFDT,No,0.54787815,1,One year,Fiber optic,Electronic check,61,103.95
2612-RANWT,Yes,0.91870356,1,Month-to-month,Fiber optic,Bank transfer (automatic),12,100.15
5693-PIPCS,No,0.04804717,0,Two year,Fiber optic,Credit card (automatic),41,99.65
0491-KAPQG,No,0.7497761,1,Month-to-month,Fiber optic,Electronic check,21,73.7
1925-LFCZZ,No,0.33176658,0,One year,DSL,Bank transfer (automatic),55,50.05
8039-EQPIM,No,0.027001852,0,Two year,DSL,Bank transfer (automatic),69,60.25
6900-PXRMS,Yes,0.7465632,1,Month-to-month,Fiber optic,Electronic check,26,105.75
8707-RMEZH,No,0.24066515,0,One year,Fiber optic,Credit card (automatic),69,87.3
3346-BRMIS,Yes,0.7840414,1,Month-to-month,DSL,Electronic check,18,48.35
3209-ZPKFI,No,0.38420165,0,Month-to-month,DSL,Electronic check,47,54.25
6479-VDGRK,No,0.004164498,0,Two year,DSL,Bank transfer (automatic),72,85.3
9373-WSLOY,No,0.3222753,0,Month-to-month,DSL,Electronic check,33,50.0
2933-FILNV,Yes,0.7828379,1,Month-to-month,DSL,Mailed check,2,24.4
3569-JFODW,No,0.0040399036,0,Two year,DSL,Credit card (automatic),72,90.95
9819-FBNSV,No,0.6255704,1,Month-to-month,Fiber optic,Bank transfer (automatic),37,72.25
9544-PYPSJ,No,0.38514128,0,Month-to-month,Fiber optic,Credit card (automatic),62,96.1
1591-XWLGB,No,0.005298114,0,Two year,No,Credit card (automatic),71,19.85
0396-UKGAI,No,0.16028538,0,Month-to-month,DSL,Bank transfer (automatic),23,55.3
3243-ZHOHY,No,0.06867525,0,One year,No,Mailed check,16,20.1
5186-EJEGL,No,0.3188834,0,Month-to-month,DSL,Mailed check,9,69.5
7527-QNRUS,No,0.026464006,0,Two year,No,Mailed check,17,25.15
9986-BONCE,Yes,0.3476064,0,Month-to-month,No,Bank transfer (automatic),4,20.95
2722-JMONI,Yes,0.7970071,1,Month-to-month,DSL,Electronic check,1,49.55
2203-GHNWN,No,0.5828624,1,Month-to-month,Fiber optic,Mailed check,24,79.65
3878-AVSOQ,No,0.9237635,1,Month-to-month,Fiber optic,Electronic check,1,71.25
3258-SYSWS,No,0.025264036,0,Two year,Fiber optic,Bank transfer (automatic),72,113.8
5296-PSYVW,No,0.023391888,0,Two year,No,Electronic check,72,24.55
6319-QSUSR,No,0.21161076,0,Month-to-month,No,Credit card (automatic),11,19.7
4083-EUGRJ,Yes,0.2468859,0,Month-to-month,No,Mailed check,9,20.25
7579-OOPEC,Yes,0.73634195,1,Month-to-month,DSL,Credit card (automatic),2,50.15
0512-FLFDW,No,0.4733831,1,One year,Fiber optic,Credit card (automatic),60,100.5
1771-OADNZ,Yes,0.7321615,1,Month-to-month,Fiber optic,Electronic check,29,95.9
0487-CRLZF,No,0.04005207,0,Two year,DSL,Bank transfer (automatic),49,74.45
2107-FBPTK,No,0.74965954,1,Month-to-month,Fiber optic,Electronic check,30,104.1
9451-WLYRI,No,0.0141886305,0,One year,No,Credit card (automatic),53,19.05
8219-VYBVI,No,0.029987812,0,Two year,No,Mailed check,39,25.0
1991-VOPLL,No,0.038580604,0,Month-to-month,No,Mailed check,9,19.05
9738-QLWTP,No,0.18839705,0,One year,Fiber optic,Electronic check,39,81.9
1016-DJTSV,No,0.7608536,1,Month-to-month,Fiber optic,Electronic check,8,69.7
9419-IPPBE,No,0.30552593,0,One year,Fiber optic,Electronic check,51,90.15
0174-QRVVY,No,0.007981461,0,Two year,No,Credit card (automatic),71,25.35
5699-BNCAS,No,0.011638944,0,Two year,No,Mailed check,71,24.65
2900-PHPLN,No,0.019742785,0,Two year,No,Credit card (automatic),70,19.55
0612-RTZZA,Yes,0.8643972,1,Month-to-month,DSL,Electronic check,1,25.25
8106-GWQOK,No,0.02513926,0,Two year,DSL,Bank transfer (automatic),38,60.0
8751-EDEKA,No,0.5834386,1,Month-to-month,Fiber optic,Credit card (automatic),28,89.9
6878-GGDWG,No,0.21792969,0,Month-to-month,No,Bank transfer (automatic),32,19.4
4039-PIMHX,No,0.16496214,0,Two year,DSL,Mailed check,49,49.8
8450-LUGUK,No,0.04540989,0,Two year,No,Bank transfer (automatic),37,24.1
3604-WLABM,No,0.6226481,1,Month-to-month,DSL,Electronic check,10,54.25
0795-GMVQO,No,0.22951822,0,One year,Fiber optic,Credit card (automatic),67,109.9
2259-OUUSZ,No,0.2614004,0,One year,DSL,Credit card (automatic),7,35.5
1142-IHLOO,No,0.2422023,0,One year,Fiber optic,Credit card (automatic),51,87.55
6410-LEFEN,Yes,0.5825484,1,Month-to-month,DSL,Electronic check,9,45.15
4633-MKHYU,No,0.82736945,1,Month-to-month,Fiber optic,Mailed check,9,88.4
6257-RJOHI,No,0.48941863,1,Month-to-month,DSL,Mailed check,4,50.8
1545-JFUML,No,0.054385092,0,Two year,Fiber optic,Electronic check,71,99.0
3194-ORPIK,Yes,0.5891008,1,Month-to-month,Fiber optic,Bank transfer (automatic),50,84.4
7826-VVKWT,No,0.15010689,0,Two year,Fiber optic,Electronic check,24,96.55
1353-GHZOS,No,0.13060549,0,One year,DSL,Bank transfer (automatic),22,59.75
2587-EKXTS,No,0.39734584,0,Month-to-month,Fiber optic,Electronic check,44,111.5
5442-BXVND,No,0.20506284,0,Month-to-month,No,Bank transfer (automatic),33,24.25
8816-VXNZD,Yes,0.94376236,1,Month-to-month,Fiber optic,Electronic check,1,75.1
9378-FXTIZ,Yes,0.20699708,0,One year,DSL,Credit card (automatic),54,70.15
1723-HKXJQ,Yes,0.8185341,1,Month-to-month,Fiber optic,Electronic check,42,101.75
7825-GKXMW,Yes,0.79243034,1,Month-to-month,DSL,Electronic check,1,45.8
9753-OYLBX,No,0.60683197,1,Month-to-month,No,Mailed check,1,20.5
2364-UFROM,No,0.1070156,0,One year,DSL,Electronic check,30,70.4
6656-JWRQX,No,0.6076721,1,Month-to-month,DSL,Mailed check,1,30.55
6473-ULUHT,No,0.30268934,0,Month-to-month,DSL,Electronic check,16,84.9
1240-KNSEZ,Yes,0.67231053,1,Month-to-month,No,Mailed check,1,20.1
0836-SEYLU,Yes,0.6029375,1,Month-to-month,DSL,Mailed check,9,40.65
4433-JCGCG,Yes,0.86094695,1,Month-to-month,Fiber optic,Electronic check,46,101.0
3716-BDVDB,Yes,0.9403647,1,Month-to-month,Fiber optic,Electronic check,1,69.1
7688-AWMDX,No,0.008675313,0,Two year,DSL,Bank transfer (automatic),71,54.5
2842-BCQGE,No,0.58193266,1,Month-to-month,Fiber optic,Credit card (automatic),43,75.35
7244-QWYHG,No,0.067080066,0,One year,DSL,Bank transfer (automatic),50,44.45
5899-MQZZL,Yes,0.7099637,1,Month-to-month,Fiber optic,Mailed check,13,75.0
6849-OYAMU,Yes,0.42589653,0,One year,Fiber optic,Bank transfer (automatic),19,100.0
5312-UXESG,No,0.6480749,1,Month-to-month,Fiber optic,Bank transfer (automatic),41,98.05
9488-HGMJH,Yes,0.9237635,1,Month-to-month,Fiber optic,Electronic check,1,71.15
6038-GCYEC,Yes,0.5500836,1,Month-to-month,DSL,Credit card (automatic),24,54.15
2150-WLKUW,No,0.10356501,0,One year,DSL,Bank transfer (automatic),40,63.9
7159-FVYPK,No,0.6416316,1,Month-to-month,DSL,Bank transfer (automatic),3,69.15
7032-LMBHI,No,0.07182658,0,One year,DSL,Bank transfer (automatic),37,64.65
1150-WFARN,Yes,0.22953615,0,Two year,Fiber optic,Credit card (automatic),67,108.75
6088-BXMRG,No,0.7464764,1,Month-to-month,Fiber optic,Electronic check,32,98.85
3144-AUDBS,Yes,0.6967733,1,Month-to-month,DSL,Electronic check,6,49.15
4821-SJHJV,No,0.5360693,1,Month-to-month,Fiber optic,Electronic check,32,89.6
7346-MEDWM,No,0.485961,1,Month-to-month,Fiber optic,Electronic check,59,83.25
1137-DGOWI,No,0.1478141,0,One year,DSL,Bank transfer (automatic),30,70.25
5616-PRTNT,Yes,0.38860962,0,Month-to-month,No,Electronic check,20,19.4
3812-LRZIR,No,0.045761153,0,Two year,No,Electronic check,27,24.5
4818-QIUFN,Yes,0.69019634,1,Month-to-month,Fiber optic,Electronic check,20,79.15
9483-GCPWE,No,0.0703165,0,One year,No,Mailed check,9,20.1
4227-OJHAL,No,0.17380263,0,One year,DSL,Credit card (automatic),68,73.0
9220-CXRSC,No,0.023247425,0,Two year,DSL,Credit card (automatic),69,61.4
4993-JCRGJ,No,0.49769527,1,Month-to-month,Fiber optic,Mailed check,26,84.3
9537-JALFH,No,0.013804495,0,Two year,No,Bank transfer (automatic),69,19.9
6698-OXETB,No,0.021858215,0,Two year,No,Mailed check,11,20.4
2103-ZRXFN,No,0.7958658,1,Month-to-month,DSL,Mailed check,1,50.75
3724-BSCVH,No,0.045176588,0,One year,No,Mailed check,10,20.45
4877-TSOFF,No,0.1242272,0,One year,DSL,Bank transfer (automatic),55,75.75
9209-NWPGU,No,0.17133647,0,One year,DSL,Electronic check,44,65.4
6961-VCPMC,Yes,0.61022204,1,Month-to-month,Fiber optic,Electronic check,46,80.4
7306-YDSOI,No,0.017712805,0,Two year,DSL,Bank transfer (automatic),69,59.75
5288-AHOUP,No,0.78033024,1,Month-to-month,Fiber optic,Electronic check,11,78.5
6688-UZPWD,Yes,0.92842114,1,Month-to-month,Fiber optic,Electronic check,11,102.0
0655-YDGFJ,No,0.2548468,0,Month-to-month,DSL,Bank transfer (automatic),29,48.95
8468-EHYJA,No,0.639357,1,Month-to-month,Fiber optic,Electronic check,57,99.65
6823-SIDFQ,No,0.010046975,0,One year,No,Credit card (automatic),28,18.25
1097-FSPVW,No,0.3306618,0,Month-to-month,DSL,Credit card (automatic),42,54.55
2839-RFSQE,Yes,0.24462363,0,Month-to-month,No,Mailed check,2,20.65
8328-SKJNO,No,0.1021405,0,One year,DSL,Bank transfer (automatic),23,40.65
7010-ZMVBF,No,0.17949067,0,Month-to-month,No,Mailed check,18,20.45
5201-CBWYG,No,0.02981669,0,One year,No,Bank transfer (automatic),62,24.8
0968-GSIKN,Yes,0.90676516,1,Month-to-month,Fiber optic,Mailed check,1,70.8
1965-DDBWU,Yes,0.63057876,1,Month-to-month,Fiber optic,Credit card (automatic),16,89.05
9057-SIHCH,Yes,0.9377678,1,Month-to-month,Fiber optic,Electronic check,3,96.6
6352-GIGGQ,No,0.17328389,0,One year,DSL,Bank transfer (automatic),67,88.8
3635-QQRQD,No,0.02527951,0,Two year,No,Credit card (automatic),62,20.05
6771-XWBDM,Yes,0.7264143,1,Month-to-month,Fiber optic,Credit card (automatic),57,104.5
2897-DOVND,No,0.75201887,1,Month-to-month,Fiber optic,Electronic check,2,69.8
3082-YVEKW,No,0.031181345,0,Two year,DSL,Bank transfer (automatic),23,77.15
0191-EQUUH,No,0.049460534,0,Two year,DSL,Bank transfer (automatic),25,35.05
7134-HBPBS,No,0.045069154,0,Two year,Fiber optic,Bank transfer (automatic),72,108.1
3489-HHPFY,No,0.929282,1,Month-to-month,Fiber optic,Electronic check,2,84.05
2926-JEJJC,No,0.12425432,0,One year,No,Bank transfer (automatic),8,20.2
8601-QACRS,Yes,0.69268376,1,Month-to-month,DSL,Mailed check,5,50.6
4950-BDEUX,No,0.45499727,1,Month-to-month,DSL,Electronic check,35,49.2
5789-LDFXO,No,0.118753396,0,One year,No,Electronic check,24,24.6
0508-OOLTO,No,0.79270005,1,Month-to-month,Fiber optic,Electronic check,2,71.65
2984-TBYKU,No,0.019345248,0,Two year,Fiber optic,Credit card (automatic),72,104.9
9822-WMWVG,No,0.62937254,1,Month-to-month,Fiber optic,Electronic check,41,106.5
2391-SOORI,Yes,0.527158,1,Month-to-month,DSL,Electronic check,4,49.35
9040-KZVWO,No,0.10169358,0,One year,Fiber optic,Bank transfer (automatic),26,75.5
2645-QTLMB,Yes,0.86319727,1,Month-to-month,Fiber optic,Electronic check,7,94.25
4806-HIPDW,Yes,0.94072694,1,Month-to-month,Fiber optic,Electronic check,1,68.95
1548-ARAGG,No,0.5900917,1,Month-to-month,DSL,Mailed check,4,58.5
6339-RZCBJ,No,0.02314692,0,Two year,DSL,Credit card (automatic),48,78.9
4424-TKOPW,Yes,0.944326,1,Month-to-month,Fiber optic,Electronic check,2,93.85
4415-WNGVR,No,0.2516071,0,One year,DSL,Electronic check,12,79.2
2522-AHJXR,No,0.19773178,0,Month-to-month,Fiber optic,Bank transfer (automatic),60,109.45
0412-UCCNP,No,0.05144309,0,Two year,DSL,Electronic check,55,59.2
1816-FLZDK,No,0.55872166,1,Month-to-month,DSL,Mailed check,1,29.15
7096-UCLNH,No,0.62732655,1,Month-to-month,No,Mailed check,1,20.05
8443-ZRDBZ,Yes,0.90568584,1,Month-to-month,Fiber optic,Electronic check,4,76.05
9136-ALYBR,Yes,0.8289196,1,Month-to-month,DSL,Mailed check,1,24.45
4615-PIVVU,No,0.053126838,0,Two year,DSL,Credit card (automatic),42,66.5
8885-QSQBX,No,0.5236157,1,Month-to-month,DSL,Bank transfer (automatic),1,49.55
7479-NITWS,Yes,0.9123432,1,Month-to-month,Fiber optic,Credit card (automatic),7,89.35
8617-ENBDS,No,0.7172781,1,Month-to-month,Fiber optic,Credit card (automatic),3,73.6
9385-NXKDA,No,0.009740992,0,Two year,DSL,Credit card (automatic),72,82.65
0430-IHCDJ,No,0.7263083,1,Month-to-month,DSL,Electronic check,15,49.0
2959-MJHIC,Yes,0.8670546,1,Month-to-month,Fiber optic,Electronic check,4,80.35
6674-KVJHG,No,0.12895048,0,One year,No,Electronic check,11,25.2
1814-DKOLC,No,0.27493164,0,Month-to-month,No,Mailed check,5,25.45
4201-JMNGR,Yes,0.8365681,1,Month-to-month,DSL,Electronic check,1,55.8
9351-HXDMR,No,0.02072165,0,Two year,Fiber optic,Credit card (automatic),72,110.9
3537-HPKQT,No,0.43961635,0,Month-to-month,Fiber optic,Credit card (automatic),55,77.75
2129-ALKBS,No,0.26546055,0,Month-to-month,No,Electronic check,40,26.2
5821-MMEIL,No,0.053247098,0,Two year,No,Bank transfer (automatic),57,19.9
5960-WPXQM,Yes,0.95147306,1,Month-to-month,Fiber optic,Electronic check,1,79.05
0684-AOSIH,Yes,0.92662936,1,Month-to-month,Fiber optic,Electronic check,1,95.0
8260-NGFNY,Yes,0.74104816,1,Month-to-month,DSL,Mailed check,1,25.2
1309-XGFSN,No,0.4205264,0,One year,DSL,Electronic check,52,80.85
1866-RZZQS,Yes,0.87792075,1,Month-to-month,Fiber optic,Electronic check,41,98.4
6968-URWQU,No,0.33297452,0,One year,DSL,Mailed check,43,56.35
4742-TXUEX,No,0.023390591,0,Two year,No,Bank transfer (automatic),47,19.3
9631-XEYKE,No,0.67119694,1,Month-to-month,DSL,Bank transfer (automatic),3,50.4
8631-NBHFZ,Yes,0.4534164,1,Two year,DSL,Credit card (automatic),66,79.4
1335-MXCSE,No,0.032783154,0,Two year,DSL,Credit card (automatic),55,55.25
8873-TMKGR,No,0.009498787,0,One year,No,Mailed check,29,19.1
8800-JOOCF,No,0.8189182,1,Month-to-month,Fiber optic,Electronic check,12,84.05
1469-LBJQJ,No,0.770209,1,Month-to-month,Fiber optic,Electronic check,66,105.2
4958-XCBDQ,Yes,0.8252995,1,Month-to-month,Fiber optic,Electronic check,35,101.4
8337-UPOAQ,Yes,0.9001671,1,Month-to-month,Fiber optic,Electronic check,10,89.8
0064-YIJGF,No,0.5736829,1,Month-to-month,Fiber optic,Bank transfer (automatic),27,75.75
2386-OWURY,No,0.3821505,0,Month-to-month,Fiber optic,Electronic check,58,95.3
1725-IQNIY,Yes,0.4924263,1,Two year,Fiber optic,Bank transfer (automatic),54,109.75
0310-VQXAM,No,0.21555117,0,Month-to-month,No,Mailed check,9,19.85
6598-RFFVI,Yes,0.03610766,0,One year,No,Credit card (automatic),2,19.3
3453-RTHJQ,No,0.7670719,1,Month-to-month,Fiber optic,Electronic check,6,69.1
6712-OAWRH,Yes,0.7499723,1,Month-to-month,Fiber optic,Electronic check,26,91.25
6278-FEPBZ,No,0.26450336,0,Month-to-month,No,Mailed check,9,20.25
4280-DLSHD,No,0.49412325,1,Month-to-month,DSL,Mailed check,8,54.75
1508-DFXCU,No,0.7896796,1,Month-to-month,Fiber optic,Electronic check,12,81.45
8614-VGMMV,Yes,0.7263083,1,Month-to-month,DSL,Electronic check,15,49.1
7868-BGSZA,No,0.32740542,0,One year,DSL,Electronic check,43,80.2
2800-QQUSO,No,0.8088258,1,Month-to-month,Fiber optic,Electronic check,42,100.3
2930-UOTMB,Yes,0.1780335,0,Month-to-month,DSL,Credit card (automatic),31,65.25
7973-DZRKH,No,0.08481586,0,Two year,Fiber optic,Credit card (automatic),66,90.95
5914-DVBWJ,Yes,0.80304074,1,Month-to-month,Fiber optic,Electronic check,18,85.45
7698-YFGEZ,No,0.62732655,1,Month-to-month,No,Mailed check,1,20.0
2533-QVMSK,Yes,0.062627956,0,Two year,Fiber optic,Electronic check,61,94.1
9773-PEQBZ,No,0.7278752,1,Month-to-month,Fiber optic,Electronic check,10,79.85
8644-XLFBW,Yes,0.9233061,1,Month-to-month,Fiber optic,Electronic check,1,71.65
0650-BWOZN,No,0.7195441,1,Month-to-month,Fiber optic,Electronic check,18,73.55
8625-AZYZY,Yes,0.8795203,1,Month-to-month,Fiber optic,Electronic check,24,104.65
7785-RDVIG,No,0.14539914,0,Month-to-month,No,Mailed check,3,19.3
9602-WCXPI,No,0.041221716,0,One year,No,Credit card (automatic),50,20.15
2903-YYTBW,No,0.78288734,1,Month-to-month,DSL,Electronic check,1,44.55
3620-MWJNE,No,0.40994292,0,Month-to-month,DSL,Mailed check,2,54.45
8573-JGCZW,No,0.11137755,0,One year,No,Bank transfer (automatic),17,19.65
6837-HAEVO,No,0.3051428,0,Two year,Fiber optic,Electronic check,69,105.0
6701-YVNQG,No,0.0045683794,0,Two year,DSL,Credit card (automatic),72,88.7
9306-CPCBC,Yes,0.8688944,1,Month-to-month,Fiber optic,Electronic check,3,74.25
4304-XUMGI,No,0.066519976,0,Two year,DSL,Bank transfer (automatic),50,75.15
9504-YAZWB,No,0.05679667,0,Two year,No,Mailed check,53,20.25
8819-ZBYNA,No,0.49099475,1,Two year,Fiber optic,Credit card (automatic),58,109.1
6174-NRBTZ,No,0.0920713,0,One year,DSL,Bank transfer (automatic),46,30.75
9481-IEBZY,No,0.15367249,0,Month-to-month,Fiber optic,Credit card (automatic),72,112.9
1833-VGRUM,Yes,0.9477533,1,Month-to-month,Fiber optic,Electronic check,1,74.2
6137-NICCO,No,0.9146429,1,Month-to-month,Fiber optic,Mailed check,6,94.05
9065-ZCPQX,No,0.0043931934,0,Two year,DSL,Bank transfer (automatic),72,78.85
6402-EJMWF,No,0.60859853,1,Month-to-month,DSL,Mailed check,4,55.3
3620-EHIMZ,No,0.044987958,0,Two year,No,Mailed check,52,19.35
3213-VVOLG,No,0.037243277,0,Two year,No,Mailed check,0,25.35
6870-ECSHE,No,0.06343104,0,One year,No,Mailed check,2,20.45
8747-UDCOI,No,0.04636982,0,Two year,No,Bank transfer (automatic),65,19.35
8374-XGEJJ,Yes,0.84470147,1,Month-to-month,Fiber optic,Electronic check,43,101.0
2656-TABEH,Yes,0.93305856,1,Month-to-month,Fiber optic,Electronic check,4,100.2
6946-LMSQS,Yes,0.30749843,0,One year,Fiber optic,Electronic check,25,89.05
4626-OZDTJ,No,0.17712182,0,One year,DSL,Credit card (automatic),51,78.65
9169-BSVIN,No,0.34226722,0,Month-to-month,DSL,Bank transfer (automatic),12,74.75
2325-ZUSFD,Yes,0.09648262,0,One year,DSL,Bank transfer (automatic),57,70.1
8194-PEEBY,No,0.054123152,0,One year,No,Mailed check,24,19.9
6872-HXFNF,No,0.027658546,0,One year,DSL,Bank transfer (automatic),64,58.35
3932-CMDTD,Yes,0.48990196,1,One year,Fiber optic,Electronic check,4,105.65
7714-YXSMB,No,0.7713795,1,Month-to-month,Fiber optic,Bank transfer (automatic),26,100.5
8387-UGUSU,No,0.22382504,0,Month-to-month,No,Mailed check,15,20.05
1080-BWSYE,No,0.09229514,0,Two year,No,Credit card (automatic),64,25.65
4039-HEUNW,Yes,0.7520159,1,Month-to-month,Fiber optic,Electronic check,36,96.5
1194-HVAIF,No,0.6282666,1,Month-to-month,Fiber optic,Credit card (automatic),27,95.0
0812-WUPTB,Yes,0.8978696,1,Month-to-month,Fiber optic,Mailed check,1,70.85
3594-UVONA,Yes,0.2877146,0,One year,DSL,Credit card (automatic),35,85.95
0004-TLHLJ,Yes,0.7892181,1,Month-to-month,Fiber optic,Electronic check,4,73.9
1767-TGTKO,No,0.6507097,1,Month-to-month,DSL,Electronic check,8,45.45
8439-LTUGF,No,0.22413293,0,Month-to-month,No,Credit card (automatic),10,20.0
8805-JNRAZ,No,0.6430827,1,Month-to-month,DSL,Mailed check,2,49.2
5089-IFSDP,Yes,0.63815534,1,Two year,Fiber optic,Bank transfer (automatic),58,109.45
6418-HNFED,No,0.027884264,0,Two year,DSL,Credit card (automatic),51,83.25
0206-OYVOC,No,0.018561943,0,Two year,No,Mailed check,46,19.25
7291-CDTMJ,No,0.59775996,1,Month-to-month,No,Bank transfer (automatic),1,19.65
7128-GGCNO,No,0.4371286,0,Month-to-month,Fiber optic,Bank transfer (automatic),46,72.8
0237-YFUTL,No,0.4049764,0,Month-to-month,Fiber optic,Bank transfer (automatic),50,109.65
7691-KGKGP,No,0.0840265,0,Month-to-month,DSL,Credit card (automatic),53,65.0
6710-HSJRD,No,0.45123056,1,Month-to-month,Fiber optic,Electronic check,61,114.1
3675-EQOZA,No,0.25190508,0,Month-to-month,No,Bank transfer (automatic),5,20.65
0840-DCNZE,No,0.20701602,0,One year,DSL,Bank transfer (automatic),47,86.95
1732-FEKLD,No,0.19459346,0,One year,Fiber optic,Bank transfer (automatic),54,94.75
9862-KJTYK,No,0.35238618,0,Month-to-month,DSL,Credit card (automatic),19,25.35
0479-HMSWA,No,0.09618737,0,Two year,Fiber optic,Electronic check,26,105.45
5854-KSRBJ,No,0.015951606,0,Two year,No,Mailed check,70,25.4
0365-BZUWY,No,0.8059702,1,Month-to-month,Fiber optic,Electronic check,17,102.55
4817-VYYWS,Yes,0.7412563,1,Month-to-month,Fiber optic,Electronic check,30,100.2
5701-SVCWR,No,0.50460684,1,Month-to-month,No,Mailed check,1,24.0
3129-AAQOU,No,0.036406472,0,Two year,No,Mailed check,19,25.6
4922-CVPDX,No,0.0552912,0,Two year,DSL,Credit card (automatic),26,73.5
1396-QWFBJ,Yes,0.59621054,1,Month-to-month,Fiber optic,Bank transfer (automatic),21,74.05
1357-BIJKI,No,0.5583147,1,One year,Fiber optic,Electronic check,50,98.25
1099-BTKWT,No,0.21899521,0,One year,DSL,Electronic check,68,54.4
5299-SJCZT,Yes,0.9343491,1,Month-to-month,Fiber optic,Bank transfer (automatic),3,101.55
2018-PZKMU,No,0.62949467,1,Month-to-month,Fiber optic,Electronic check,9,103.1
7340-KEFQE,No,0.040252116,0,Two year,DSL,Bank transfer (automatic),51,34.2
4570-QHXHL,No,0.6507097,1,Month-to-month,DSL,Electronic check,9,43.75
2403-BCASL,Yes,0.5631765,1,One year,Fiber optic,Electronic check,41,111.95
7392-YYPYJ,No,0.8587919,1,Month-to-month,Fiber optic,Electronic check,22,100.65
2898-LSJGD,Yes,0.52521276,1,One year,DSL,Electronic check,21,55.95
2223-GDSHL,No,0.030479245,0,Two year,Fiber optic,Bank transfer (automatic),71,116.05
7359-PTSXY,Yes,0.80512476,1,Month-to-month,DSL,Electronic check,1,45.75
9470-RTWDV,No,0.28376377,0,One year,DSL,Credit card (automatic),26,82.0
2176-OSJUV,No,0.016992332,0,Two year,DSL,Bank transfer (automatic),71,65.15
9348-YVOMK,No,0.67550725,1,Month-to-month,DSL,Credit card (automatic),4,44.8
8104-OSKWT,No,0.7252485,1,Month-to-month,Fiber optic,Electronic check,12,79.8
4521-YEEHE,No,0.79132974,1,Month-to-month,Fiber optic,Electronic check,18,88.85
4090-KPJIP,No,0.8688944,1,Month-to-month,Fiber optic,Electronic check,3,74.95
3786-WOVKF,No,0.042969108,0,One year,Fiber optic,Bank transfer (automatic),72,106.85
4503-BDXBD,Yes,0.6413601,1,Month-to-month,Fiber optic,Electronic check,11,74.95
6086-ESGRL,Yes,0.9042042,1,Month-to-month,Fiber optic,Credit card (automatic),1,80.15
2592-HODOV,No,0.03110622,0,One year,No,Credit card (automatic),13,19.3
3886-CERTZ,Yes,0.65855587,1,One year,Fiber optic,Electronic check,72,109.25
7995-ZHHNZ,No,0.098755375,0,One year,DSL,Credit card (automatic),42,56.1
3824-RHKVR,No,0.24729759,0,Month-to-month,No,Credit card (automatic),17,19.7
5816-SCGFC,No,0.4870501,1,Month-to-month,DSL,Mailed check,7,51.3
5989-AXPUC,No,0.17018878,0,Two year,Fiber optic,Mailed check,68,118.6
4979-HPRFL,No,0.023045689,0,Two year,No,Bank transfer (automatic),56,24.15
8590-OHDIW,No,0.044436958,0,One year,No,Mailed check,38,20.3
8015-IHCGW,No,0.025359724,0,Two year,Fiber optic,Electronic check,72,115.5
2332-TODQS,No,0.0924399,0,One year,No,Credit card (automatic),48,25.05
9278-VZKCD,No,0.4961205,1,Month-to-month,Fiber optic,Electronic check,52,109.1
8008-OTEZX,No,0.052628603,0,One year,No,Mailed check,35,19.65
2773-OVBPK,No,0.5081304,1,Two year,Fiber optic,Bank transfer (automatic),67,111.3
5999-LCXAO,No,0.65808904,1,Month-to-month,DSL,Mailed check,1,29.9
5206-XZZQI,No,0.2636653,0,Month-to-month,Fiber optic,Mailed check,53,80.6
4803-LBYPN,No,0.09654178,0,Month-to-month,No,Mailed check,34,20.8
5759-RCVCB,Yes,0.6680378,1,Month-to-month,DSL,Credit card (automatic),3,35.2
6372-RFVNS,Yes,0.936778,1,Month-to-month,Fiber optic,Electronic check,1,78.8
2139-FQHLM,No,0.50666744,1,Month-to-month,Fiber optic,Mailed check,19,89.95
8261-GWDBQ,No,0.091411486,0,Two year,Fiber optic,Bank transfer (automatic),60,116.05
1093-YSWCA,No,0.018685168,0,Two year,No,Credit card (automatic),11,19.55
8938-UMKPI,Yes,0.7698686,1,Month-to-month,Fiber optic,Electronic check,47,106.4
0991-BRRFB,Yes,0.52925557,1,Month-to-month,DSL,Electronic check,18,49.4
3882-IYOIJ,No,0.09523751,0,Two year,Fiber optic,Credit card (automatic),60,115.25
8749-TZYEC,No,0.005608052,0,Two year,No,Credit card (automatic),72,24.8
1755-FZQEC,No,0.03798758,0,One year,No,Mailed check,39,19.9
3115-JPJDD,No,0.08539383,0,One year,Fiber optic,Credit card (automatic),59,81.25
5600-KTXFM,No,0.6924743,1,Month-to-month,Fiber optic,Mailed check,2,69.95
3871-IKPYH,Yes,0.9333904,1,Month-to-month,Fiber optic,Electronic check,1,69.1
6319-IEJWJ,Yes,0.75179493,1,Month-to-month,Fiber optic,Electronic check,20,90.2
9025-AOMKI,Yes,0.93706846,1,Month-to-month,Fiber optic,Bank transfer (automatic),6,93.55
6339-TBELP,No,0.03336834,0,Two year,Fiber optic,Credit card (automatic),71,86.4
7964-YESJC,No,0.19989496,0,Month-to-month,DSL,Mailed check,24,66.3
6173-GOLSU,No,0.66412085,1,Month-to-month,Fiber optic,Credit card (automatic),67,94.65
5275-SQEIZ,Yes,0.9426181,1,Month-to-month,Fiber optic,Mailed check,1,80.85
7716-YTYHG,Yes,0.38070217,0,One year,Fiber optic,Mailed check,48,82.05
9938-ZREHM,No,0.2355962,0,One year,DSL,Mailed check,37,72.1
7950-XWOVN,No,0.4385304,0,Month-to-month,DSL,Mailed check,11,34.7
4390-KYULV,Yes,0.3383296,0,Month-to-month,No,Credit card (automatic),3,20.55
4647-MUZON,No,0.73274535,1,Month-to-month,Fiber optic,Credit card (automatic),18,95.95
9702-AIUJO,No,0.117069,0,One year,DSL,Bank transfer (automatic),50,44.8
8849-PRIQJ,No,0.12273126,0,One year,Fiber optic,Electronic check,67,109.4
8851-RAGOV,No,0.17219855,0,Month-to-month,DSL,Mailed check,25,71.05
1304-NECVQ,Yes,0.92563623,1,Month-to-month,Fiber optic,Electronic check,2,78.55
5396-IZEPB,No,0.19346644,0,Month-to-month,No,Credit card (automatic),9,19.7
1729-VLAZJ,No,0.096418865,0,One year,DSL,Mailed check,10,40.25
8285-ABVLB,No,0.0144226095,0,Two year,No,Credit card (automatic),70,19.85
0701-TJSEF,No,0.34404013,0,Month-to-month,DSL,Bank transfer (automatic),9,68.25
5712-VBOXD,No,0.37987655,0,Month-to-month,No,Credit card (automatic),4,20.15
6629-LADHQ,No,0.5028111,1,Month-to-month,DSL,Mailed check,2,50.95
8945-GRKHX,Yes,0.9124363,1,Month-to-month,Fiber optic,Electronic check,1,78.65
1559-DTODC,No,0.38930416,0,Month-to-month,DSL,Bank transfer (automatic),19,25.15
4797-MIWUM,No,0.26549077,0,Month-to-month,No,Bank transfer (automatic),7,20.25
6959-UWKHF,Yes,0.7747288,1,Month-to-month,DSL,Electronic check,1,42.9
8720-RQSBJ,No,0.7818393,1,Month-to-month,DSL,Electronic check,1,44.0
4537-CIBHB,No,0.098855264,0,One year,No,Mailed check,9,20.25
3815-SLMEF,Yes,0.4283566,0,Month-to-month,DSL,Mailed check,3,34.25
5154-VEKBL,Yes,0.47695297,1,Month-to-month,DSL,Mailed check,9,58.5
4324-AHJKS,No,0.4559836,1,Month-to-month,DSL,Credit card (automatic),5,55.8
4355-CVPVS,No,0.1240963,0,One year,Fiber optic,Bank transfer (automatic),56,88.9
4495-LHSSK,No,0.29117823,0,Month-to-month,DSL,Mailed check,18,57.65
5655-JSMZM,Yes,0.85421634,1,Month-to-month,Fiber optic,Electronic check,49,96.2
5915-ANOEI,No,0.029924756,0,Two year,DSL,Mailed check,70,79.15
9861-PDSZP,No,0.035532694,0,Two year,Fiber optic,Credit card (automatic),72,108.05
4505-EXZHB,Yes,0.7526015,1,Month-to-month,Fiber optic,Electronic check,6,74.4
7225-CBZPL,No,0.7949476,1,Month-to-month,Fiber optic,Electronic check,17,94.8
6704-UTUKK,No,0.4966541,1,Month-to-month,DSL,Electronic check,29,45.9
4587-VVTOX,Yes,0.89936745,1,Month-to-month,Fiber optic,Electronic check,6,105.3
2019-HDCZY,No,0.21940455,0,Two year,Fiber optic,Electronic check,63,102.6
4652-NNHNY,Yes,0.6126642,1,Month-to-month,Fiber optic,Bank transfer (automatic),16,73.85
8788-DOXSU,No,0.21948928,0,One year,DSL,Bank transfer (automatic),59,61.35
7404-JLKQG,No,0.71706927,1,Month-to-month,DSL,Electronic check,3,57.55
7421-ZLUPA,No,0.51793927,1,Month-to-month,DSL,Mailed check,8,29.25
8972-HJWNV,Yes,0.93218136,1,Month-to-month,Fiber optic,Electronic check,7,84.55
3274-NSDWE,No,0.01321848,0,Two year,No,Credit card (automatic),68,19.6
2632-IVXVF,No,0.16425613,0,Two year,Fiber optic,Credit card (automatic),68,111.75
3692-JHONH,No,0.37979487,0,One year,Fiber optic,Electronic check,52,106.5
8915-NNTRC,No,0.009353451,0,Two year,Fiber optic,Credit card (automatic),72,107.7
5914-GXMDA,No,0.020791618,0,One year,No,Mailed check,32,19.3
7463-IFMQU,No,0.0046856995,0,Two year,No,Bank transfer (automatic),72,20.05
2920-RNCEZ,No,0.8637595,1,Month-to-month,Fiber optic,Credit card (automatic),1,69.95
2541-YGPKE,No,0.22891098,0,One year,DSL,Credit card (automatic),42,63.7
8515-OCTJS,Yes,0.085299104,0,Two year,No,Credit card (automatic),25,24.75
5382-TEMLV,No,0.21153824,0,Month-to-month,DSL,Bank transfer (automatic),45,50.9
3441-CGZJH,No,0.14371465,0,One year,DSL,Credit card (automatic),43,60.4
9592-ERDKV,No,0.22205633,0,One year,DSL,Mailed check,37,79.25
2860-RANUS,Yes,0.7005452,1,Month-to-month,Fiber optic,Credit card (automatic),20,85.8
5261-QSHQM,Yes,0.82322544,1,Month-to-month,DSL,Electronic check,4,24.45
4778-IZARL,No,0.19038813,0,Two year,Fiber optic,Credit card (automatic),63,110.1
0432-CAJZV,No,0.7640998,1,Month-to-month,Fiber optic,Mailed check,3,90.7
7008-LZVOZ,No,0.019787915,0,Two year,No,Credit card (automatic),66,25.3
8868-WOZGU,Yes,0.8004626,1,Month-to-month,Fiber optic,Electronic check,28,105.7
1200-TUZHR,No,0.87286144,1,Month-to-month,Fiber optic,Electronic check,8,85.2
9365-CSLBQ,No,0.005933617,0,Two year,No,Mailed check,71,24.35
1334-FJSVR,Yes,0.8342017,1,Month-to-month,DSL,Electronic check,1,24.25
5884-FBCTL,No,0.0060043586,0,Two year,No,Bank transfer (automatic),72,25.1
7130-CTCUS,No,0.4020537,0,Month-to-month,DSL,Bank transfer (automatic),16,54.55
6242-FEGFD,No,0.042968158,0,Two year,Fiber optic,Mailed check,66,96.6
7625-XCQRH,Yes,0.85187703,1,Month-to-month,Fiber optic,Electronic check,11,76.5
6194-HBGQN,No,0.10864546,0,One year,DSL,Credit card (automatic),51,81.15
7634-WSWDB,No,0.6251135,1,Month-to-month,DSL,Electronic check,8,38.5
6986-IXNDM,No,0.7724253,1,Month-to-month,Fiber optic,Electronic check,14,92.9
1731-TVIUK,Yes,0.9153688,1,Month-to-month,Fiber optic,Electronic check,4,93.5
2987-BJXIK,No,0.027478933,0,Two year,DSL,Mailed check,70,84.7
9769-TSBZE,No,0.13753271,0,Two year,DSL,Electronic check,70,66.0
0406-BPDVR,Yes,0.554968,1,One year,Fiber optic,Credit card (automatic),54,101.5
0618-XWMSS,Yes,0.49297312,1,Month-to-month,Fiber optic,Bank transfer (automatic),28,74.9
1395-WSWXR,No,0.020466227,0,Two year,No,Mailed check,24,20.75
6023-GSSXW,No,0.028941445,0,Two year,DSL,Credit card (automatic),69,61.45
6752-APNJL,No,0.29542845,0,Month-to-month,DSL,Mailed check,42,54.5
5276-KQWHG,Yes,0.7887087,1,Month-to-month,Fiber optic,Electronic check,2,69.6
0420-HLGXF,No,0.8146914,1,Month-to-month,Fiber optic,Electronic check,39,99.75
7446-KQISO,No,0.4338299,0,Two year,Fiber optic,Bank transfer (automatic),45,109.75
9823-EALYC,No,0.005555209,0,Two year,DSL,Bank transfer (automatic),72,80.85
0582-AVCLN,No,0.03677673,0,Two year,No,Mailed check,38,20.3
5803-NQJZO,No,0.007853042,0,Two year,DSL,Bank transfer (automatic),72,67.8
2565-JSLRY,Yes,0.58648443,1,Month-to-month,No,Mailed check,1,24.05
2607-DHDAK,No,0.0033333977,0,Two year,No,Credit card (automatic),72,19.8
1073-XXCZD,No,0.042239245,0,Two year,No,Bank transfer (automatic),55,25.7
0743-HRVFF,No,0.2893717,0,One year,DSL,Electronic check,51,56.15
4006-HKYHO,No,0.02073802,0,Two year,DSL,Bank transfer (automatic),63,86.7
3727-JEZTU,No,0.5956319,1,Month-to-month,No,Mailed check,1,20.4
8143-ETQTI,No,0.035206284,0,Two year,No,Mailed check,23,19.65
6689-KXGBO,Yes,0.71111023,1,Month-to-month,DSL,Electronic check,1,50.55
9667-TKTVZ,No,0.66200024,1,Month-to-month,DSL,Mailed check,2,54.35
3657-COGMW,No,0.2717414,0,Month-to-month,Fiber optic,Credit card (automatic),52,108.1
8570-KLJYJ,No,0.058931634,0,One year,DSL,Mailed check,36,54.45
7754-IXRMC,No,0.73448557,1,Month-to-month,DSL,Mailed check,1,45.35
9473-CBZOP,No,0.049953237,0,One year,DSL,Mailed check,28,59.0
2969-WGHQO,No,0.1429194,0,One year,DSL,Electronic check,7,69.45
6615-NGGZJ,Yes,0.8658856,1,Month-to-month,Fiber optic,Electronic check,14,100.55
4334-HOWRP,No,0.016910141,0,Two year,DSL,Credit card (automatic),72,64.95
4255-DDUOU,Yes,0.66745,1,Month-to-month,No,Mailed check,1,20.5
5863-OOKCL,No,0.0363229,0,Month-to-month,No,Mailed check,10,18.85
1686-STUHN,No,0.06873161,0,One year,No,Bank transfer (automatic),42,19.8
1329-VHWNP,No,0.53318274,1,Month-to-month,DSL,Bank transfer (automatic),7,25.05
2984-MIIZL,Yes,0.758738,1,Month-to-month,Fiber optic,Bank transfer (automatic),4,74.8
0266-GMEAO,No,0.009858045,0,Two year,Fiber optic,Credit card (automatic),72,114.3
5590-YRFJT,Yes,0.668705,1,Month-to-month,DSL,Electronic check,20,24.45
5574-NXZIU,No,0.24418157,0,Two year,Fiber optic,Credit card (automatic),63,109.2
0019-GFNTW,No,0.046425268,0,Two year,DSL,Bank transfer (automatic),56,45.05
4256-ZWTZI,No,0.6151453,1,Month-to-month,DSL,Mailed check,5,51.0
8309-PPCED,No,0.025037454,0,Two year,Fiber optic,Bank transfer (automatic),72,110.45
4098-NAUKP,No,0.5748181,1,Month-to-month,Fiber optic,Electronic check,68,84.65
5196-WPYOW,No,0.039498426,0,One year,DSL,Mailed check,67,60.05
4608-LCIMN,No,0.4216563,0,Month-to-month,DSL,Bank transfer (automatic),8,44.65
1485-YDHMM,No,0.23475578,0,Month-to-month,Fiber optic,Bank transfer (automatic),52,93.25
4054-CUMIA,No,0.22288214,0,Month-to-month,No,Mailed check,18,20.25
0603-TPMIB,No,0.033401478,0,Two year,No,Mailed check,59,25.45
2525-GVKQU,No,0.023023611,0,Two year,No,Mailed check,60,20.6
8161-QYMTT,No,0.9364539,1,Month-to-month,Fiber optic,Electronic check,7,94.1
9581-GVBXT,No,0.06360896,0,One year,DSL,Mailed check,59,34.8
5862-BRIXZ,No,0.027788164,0,Two year,DSL,Bank transfer (automatic),46,60.75
5404-GGUKR,No,0.64856726,1,Month-to-month,DSL,Electronic check,5,51.35
3308-JSGML,No,0.042205125,0,Two year,DSL,Credit card (automatic),59,64.05
2126-GSEGL,No,0.035044324,0,Two year,DSL,Bank transfer (automatic),70,84.8
3677-TNKIO,Yes,0.6308667,1,Month-to-month,Fiber optic,Credit card (automatic),14,71.0
0440-QEXBZ,No,0.3034934,0,Month-to-month,DSL,Mailed check,44,50.15
2434-EEVDB,No,0.1560493,0,Two year,Fiber optic,Credit card (automatic),64,94.6
6762-QVYJO,No,0.018365696,0,Two year,DSL,Mailed check,58,59.75
6199-IWKGC,No,0.3895909,0,One year,Fiber optic,Electronic check,46,100.25
2675-DHUTR,No,0.79384655,1,Month-to-month,Fiber optic,Electronic check,58,98.9
8152-VETUR,No,0.060586724,0,Two year,Fiber optic,Credit card (automatic),72,97.7
9667-EQRXU,Yes,0.64996254,1,Month-to-month,DSL,Electronic check,30,40.3
7446-YPODE,No,0.38071504,0,Month-to-month,DSL,Bank transfer (automatic),11,60.25
9522-BNTHX,No,0.48772246,1,Month-to-month,DSL,Electronic check,34,56.25
4676-WLUHT,No,0.04621369,0,Two year,DSL,Bank transfer (automatic),54,46.2
3329-WDIOK,Yes,0.8080994,1,Month-to-month,DSL,Electronic check,3,50.6
7980-MHFLQ,No,0.005418269,0,Two year,No,Mailed check,72,24.9
2873-ZLIWT,Yes,0.7415897,1,Month-to-month,Fiber optic,Electronic check,40,84.85
3415-TAILE,Yes,0.682606,1,Month-to-month,DSL,Mailed check,2,65.7
0757-WCUUZ,No,0.03482808,0,Two year,DSL,Credit card (automatic),54,63.35
1629-DQQVB,No,0.31622028,0,Month-to-month,DSL,Bank transfer (automatic),14,50.1
1915-IOFGU,Yes,0.8918366,1,Month-to-month,Fiber optic,Electronic check,1,70.5
3045-XETSH,Yes,0.86359394,1,Month-to-month,Fiber optic,Electronic check,10,94.85
0374-AACSZ,No,0.60529566,1,Month-to-month,DSL,Electronic check,1,50.15
7239-HZZCX,Yes,0.6000805,1,Month-to-month,No,Mailed check,1,19.75
4872-VXRIL,No,0.061935417,0,One year,DSL,Bank transfer (automatic),56,64.65
9140-CZQZZ,No,0.045434963,0,Two year,DSL,Bank transfer (automatic),68,79.6
3423-HHXAO,No,0.07435164,0,One year,No,Mailed check,14,19.5
9938-TKDGL,No,0.12281097,0,Two year,Fiber optic,Electronic check,68,99.55
0531-ZZJWQ,No,0.7023948,1,Month-to-month,Fiber optic,Electronic check,55,74.0
6537-QLGEX,No,0.7024935,1,Month-to-month,DSL,Electronic check,16,38.9
2688-BHGOG,No,0.8056085,1,Month-to-month,Fiber optic,Electronic check,9,79.55
7683-CBDKJ,Yes,0.5353697,1,Month-to-month,DSL,Electronic check,14,65.45
0946-CLJTI,Yes,0.8424614,1,Month-to-month,Fiber optic,Electronic check,58,98.7
3160-TYXLT,No,0.32419926,0,Month-to-month,DSL,Bank transfer (automatic),53,46.3
1325-USMEC,No,0.10713998,0,Two year,Fiber optic,Credit card (automatic),70,99.35
0916-QOFDP,No,0.82986283,1,Month-to-month,Fiber optic,Electronic check,14,95.8
0628-CNQRM,Yes,0.1308311,0,One year,DSL,Bank transfer (automatic),22,67.5
5606-AMZBO,No,0.6836847,1,Month-to-month,Fiber optic,Credit card (automatic),10,78.15
6199-IPCAO,No,0.06852716,0,Two year,No,Mailed check,29,26.1
7665-TOALD,Yes,0.94072694,1,Month-to-month,Fiber optic,Electronic check,1,69.6
0112-QWPNC,Yes,0.28222266,0,One year,DSL,Electronic check,49,84.35
0324-BRPCJ,Yes,0.74805796,1,Month-to-month,Fiber optic,Electronic check,68,100.2
2777-PHDEI,Yes,0.9416319,1,Month-to-month,Fiber optic,Electronic check,1,78.05
5640-CAXOA,No,0.20491856,0,One year,DSL,Credit card (automatic),30,40.35
2235-EZAIK,No,0.007941517,0,Two year,DSL,Credit card (automatic),72,79.2
3847-BAERP,No,0.25769135,0,Month-to-month,No,Mailed check,10,20.9
1196-AMORA,Yes,0.78884286,1,Month-to-month,Fiber optic,Electronic check,7,73.6
4282-YMKNA,Yes,0.8647011,1,Month-to-month,Fiber optic,Electronic check,9,74.75
1453-RZFON,No,0.4882408,1,Month-to-month,DSL,Mailed check,1,49.9
8263-OKETD,No,0.22887631,0,Month-to-month,DSL,Credit card (automatic),20,68.9
0670-KDOMA,No,0.6600989,1,Month-to-month,No,Mailed check,1,20.25
2476-YGEFM,No,0.5735306,1,Month-to-month,Fiber optic,Credit card (automatic),29,76.0
8687-BAFGU,No,0.66938764,1,Month-to-month,Fiber optic,Electronic check,1,74.0
0641-EVBOJ,No,0.52913785,1,Month-to-month,Fiber optic,Mailed check,3,82.3
0829-XXPLX,No,0.5703249,1,Month-to-month,Fiber optic,Bank transfer (automatic),20,89.4
9974-JFBHQ,No,0.35650215,0,Month-to-month,Fiber optic,Credit card (automatic),64,99.15
5356-RHIPP,Yes,0.6669648,1,Month-to-month,No,Mailed check,1,20.2
6624-JDRDS,No,0.39503387,0,Month-to-month,DSL,Bank transfer (automatic),6,29.45
0608-JDVEC,No,0.031512156,0,Two year,No,Electronic check,50,19.8
9780-FKVVF,No,0.38577294,0,Month-to-month,DSL,Bank transfer (automatic),6,59.15
1919-RTPQD,No,0.6416931,1,Month-to-month,DSL,Electronic check,7,44.75
5214-NLTIT,No,0.037981384,0,Two year,Fiber optic,Credit card (automatic),72,90.8
3345-PBBFH,No,0.49944022,1,Month-to-month,DSL,Bank transfer (automatic),8,49.55
5055-BRMNE,No,0.27813357,0,Two year,Fiber optic,Credit card (automatic),67,106.7
9189-JWSHV,Yes,0.8232121,1,Month-to-month,Fiber optic,Electronic check,24,93.55
2190-PHBHR,No,0.02018512,0,Two year,Fiber optic,Credit card (automatic),72,94.45
2650-GYRYL,No,0.05260971,0,One year,No,Bank transfer (automatic),33,19.45
0746-JTRFU,Yes,0.8845071,1,Month-to-month,DSL,Electronic check,2,25.05
5208-FVQKB,No,0.061190132,0,Two year,DSL,Mailed check,70,67.95
7184-LRUUR,No,0.13373192,0,One year,DSL,Bank transfer (automatic),22,65.25
6627-CFOSN,No,0.32886815,0,Month-to-month,Fiber optic,Bank transfer (automatic),59,99.45
3982-JGSFD,No,0.038529187,0,One year,No,Credit card (automatic),36,20.35
1574-DYCWE,No,0.023627682,0,Two year,No,Mailed check,51,19.95
7247-XOZPB,No,0.09460059,0,One year,DSL,Bank transfer (automatic),53,77.4
2466-FCCPT,No,0.1142109,0,One year,No,Bank transfer (automatic),20,19.7
6211-WWLTF,No,0.09160734,0,Two year,Fiber optic,Credit card (automatic),63,99.7
4826-TZEVA,No,0.4608653,1,Month-to-month,Fiber optic,Credit card (automatic),40,74.8
6016-NXBNJ,No,0.02153713,0,One year,No,Mailed check,35,19.15
9138-EFSMO,No,0.19805184,0,One year,Fiber optic,Bank transfer (automatic),26,78.95
0576-WNXXC,Yes,0.7005457,1,Month-to-month,Fiber optic,Electronic check,27,95.55
4632-XJMEX,No,0.067279585,0,One year,DSL,Credit card (automatic),53,62.85
8910-LEDAG,No,0.6084903,1,Month-to-month,Fiber optic,Credit card (automatic),34,71.55
3452-GWUIN,No,0.8387204,1,Month-to-month,Fiber optic,Electronic check,19,94.95
2716-GFZOR,No,0.39195344,0,Month-to-month,Fiber optic,Credit card (automatic),43,86.1
3724-UCSHY,No,0.17494763,0,Month-to-month,No,Mailed check,6,19.55
8626-XHBIE,No,0.028559942,0,Two year,No,Mailed check,56,24.8
4628-CTTLA,Yes,0.65067023,1,Month-to-month,DSL,Electronic check,57,39.3
3192-LNKRK,No,0.5863091,1,Month-to-month,Fiber optic,Mailed check,34,84.05
4439-YRNVD,No,0.49384004,1,Month-to-month,DSL,Electronic check,10,36.25
2876-VBBBL,Yes,0.6600989,1,Month-to-month,No,Mailed check,1,20.25
6834-NXDCA,Yes,0.79088837,1,Month-to-month,DSL,Electronic check,13,23.9
2208-UGTGR,No,0.58883977,1,Month-to-month,Fiber optic,Electronic check,56,98.6
3005-TYFRD,No,0.7264143,1,Month-to-month,Fiber optic,Credit card (automatic),55,103.65
8670-MEFCP,No,0.02576473,0,Two year,DSL,Credit card (automatic),36,92.9
3079-BCHLN,No,0.060864,0,One year,No,Bank transfer (automatic),47,19.9
7777-UNYHB,No,0.28606394,0,Month-to-month,No,Credit card (automatic),12,20.1
5597-GLBUC,Yes,0.9423331,1,Month-to-month,Fiber optic,Electronic check,1,85.45
7278-CKDNC,No,0.7812266,1,Month-to-month,Fiber optic,Electronic check,24,80.5
2748-MYRVK,Yes,0.2216551,0,One year,Fiber optic,Bank transfer (automatic),63,99.9
8450-UYIBU,No,0.4918522,1,Month-to-month,DSL,Electronic check,35,39.85
2969-VAPYH,No,0.04024167,0,One year,DSL,Credit card (automatic),67,60.5
4822-YCXMX,Yes,0.79565024,1,Month-to-month,Fiber optic,Electronic check,25,84.8
7181-OQCUT,No,0.77116865,1,Month-to-month,Fiber optic,Mailed check,21,103.85
8474-UMLNT,No,0.44189987,0,Month-to-month,DSL,Bank transfer (automatic),13,67.8
9821-POOTN,Yes,0.7592571,1,Month-to-month,Fiber optic,Electronic check,35,75.2
3836-FZSDJ,No,0.015084561,0,Two year,No,Bank transfer (automatic),71,24.85
9142-XMYJH,No,0.1489741,0,Month-to-month,No,Credit card (automatic),29,19.35
6559-ILWKJ,Yes,0.5244057,1,Two year,DSL,Electronic check,71,49.35
0187-QSXOE,No,0.86103505,1,Month-to-month,Fiber optic,Electronic check,7,89.0
7733-UDMTP,No,0.6272907,1,Month-to-month,DSL,Electronic check,57,55.0
2649-HWLYB,No,0.26097858,0,Two year,DSL,Bank transfer (automatic),65,76.15
5214-CHIWJ,No,0.031360194,0,One year,No,Mailed check,27,20.3
4229-CZMLL,Yes,0.868417,1,Month-to-month,Fiber optic,Electronic check,6,74.9
6904-JLBGY,No,0.049916003,0,Two year,Fiber optic,Credit card (automatic),72,117.35
2465-BLLEU,No,0.6465,1,Month-to-month,No,Mailed check,1,19.75
1685-VAYJF,No,0.35399345,0,Month-to-month,DSL,Credit card (automatic),11,45.2
8874-EJNSR,No,0.029989986,0,Two year,No,Mailed check,39,25.2
6917-YACBP,No,0.2598735,0,Month-to-month,Fiber optic,Electronic check,59,89.75
5049-MUBWG,No,0.1784384,0,One year,DSL,Bank transfer (automatic),26,75.0
4223-WOZCM,No,0.74990124,1,Month-to-month,DSL,Mailed check,2,49.95
0769-MURVM,No,0.0054223537,0,Two year,DSL,Bank transfer (automatic),72,65.7
9253-VIFJQ,No,0.059355006,0,One year,DSL,Credit card (automatic),65,67.05
7030-FZTFM,No,0.020625375,0,Two year,Fiber optic,Credit card (automatic),72,110.9
9741-YLNTD,No,0.85287905,1,Month-to-month,Fiber optic,Bank transfer (automatic),6,87.95
5917-RYRMG,No,0.045445804,0,One year,No,Credit card (automatic),32,19.8
5120-ZBLAI,No,0.11955892,0,One year,DSL,Bank transfer (automatic),50,75.7
1194-BHJYC,No,0.020631993,0,Two year,DSL,Mailed check,61,62.15
3663-MITLP,Yes,0.78945833,1,Month-to-month,Fiber optic,Electronic check,15,101.25
0906-QVPMS,No,0.025829656,0,Two year,Fiber optic,Bank transfer (automatic),72,115.15
9025-ZRPVR,Yes,0.1085641,0,Month-to-month,No,Mailed check,9,18.95
1905-OEILC,No,0.60790277,1,Month-to-month,No,Mailed check,1,19.5
7858-GTZSP,No,0.87575686,1,Month-to-month,Fiber optic,Electronic check,12,86.55
3285-UCQVC,Yes,0.36047685,0,Month-to-month,DSL,Credit card (automatic),37,28.6
6248-BSHKG,No,0.03428752,0,One year,No,Mailed check,61,20.4
4685-TFLLS,No,0.10556293,0,One year,No,Bank transfer (automatic),18,19.8
3470-BTGQO,No,0.32534465,0,Month-to-month,DSL,Mailed check,21,45.65
1209-VFFOC,No,0.013673372,0,Two year,DSL,Mailed check,68,56.4
8224-DWCKX,No,0.7749406,1,Month-to-month,Fiber optic,Credit card (automatic),12,73.3
5482-PLVPE,Yes,0.80687714,1,Month-to-month,DSL,Electronic check,2,24.35
4553-DVPZG,No,0.75405055,1,Month-to-month,Fiber optic,Electronic check,62,101.35
4902-OHLSK,Yes,0.79478174,1,Month-to-month,Fiber optic,Electronic check,29,98.65
6917-IAYHD,No,0.51269174,1,Month-to-month,DSL,Mailed check,1,33.6
0495-ZBNGW,Yes,0.91291255,1,Month-to-month,Fiber optic,Bank transfer (automatic),5,79.9
8620-RJPZN,No,0.5064468,1,Month-to-month,No,Electronic check,1,20.7
7572-KPVKK,No,0.3565799,0,Two year,Fiber optic,Electronic check,62,104.05
2642-MAWLJ,No,0.046585817,0,Two year,No,Bank transfer (automatic),36,20.25
2357-COQEK,Yes,0.79981625,1,Month-to-month,Fiber optic,Electronic check,28,103.3
7103-ZGVNT,No,0.13169013,0,One year,DSL,Credit card (automatic),69,73.7
3737-GCSPV,Yes,0.8682419,1,Month-to-month,Fiber optic,Credit card (automatic),11,96.2
2027-WKXMW,No,0.55381346,1,Month-to-month,Fiber optic,Electronic check,63,108.75
7137-NAXML,No,0.07317284,0,One year,No,Bank transfer (automatic),23,20.15
2428-ZMCTB,No,0.20158078,0,Month-to-month,No,Credit card (automatic),10,19.75
2961-VNFKL,No,0.008208075,0,Two year,No,Credit card (automatic),71,25.95
1768-HNVGJ,No,0.2732718,0,Month-to-month,DSL,Electronic check,45,70.05
6963-KQYQB,No,0.016935533,0,Two year,No,Mailed check,70,24.05
5934-RMPOV,No,0.7792416,1,Month-to-month,Fiber optic,Electronic check,22,84.75
1207-BLKSA,No,0.029698579,0,Two year,No,Mailed check,52,23.05
4088-YLDSU,Yes,0.6637563,1,One year,Fiber optic,Electronic check,55,104.15
8316-BBQAY,No,0.018141033,0,Two year,DSL,Credit card (automatic),65,59.95
1166-PQLGG,No,0.005844223,0,Two year,No,Bank transfer (automatic),72,19.55
3146-JTQHR,No,0.07688325,0,One year,No,Bank transfer (automatic),10,19.6
4291-YZODP,No,0.10677059,0,One year,No,Mailed check,7,20.05
4395-PZMSN,No,0.87895584,1,Month-to-month,Fiber optic,Electronic check,5,85.55
6427-FEFIG,No,0.036957335,0,Two year,DSL,Credit card (automatic),24,78.6
0017-IUDMW,No,0.037607178,0,Two year,Fiber optic,Credit card (automatic),72,116.8
8706-HRADD,No,0.30513015,0,Month-to-month,DSL,Mailed check,21,43.55
9955-QOPOY,No,0.16079912,0,One year,DSL,Credit card (automatic),69,60.8
4385-ZKVNW,No,0.22502331,0,Month-to-month,DSL,Bank transfer (automatic),44,54.9
5446-DKWYW,No,0.2562487,0,One year,DSL,Electronic check,61,65.2
2034-CGRHZ,Yes,0.81548566,1,Month-to-month,Fiber optic,Credit card (automatic),24,102.95
5797-APWZC,Yes,0.9300234,1,Month-to-month,Fiber optic,Electronic check,1,90.6
3683-QKIUE,Yes,0.5884063,1,Month-to-month,DSL,Bank transfer (automatic),6,50.8
4228-ZGYUW,Yes,0.90970856,1,Month-to-month,Fiber optic,Electronic check,4,90.05
9031-ZVQPT,No,0.11935308,0,Two year,Fiber optic,Electronic check,72,108.2
2990-IAJSV,No,0.004018732,0,Two year,DSL,Bank transfer (automatic),72,92.0
8107-KNCIM,No,0.836355,1,Month-to-month,Fiber optic,Electronic check,14,75.1
9027-YFHQJ,No,0.27855316,0,Month-to-month,No,Bank transfer (automatic),7,25.05
5176-LDKUH,No,0.14629836,0,One year,Fiber optic,Electronic check,48,75.15
4644-OBGFZ,No,0.05242458,0,One year,No,Mailed check,55,19.5
7926-IJOOU,No,0.28249756,0,Month-to-month,No,Credit card (automatic),1,19.3
6480-YAGIY,No,0.3538918,0,One year,Fiber optic,Credit card (automatic),45,112.2
4029-HPFVY,No,0.7260473,1,Month-to-month,Fiber optic,Mailed check,3,70.3
7602-DBTOU,No,0.008104264,0,Two year,No,Mailed check,71,19.6
5345-BMKWB,No,0.2468859,0,Month-to-month,No,Mailed check,8,20.25
3519-ZKXGG,Yes,0.90568584,1,Month-to-month,Fiber optic,Electronic check,3,75.85
5457-COLHT,No,0.028227875,0,Two year,DSL,Bank transfer (automatic),69,80.65
6416-TVAIH,Yes,0.9403647,1,Month-to-month,Fiber optic,Electronic check,1,68.5
5451-YHYPW,No,0.025981028,0,Two year,Fiber optic,Credit card (automatic),72,115.75
5108-ADXWO,Yes,0.65552354,1,Month-to-month,Fiber optic,Electronic check,11,73.5
7998-WNZEM,No,0.009567077,0,Two year,DSL,Bank transfer (automatic),71,80.6
3066-RRJIO,Yes,0.91998637,1,Month-to-month,Fiber optic,Mailed check,1,69.95
4664-NJCMS,No,0.020668074,0,Two year,DSL,Bank transfer (automatic),33,59.55
0307-BCOPK,No,0.01531839,0,One year,No,Mailed check,16,19.05
7629-WFGLW,No,0.26014945,0,One year,Fiber optic,Electronic check,56,95.65
2542-HYGIQ,No,0.56658816,1,Month-to-month,No,Credit card (automatic),1,19.95
6715-OFDBP,Yes,0.68630904,1,Month-to-month,DSL,Electronic check,5,70.05
5016-LIPDW,No,0.110090196,0,One year,No,Mailed check,57,19.4
6481-LXPWL,No,0.12360256,0,One year,DSL,Credit card (automatic),56,36.1
1567-DSCIC,Yes,0.91647315,1,Month-to-month,Fiber optic,Electronic check,8,94.0
2150-UWTFY,Yes,0.26800138,0,Month-to-month,DSL,Mailed check,22,61.15
6124-ACRHJ,No,0.60790277,1,Month-to-month,No,Mailed check,1,19.75
9362-MWODR,No,0.2859622,0,Month-to-month,DSL,Credit card (automatic),40,64.1
9975-GPKZU,No,0.02259004,0,Two year,No,Credit card (automatic),46,19.75
9625-RZFUK,No,0.03628999,0,Two year,No,Mailed check,63,19.7
5153-LXKDT,No,0.20607877,0,Two year,Fiber optic,Electronic check,68,110.2
5161-UBZXI,No,0.16708887,0,Two year,Fiber optic,Credit card (automatic),69,106.35
1020-JPQOW,No,0.25836048,0,Month-to-month,Fiber optic,Electronic check,56,90.55
7919-ZODZZ,No,0.5117114,1,One year,DSL,Mailed check,10,65.9
0565-JUPYD,No,0.11401842,0,One year,Fiber optic,Credit card (automatic),63,104.5
6867-ACCZI,No,0.037939694,0,Two year,DSL,Mailed check,24,52.5
5939-XAIXZ,No,0.5159232,1,Month-to-month,DSL,Mailed check,19,56.1
9054-FOWNV,No,0.8132969,1,Month-to-month,Fiber optic,Electronic check,22,88.75
2683-BPJSO,Yes,0.6770555,1,Month-to-month,Fiber optic,Electronic check,29,84.45
2157-MXBJS,Yes,0.70023644,1,One year,DSL,Mailed check,13,75.3
8207-VVMYB,No,0.02360756,0,Two year,No,Bank transfer (automatic),70,26.0
9732-EQMWY,No,0.42836508,0,Month-to-month,Fiber optic,Electronic check,49,99.4
9360-AHGNL,Yes,0.67661035,1,One year,Fiber optic,Mailed check,43,109.55
1087-UDSIH,Yes,0.33633742,0,Month-to-month,No,Mailed check,3,19.6
5269-NRGDP,No,0.22932035,0,One year,DSL,Electronic check,42,73.15
6195-MELTI,No,0.094682895,0,One year,DSL,Mailed check,57,54.65
5485-WUYWF,Yes,0.7455229,1,Month-to-month,DSL,Bank transfer (automatic),2,66.4
2121-JAFOM,No,0.015273244,0,Two year,Fiber optic,Credit card (automatic),72,115.55
8818-DOPVL,No,0.8004805,1,Month-to-month,Fiber optic,Electronic check,46,104.45
2632-UCGVD,Yes,0.6507334,1,Month-to-month,Fiber optic,Credit card (automatic),66,100.05
5445-PZWGX,Yes,0.15687421,0,One year,Fiber optic,Electronic check,62,102.0
1227-UDMZR,No,0.0046838005,0,Two year,DSL,Bank transfer (automatic),72,91.15
5198-HQAEN,No,0.28694838,0,One year,Fiber optic,Electronic check,35,89.7
9170-CCKOU,Yes,0.42127702,0,Month-to-month,Fiber optic,Credit card (automatic),17,90.2
2167-FQSTQ,No,0.009120844,0,Two year,DSL,Electronic check,72,92.4
2819-GWENI,No,0.045536295,0,One year,No,Mailed check,28,19.9
1043-YCUTE,Yes,0.0804187,0,Two year,No,Credit card (automatic),56,25.15
3814-MLAXC,Yes,0.5288149,1,Month-to-month,Fiber optic,Credit card (automatic),31,79.85
3572-UUHRS,No,0.0152857425,0,One year,No,Bank transfer (automatic),45,18.85
2692-PFYTJ,No,0.5505034,1,Month-to-month,No,Mailed check,1,25.75
1226-UDFZR,Yes,0.7316817,1,Month-to-month,DSL,Mailed check,2,49.6
5955-EPOAZ,No,0.29621553,0,Month-to-month,No,Mailed check,6,20.95
6821-JPCDC,No,0.27191305,0,One year,Fiber optic,Electronic check,48,97.05
8815-LMFLX,No,0.16564912,0,Month-to-month,No,Bank transfer (automatic),25,25.4
9135-HSWOC,No,0.016348224,0,Two year,No,Bank transfer (automatic),64,19.7
8582-KRHPJ,No,0.23265775,0,Month-to-month,DSL,Mailed check,50,35.0
5811-IWXYM,No,0.29757893,0,One year,Fiber optic,Bank transfer (automatic),52,101.25
7044-YAACC,No,0.7761745,1,Month-to-month,Fiber optic,Electronic check,4,70.2
8189-XRIKE,No,0.5960164,1,Month-to-month,Fiber optic,Electronic check,32,90.95
1506-YJTYT,No,0.033029348,0,Two year,DSL,Credit card (automatic),45,73.85
4123-DVHPH,No,0.7447083,1,Month-to-month,Fiber optic,Electronic check,9,88.05
6425-YQLLO,Yes,0.4945263,1,One year,Fiber optic,Credit card (automatic),66,105.95
5442-UTCVD,Yes,0.8557999,1,Month-to-month,Fiber optic,Electronic check,3,91.85
2228-BZDEE,No,0.047579497,0,Two year,No,Mailed check,54,20.1
7734-DBOAI,Yes,0.7520366,1,Month-to-month,DSL,Electronic check,1,40.1
2789-CZANW,No,0.119653575,0,Two year,Fiber optic,Bank transfer (automatic),64,110.3
2091-RFFBA,Yes,0.7178905,1,Month-to-month,Fiber optic,Electronic check,31,73.9
2114-MGINA,Yes,0.78387535,1,Month-to-month,Fiber optic,Mailed check,14,89.8
7596-LDUXP,No,0.16753855,0,One year,Fiber optic,Credit card (automatic),12,85.15
3740-RLMVT,No,0.042970933,0,One year,DSL,Bank transfer (automatic),67,60.95
4489-SNOJF,Yes,0.42536515,0,Month-to-month,DSL,Electronic check,35,72.25
2192-OZITF,No,0.02966832,0,Two year,DSL,Mailed check,45,73.55
5651-CPDND,No,0.37574643,0,Month-to-month,DSL,Mailed check,10,46.0
2186-QZEYA,No,0.35787803,0,Month-to-month,DSL,Bank transfer (automatic),29,58.55
1131-ALZWV,No,0.112080924,0,One year,No,Bank transfer (automatic),24,24.6
7729-XBTWX,No,0.016944047,0,Two year,No,Mailed check,66,19.75
9134-WYRVP,No,0.08966611,0,One year,Fiber optic,Mailed check,51,86.35
3284-SVCRO,No,0.044236474,0,Two year,No,Mailed check,45,25.5
9732-OUYRN,No,0.010963692,0,One year,No,Credit card (automatic),49,19.0
0559-CKHUS,No,0.027632564,0,Two year,No,Mailed check,29,19.55
2931-SVLTV,No,0.5400007,1,Month-to-month,Fiber optic,Credit card (automatic),40,110.1
6899-PPEEA,Yes,0.8053604,1,Month-to-month,Fiber optic,Electronic check,37,96.55
7504-UWHNB,No,0.6128907,1,Month-to-month,Fiber optic,Electronic check,25,69.75
2582-FFFZR,No,0.7879527,1,Month-to-month,DSL,Electronic check,22,50.6
8908-NMQTX,No,0.0064862166,0,Two year,DSL,Bank transfer (automatic),72,65.6
2187-LZGPL,Yes,0.65632427,1,Month-to-month,DSL,Credit card (automatic),7,40.1
1431-AIDJQ,No,0.031988464,0,Two year,DSL,Credit card (automatic),33,82.1
6288-LBEAR,No,0.39289516,0,Month-to-month,Fiber optic,Mailed check,23,79.1
4597-NUCQV,Yes,0.86304325,1,Month-to-month,Fiber optic,Electronic check,24,101.25
9019-QVLZD,Yes,0.936778,1,Month-to-month,Fiber optic,Electronic check,1,79.55
8413-YNHNV,No,0.018049525,0,Two year,DSL,Mailed check,69,90.65
5808-TOTXO,No,0.12812951,0,One year,No,Credit card (automatic),3,20.55
4369-NYSCF,No,0.18629849,0,One year,DSL,Bank transfer (automatic),56,75.75
6333-YDVLT,No,0.4880799,1,One year,Fiber optic,Credit card (automatic),65,110.0
5324-KTGCG,No,0.046414323,0,One year,No,Electronic check,71,20.85
5599-HVLTW,No,0.77758056,1,Month-to-month,Fiber optic,Bank transfer (automatic),14,80.35
7394-LWLYN,No,0.7772754,1,Month-to-month,Fiber optic,Electronic check,2,70.15
3707-LRWZD,Yes,0.42976567,0,One year,Fiber optic,Electronic check,32,84.05
6873-UDNLD,No,0.50105137,1,Month-to-month,DSL,Electronic check,40,67.45
2700-LUEVA,No,0.4606066,1,Month-to-month,No,Credit card (automatic),1,20.75
1455-ESIQH,Yes,0.9223549,1,Month-to-month,Fiber optic,Electronic check,1,89.1
0958-YHXGP,No,0.74914986,1,Month-to-month,Fiber optic,Mailed check,7,69.9
1101-SSWAG,No,0.7263083,1,Month-to-month,DSL,Electronic check,15,51.1
2979-SXESE,Yes,0.8155931,1,Month-to-month,Fiber optic,Electronic check,17,94.4
4013-TLDHQ,Yes,0.7454855,1,Month-to-month,Fiber optic,Electronic check,19,78.25
5743-KHMNA,No,0.009243242,0,Two year,No,Bank transfer (automatic),71,25.55
4194-FJARJ,No,0.03844356,0,Two year,DSL,Bank transfer (automatic),54,60.0
5325-UWTWJ,No,0.3210575,0,Month-to-month,Fiber optic,Credit card (automatic),31,90.55
3969-GYXEL,No,0.5791709,1,Month-to-month,Fiber optic,Electronic check,11,76.4
9208-OLGAQ,No,0.7288589,1,Month-to-month,Fiber optic,Electronic check,18,84.95
3244-CQPHU,No,0.017654128,0,Two year,Fiber optic,Bank transfer (automatic),72,110.1
2674-MLXMN,No,0.6191813,1,Month-to-month,Fiber optic,Credit card (automatic),71,99.65
9708-HPXWZ,No,0.54697907,1,Month-to-month,DSL,Credit card (automatic),5,45.4
6992-TKNYO,No,0.22736204,0,One year,DSL,Credit card (automatic),38,69.0
4468-YDOVK,No,0.4484256,0,Month-to-month,DSL,Bank transfer (automatic),5,48.65
3754-DXMRT,Yes,0.7881206,1,Month-to-month,DSL,Electronic check,2,44.15
5792-JALQC,No,0.03833258,0,Two year,DSL,Bank transfer (automatic),52,59.85
7130-VTEWQ,Yes,0.8985557,1,Month-to-month,Fiber optic,Electronic check,8,75.75
2200-DSAAL,No,0.2762922,0,Two year,DSL,Electronic check,68,80.65
4302-ZYFEL,No,0.019058065,0,One year,No,Credit card (automatic),69,20.55
9351-LZYGF,No,0.23128253,0,Month-to-month,DSL,Credit card (automatic),42,66.4
4366-CTOUZ,No,0.076043814,0,Two year,Fiber optic,Mailed check,50,100.2
6121-VZNQB,Yes,0.64820516,1,Month-to-month,No,Mailed check,1,19.1
7903-CMPEY,Yes,0.9149834,1,Month-to-month,Fiber optic,Electronic check,1,80.3
1518-OMDIK,No,0.23258838,0,Month-to-month,DSL,Credit card (automatic),33,44.55
6671-NGWON,No,0.22670767,0,Month-to-month,No,Mailed check,7,20.35
0595-ITUDF,No,0.2480221,0,Month-to-month,Fiber optic,Electronic check,64,91.8
6996-KNSML,Yes,0.9106763,1,Month-to-month,Fiber optic,Electronic check,1,74.9
1955-IBMMB,No,0.052622635,0,Two year,No,Bank transfer (automatic),59,20.2
0096-BXERS,No,0.68264085,1,Month-to-month,DSL,Electronic check,6,50.35
3806-YAZOV,No,0.041639134,0,Month-to-month,No,Mailed check,3,18.8
7998-ZLXWN,No,0.2316699,0,Month-to-month,No,Credit card (automatic),15,20.45
6253-WRFHY,No,0.54775053,1,One year,DSL,Electronic check,13,64.75
9133-AYJZG,No,0.7839954,1,Month-to-month,Fiber optic,Credit card (automatic),23,98.7
2675-OTVVJ,No,0.67411864,1,Month-to-month,Fiber optic,Electronic check,31,89.45
8680-CGLTP,No,0.11832614,0,One year,DSL,Electronic check,29,58.75
8430-TWCBX,No,0.037422728,0,One year,No,Credit card (automatic),49,20.7
5018-GWURO,No,0.47145694,1,Month-to-month,Fiber optic,Bank transfer (automatic),56,85.6
6741-QRLUP,No,0.04319231,0,Two year,DSL,Credit card (automatic),63,80.3
4737-HOBAX,No,0.06271117,0,Two year,DSL,Credit card (automatic),63,79.8
0537-QYZZN,No,0.6301377,1,Month-to-month,Fiber optic,Electronic check,24,79.85
3340-QBBFM,No,0.10890499,0,One year,DSL,Credit card (automatic),36,54.1
1704-NRWYE,Yes,0.8151818,1,Month-to-month,Fiber optic,Electronic check,9,80.85
2592-SEIFQ,Yes,0.817076,1,Month-to-month,DSL,Electronic check,3,24.75
8200-KLNYW,No,0.16854896,0,One year,DSL,Mailed check,21,80.9
3372-CDXFJ,No,0.107765436,0,One year,No,Bank transfer (automatic),13,24.5
4781-ZXYGU,No,0.6286438,1,Month-to-month,No,Bank transfer (automatic),1,20.15
7632-YUTXB,No,0.054123152,0,One year,No,Mailed check,25,20.05
2718-YSKCS,No,0.009157725,0,Two year,No,Bank transfer (automatic),71,19.6
9896-UYMIE,No,0.43165404,0,One year,Fiber optic,Bank transfer (automatic),66,114.3
0853-NWIFK,No,0.3477166,0,One year,Fiber optic,Electronic check,45,100.3
8212-CRQXP,No,0.6252708,1,Month-to-month,Fiber optic,Credit card (automatic),22,80.0
6980-CDGFC,No,0.03966493,0,One year,No,Bank transfer (automatic),67,20.85
7691-XVTZH,No,0.13663001,0,Two year,Fiber optic,Bank transfer (automatic),68,89.95
2520-SGTTA,No,0.042865664,0,Two year,No,Mailed check,0,20.0
7481-ATQQS,Yes,0.6177076,1,Month-to-month,Fiber optic,Credit card (automatic),49,90.85
2277-VWCNI,No,0.7459613,1,Month-to-month,DSL,Mailed check,4,48.75
1088-CNNKB,No,0.11265331,0,One year,DSL,Credit card (automatic),63,80.0
8642-GVWRF,Yes,0.8493173,1,Month-to-month,Fiber optic,Bank transfer (automatic),2,79.7
1930-BZLHI,No,0.047119223,0,One year,No,Mailed check,21,20.35
3400-ESFUW,Yes,0.03475739,0,Two year,DSL,Bank transfer (automatic),55,57.55
5868-YTYKS,No,0.581444,1,Month-to-month,No,Mailed check,1,20.25
3525-DVKFN,No,0.046642587,0,Two year,No,Mailed check,17,19.4
1482-OXZSY,No,0.49006248,1,Month-to-month,Fiber optic,Bank transfer (automatic),30,100.4
0377-JBKKT,No,0.1946394,0,Month-to-month,DSL,Mailed check,22,57.95
5778-BVOFB,No,0.4750924,1,Month-to-month,DSL,Bank transfer (automatic),9,59.5
3373-YZZYM,No,0.16456589,0,Month-to-month,No,Mailed check,1,19.2
2057-ZBLPD,Yes,0.7935455,1,Month-to-month,Fiber optic,Electronic check,21,86.5
0228-MAUWC,No,0.4936402,1,Month-to-month,DSL,Electronic check,19,59.55
5502-RLUYV,Yes,0.74354416,1,Month-to-month,Fiber optic,Electronic check,69,103.95
0023-HGHWL,Yes,0.90133494,1,Month-to-month,DSL,Electronic check,1,25.1
7663-YJHSN,No,0.04400932,0,Two year,Fiber optic,Bank transfer (automatic),72,103.95
4915-BFSXL,No,0.19050395,0,Two year,DSL,Credit card (automatic),70,68.95
3086-RUCRN,No,0.20865905,0,Month-to-month,Fiber optic,Bank transfer (automatic),66,103.1
5215-LNLDJ,No,0.554753,1,Month-to-month,DSL,Electronic check,7,24.7
7576-JMYWV,No,0.39788783,0,Month-to-month,Fiber optic,Electronic check,46,110.2
9039-RBEEE,Yes,0.2829976,0,Month-to-month,DSL,Credit card (automatic),39,48.95
0257-KXZGU,No,0.25219548,0,Month-to-month,DSL,Bank transfer (automatic),32,62.45
1307-ATKGB,No,0.65840226,1,Month-to-month,Fiber optic,Electronic check,24,89.55
8417-FMLZI,Yes,0.8586137,1,Month-to-month,Fiber optic,Credit card (automatic),6,83.55
3714-XPXBW,No,0.26015228,0,Month-to-month,DSL,Credit card (automatic),37,78.9
1850-AKQEP,No,0.19470724,0,Month-to-month,No,Mailed check,8,20.35
2824-DXNKN,No,0.025982501,0,Two year,DSL,Bank transfer (automatic),72,71.45
5227-JSCFE,No,0.027007466,0,Two year,DSL,Credit card (automatic),71,46.35
0848-ZGQIJ,No,0.6964574,1,Month-to-month,Fiber optic,Bank transfer (automatic),16,94.65
3621-CHYVB,No,0.1437364,0,Month-to-month,DSL,Bank transfer (automatic),57,49.9
8042-RNLKO,No,0.04376889,0,One year,No,Bank transfer (automatic),66,25.45
1792-UXAFY,Yes,0.7159173,1,Month-to-month,Fiber optic,Electronic check,17,89.15
5372-FBKBN,No,0.14355412,0,Month-to-month,No,Mailed check,21,20.75
0420-TXVSG,No,0.02416864,0,Two year,DSL,Credit card (automatic),66,66.1
6217-TOWGS,No,0.31451344,0,Month-to-month,DSL,Bank transfer (automatic),17,75.4
0515-YPMCW,Yes,0.90231436,1,Month-to-month,Fiber optic,Mailed check,1,70.45
0378-XSZPU,Yes,0.13841964,0,One year,DSL,Credit card (automatic),58,60.3
1045-LTCYT,No,0.27679166,0,Month-to-month,No,Credit card (automatic),8,21.05
1544-JJMYL,No,0.08152208,0,One year,DSL,Credit card (automatic),27,69.35
4636-JGAAI,No,0.48158485,1,Month-to-month,Fiber optic,Mailed check,34,88.85
6874-SGLHU,No,0.42773482,0,One year,Fiber optic,Bank transfer (automatic),30,97.0
5951-AOFIH,No,0.25951904,0,Month-to-month,DSL,Credit card (automatic),33,66.4
4729-XKASR,Yes,0.8050717,1,Month-to-month,DSL,Electronic check,1,24.75
3059-NGMXB,No,0.29719678,0,Month-to-month,DSL,Mailed check,14,69.2
8652-YHIYU,No,0.23088373,0,One year,Fiber optic,Credit card (automatic),16,79.5
5278-PNYOX,No,0.13834512,0,Two year,Fiber optic,Credit card (automatic),49,100.65
5449-FIBXJ,Yes,0.69989663,1,Month-to-month,Fiber optic,Electronic check,19,103.3
3486-HOOGQ,No,0.05914652,0,Two year,DSL,Bank transfer (automatic),70,79.7
5061-PBXFW,No,0.22118886,0,Month-to-month,DSL,Bank transfer (automatic),32,61.4
8630-FJLIB,No,0.69671863,1,Month-to-month,Fiber optic,Electronic check,18,69.8
3891-NLXJB,No,0.038074106,0,Two year,DSL,Mailed check,37,40.55
4749-OJKQU,No,0.8688944,1,Month-to-month,Fiber optic,Electronic check,4,75.65
0577-WHMEV,No,0.54865086,1,Month-to-month,Fiber optic,Electronic check,16,90.7
5453-AXEPF,No,0.5712302,1,Month-to-month,Fiber optic,Bank transfer (automatic),17,80.5
3639-XJHKQ,No,0.49182007,1,Month-to-month,DSL,Electronic check,19,60.6
3716-LRGXK,No,0.15648396,0,Two year,Fiber optic,Credit card (automatic),60,101.15
2263-SFSQZ,No,0.029190777,0,Two year,No,Mailed check,51,24.95
9950-MTGYX,No,0.021134472,0,Two year,No,Credit card (automatic),28,20.3
3397-AVTKU,No,0.14992002,0,Two year,DSL,Electronic check,43,60.0
4825-FUREZ,No,0.025035331,0,Two year,No,Electronic check,42,20.25
9837-BMCLM,Yes,0.8431852,1,Month-to-month,Fiber optic,Electronic check,3,78.5
2672-OJQZP,No,0.7165315,1,Month-to-month,DSL,Mailed check,1,44.75
0137-UDEUO,Yes,0.3156819,0,Month-to-month,No,Mailed check,3,19.85
3134-DSHVC,No,0.08026636,0,Two year,Fiber optic,Credit card (automatic),63,98.0
6161-UUUTA,Yes,0.86710465,1,Month-to-month,Fiber optic,Electronic check,3,79.9
7821-DPRQE,No,0.49747118,1,Month-to-month,Fiber optic,Electronic check,68,107.7
6543-XRMYR,Yes,0.7417946,1,Month-to-month,Fiber optic,Electronic check,30,99.7
2001-EWBQU,No,0.19068806,0,Two year,Fiber optic,Electronic check,60,104.7
4925-LMHOK,Yes,0.50457615,1,Month-to-month,DSL,Credit card (automatic),15,58.6
1608-GMEWB,No,0.6936496,1,Month-to-month,Fiber optic,Bank transfer (automatic),45,93.9
6695-AMZUF,No,0.03161038,0,Two year,DSL,Credit card (automatic),70,86.45
1455-UGQVH,Yes,0.952674,1,Month-to-month,Fiber optic,Electronic check,10,98.5
8410-BGQXN,No,0.22448227,0,Month-to-month,No,Mailed check,4,19.4
8280-MQRQN,Yes,0.79473376,1,Month-to-month,DSL,Mailed check,1,50.45
1619-YWUBB,No,0.026079493,0,Two year,No,Credit card (automatic),68,24.95
7611-YKYTC,No,0.4190187,0,Month-to-month,Fiber optic,Bank transfer (automatic),22,75.0
2037-SGXHH,Yes,0.63317084,1,Month-to-month,Fiber optic,Electronic check,38,94.65
3178-FESZO,Yes,0.9362106,1,Month-to-month,Fiber optic,Credit card (automatic),1,100.25
0365-GXEZS,No,0.53658843,1,Month-to-month,Fiber optic,Electronic check,18,78.2
0082-OQIQY,No,0.55632603,1,Month-to-month,Fiber optic,Electronic check,29,94.2
6087-MVHJH,Yes,0.8180383,1,Month-to-month,Fiber optic,Electronic check,16,88.45
4603-JANFB,Yes,0.9301008,1,Month-to-month,Fiber optic,Electronic check,1,69.85
3018-TFTSU,Yes,0.5426831,1,Month-to-month,Fiber optic,Bank transfer (automatic),12,81.7
3606-SBKRY,No,0.3777904,0,One year,DSL,Electronic check,31,50.05
4806-KEXQR,Yes,0.8612047,1,Month-to-month,Fiber optic,Electronic check,4,79.9
0667-NSRGI,No,0.21596292,0,One year,DSL,Mailed check,48,69.55
7083-YNSKY,Yes,0.31874716,0,Month-to-month,No,Credit card (automatic),15,25.4
6893-ODYYE,No,0.09288235,0,One year,Fiber optic,Credit card (automatic),50,90.1
8242-JSVBO,No,0.5248242,1,Month-to-month,DSL,Bank transfer (automatic),7,44.65
2479-BRAMR,Yes,0.5955144,1,Month-to-month,Fiber optic,Bank transfer (automatic),41,83.75
9541-ZPSEA,No,0.13147041,0,Two year,Fiber optic,Credit card (automatic),68,80.35
2665-NPTGL,No,0.8303279,1,Month-to-month,Fiber optic,Bank transfer (automatic),26,98.1
1139-WUOAH,No,0.04958287,0,Two year,DSL,Credit card (automatic),57,53.35
4693-VWVBO,No,0.32333928,0,Month-to-month,No,Electronic check,3,19.55
7434-SHXLS,Yes,0.66335225,1,Month-to-month,No,Mailed check,1,20.9
6937-GCDGQ,No,0.15081213,0,One year,DSL,Bank transfer (automatic),19,48.95
0988-JRWWP,No,0.7789294,1,Month-to-month,DSL,Electronic check,3,54.2
5075-JSDKI,No,0.054034766,0,Two year,No,Electronic check,59,24.45
7908-QCBCA,Yes,0.9316264,1,Month-to-month,Fiber optic,Mailed check,1,69.4
8644-XYTSV,No,0.35168704,0,Month-to-month,DSL,Bank transfer (automatic),42,40.15
6711-FLDFB,Yes,0.8758005,1,Month-to-month,Fiber optic,Electronic check,7,74.9
3873-WOSBC,No,0.023207927,0,Two year,No,Credit card (automatic),67,25.6
7465-ZZRVX,No,0.9184027,1,Month-to-month,Fiber optic,Electronic check,1,70.35
7975-JMZNT,No,0.03623023,0,Two year,DSL,Bank transfer (automatic),66,91.7
7251-XFOIL,No,0.23475844,0,Month-to-month,Fiber optic,Mailed check,61,89.2
4116-IQRFR,No,0.12797244,0,One year,No,Credit card (automatic),4,24.1
3714-JTVOV,Yes,0.5936036,1,Month-to-month,Fiber optic,Credit card (automatic),42,74.15
8259-DZLIZ,No,0.058461,0,One year,DSL,Bank transfer (automatic),64,53.85
0442-ZXKVS,No,0.28475347,0,One year,Fiber optic,Bank transfer (automatic),54,115.6
7853-WNZSY,No,0.45512894,1,Month-to-month,No,Credit card (automatic),1,19.75
3120-FAZKD,No,0.036262944,0,Two year,No,Bank transfer (automatic),54,24.05
8606-OEGQZ,No,0.03480167,0,Two year,No,Credit card (automatic),18,25.3
0225-ZORZP,No,0.7456466,1,Month-to-month,Fiber optic,Electronic check,3,84.3
4702-IOQDC,Yes,0.912948,1,Month-to-month,Fiber optic,Electronic check,1,70.1
9489-JMTTN,No,0.0040399036,0,Two year,DSL,Credit card (automatic),72,89.75
0575-CUQOV,No,0.36436823,0,One year,Fiber optic,Electronic check,60,97.95
0967-BMLBD,No,0.07920429,0,One year,No,Mailed check,11,20.0
6178-KFNHS,Yes,0.6944679,1,Month-to-month,Fiber optic,Electronic check,12,78.3
2830-LEWOA,No,0.25736538,0,One year,Fiber optic,Credit card (automatic),61,103.9
5006-MXVRN,No,0.019266142,0,Two year,No,Credit card (automatic),39,20.7
1264-BYWMS,Yes,0.810279,1,Month-to-month,Fiber optic,Electronic check,55,96.8
9658-WYUFB,Yes,0.8614448,1,Month-to-month,Fiber optic,Electronic check,17,94.4
8327-WKMIE,No,0.0480399,0,One year,No,Credit card (automatic),37,20.15
6917-FIJHC,No,0.0050943946,0,Two year,No,Mailed check,72,26.0
5329-KRDTM,No,0.02820607,0,Two year,DSL,Credit card (automatic),72,77.35
7797-EJMDP,No,0.4497079,0,Month-to-month,DSL,Bank transfer (automatic),8,66.05
3530-VWVGU,No,0.15789272,0,Month-to-month,No,Mailed check,22,19.9
2013-SGDXK,Yes,0.89427835,1,Month-to-month,Fiber optic,Electronic check,1,84.3
6368-NWMCE,No,0.17493173,0,Month-to-month,DSL,Credit card (automatic),38,68.15
3633-CDBUW,No,0.20916209,0,One year,DSL,Electronic check,17,80.85
0707-HOVVN,No,0.21618684,0,Two year,DSL,Bank transfer (automatic),70,75.5
8580-QVLOC,Yes,0.008407251,0,Two year,DSL,Credit card (automatic),72,92.45
3956-MGXOG,No,0.6640081,1,Month-to-month,Fiber optic,Electronic check,28,80.6
9274-UARKJ,No,0.6979795,1,Month-to-month,Fiber optic,Bank transfer (automatic),15,83.2
4077-HWUYD,No,0.005274209,0,Two year,DSL,Bank transfer (automatic),72,87.55
2012-NWRPA,Yes,0.95760715,1,Month-to-month,Fiber optic,Electronic check,11,99.55
8808-ELEHO,Yes,0.90725315,1,Month-to-month,Fiber optic,Electronic check,8,81.25
0103-CSITQ,No,0.46149218,1,One year,Fiber optic,Bank transfer (automatic),57,109.4
3506-LCJDC,Yes,0.5813978,1,Month-to-month,No,Bank transfer (automatic),1,19.95
8671-KKKOS,No,0.33522612,0,Month-to-month,DSL,Electronic check,46,45.55
7305-ZWMAJ,No,0.039643794,0,One year,No,Credit card (automatic),30,20.7
9518-XXBXE,No,0.62647504,1,Month-to-month,Fiber optic,Electronic check,10,75.3
3934-HXCFZ,Yes,0.9001322,1,Month-to-month,Fiber optic,Electronic check,23,99.25
6578-KRMAW,No,0.34321368,0,Month-to-month,Fiber optic,Credit card (automatic),32,93.4
4860-IJUDE,No,0.5197991,1,Month-to-month,Fiber optic,Credit card (automatic),13,73.75
7666-WKRON,Yes,0.08998339,0,Two year,Fiber optic,Electronic check,39,80.45
9688-YGXVR,No,0.43629813,0,Month-to-month,Fiber optic,Credit card (automatic),44,88.15
0423-UDIJQ,No,0.46896628,1,Month-to-month,DSL,Mailed check,9,49.2
1945-XISKS,No,0.019936701,0,Two year,No,Mailed check,67,19.65
4910-AQFFX,Yes,0.8425016,1,Month-to-month,Fiber optic,Bank transfer (automatic),9,79.35
2154-KVJFF,Yes,0.86122507,1,Month-to-month,Fiber optic,Electronic check,15,79.75
5360-LJCNJ,No,0.32808107,0,Two year,Fiber optic,Bank transfer (automatic),71,105.15
2607-FBDFF,No,0.5543515,1,Month-to-month,DSL,Credit card (automatic),1,49.0
9647-ERGBE,Yes,0.82231927,1,Month-to-month,Fiber optic,Electronic check,30,100.05
3428-XZMAZ,Yes,0.9403647,1,Month-to-month,Fiber optic,Electronic check,1,69.35
1100-DDVRV,No,0.57446,1,Month-to-month,DSL,Mailed check,17,49.8
0378-TOVMS,Yes,0.8220051,1,Month-to-month,Fiber optic,Electronic check,3,85.8
4355-HBJHH,Yes,0.52900577,1,Two year,DSL,Electronic check,67,79.7
6728-WYQBC,No,0.5496065,1,Month-to-month,No,Bank transfer (automatic),1,20.95
9058-CBREO,Yes,0.8580508,1,Month-to-month,DSL,Mailed check,1,50.55
9029-FEGVJ,No,0.5703184,1,Month-to-month,Fiber optic,Mailed check,32,79.3
7216-KAOID,No,0.058173776,0,One year,No,Bank transfer (automatic),41,19.5
0318-QUUOB,Yes,0.94596237,1,Month-to-month,Fiber optic,Electronic check,1,80.55
6145-NNPNO,No,0.70690244,1,Month-to-month,DSL,Bank transfer (automatic),1,44.15
5520-FVEWJ,Yes,0.8705891,1,Month-to-month,Fiber optic,Electronic check,12,84.5
5339-TJFEK,No,0.38904327,0,Month-to-month,Fiber optic,Electronic check,62,105.5
5572-ZDXHY,Yes,0.6556698,1,Month-to-month,Fiber optic,Mailed check,22,84.3
2074-GUHPQ,No,0.5650981,1,Month-to-month,Fiber optic,Credit card (automatic),17,92.7
4625-XMOYM,No,0.0051174765,0,Two year,No,Bank transfer (automatic),72,26.25
5827-MWCZK,No,0.3297817,0,Month-to-month,Fiber optic,Credit card (automatic),56,96.95
1385-TQOZW,No,0.26465654,0,Month-to-month,No,Credit card (automatic),9,20.45
5914-XRFQB,No,0.030710623,0,Two year,Fiber optic,Bank transfer (automatic),72,115.8
4329-YPDDQ,No,0.67409164,1,Month-to-month,Fiber optic,Bank transfer (automatic),20,108.2
4804-NCPET,No,0.020908548,0,Two year,No,Mailed check,19,20.2
3750-CKVKH,Yes,0.8428219,1,Month-to-month,Fiber optic,Electronic check,2,67.75
5944-UGLLK,No,0.20166044,0,One year,DSL,Credit card (automatic),53,54.9
8063-GBATB,Yes,0.798836,1,Month-to-month,Fiber optic,Electronic check,27,85.25
7787-BNTZM,No,0.27112427,0,Month-to-month,No,Bank transfer (automatic),6,20.15
2252-ISRNH,No,0.6413248,1,One year,Fiber optic,Electronic check,9,90.35
9415-TPKRV,No,0.3441986,0,Month-to-month,DSL,Electronic check,8,55.75
5322-TEUJK,No,0.024791624,0,Two year,Fiber optic,Bank transfer (automatic),71,114.6
4547-KQRTM,Yes,0.84789956,1,Month-to-month,Fiber optic,Bank transfer (automatic),10,80.05
4877-EVATK,Yes,0.62732655,1,Month-to-month,No,Mailed check,1,20.0
1866-DIOQZ,No,0.025243102,0,One year,DSL,Bank transfer (automatic),71,66.8
8375-KVTHK,No,0.31716296,0,One year,Fiber optic,Electronic check,68,100.3
2697-NQBPF,No,0.62484115,1,Month-to-month,Fiber optic,Electronic check,34,105.35
3709-OIJEA,No,0.3969418,0,One year,Fiber optic,Electronic check,26,85.2
7639-SUPCW,Yes,0.43784684,0,Month-to-month,DSL,Credit card (automatic),22,48.8
1386-ZIKUV,No,0.118249096,0,Month-to-month,No,Mailed check,7,18.95
0599-XNYDO,No,0.6132598,1,Month-to-month,Fiber optic,Bank transfer (automatic),20,69.8
6377-WHAOX,No,0.6922216,1,Month-to-month,Fiber optic,Electronic check,60,106.15
6855-VLGOS,No,0.0116787795,0,Two year,No,Electronic check,72,20.55
8999-XXGNS,No,0.17090204,0,One year,Fiber optic,Credit card (automatic),72,105.75
8746-OQQRW,No,0.25810054,0,Month-to-month,No,Mailed check,4,25.25
3181-MIZBN,No,0.2685406,0,Month-to-month,No,Electronic check,16,19.75
0471-ARVMX,No,0.4207237,0,One year,Fiber optic,Electronic check,62,104.85
7766-CLTIC,No,0.4196779,0,Month-to-month,DSL,Mailed check,10,60.95
5650-YLIBA,No,0.7503989,1,Month-to-month,Fiber optic,Electronic check,31,81.15
0825-CPPQH,No,0.0031934332,0,Two year,No,Credit card (automatic),71,19.1
9084-OAYKL,No,0.06445605,0,Two year,No,Mailed check,58,20.8
6122-LJADA,No,0.028848477,0,Two year,DSL,Credit card (automatic),70,90.15
2400-XIWIO,No,0.011937931,0,Two year,DSL,Electronic check,71,90.1
7524-VRLPL,No,0.28991488,0,Two year,DSL,Credit card (automatic),69,74.1
1069-XAIEM,Yes,0.9637516,1,Month-to-month,Fiber optic,Electronic check,1,85.05
7569-NMZYQ,No,0.041990254,0,Two year,Fiber optic,Bank transfer (automatic),72,118.75
5201-USSQZ,No,0.3529991,0,Month-to-month,Fiber optic,Credit card (automatic),26,85.9
2105-PHWON,No,0.469144,1,Month-to-month,Fiber optic,Credit card (automatic),33,95.0
1494-EJZDW,No,0.026648821,0,Two year,No,Mailed check,10,20.15
4884-TVUQF,No,0.11073477,0,Two year,Fiber optic,Credit card (automatic),57,101.3
8003-EWNDZ,No,0.34079033,0,Month-to-month,No,Electronic check,10,21.2
1897-RCFUM,No,0.06135775,0,One year,No,Mailed check,39,24.2
9256-JTBNZ,No,0.23657593,0,Month-to-month,No,Bank transfer (automatic),11,20.3
4658-HCOHW,Yes,0.74371743,1,Month-to-month,Fiber optic,Electronic check,21,102.8
2211-RMNHO,No,0.02541226,0,Two year,DSL,Bank transfer (automatic),68,85.3
2432-TFSMK,No,0.28830007,0,One year,Fiber optic,Credit card (automatic),18,89.6
3440-JPSCL,Yes,0.88315445,1,Month-to-month,Fiber optic,Mailed check,6,99.95
4929-ROART,No,0.31743172,0,Month-to-month,DSL,Mailed check,18,56.25
1834-ABKHQ,No,0.09023299,0,One year,DSL,Bank transfer (automatic),52,50.95
1741-WTPON,No,0.08514348,0,Two year,Fiber optic,Mailed check,56,115.85
3932-IJWDZ,No,0.61181164,1,Month-to-month,Fiber optic,Bank transfer (automatic),45,103.65
1240-HCBOH,No,0.018551854,0,Two year,No,Mailed check,67,26.1
3594-KADLU,No,0.4074106,0,Month-to-month,DSL,Mailed check,3,35.1
8065-BVEPF,No,0.4986495,1,Month-to-month,Fiber optic,Bank transfer (automatic),65,99.1
3796-ENZGF,No,0.011779014,0,Two year,DSL,Mailed check,63,67.25
1734-ZMNTZ,No,0.03143019,0,Two year,No,Mailed check,11,25.0
2853-CWQFQ,No,0.4256645,0,Month-to-month,DSL,Mailed check,1,59.55
0813-TAXXS,No,0.070858195,0,Two year,DSL,Bank transfer (automatic),55,77.8
2519-TWKFS,No,0.17216694,0,One year,DSL,Mailed check,25,55.1
2889-FPWRM,Yes,0.57632136,1,One year,Fiber optic,Bank transfer (automatic),72,117.8
0626-QXNGV,No,0.004569288,0,Two year,No,Credit card (automatic),72,24.15
6723-CEGQI,No,0.028249783,0,Two year,DSL,Mailed check,65,45.25
6987-XQSJT,Yes,0.7485532,1,Month-to-month,Fiber optic,Electronic check,54,79.5
4732-RRJZC,No,0.19986825,0,Month-to-month,No,Mailed check,7,20.25
9499-XPZXM,No,0.0073221717,0,Two year,DSL,Bank transfer (automatic),72,64.75
4338-EYCER,No,0.37139115,0,Month-to-month,DSL,Bank transfer (automatic),21,54.6
3007-FDPEA,No,0.27569613,0,Month-to-month,No,Bank transfer (automatic),2,20.7
6350-XFYGW,No,0.8829076,1,Month-to-month,Fiber optic,Electronic check,4,94.75
4290-BSXUX,Yes,0.87151545,1,Month-to-month,Fiber optic,Bank transfer (automatic),3,79.65
8513-OLYGY,No,0.025829656,0,Two year,Fiber optic,Credit card (automatic),72,115.8
0311-QYWSS,No,0.5901023,1,Month-to-month,DSL,Electronic check,6,49.45
8705-DWKTI,No,0.4686564,1,Month-to-month,Fiber optic,Credit card (automatic),52,83.8
8755-IWJHN,No,0.44759247,0,Month-to-month,Fiber optic,Bank transfer (automatic),69,95.35
0325-XBFAC,Yes,0.85708493,1,Month-to-month,Fiber optic,Electronic check,8,94.7
4480-QQRHC,No,0.7678808,1,Month-to-month,Fiber optic,Bank transfer (automatic),8,74.05
0929-PECLO,No,0.30002576,0,Month-to-month,Fiber optic,Bank transfer (automatic),63,89.6
3680-CTHUH,No,0.42611462,0,One year,Fiber optic,Credit card (automatic),60,116.6
1202-KKGFU,No,0.4271743,0,Month-to-month,DSL,Bank transfer (automatic),12,54.2
6112-KTHFQ,No,0.13029999,0,Month-to-month,No,Mailed check,13,19.3
1852-XEMDW,No,0.24598393,0,Month-to-month,DSL,Mailed check,22,65.05
2462-XIIJB,Yes,0.93197393,1,Month-to-month,Fiber optic,Electronic check,5,92.5
4760-XOHVN,Yes,0.6232288,1,Month-to-month,No,Mailed check,1,19.45
1820-DJFPH,No,0.0044398946,0,Two year,No,Bank transfer (automatic),72,24.05
9426-SXNHE,No,0.04492382,0,Month-to-month,No,Bank transfer (automatic),2,18.75
9068-FHQHD,No,0.02841787,0,Two year,No,Bank transfer (automatic),40,20.15
1269-FOYWN,No,0.05592678,0,One year,No,Bank transfer (automatic),44,20.0
9470-YFUYI,No,0.033212904,0,One year,DSL,Bank transfer (automatic),71,71.0
7817-BOQPW,Yes,0.8662409,1,Month-to-month,Fiber optic,Electronic check,2,75.55
7402-EYFXX,No,0.83533496,1,Month-to-month,Fiber optic,Electronic check,26,93.6
1853-UDXBW,Yes,0.9301008,1,Month-to-month,Fiber optic,Electronic check,1,70.0
9895-VFOXH,No,0.6466327,1,Month-to-month,DSL,Mailed check,1,24.4
5458-CQJTA,Yes,0.40442038,0,Two year,DSL,Bank transfer (automatic),65,74.8
1230-QAJDW,No,0.5013399,1,Month-to-month,DSL,Mailed check,3,65.25
5701-ZIKJE,No,0.40824038,0,Month-to-month,DSL,Mailed check,13,50.55
5219-YIPTK,Yes,0.7456316,1,Month-to-month,Fiber optic,Electronic check,33,104.4
5032-MIYKT,No,0.90676516,1,Month-to-month,Fiber optic,Mailed check,1,70.7
7396-VJUZB,No,0.6291423,1,Month-to-month,DSL,Mailed check,4,45.25
9717-QEBGU,No,0.76612383,1,Month-to-month,Fiber optic,Electronic check,2,70.3
5172-RKOCB,No,0.017179945,0,Two year,Fiber optic,Credit card (automatic),72,108.95
6509-TSGWN,No,0.15179281,0,Month-to-month,No,Mailed check,37,26.45
3540-RZJYU,Yes,0.5819525,1,Month-to-month,Fiber optic,Electronic check,15,86.2
3178-CIFOT,No,0.04557647,0,One year,No,Credit card (automatic),23,19.65
2091-MJTFX,Yes,0.19517182,0,Month-to-month,DSL,Credit card (automatic),30,51.2
4530-NDRKU,No,0.10257478,0,One year,No,Electronic check,42,19.05
5985-TBABQ,No,0.14422579,0,One year,DSL,Mailed check,32,74.75
9800-ONTFE,No,0.57009256,1,Month-to-month,Fiber optic,Bank transfer (automatic),22,75.8
6743-HHQPF,No,0.42648175,0,Month-to-month,DSL,Credit card (automatic),42,25.1
8455-HIRAQ,No,0.4256754,0,Month-to-month,DSL,Mailed check,8,44.45
6616-AALSR,No,0.2829876,0,Two year,Fiber optic,Credit card (automatic),65,104.3
0883-EIBTI,Yes,0.44364142,0,Month-to-month,No,Mailed check,2,19.5
9415-ZNBSX,No,0.03783721,0,Two year,DSL,Bank transfer (automatic),70,89.0
4018-KJYUY,No,0.15135016,0,Month-to-month,No,Credit card (automatic),22,20.15
0722-TROQR,Yes,0.8772292,1,Month-to-month,Fiber optic,Electronic check,4,74.9
7571-YXDAD,Yes,0.7943278,1,Month-to-month,Fiber optic,Credit card (automatic),2,74.9
3884-UEBXB,No,0.027529888,0,Two year,DSL,Bank transfer (automatic),67,36.15
8780-RSYYU,No,0.09245418,0,Month-to-month,No,Credit card (automatic),25,19.2
5537-UXXVS,No,0.1376267,0,Month-to-month,No,Bank transfer (automatic),20,19.25
1791-PQHBB,No,0.54867214,1,Month-to-month,DSL,Credit card (automatic),2,61.2
8701-DGLVH,No,0.022493804,0,Two year,No,Mailed check,51,20.45
8741-LQOBK,No,0.30316988,0,Month-to-month,DSL,Bank transfer (automatic),46,35.05
3393-FMZPV,Yes,0.85801107,1,Month-to-month,Fiber optic,Electronic check,25,100.25
8082-GHXOP,No,0.355223,0,Month-to-month,DSL,Mailed check,13,44.0
6402-ZFPPI,Yes,0.87592626,1,Month-to-month,Fiber optic,Mailed check,25,102.8
0980-FEXWF,No,0.11056463,0,One year,DSL,Mailed check,26,50.35
7486-KSRVI,Yes,0.6434838,1,One year,Fiber optic,Electronic check,43,100.0
3011-WQKSZ,No,0.23225844,0,Month-to-month,No,Electronic check,19,20.0
8443-WVPSS,Yes,0.7802775,1,Month-to-month,Fiber optic,Electronic check,10,99.85
3006-XIMLN,Yes,0.92344767,1,Month-to-month,Fiber optic,Bank transfer (automatic),2,94.2
8218-FFJDS,No,0.0049111303,0,Two year,DSL,Bank transfer (automatic),72,86.4
1986-PHGZF,No,0.43718028,0,Month-to-month,DSL,Credit card (automatic),18,58.4
9965-YOKZB,Yes,0.91969866,1,Month-to-month,Fiber optic,Electronic check,9,83.85
0504-HHAPI,Yes,0.655015,1,Month-to-month,Fiber optic,Credit card (automatic),27,88.3
9360-OMDZZ,No,0.84374183,1,Month-to-month,Fiber optic,Electronic check,24,94.1
6305-YLBMM,Yes,0.62022686,1,One year,Fiber optic,Bank transfer (automatic),69,104.05
0345-XMMUG,No,0.43190655,0,Two year,Fiber optic,Credit card (automatic),46,108.9
8024-XNAFQ,No,0.016023703,0,Two year,Fiber optic,Bank transfer (automatic),72,107.4
3647-GMGDH,Yes,0.6810055,1,Month-to-month,Fiber optic,Credit card (automatic),22,94.7
2988-GBIVW,No,0.32065797,0,Month-to-month,Fiber optic,Electronic check,70,90.85
2832-SCUCO,No,0.3449264,0,Month-to-month,No,Electronic check,2,19.9
7036-ZZKBD,No,0.14850315,0,Month-to-month,DSL,Credit card (automatic),31,66.4
3791-LGQCY,Yes,0.74895316,1,Month-to-month,Fiber optic,Bank transfer (automatic),56,100.65
0265-PSUAE,No,0.7185429,1,Month-to-month,Fiber optic,Bank transfer (automatic),16,100.7
0463-TXOAK,No,0.03628238,0,Two year,No,Credit card (automatic),52,25.6
0594-UFTUL,No,0.18240498,0,Month-to-month,No,Mailed check,13,19.85
9509-MPYOD,No,0.034657855,0,One year,No,Mailed check,35,20.75
9128-CPXKI,No,0.1838792,0,Two year,Fiber optic,Electronic check,59,95.8
0129-KPTWJ,No,0.3283746,0,Month-to-month,Fiber optic,Electronic check,72,94.65
8166-ZZTFS,Yes,0.49812528,1,Two year,DSL,Bank transfer (automatic),66,80.55
5855-EIBDE,No,0.33926263,0,Two year,Fiber optic,Credit card (automatic),49,106.65
5365-LLFYV,No,0.7506397,1,Month-to-month,DSL,Mailed check,2,45.85
5956-YHHRX,No,0.86407787,1,Month-to-month,Fiber optic,Electronic check,21,104.35
6008-NAIXK,No,0.56944084,1,One year,DSL,Electronic check,54,55.45
2956-GGUCQ,Yes,0.66434014,1,Month-to-month,Fiber optic,Electronic check,24,78.85
1928-BXYIV,No,0.54983115,1,Month-to-month,DSL,Electronic check,1,61.15
5760-FXFVO,No,0.7123352,1,Month-to-month,Fiber optic,Electronic check,6,78.95
6595-COKXZ,Yes,0.76723695,1,Month-to-month,DSL,Mailed check,1,44.45
0961-ZWLVI,No,0.35636044,0,One year,Fiber optic,Credit card (automatic),49,109.2
5181-OABFK,No,0.0323861,0,Two year,DSL,Credit card (automatic),56,61.3
4007-NHVHI,No,0.3818952,0,Month-to-month,Fiber optic,Electronic check,56,96.85
7816-VGHTO,No,0.048779584,0,Two year,DSL,Mailed check,6,40.55
5871-DGTXZ,No,0.040148497,0,One year,No,Mailed check,32,19.8
7550-WIQVA,No,0.31703132,0,One year,Fiber optic,Electronic check,50,108.25
7544-ZVIKX,No,0.4970625,1,One year,Fiber optic,Bank transfer (automatic),58,105.05
0016-QLJIS,No,0.020514112,0,Two year,DSL,Mailed check,65,90.45
7508-DQAKK,No,0.03949994,0,Two year,DSL,Credit card (automatic),64,86.4
5176-OLSKT,No,0.019361014,0,Two year,DSL,Bank transfer (automatic),66,66.9
9356-AXGMP,No,0.480297,1,One year,Fiber optic,Electronic check,38,110.7
3556-BVQGL,No,0.056383118,0,One year,No,Mailed check,20,20.0
0362-ZBZWJ,Yes,0.77172077,1,Month-to-month,Fiber optic,Electronic check,36,84.9
8979-CAMGB,No,0.19917926,0,One year,Fiber optic,Electronic check,64,102.1
4211-MMAZN,Yes,0.5655096,1,Month-to-month,No,Mailed check,1,20.25
7581-EBBOU,No,0.09244378,0,One year,DSL,Credit card (automatic),60,70.15
4274-OWWYO,Yes,0.9073042,1,Month-to-month,Fiber optic,Electronic check,1,74.35
5073-RZGBK,No,0.14447673,0,One year,DSL,Bank transfer (automatic),50,80.05
1541-ETJZO,Yes,0.5191125,1,Month-to-month,DSL,Mailed check,1,62.05
2192-CKRLV,No,0.13273276,0,Two year,DSL,Electronic check,72,49.2
3154-HMWUU,No,0.01680619,0,Two year,No,Bank transfer (automatic),60,20.5
6119-SPUDB,No,0.04141337,0,Two year,DSL,Mailed check,46,38.25
6522-OIQSX,No,0.0372175,0,Two year,DSL,Credit card (automatic),69,54.95
7813-ZGGAW,No,0.5726584,1,Month-to-month,Fiber optic,Bank transfer (automatic),31,96.6
8748-HFWBO,No,0.05061513,0,One year,No,Mailed check,19,19.9
1052-QJIBV,No,0.0040417383,0,Two year,No,Credit card (automatic),71,19.9
1319-YLZJG,No,0.7024966,1,Month-to-month,Fiber optic,Electronic check,12,84.6
4106-HADHQ,Yes,0.3494604,0,One year,DSL,Credit card (automatic),39,80.0
0723-FDLAY,No,0.29057577,0,One year,DSL,Bank transfer (automatic),44,85.25
3050-RLLXC,No,0.03343927,0,Two year,DSL,Credit card (automatic),56,81.25
9298-WGMRW,No,0.015273244,0,Two year,Fiber optic,Bank transfer (automatic),72,115.5
2369-UAPKZ,Yes,0.89013684,1,Month-to-month,Fiber optic,Mailed check,5,104.1
3088-LHEFH,No,0.6377213,1,Month-to-month,Fiber optic,Bank transfer (automatic),11,79.0
2778-OCLGR,Yes,0.6227085,1,Month-to-month,DSL,Bank transfer (automatic),24,39.1
6583-KQJLK,No,0.76696986,1,Month-to-month,Fiber optic,Electronic check,15,94.65
8544-JNBOX,No,0.0060188617,0,Two year,No,Mailed check,72,20.8
6681-ZSEXG,No,0.038584825,0,Two year,DSL,Credit card (automatic),56,59.5
6139-ZZRBQ,No,0.028593015,0,Two year,No,Bank transfer (automatic),64,20.05
6116-RFVHN,No,0.8087822,1,Month-to-month,Fiber optic,Electronic check,34,100.45
0637-KVDLV,Yes,0.9126966,1,Month-to-month,Fiber optic,Electronic check,2,76.5
8884-FEEWR,No,0.052230466,0,One year,No,Bank transfer (automatic),35,20.6
3125-RAHBV,No,0.06356499,0,One year,No,Credit card (automatic),22,20.3
6633-MPWBS,Yes,0.5563136,1,Month-to-month,DSL,Electronic check,5,49.2
0373-AIVNJ,No,0.118741736,0,One year,DSL,Mailed check,9,39.55
8785-EPNCG,Yes,0.47966737,1,Month-to-month,No,Credit card (automatic),11,23.15
1682-VCOIO,No,0.03737853,0,One year,No,Mailed check,23,20.45
5729-KLZAR,Yes,0.8049226,1,Month-to-month,Fiber optic,Electronic check,4,80.85
2072-ZVJJX,No,0.02201191,0,Two year,No,Bank transfer (automatic),68,25.25
8849-AYPTR,No,0.5982405,1,Month-to-month,Fiber optic,Electronic check,33,91.25
9518-IMLHK,No,0.18309438,0,Month-to-month,DSL,Bank transfer (automatic),31,72.45
1582-RAFML,Yes,0.5778768,1,Month-to-month,DSL,Mailed check,1,60.1
3646-ITDGM,No,0.13238645,0,Two year,No,Bank transfer (automatic),56,19.7
8740-CRYFY,Yes,0.95147306,1,Month-to-month,Fiber optic,Electronic check,1,78.95
3569-VLDHH,No,0.1694399,0,One year,DSL,Electronic check,66,75.1
8224-KDLKN,No,0.006440308,0,Two year,No,Bank transfer (automatic),72,25.0
7594-LZNWR,No,0.47145224,1,Month-to-month,Fiber optic,Credit card (automatic),34,69.15
4001-TSBTV,No,0.33382323,0,Month-to-month,Fiber optic,Electronic check,58,91.55
2962-XPMCQ,Yes,0.783021,1,Month-to-month,DSL,Electronic check,2,45.15
8727-XDPUD,No,0.058345143,0,Two year,DSL,Credit card (automatic),37,35.8
1043-UXOVO,No,0.029066846,0,Two year,Fiber optic,Credit card (automatic),71,113.15
1064-FBXNK,No,0.07837488,0,One year,No,Credit card (automatic),1,19.85
3996-ZNWYK,No,0.007177908,0,Two year,No,Credit card (automatic),71,19.8
2878-DHMIN,No,0.057640467,0,One year,No,Electronic check,35,19.9
7762-ONLJY,No,0.0996228,0,One year,No,Mailed check,6,19.7
1678-FYZOW,Yes,0.8325136,1,Month-to-month,Fiber optic,Electronic check,3,79.4
5795-BKOYE,No,0.028190358,0,One year,DSL,Bank transfer (automatic),69,59.1
8627-EHGIP,Yes,0.5651151,1,One year,DSL,Mailed check,44,53.95
7402-PWYJJ,No,0.24871807,0,One year,Fiber optic,Electronic check,53,91.15
5480-TBGPH,Yes,0.80421007,1,Month-to-month,Fiber optic,Credit card (automatic),24,99.3
0018-NYROU,No,0.7682273,1,Month-to-month,Fiber optic,Electronic check,5,68.95
7501-VTYLJ,No,0.6430827,1,Month-to-month,DSL,Mailed check,2,51.55
7608-RGIRO,No,0.022945086,0,Two year,No,Mailed check,62,24.4
0480-BIXDE,No,0.72336113,1,Month-to-month,Fiber optic,Electronic check,19,96.8
5895-QSXOD,No,0.6448448,1,Month-to-month,Fiber optic,Mailed check,9,70.05
9814-AOUDH,No,0.070646785,0,Two year,No,Credit card (automatic),53,19.5
6175-IRFIT,No,0.7720321,1,Month-to-month,Fiber optic,Mailed check,5,78.75
8760-ZRHKE,No,0.047604017,0,One year,DSL,Electronic check,71,69.2
1622-HSHSF,No,0.65393794,1,Month-to-month,No,Mailed check,1,19.55
8854-CCVSQ,Yes,0.7969322,1,Month-to-month,Fiber optic,Electronic check,18,80.65
6749-UTDVX,No,0.44021013,0,Two year,Fiber optic,Electronic check,72,103.65
5542-DHSXL,No,0.37314916,0,Month-to-month,DSL,Mailed check,4,54.7
9102-OXKFY,No,0.13743457,0,Two year,DSL,Credit card (automatic),59,54.15
0511-JTEOY,Yes,0.876913,1,Month-to-month,Fiber optic,Mailed check,1,71.1
5216-WASFJ,No,0.80097,1,Month-to-month,Fiber optic,Electronic check,31,84.85
7808-DVWEP,No,0.2913877,0,Month-to-month,No,Bank transfer (automatic),3,20.0
7067-KSAZT,Yes,0.5097093,1,One year,Fiber optic,Electronic check,65,106.25
2284-VFLKH,No,0.35990703,0,One year,Fiber optic,Credit card (automatic),49,99.25
0366-NQSHS,No,0.23361802,0,Month-to-month,No,Mailed check,2,19.35
6532-YLWSI,Yes,0.17983782,0,One year,No,Bank transfer (automatic),53,20.8
3807-BPOMJ,No,0.40887424,0,One year,Fiber optic,Electronic check,55,94.75
3892-NXAZG,No,0.01681695,0,Two year,Fiber optic,Credit card (automatic),72,114.05
4948-WBBKL,No,0.582442,1,Month-to-month,Fiber optic,Bank transfer (automatic),36,74.9
4182-BGSIQ,No,0.29174533,0,Month-to-month,No,Bank transfer (automatic),10,19.8
9300-AGZNL,Yes,0.97082764,1,Month-to-month,Fiber optic,Electronic check,1,94.0
0988-AADSA,No,0.0043509295,0,Two year,DSL,Bank transfer (automatic),72,80.85
9972-NKTFD,No,0.17924356,0,Month-to-month,DSL,Bank transfer (automatic),28,54.65
3717-LNXKW,No,0.27062443,0,Month-to-month,Fiber optic,Bank transfer (automatic),38,91.7
5734-EJKXG,No,0.21446492,0,One year,Fiber optic,Electronic check,61,118.6
2207-RYYRL,No,0.032806728,0,Two year,No,Mailed check,52,24.55
6729-FZWSY,No,0.0383423,0,One year,No,Mailed check,67,19.45
9695-IDRZR,No,0.0863235,0,Two year,Fiber optic,Credit card (automatic),34,116.15
8144-DGHXP,No,0.04210416,0,Two year,DSL,Electronic check,54,80.6
7814-LEEVE,No,0.59286153,1,Month-to-month,No,Bank transfer (automatic),1,20.3
1112-CUNAO,Yes,0.7238868,1,Month-to-month,Fiber optic,Electronic check,15,89.85
5175-AOBHI,Yes,0.72613966,1,Month-to-month,DSL,Mailed check,4,46.0
5174-RNGBH,Yes,0.5759707,1,Month-to-month,DSL,Mailed check,9,66.25
8631-WUXGY,No,0.5725974,1,Month-to-month,Fiber optic,Electronic check,46,99.8
7270-BDIOA,Yes,0.7734401,1,Month-to-month,Fiber optic,Electronic check,22,90.0
9565-JSNFM,Yes,0.21799439,0,One year,Fiber optic,Bank transfer (automatic),38,70.45
5906-DVAPM,No,0.07092899,0,One year,DSL,Credit card (automatic),55,75.0
6654-QGBZZ,No,0.6349401,1,Month-to-month,No,Mailed check,1,19.9
8348-JLBUG,No,0.065177254,0,One year,Fiber optic,Credit card (automatic),64,80.3
0607-DAAHE,Yes,0.16359416,0,Two year,No,Bank transfer (automatic),53,19.75
5641-DMBFJ,No,0.073739246,0,Two year,DSL,Electronic check,58,84.3
9200-NLNPD,No,0.22611979,0,One year,DSL,Bank transfer (automatic),56,54.05
2664-XJZNO,No,0.038398463,0,Two year,Fiber optic,Credit card (automatic),72,104.9
9732-KPKBW,Yes,0.5604851,1,Month-to-month,DSL,Electronic check,1,53.95
3339-EAQNV,No,0.19919993,0,One year,Fiber optic,Credit card (automatic),72,97.25
0921-OHLVP,No,0.6771427,1,Month-to-month,Fiber optic,Electronic check,22,83.05
3389-YGYAI,Yes,0.93335164,1,Month-to-month,Fiber optic,Electronic check,8,105.5
9560-ARGQJ,Yes,0.76148754,1,Month-to-month,Fiber optic,Electronic check,16,81.0
8350-NYMVI,No,0.31000623,0,Month-to-month,DSL,Bank transfer (automatic),39,41.1
1600-DILPE,No,0.42371088,0,Month-to-month,DSL,Bank transfer (automatic),12,45.0
0536-ESJEP,No,0.03945816,0,Two year,DSL,Bank transfer (automatic),54,74.55
4654-GGUII,No,0.10906592,0,One year,DSL,Mailed check,18,40.2
6478-HRRCZ,No,0.13283332,0,One year,DSL,Mailed check,32,70.5
8510-BBWMU,No,0.04614986,0,One year,No,Mailed check,41,19.75
6857-TKDJV,No,0.017394042,0,Two year,No,Bank transfer (automatic),67,24.65
2360-RDGRO,No,0.4951822,1,Month-to-month,Fiber optic,Electronic check,65,104.25
0584-BJQGZ,No,0.22003023,0,Month-to-month,DSL,Bank transfer (automatic),25,78.35
5134-IKDAY,Yes,0.94072694,1,Month-to-month,Fiber optic,Electronic check,1,69.8
1360-XFJMR,No,0.35926288,0,One year,Fiber optic,Credit card (automatic),67,109.7
3070-DVEYC,Yes,0.78312606,1,Month-to-month,Fiber optic,Mailed check,7,73.75
5730-RIITO,No,0.44155174,0,Month-to-month,DSL,Credit card (automatic),43,33.45
9058-MJLZC,No,0.83623254,1,Month-to-month,Fiber optic,Electronic check,24,94.6
5707-ORNDZ,Yes,0.58849776,1,Month-to-month,DSL,Electronic check,9,54.55
0902-XKXPN,No,0.012687736,0,Two year,No,Bank transfer (automatic),69,20.2
5177-RVZNU,No,0.06768418,0,One year,No,Bank transfer (automatic),37,20.3
0056-EPFBG,No,0.047479413,0,Two year,DSL,Credit card (automatic),20,39.4
8993-IZEUX,No,0.62368715,1,Month-to-month,Fiber optic,Bank transfer (automatic),7,69.15
8696-JKZNU,Yes,0.7587443,1,Month-to-month,Fiber optic,Electronic check,37,76.25
5380-AFSSK,Yes,0.93437237,1,Month-to-month,Fiber optic,Mailed check,5,93.9
8190-ZTQFB,No,0.43147147,0,One year,DSL,Electronic check,41,51.35
0931-MHTEM,No,0.34823808,0,One year,Fiber optic,Credit card (automatic),54,100.05
2055-PDADH,Yes,0.8153637,1,Month-to-month,Fiber optic,Electronic check,3,70.4
7515-LODFU,No,0.016694587,0,Two year,No,Credit card (automatic),69,20.3
0440-UEDAI,No,0.26816875,0,One year,Fiber optic,Credit card (automatic),53,94.45
1337-BOZWO,No,0.16702071,0,One year,DSL,Credit card (automatic),18,46.4
0868-VJRDR,No,0.12101528,0,Two year,Fiber optic,Credit card (automatic),64,104.05
8714-EUHJO,Yes,0.58409476,1,Month-to-month,Fiber optic,Electronic check,31,91.15
6344-SFJVH,No,0.46182075,1,Month-to-month,DSL,Credit card (automatic),20,24.9
3950-VPYJB,No,0.03423883,0,One year,DSL,Mailed check,57,59.6
8041-TMEID,No,0.13464648,0,Two year,Fiber optic,Credit card (automatic),63,108.5
7321-ZNSLA,No,0.029282004,0,Two year,DSL,Mailed check,13,40.55
6941-KXRRV,No,0.253098,0,One year,DSL,Bank transfer (automatic),48,58.95
3721-CNEYS,Yes,0.79270005,1,Month-to-month,Fiber optic,Electronic check,2,70.95
8727-JQFHV,No,0.025419453,0,Two year,No,Mailed check,57,20.75
9475-NNDGC,No,0.29535344,0,One year,Fiber optic,Bank transfer (automatic),71,113.15
1355-KUSBG,No,0.56939995,1,Month-to-month,DSL,Electronic check,7,48.8
3688-FTHLT,No,0.5688588,1,Month-to-month,DSL,Bank transfer (automatic),16,63.05
0899-LIIBW,No,0.74634796,1,Month-to-month,Fiber optic,Electronic check,34,100.85
2568-OIADY,Yes,0.85869426,1,Month-to-month,Fiber optic,Electronic check,37,99.5
1384-RCUXW,No,0.64494634,1,Month-to-month,Fiber optic,Mailed check,16,80.55
5825-XJOCM,No,0.10887508,0,One year,DSL,Bank transfer (automatic),48,64.4
6848-YLDFR,No,0.14870462,0,One year,DSL,Credit card (automatic),58,75.2
8125-QPFJD,No,0.008290195,0,Two year,DSL,Bank transfer (automatic),72,84.9
2320-YKQBO,No,0.12582377,0,Month-to-month,No,Mailed check,7,19.3
1193-RTSLK,Yes,0.61109734,1,Month-to-month,Fiber optic,Credit card (automatic),38,83.9
2302-ANTDP,Yes,0.56294674,1,Month-to-month,Fiber optic,Electronic check,48,117.45
5923-GXUOC,Yes,0.9019012,1,Month-to-month,Fiber optic,Electronic check,10,104.4
4973-RLZVI,No,0.17228523,0,One year,DSL,Credit card (automatic),30,74.65
7869-ZYDST,No,0.30104554,0,Month-to-month,DSL,Credit card (automatic),31,59.05
4501-UYKBC,No,0.26216525,0,One year,DSL,Credit card (automatic),46,69.1
1215-EXRMO,No,0.021664886,0,Two year,No,Mailed check,50,20.55
2305-MRGLV,No,0.3063068,0,Month-to-month,Fiber optic,Bank transfer (automatic),28,76.55
8404-VIOMB,No,0.021904629,0,Two year,DSL,Bank transfer (automatic),66,62.5
5233-GEEAX,Yes,0.7166886,1,Month-to-month,DSL,Electronic check,8,29.4
2359-KLTEK,No,0.39907396,0,Month-to-month,Fiber optic,Bank transfer (automatic),41,94.9
5304-EFJLP,No,0.038920775,0,Two year,Fiber optic,Bank transfer (automatic),72,111.65
2673-ZALNP,No,0.07161347,0,One year,No,Mailed check,7,19.9
9184-GALIL,No,0.11538118,0,Month-to-month,No,Mailed check,38,20.45
4393-RYCRE,No,0.5557444,1,One year,Fiber optic,Electronic check,44,106.05
9746-MDMBK,No,0.25731638,0,One year,Fiber optic,Bank transfer (automatic),47,113.45
3162-ZJZFU,No,0.24278533,0,Month-to-month,Fiber optic,Electronic check,53,92.55
8404-GFGCZ,No,0.6153365,1,Month-to-month,DSL,Electronic check,4,65.6
8875-AKBYH,No,0.818906,1,Month-to-month,Fiber optic,Electronic check,20,84.35
4432-ADRLB,Yes,0.72957295,1,Month-to-month,DSL,Mailed check,2,44.65
0533-UCAAU,No,0.13747309,0,One year,DSL,Credit card (automatic),57,71.1
1394-SUIUH,No,0.3559678,0,Month-to-month,Fiber optic,Electronic check,44,85.15
3521-MNKLV,No,0.3405054,0,Month-to-month,DSL,Mailed check,24,49.7
2533-TIBIX,No,0.43987665,0,Month-to-month,DSL,Bank transfer (automatic),15,30.2
8993-PHFWD,Yes,0.7909549,1,Month-to-month,DSL,Electronic check,3,25.25
1565-RHDJD,Yes,0.85811406,1,Month-to-month,Fiber optic,Bank transfer (automatic),4,84.05
7137-RYLPP,Yes,0.77717537,1,Month-to-month,Fiber optic,Electronic check,37,85.7
3765-JXVKY,Yes,0.9078476,1,Month-to-month,Fiber optic,Electronic check,1,74.7
5092-STPKP,No,0.17407888,0,Month-to-month,DSL,Credit card (automatic),24,56.35
7330-WZLNC,Yes,0.9279331,1,Month-to-month,Fiber optic,Electronic check,5,90.8
0114-PEGZZ,No,0.5022796,1,Month-to-month,Fiber optic,Electronic check,33,107.55
3359-DSRKA,No,0.035122886,0,Two year,No,Mailed check,58,19.85
8639-NHQEI,No,0.017386056,0,Two year,Fiber optic,Bank transfer (automatic),72,95.9
7161-DFHUF,No,0.008190075,0,Two year,No,Mailed check,71,23.85
3957-LXOLK,Yes,0.79179245,1,Month-to-month,Fiber optic,Electronic check,28,106.15
3720-DBRWL,No,0.027884264,0,Two year,DSL,Credit card (automatic),51,83.85
6635-MYYYZ,Yes,0.26960096,0,One year,DSL,Bank transfer (automatic),30,85.35
8565-WUXZU,No,0.016561579,0,Two year,Fiber optic,Credit card (automatic),72,84.8
5281-BUZGT,Yes,0.6275657,1,Month-to-month,Fiber optic,Electronic check,36,90.85
4994-OBRSZ,No,0.029130843,0,Two year,DSL,Bank transfer (automatic),14,76.1
0562-FGDCR,No,0.0029864286,0,Two year,DSL,Mailed check,72,74.55
2436-QBZFP,No,0.41655087,0,Month-to-month,DSL,Electronic check,22,39.2
3420-YJLQT,No,0.85077626,1,Month-to-month,Fiber optic,Electronic check,2,79.55
6040-CGACY,No,0.22879574,0,Month-to-month,No,Mailed check,15,19.6
6582-PLFUU,No,0.024815608,0,Two year,No,Credit card (automatic),51,19.55
8242-PDSGJ,No,0.02763493,0,Two year,DSL,Credit card (automatic),70,39.15
0264-CNITK,No,0.0058713583,0,Two year,No,Bank transfer (automatic),71,20.1
0089-IIQKO,No,0.6506216,1,Month-to-month,Fiber optic,Credit card (automatic),39,99.95
7839-NUIAA,No,0.1730419,0,Month-to-month,DSL,Electronic check,61,59.8
6075-QMNRR,No,0.1868908,0,Month-to-month,DSL,Bank transfer (automatic),52,49.75
5378-IKEEG,Yes,0.8807372,1,Month-to-month,DSL,Electronic check,1,35.75
5966-EMAZU,No,0.29635048,0,One year,Fiber optic,Mailed check,64,108.5
0440-EKDCF,No,0.02984861,0,Two year,DSL,Credit card (automatic),62,60.15
4774-HHGGS,No,0.009622012,0,Two year,No,Mailed check,30,19.05
2718-GAXQD,Yes,0.78083384,1,Month-to-month,DSL,Electronic check,4,46.0
2055-BFOCC,No,0.11362206,0,One year,DSL,Bank transfer (automatic),63,84.0
8180-AKMJV,No,0.76723695,1,Month-to-month,DSL,Credit card (automatic),1,44.55
4298-OYIFC,No,0.8052023,1,Month-to-month,Fiber optic,Electronic check,15,103.45
5566-SOEZD,No,0.111926034,0,One year,Fiber optic,Credit card (automatic),27,80.65
9842-EFSYY,No,0.49804017,1,Month-to-month,DSL,Mailed check,4,57.2
2272-WUSPA,No,0.014657056,0,Two year,Fiber optic,Electronic check,72,110.75
4584-LBNMK,No,0.10840358,0,One year,No,Credit card (automatic),45,24.7
3898-GUYTS,No,0.3951891,0,Month-to-month,Fiber optic,Electronic check,45,97.05
0930-EHUZA,No,0.13206081,0,One year,DSL,Mailed check,36,76.35
6413-XKKPU,Yes,0.6497007,1,Month-to-month,Fiber optic,Electronic check,17,89.4
9975-SKRNR,No,0.18834321,0,Month-to-month,No,Mailed check,1,18.9
3703-KBKZP,No,0.64130247,1,Month-to-month,Fiber optic,Bank transfer (automatic),16,74.45
1449-XQEMT,Yes,0.31599098,0,Month-to-month,No,Mailed check,3,19.8
2626-URJFX,Yes,0.78327584,1,Month-to-month,DSL,Electronic check,4,50.9
4973-MGTON,No,0.009037447,0,Two year,DSL,Credit card (automatic),71,84.4
3682-YEUWS,No,0.1555722,0,Month-to-month,No,Mailed check,10,24.4
1223-UNPKS,No,0.020659419,0,Two year,No,Mailed check,20,20.05
2612-RRIDN,Yes,0.8670546,1,Month-to-month,Fiber optic,Electronic check,4,81.0
4735-ASGMA,Yes,0.885898,1,Month-to-month,Fiber optic,Electronic check,26,98.35
3446-QDSZF,No,0.44112,0,Month-to-month,DSL,Credit card (automatic),4,55.5
3669-LVWZB,Yes,0.71608764,1,Month-to-month,DSL,Mailed check,5,51.0
6892-EZDTG,Yes,0.92513514,1,Month-to-month,Fiber optic,Electronic check,4,91.65
5117-IFGPS,No,0.8019744,1,Month-to-month,Fiber optic,Electronic check,29,84.3
7379-FNIUJ,No,0.7058169,1,Month-to-month,Fiber optic,Electronic check,2,100.2
1627-AFWVJ,No,0.038993113,0,Two year,No,Mailed check,29,19.4
9725-SCPZG,Yes,0.93487215,1,Month-to-month,Fiber optic,Electronic check,1,90.85
5884-GCYMI,Yes,0.9074072,1,Month-to-month,Fiber optic,Mailed check,1,69.4
3217-FZDMN,Yes,0.8707923,1,Month-to-month,Fiber optic,Credit card (automatic),8,94.45
4486-EFAEB,No,0.24625722,0,Month-to-month,No,Electronic check,13,20.4
0060-FUALY,No,0.45975345,1,Month-to-month,Fiber optic,Electronic check,59,94.75
7853-GVUDZ,Yes,0.66957635,1,Month-to-month,No,Credit card (automatic),1,20.15
7480-QNVZJ,Yes,0.8485693,1,Month-to-month,Fiber optic,Electronic check,50,95.7
6954-OOYZZ,No,0.411921,0,Month-to-month,DSL,Bank transfer (automatic),18,44.35
7088-FBAWU,No,0.31180078,0,Month-to-month,DSL,Mailed check,17,74.55
8313-AFGBW,No,0.054537565,0,Two year,DSL,Electronic check,47,73.6
3943-KDREE,Yes,0.58986807,1,Month-to-month,Fiber optic,Bank transfer (automatic),26,74.95
9239-ZBZZV,Yes,0.8003646,1,Month-to-month,DSL,Electronic check,6,47.95
3097-IDVPU,No,0.3796825,0,Month-to-month,DSL,Credit card (automatic),19,50.1
4398-HSCJH,Yes,0.6854399,1,Month-to-month,DSL,Electronic check,3,63.6
2197-OMWGI,No,0.35075,0,Two year,DSL,Electronic check,68,53.0
2303-PJYHN,No,0.36945537,0,Month-to-month,No,Bank transfer (automatic),2,19.85
9795-VOWON,No,0.18464579,0,One year,DSL,Credit card (automatic),7,24.35
1237-WIYYZ,No,0.24367389,0,Month-to-month,No,Mailed check,18,19.55
1987-AUELQ,No,0.0096253855,0,Two year,No,Credit card (automatic),71,25.05
7852-LECYP,No,0.73584896,1,Month-to-month,Fiber optic,Credit card (automatic),13,93.8
4430-UZIPO,Yes,0.58487546,1,Month-to-month,DSL,Mailed check,3,36.85
4822-LPTYJ,No,0.42622986,0,Two year,Fiber optic,Bank transfer (automatic),72,103.75
8165-CBKXO,No,0.040534377,0,Two year,DSL,Credit card (automatic),66,56.75
6527-PZFPV,No,0.06460522,0,One year,No,Credit card (automatic),24,20.8
4855-SNKMY,Yes,0.7896941,1,Month-to-month,DSL,Electronic check,1,44.1
9593-CVZKR,No,0.03343652,0,Two year,No,Mailed check,56,24.45
8595-SIZNC,No,0.11300948,0,One year,No,Bank transfer (automatic),22,25.6
8008-HAWED,Yes,0.7820372,1,Month-to-month,DSL,Electronic check,14,50.75
7124-UGSUR,Yes,0.45223412,1,One year,Fiber optic,Credit card (automatic),61,104.4
1862-SKORY,Yes,0.5459942,1,Month-to-month,DSL,Electronic check,40,39.3
5236-XMZJY,No,0.279859,0,Month-to-month,DSL,Bank transfer (automatic),42,59.65
4827-DPADN,No,0.009565532,0,Two year,DSL,Bank transfer (automatic),72,83.3
2694-CIUMO,No,0.8191787,1,Month-to-month,Fiber optic,Credit card (automatic),12,79.55
5846-ABOBJ,No,0.008153553,0,Two year,No,Bank transfer (automatic),71,24.45
1439-LCGVL,No,0.010253038,0,One year,No,Mailed check,26,19.2
0909-SDHNU,No,0.35920396,0,Month-to-month,DSL,Mailed check,7,29.8
4647-XXZAM,No,0.4687897,1,Month-to-month,DSL,Mailed check,6,45.5
1502-XFCVR,Yes,0.6372245,1,One year,Fiber optic,Electronic check,58,106.45
7740-KKCXF,No,0.36072496,0,Month-to-month,DSL,Credit card (automatic),51,30.05
5360-XGYAZ,No,0.008846711,0,Two year,DSL,Bank transfer (automatic),72,65.65
9692-TUSXH,Yes,0.8328082,1,Month-to-month,Fiber optic,Electronic check,18,96.05
7912-SYRQT,Yes,0.8348488,1,Month-to-month,Fiber optic,Bank transfer (automatic),7,75.1
3557-HTYWR,No,0.023548076,0,Two year,DSL,Mailed check,47,74.05
4816-JBHOV,Yes,0.7881206,1,Month-to-month,DSL,Electronic check,2,44.7
8920-NAVAY,No,0.29239225,0,One year,Fiber optic,Bank transfer (automatic),62,110.75
1699-TLDLZ,No,0.036577355,0,Two year,No,Mailed check,16,19.7
5600-PDUJF,No,0.4772148,1,Month-to-month,DSL,Credit card (automatic),6,49.5
8292-TYSPY,Yes,0.3460037,0,Month-to-month,DSL,Credit card (automatic),19,55.0
0567-XRHCU,No,0.026566984,0,Two year,DSL,Credit card (automatic),69,43.95
1867-BDVFH,Yes,0.79413897,1,Month-to-month,Fiber optic,Electronic check,11,74.35
2067-QYTCF,No,0.35330182,0,Month-to-month,Fiber optic,Electronic check,64,111.15
2359-QWQUL,Yes,0.62055206,1,One year,Fiber optic,Credit card (automatic),39,104.7
9103-TCIHJ,Yes,0.38495845,0,Month-to-month,DSL,Mailed check,15,55.7
7407-SUJIZ,No,0.09417166,0,Month-to-month,No,Mailed check,25,20.6
9150-KPBJQ,No,0.029342039,0,Two year,No,Credit card (automatic),6,19.65
0052-DCKON,No,0.3977946,0,One year,Fiber optic,Bank transfer (automatic),66,115.8
3654-ARMGP,No,0.028157985,0,Two year,DSL,Credit card (automatic),61,88.65
9699-UBQFS,No,0.5872878,1,Month-to-month,Fiber optic,Electronic check,43,94.5
9367-TCUYN,No,0.21290115,0,Month-to-month,No,Mailed check,12,20.1
1261-FWTTE,No,0.6502501,1,Month-to-month,DSL,Bank transfer (automatic),23,34.65
3528-HFRIQ,No,0.3403786,0,Month-to-month,DSL,Bank transfer (automatic),71,52.3
0708-SJDIS,No,0.15454686,0,Month-to-month,DSL,Mailed check,34,65.0
4140-WJAWW,Yes,0.31520945,0,Month-to-month,No,Credit card (automatic),5,19.85
2073-QBVBI,No,0.16455828,0,One year,DSL,Mailed check,41,35.45
6928-ONTRW,No,0.0035804063,0,Two year,No,Credit card (automatic),72,19.7
3320-VEOYC,No,0.8673998,1,Month-to-month,Fiber optic,Electronic check,14,95.6
5231-FIQPA,No,0.023459079,0,Two year,No,Mailed check,41,19.85
6617-WLBQC,No,0.13633287,0,One year,Fiber optic,Credit card (automatic),23,81.85
2599-CIPQE,No,0.07292785,0,Two year,Fiber optic,Credit card (automatic),71,109.3
6653-CBBOM,Yes,0.9188867,1,Month-to-month,Fiber optic,Electronic check,1,70.3
8774-GSBUN,No,0.0052938163,0,Two year,No,Mailed check,72,25.4
7326-RIGQZ,No,0.7760989,1,Month-to-month,Fiber optic,Electronic check,6,69.8
1401-FTHFQ,No,0.041572593,0,One year,No,Credit card (automatic),23,20.0
3247-ZVOUO,Yes,0.8598706,1,Month-to-month,Fiber optic,Electronic check,10,85.55
0254-FNMCI,No,0.053338476,0,Two year,Fiber optic,Electronic check,72,109.9
1848-LBZHY,No,0.436954,0,Month-to-month,DSL,Bank transfer (automatic),7,50.3
6101-IMRMM,Yes,0.84903556,1,Month-to-month,Fiber optic,Mailed check,6,94.5
8118-TJAFG,No,0.7059194,1,Month-to-month,Fiber optic,Electronic check,9,101.5
5429-LWCMV,No,0.83285904,1,Month-to-month,Fiber optic,Electronic check,12,89.15
7298-IZWLY,No,0.55849236,1,Month-to-month,No,Mailed check,1,19.4
9758-MFWGD,No,0.29870057,0,One year,DSL,Bank transfer (automatic),48,29.9
3955-JBZZM,No,0.6680532,1,Month-to-month,Fiber optic,Electronic check,20,78.8
1268-ASBGA,Yes,0.7830645,1,Month-to-month,Fiber optic,Credit card (automatic),16,85.35
8943-URTMR,Yes,0.90914166,1,Month-to-month,Fiber optic,Mailed check,2,79.65
4815-TUMEQ,No,0.030825192,0,One year,No,Mailed check,10,19.3
4713-LZDRV,Yes,0.8944459,1,Month-to-month,Fiber optic,Electronic check,2,79.6
9909-IDLEK,No,0.34561497,0,Month-to-month,Fiber optic,Mailed check,20,96.8
4092-OFQZS,No,0.045284662,0,One year,No,Mailed check,20,20.65
1561-BWHIN,No,0.061107166,0,One year,No,Mailed check,19,19.8
4325-NFSKC,Yes,0.73565835,1,Month-to-month,Fiber optic,Electronic check,19,90.6
9927-DSWDF,No,0.81130344,1,Month-to-month,Fiber optic,Electronic check,22,104.6
9500-LTVBP,No,0.44418558,0,Month-to-month,Fiber optic,Credit card (automatic),35,80.05
7252-NTGSS,No,0.73448557,1,Month-to-month,DSL,Mailed check,1,45.15
8149-AIQCG,No,0.58836716,1,Month-to-month,Fiber optic,Credit card (automatic),39,73.15
1360-JYXKQ,No,0.38772112,0,One year,Fiber optic,Electronic check,54,99.1
2955-PSXOE,Yes,0.5956378,1,Month-to-month,No,Bank transfer (automatic),1,20.2
7762-URZQH,Yes,0.58700943,1,Two year,Fiber optic,Credit card (automatic),66,106.05
0899-WZRSD,No,0.3699164,0,Month-to-month,Fiber optic,Mailed check,56,105.35
3255-GRXMG,No,0.39628756,0,Month-to-month,DSL,Credit card (automatic),18,45.65
4828-FAZPK,No,0.64040166,1,Month-to-month,Fiber optic,Credit card (automatic),16,79.95
6094-ZIVKX,No,0.045858555,0,One year,DSL,Credit card (automatic),68,54.45
6925-BAYGL,No,0.08531668,0,Two year,No,Credit card (automatic),53,25.1
3262-EIDHV,No,0.006316687,0,Two year,DSL,Credit card (automatic),72,84.7
7354-OIJLX,No,0.8737107,1,Month-to-month,Fiber optic,Electronic check,9,75.85
1376-HHBDV,No,0.23657759,0,Month-to-month,DSL,Mailed check,30,48.8
6907-NZZIJ,Yes,0.7970749,1,Month-to-month,Fiber optic,Electronic check,36,99.15
6133-OZILE,No,0.58110434,1,Month-to-month,DSL,Electronic check,18,35.2
4135-FRWKJ,No,0.17878689,0,One year,DSL,Electronic check,55,76.25
2911-UREFD,Yes,0.5394944,1,Month-to-month,DSL,Electronic check,39,55.9
3744-ZRRDZ,Yes,0.7992449,1,Month-to-month,Fiber optic,Electronic check,21,82.35
5673-TIYIB,Yes,0.7346885,1,Month-to-month,DSL,Credit card (automatic),2,40.4
6551-ZCOTS,No,0.10997938,0,One year,No,Bank transfer (automatic),33,24.9
7191-ADRGF,No,0.16180794,0,Two year,DSL,Bank transfer (automatic),44,54.3
5018-LXQQG,No,0.23123905,0,Month-to-month,DSL,Bank transfer (automatic),30,66.3
6892-BOGQE,No,0.008407096,0,Two year,No,Bank transfer (automatic),71,20.9
1602-IJQQE,Yes,0.78980434,1,Month-to-month,Fiber optic,Electronic check,4,75.35
4628-WQCQQ,Yes,0.5187324,1,One year,Fiber optic,Electronic check,35,85.15
1746-TGTWV,No,0.8203441,1,Month-to-month,Fiber optic,Credit card (automatic),1,75.35
5995-SNNEW,No,0.8547945,1,Month-to-month,Fiber optic,Electronic check,23,104.45
8050-WYBND,No,0.48531514,1,One year,DSL,Credit card (automatic),22,49.45
2821-WARNZ,No,0.040750828,0,One year,No,Credit card (automatic),49,19.45
4879-GZLFH,No,0.46671295,1,Month-to-month,Fiber optic,Electronic check,42,92.15
1644-IRKSF,Yes,0.5174807,1,One year,Fiber optic,Electronic check,33,93.8
8314-HTWVE,No,0.035336956,0,Two year,No,Mailed check,7,19.85
9402-ROUMJ,No,0.2478783,0,One year,Fiber optic,Bank transfer (automatic),67,100.25
2507-QZPQS,No,0.5360104,1,Month-to-month,Fiber optic,Electronic check,15,95.7
7159-NOKYQ,No,0.16719861,0,Two year,Fiber optic,Electronic check,67,93.15
5707-ZMDJP,No,0.02074634,0,Two year,DSL,Mailed check,53,69.7
8779-YIQQA,No,0.055897884,0,One year,No,Mailed check,21,19.8
7136-IHZJA,No,0.25464207,0,Month-to-month,DSL,Mailed check,40,71.35
8966-OIQHG,No,0.07855915,0,One year,No,Bank transfer (automatic),22,20.75
7074-STDCN,No,0.42359188,0,Month-to-month,DSL,Electronic check,39,40.6
3705-PSNGL,Yes,0.064188704,0,One year,No,Electronic check,45,20.4
8739-QOTTN,No,0.26953125,0,Month-to-month,No,Mailed check,2,20.35
1399-OUPJN,No,0.0553346,0,Two year,No,Bank transfer (automatic),57,19.75
0277-BKSQP,No,0.6261458,1,Month-to-month,DSL,Electronic check,8,54.4
6502-HCJTI,Yes,0.8675117,1,Month-to-month,Fiber optic,Credit card (automatic),7,94.7
2606-RMDHZ,Yes,0.6116353,1,Month-to-month,DSL,Credit card (automatic),6,30.5
5774-XZTQC,No,0.215393,0,Month-to-month,No,Mailed check,7,20.45
2676-SSLTO,No,0.041343167,0,Two year,DSL,Bank transfer (automatic),49,66.15
6266-QHOJZ,No,0.25019163,0,One year,Fiber optic,Electronic check,65,89.85
7269-JISCY,No,0.0790214,0,One year,DSL,Bank transfer (automatic),55,45.05
0363-SVHYR,No,0.007879685,0,Two year,DSL,Bank transfer (automatic),71,86.85
8547-NSBBO,No,0.103934266,0,Month-to-month,Fiber optic,Mailed check,35,96.75
8258-GSTJK,Yes,0.9119188,1,Month-to-month,Fiber optic,Electronic check,3,77.0
6861-OKBCE,Yes,0.2712212,0,Month-to-month,No,Credit card (automatic),11,20.1
9940-RHLFB,Yes,0.88427055,1,Month-to-month,Fiber optic,Electronic check,1,75.3
6591-QGOYB,No,0.6168901,1,Month-to-month,Fiber optic,Bank transfer (automatic),17,106.65
9070-BCKQP,No,0.010450559,0,Two year,Fiber optic,Credit card (automatic),72,110.15
6421-SZVEM,No,0.2430864,0,One year,Fiber optic,Bank transfer (automatic),28,82.85
1328-EUZHC,No,0.026738938,0,Two year,No,Mailed check,18,20.1
2995-UPRYS,Yes,0.42178768,0,One year,Fiber optic,Credit card (automatic),40,99.2
8878-RYUKI,No,0.3602441,0,Month-to-month,DSL,Electronic check,52,59.45
9633-DENPU,No,0.35811436,0,Month-to-month,DSL,Bank transfer (automatic),47,58.6
7811-JIVPF,No,0.2727878,0,Month-to-month,DSL,Credit card (automatic),23,49.7
7113-HIPFI,No,0.011341882,0,Two year,DSL,Mailed check,66,65.85
8541-QVFKM,No,0.87237436,1,Month-to-month,Fiber optic,Electronic check,8,73.5
6686-YPGHK,Yes,0.6480823,1,Month-to-month,Fiber optic,Mailed check,47,85.5
1383-EZRWL,Yes,0.26326796,0,Month-to-month,No,Mailed check,7,20.05
9258-CNWAC,No,0.020634701,0,Two year,Fiber optic,Credit card (automatic),71,113.65
5371-VYLSX,No,0.541548,1,Month-to-month,Fiber optic,Electronic check,50,83.4
6374-AFWOX,No,0.04026621,0,Two year,DSL,Mailed check,46,65.65
4759-TRPLW,Yes,0.89439106,1,Month-to-month,Fiber optic,Electronic check,1,70.4
5317-FLPJF,No,0.017820757,0,Two year,DSL,Bank transfer (automatic),66,61.35
7621-VPNET,No,0.4747194,1,Month-to-month,Fiber optic,Credit card (automatic),42,85.9
6034-YMTOB,No,0.7790015,1,Month-to-month,Fiber optic,Mailed check,5,75.65
8563-IIOXK,Yes,0.25889745,0,One year,DSL,Electronic check,7,49.75
4903-CNOZC,No,0.19924037,0,One year,DSL,Credit card (automatic),29,70.9
4353-HYOJD,No,0.237008,0,Month-to-month,DSL,Mailed check,27,49.85
8020-BWHYL,Yes,0.6620057,1,Month-to-month,Fiber optic,Credit card (automatic),15,75.3
7267-FRMJW,No,0.024682354,0,Two year,No,Mailed check,25,20.1
2982-VPSGI,Yes,0.9174695,1,Month-to-month,Fiber optic,Electronic check,11,94.0
4188-FRABG,No,0.42833155,0,Month-to-month,Fiber optic,Electronic check,57,103.05
8199-ZLLSA,Yes,0.6193942,1,One year,Fiber optic,Bank transfer (automatic),67,118.35
4128-ETESU,No,0.76763195,1,Month-to-month,Fiber optic,Electronic check,47,99.7
0620-DLSLK,No,0.73232996,1,Month-to-month,Fiber optic,Mailed check,13,81.9
4625-EWPTF,Yes,0.68817586,1,Month-to-month,DSL,Electronic check,8,30.45
5980-NOPLP,Yes,0.8208546,1,Month-to-month,Fiber optic,Electronic check,44,96.1
3850-OKINF,No,0.0994656,0,One year,DSL,Electronic check,71,66.2
6892-XPFPU,Yes,0.8798176,1,Month-to-month,Fiber optic,Electronic check,24,104.25
8010-EZLOU,Yes,0.8323515,1,Month-to-month,Fiber optic,Electronic check,15,80.2
1156-ZFYDO,No,0.56866646,1,Month-to-month,No,Electronic check,1,19.75
3295-YVUSR,No,0.81064117,1,Month-to-month,Fiber optic,Mailed check,2,72.6
8016-NCFVO,No,0.39953554,0,Month-to-month,Fiber optic,Electronic check,55,116.5
4119-ZYPZY,No,0.32146528,0,Two year,Fiber optic,Electronic check,71,106.8
5549-ZGHFB,No,0.029190777,0,Two year,No,Mailed check,50,24.95
7577-SWIFR,No,0.9223549,1,Month-to-month,Fiber optic,Electronic check,1,89.25
0303-WMMRN,No,0.12378074,0,Month-to-month,No,Mailed check,5,19.25
6408-OTUBZ,No,0.16681232,0,One year,Fiber optic,Bank transfer (automatic),66,104.55
5204-HMGYF,No,0.105862096,0,One year,DSL,Mailed check,49,87.2
1078-TDCRN,No,0.79551846,1,Month-to-month,DSL,Electronic check,3,30.75
3727-OVPRY,No,0.039515063,0,One year,No,Credit card (automatic),66,25.7
3797-FKOGQ,No,0.6867231,1,Month-to-month,Fiber optic,Electronic check,11,86.2
7622-NXQZR,No,0.32315314,0,Month-to-month,DSL,Credit card (automatic),28,30.1
6196-HBOBZ,No,0.14162579,0,Two year,Fiber optic,Electronic check,65,99.35
3970-XGJDU,No,0.04064527,0,Two year,No,Credit card (automatic),62,19.2
7017-VFULY,No,0.2897736,0,Month-to-month,No,Bank transfer (automatic),2,20.1
5562-YJQGT,No,0.28282842,0,Month-to-month,No,Credit card (automatic),2,20.35
8807-OPMBM,No,0.04001378,0,Two year,No,Credit card (automatic),55,25.65
5439-WIKXB,No,0.5813513,1,Month-to-month,Fiber optic,Electronic check,41,94.55
9874-QLCLH,Yes,0.8924547,1,Month-to-month,Fiber optic,Electronic check,17,104.2
8294-UIMBA,No,0.40524554,0,One year,Fiber optic,Bank transfer (automatic),30,94.4
8109-YUOHE,No,0.11027172,0,One year,DSL,Mailed check,17,56.1
5840-NVDCG,No,0.03004066,0,Two year,DSL,Bank transfer (automatic),16,68.25
8092-NLTGF,No,0.0058897226,0,Two year,No,Bank transfer (automatic),72,24.75
5928-QLDHB,No,0.8737107,1,Month-to-month,Fiber optic,Electronic check,9,76.25
9840-EFJQB,No,0.848712,1,Month-to-month,Fiber optic,Electronic check,1,74.35
0696-UKTOX,No,0.16951498,0,Month-to-month,DSL,Electronic check,23,54.15
4801-KFYKL,No,0.1768396,0,Month-to-month,No,Bank transfer (automatic),8,19.45
3472-OAOOR,No,0.3841169,0,Month-to-month,DSL,Mailed check,19,34.95
6135-OZQVA,No,0.64878577,1,Month-to-month,DSL,Electronic check,7,53.65
8062-YBDOE,Yes,0.9440289,1,Month-to-month,Fiber optic,Electronic check,1,69.65
2252-JHJGE,No,0.42297754,0,One year,Fiber optic,Electronic check,61,104.0
4188-PCPIG,No,0.034686536,0,Two year,DSL,Credit card (automatic),57,70.35
6000-APYLU,Yes,0.80003405,1,Month-to-month,Fiber optic,Electronic check,9,80.8
7105-BENQF,No,0.24408183,0,One year,DSL,Mailed check,15,64.85
7721-DVEKZ,No,0.60790277,1,Month-to-month,No,Mailed check,1,19.65
3566-VVORZ,No,0.34799814,0,Month-to-month,DSL,Bank transfer (automatic),12,45.9
9507-HSMMZ,No,0.035466116,0,Two year,No,Mailed check,54,20.0
2480-SQIOB,No,0.70588243,1,Month-to-month,DSL,Electronic check,4,44.8
0947-IDHRQ,Yes,0.85709435,1,Month-to-month,Fiber optic,Mailed check,7,80.3
7813-TKCVO,No,0.048740637,0,One year,No,Mailed check,20,20.35
0128-MKWSG,No,0.30607244,0,Month-to-month,DSL,Mailed check,26,45.8
3672-YITQD,Yes,0.7942217,1,Month-to-month,Fiber optic,Electronic check,36,84.1
4350-ZTLPI,No,0.49612767,1,One year,Fiber optic,Bank transfer (automatic),53,108.95
9048-JVYVF,Yes,0.5779369,1,Month-to-month,DSL,Electronic check,3,69.35
0361-HJRDX,No,0.038168322,0,Two year,DSL,Credit card (automatic),68,64.35
5727-MYATE,No,0.00470485,0,Two year,DSL,Credit card (automatic),72,90.8
3823-KYNQY,No,0.1237762,0,One year,No,Credit card (automatic),12,24.95
8988-ECPJR,Yes,0.63647234,1,Month-to-month,Fiber optic,Mailed check,34,79.6
7570-WELNY,No,0.0518478,0,Two year,Fiber optic,Bank transfer (automatic),68,84.7
3021-VLNRJ,No,0.060811453,0,One year,DSL,Credit card (automatic),50,70.8
3776-EKTKM,Yes,0.91559,1,Month-to-month,DSL,Electronic check,1,36.45
2080-CAZNM,No,0.8107732,1,Month-to-month,Fiber optic,Electronic check,41,104.4
1028-FFNJK,No,0.78076756,1,Month-to-month,Fiber optic,Electronic check,30,101.5
6907-FLBER,No,0.74796736,1,Month-to-month,DSL,Electronic check,1,54.3
3001-UNBTL,No,0.84858894,1,Month-to-month,Fiber optic,Electronic check,29,103.95
5982-PSMKW,No,0.030981004,0,Two year,DSL,Credit card (automatic),23,91.1
3507-GASNP,No,0.019332932,0,Two year,No,Mailed check,60,19.95
7096-ZNBZI,No,0.0056456495,0,Two year,No,Credit card (automatic),72,26.45
1902-XBTFB,Yes,0.7640444,1,Month-to-month,Fiber optic,Electronic check,22,89.4
1676-MQAOA,No,0.009581746,0,Two year,DSL,Bank transfer (automatic),72,75.1
0786-IVLAW,No,0.20270382,0,One year,Fiber optic,Bank transfer (automatic),66,108.1
7566-DSRLQ,No,0.042406704,0,Two year,Fiber optic,Electronic check,72,110.15
0643-OKLRP,Yes,0.61148936,1,Month-to-month,Fiber optic,Electronic check,47,80.35
7245-JMTTQ,No,0.3255648,0,One year,Fiber optic,Electronic check,51,111.5
6050-IJRHS,No,0.26345897,0,One year,Fiber optic,Electronic check,70,106.5
6202-JVYEU,No,0.11089412,0,One year,No,Electronic check,9,19.9
8591-TKMZH,No,0.18498577,0,Two year,Fiber optic,Mailed check,59,111.1
0734-OXWBT,No,0.35340357,0,Month-to-month,DSL,Mailed check,3,70.7
4282-ACRXS,No,0.46462834,1,Month-to-month,DSL,Electronic check,38,24.85
0365-TRTPY,No,0.27021512,0,Month-to-month,Fiber optic,Bank transfer (automatic),37,91.2
7349-ALMUX,No,0.034993313,0,Two year,DSL,Bank transfer (automatic),37,65.6
9381-NDKME,Yes,0.6007783,1,Month-to-month,DSL,Credit card (automatic),24,40.65
6502-KUGLL,No,0.40756163,0,Month-to-month,DSL,Bank transfer (automatic),14,59.45
1841-YSJGV,No,0.019218888,0,Two year,Fiber optic,Credit card (automatic),72,109.95
2794-XIMMO,Yes,0.5138044,1,One year,DSL,Electronic check,53,60.45
8382-SHQEH,Yes,0.91828233,1,Month-to-month,Fiber optic,Electronic check,8,84.9
3511-BFTJW,No,0.011273741,0,Two year,DSL,Credit card (automatic),72,38.5
7668-XCFYV,No,0.7821351,1,Month-to-month,Fiber optic,Electronic check,17,92.55
2983-ZANRP,Yes,0.7817394,1,Month-to-month,Fiber optic,Bank transfer (automatic),2,73.55
7845-URHJN,Yes,0.30779013,0,Month-to-month,No,Bank transfer (automatic),8,20.15
3034-ZBEQN,Yes,0.286974,0,One year,DSL,Mailed check,48,34.7
5018-HEKFO,No,0.25188035,0,Month-to-month,No,Mailed check,10,24.5
2923-ARZLG,No,0.110341005,0,One year,No,Mailed check,0,19.7
3976-NLDEZ,No,0.5845345,1,Month-to-month,No,Mailed check,1,20.6
2282-YGNOR,No,0.070212744,0,One year,DSL,Credit card (automatic),29,58.0
5336-UFNZP,No,0.25306213,0,One year,Fiber optic,Electronic check,65,107.45
6854-EXGSF,No,0.45808864,1,Month-to-month,DSL,Bank transfer (automatic),8,65.5
1241-EZFMJ,No,0.018852312,0,Two year,No,Bank transfer (automatic),61,25.45
9233-PSYHO,No,0.5398943,1,One year,Fiber optic,Bank transfer (automatic),45,100.15
5376-PCKNB,No,0.20179568,0,One year,Fiber optic,Credit card (automatic),72,104.45
8044-BGWPI,No,0.25591707,0,Month-to-month,No,Electronic check,12,21.15
4060-LDNLU,No,0.8737944,1,Month-to-month,Fiber optic,Electronic check,7,96.2
3589-PPVKW,No,0.49412325,1,Month-to-month,DSL,Mailed check,9,44.4
8327-LZKAS,Yes,0.6495408,1,One year,Fiber optic,Electronic check,43,107.55
5887-IKKYO,No,0.11027352,0,Two year,Fiber optic,Bank transfer (automatic),58,94.35
1075-BGWOH,Yes,0.888581,1,Month-to-month,Fiber optic,Electronic check,16,98.75
1755-RMCXH,No,0.21830493,0,Month-to-month,No,Mailed check,2,20.3
0302-JOIVN,Yes,0.76218486,1,Month-to-month,Fiber optic,Electronic check,8,101.15
3858-XHYJO,No,0.45045194,1,One year,Fiber optic,Bank transfer (automatic),40,105.75
4299-SIMNS,No,0.75583935,1,Month-to-month,Fiber optic,Electronic check,9,81.15
7025-IWFHT,No,0.28646934,0,One year,Fiber optic,Electronic check,41,89.55
6261-LHRTG,No,0.26455522,0,Month-to-month,DSL,Credit card (automatic),26,54.75
7841-FCRQD,No,0.14689022,0,One year,DSL,Credit card (automatic),33,53.75
2056-EVGZL,No,0.2933489,0,One year,Fiber optic,Credit card (automatic),68,105.75
8777-MBMTS,No,0.19915739,0,Two year,Fiber optic,Credit card (automatic),65,105.85
7753-USQYQ,No,0.21180338,0,One year,DSL,Electronic check,55,64.2
5366-IJEQJ,Yes,0.8188415,1,Month-to-month,Fiber optic,Electronic check,20,88.7
7661-CPURM,No,0.33881357,0,One year,Fiber optic,Credit card (automatic),19,87.7
6233-HXJMX,No,0.56972915,1,Month-to-month,Fiber optic,Credit card (automatic),45,89.3
5902-WBLSE,No,0.013180469,0,Two year,No,Credit card (automatic),70,20.15
1981-INRFU,Yes,0.89147353,1,Month-to-month,Fiber optic,Electronic check,2,79.75
4971-PUYQO,Yes,0.7535061,1,Month-to-month,Fiber optic,Mailed check,27,94.55
3239-TPHPZ,No,0.03793254,0,Two year,No,Electronic check,12,20.05
5115-GZDEL,No,0.0072176666,0,Two year,DSL,Credit card (automatic),72,67.2
3338-CVVEH,No,0.8510427,1,Month-to-month,Fiber optic,Electronic check,12,94.55
8485-GJCDN,Yes,0.76162237,1,Month-to-month,Fiber optic,Mailed check,5,69.05
2615-YVMYX,No,0.3020176,0,Month-to-month,Fiber optic,Electronic check,71,107.5
2851-STERV,No,0.38297275,0,One year,DSL,Electronic check,35,73.0
4393-GEADV,No,0.17680289,0,Two year,Fiber optic,Credit card (automatic),70,114.75
8486-AYEQH,No,0.73121625,1,Month-to-month,Fiber optic,Electronic check,31,76.05
1527-SXDPN,Yes,0.3191085,0,Two year,Fiber optic,Bank transfer (automatic),52,96.25
6029-WTIPC,Yes,0.8252995,1,Month-to-month,Fiber optic,Electronic check,37,101.1
8634-CILSZ,Yes,0.59909326,1,One year,Fiber optic,Bank transfer (automatic),69,104.7
5419-JKZNQ,No,0.5670481,1,Month-to-month,Fiber optic,Mailed check,30,77.9
2495-KZNFB,No,0.5668469,1,Month-to-month,Fiber optic,Electronic check,33,90.65
1409-PHXTF,No,0.4779912,1,Two year,Fiber optic,Electronic check,54,110.45
4560-WQAQW,No,0.09779585,0,One year,DSL,Bank transfer (automatic),59,68.7
9591-YVTEB,No,0.501972,1,Month-to-month,DSL,Electronic check,55,44.85
9309-BZGNT,No,0.057348453,0,One year,DSL,Credit card (automatic),69,29.8
4274-DRSQT,No,0.1495701,0,One year,Fiber optic,Bank transfer (automatic),66,88.9
2027-DNKIV,No,0.057365987,0,One year,DSL,Mailed check,37,58.75
8075-GXIUB,No,0.091165505,0,One year,No,Credit card (automatic),9,19.85
2885-HIJDH,No,0.044859435,0,Two year,DSL,Bank transfer (automatic),69,86.9
5424-RLQLC,No,0.39437208,0,Month-to-month,DSL,Mailed check,10,59.65
6682-QJDGB,Yes,0.25532106,0,Month-to-month,DSL,Mailed check,40,55.25
6507-DTJZV,No,0.35199887,0,Month-to-month,DSL,Credit card (automatic),13,66.4
8780-IXSTS,Yes,0.92207533,1,Month-to-month,Fiber optic,Electronic check,6,90.1
7673-BQGKU,No,0.0147077935,0,Two year,No,Bank transfer (automatic),69,20.15
6723-WSNTY,No,0.37834066,0,One year,Fiber optic,Credit card (automatic),66,108.1
9530-EHPOH,Yes,0.62473416,1,Month-to-month,DSL,Electronic check,11,53.75
2725-IWWBA,No,0.08079326,0,One year,DSL,Mailed check,46,56.9
0345-HKJVM,Yes,0.8323801,1,Month-to-month,Fiber optic,Electronic check,6,89.3
1061-PNTHC,No,0.19714478,0,Month-to-month,Fiber optic,Mailed check,56,109.6
0394-YONDK,No,0.02315807,0,Two year,No,Credit card (automatic),70,25.15
6574-MCOEH,No,0.38815448,0,One year,DSL,Electronic check,33,79.15
7399-QHBJS,No,0.0074466737,0,Two year,DSL,Credit card (automatic),72,66.75
3049-SOLAY,Yes,0.9377678,1,Month-to-month,Fiber optic,Electronic check,3,95.2
0997-YTLNY,No,0.32001847,0,Month-to-month,DSL,Mailed check,19,48.8
3317-HRTNN,Yes,0.8202584,1,Month-to-month,DSL,Electronic check,5,45.7
9479-HYNYL,No,0.014793461,0,Two year,DSL,Credit card (automatic),71,80.7
3235-ETOOB,Yes,0.68711424,1,Month-to-month,Fiber optic,Electronic check,8,74.5
9708-KFDBY,No,0.4606066,1,Month-to-month,No,Credit card (automatic),1,20.55
8058-INTPH,Yes,0.9517712,1,Month-to-month,Fiber optic,Electronic check,1,79.65
3642-GKTCT,No,0.20845895,0,One year,Fiber optic,Mailed check,61,115.1
0774-RMNUW,No,0.007121972,0,Two year,DSL,Bank transfer (automatic),71,59.7
1334-PDUKM,No,0.11762903,0,One year,Fiber optic,Credit card (automatic),68,86.45
0756-MPZRL,No,0.17912115,0,One year,DSL,Credit card (automatic),46,33.7
2242-MFOTG,No,0.10648553,0,One year,Fiber optic,Bank transfer (automatic),33,80.1
2927-CVULT,No,0.29636037,0,Two year,Fiber optic,Bank transfer (automatic),53,104.05
2144-BFDSO,No,0.30318,0,Month-to-month,Fiber optic,Bank transfer (automatic),50,108.75
8745-PVESG,No,0.07556552,0,One year,DSL,Credit card (automatic),57,41.1
7647-GYYKX,No,0.043204095,0,Two year,No,Bank transfer (automatic),54,20.35
5647-FXOTP,No,0.6552609,1,Month-to-month,Fiber optic,Electronic check,60,105.9
5569-OUICF,Yes,0.7636293,1,Month-to-month,Fiber optic,Credit card (automatic),28,101.3
8821-XNHVZ,Yes,0.94593954,1,Month-to-month,Fiber optic,Mailed check,1,80.05
2082-OJVTK,Yes,0.75773454,1,Month-to-month,Fiber optic,Electronic check,29,89.2
9700-ISPUP,No,0.4881416,1,Month-to-month,DSL,Electronic check,10,65.5
9839-ETQOE,No,0.48194247,1,Month-to-month,DSL,Electronic check,43,40.45
6078-VESFR,No,0.55521303,1,Month-to-month,Fiber optic,Bank transfer (automatic),13,70.45
9027-TMATR,No,0.03753053,0,Two year,DSL,Electronic check,43,78.8
5940-NFXKV,Yes,0.79604965,1,Month-to-month,Fiber optic,Electronic check,19,83.65
1941-HOSAM,No,0.93487215,1,Month-to-month,Fiber optic,Electronic check,1,90.1
9110-HSGTV,No,0.05100679,0,Two year,DSL,Credit card (automatic),69,82.45
0704-VCUMB,No,0.035907123,0,Two year,No,Credit card (automatic),61,20.25
6171-ZTVYB,No,0.17384128,0,Month-to-month,DSL,Bank transfer (automatic),43,66.25
8053-WWDRO,Yes,0.23812956,0,Month-to-month,No,Bank transfer (automatic),6,19.5
9564-KCLHR,Yes,0.6088203,1,Month-to-month,DSL,Mailed check,1,51.25
1935-IMVBB,No,0.29185763,0,Month-to-month,Fiber optic,Mailed check,56,89.7
2535-PBCGC,No,0.04434566,0,Two year,DSL,Bank transfer (automatic),70,64.55
2082-CEFLT,Yes,0.839873,1,Month-to-month,DSL,Electronic check,1,45.6
1470-PSXNM,No,0.48214447,1,One year,Fiber optic,Electronic check,49,93.65
1213-NGCUN,Yes,0.5884063,1,Month-to-month,DSL,Bank transfer (automatic),6,49.65
2498-XLDZR,No,0.034186017,0,Two year,DSL,Mailed check,32,73.6
9866-OCCKE,No,0.008772385,0,Two year,Fiber optic,Mailed check,72,109.75
5338-YHWYT,No,0.035309296,0,Two year,DSL,Credit card (automatic),37,61.45
7718-UPSKJ,No,0.28844473,0,One year,Fiber optic,Credit card (automatic),69,106.4
8731-WBBMB,No,0.14496896,0,Month-to-month,DSL,Bank transfer (automatic),26,81.9
1448-CYWKC,No,0.38086292,0,One year,Fiber optic,Credit card (automatic),58,105.2
7901-IIDQV,No,0.1046133,0,One year,DSL,Bank transfer (automatic),24,54.6
2690-DVRVK,No,0.08163676,0,One year,No,Electronic check,5,20.55
5688-KZTSN,Yes,0.27468663,0,Month-to-month,No,Electronic check,15,20.0
1270-XKUCC,No,0.03631668,0,Two year,No,Mailed check,30,19.7
0334-ZFJSR,No,0.06429039,0,One year,DSL,Credit card (automatic),55,66.05
2894-QOJRX,Yes,0.59587526,1,Month-to-month,DSL,Bank transfer (automatic),25,34.0
5747-PMBSQ,Yes,0.7668799,1,Month-to-month,Fiber optic,Mailed check,10,92.5
5583-EJXRD,No,0.075719185,0,Two year,DSL,Credit card (automatic),44,54.05
4565-EVZMJ,No,0.08376884,0,One year,DSL,Mailed check,47,58.9
3143-JQEGI,Yes,0.7016978,1,Month-to-month,Fiber optic,Electronic check,13,88.35
6386-SZZKH,Yes,0.4641122,1,Two year,Fiber optic,Bank transfer (automatic),49,107.95
3327-YBAKM,No,0.17851683,0,One year,Fiber optic,Mailed check,64,96.9
9441-QHEVC,No,0.18834321,0,Month-to-month,No,Mailed check,1,19.1
6705-LNMDD,No,0.21953875,0,Month-to-month,DSL,Mailed check,20,50.0
2580-ASVVY,No,0.08091304,0,Two year,DSL,Electronic check,37,45.4
3370-GQEAL,No,0.67327607,1,Month-to-month,Fiber optic,Electronic check,30,85.45
5032-USPKF,No,0.23540747,0,One year,DSL,Bank transfer (automatic),38,84.1
2982-IHMFT,Yes,0.93819714,1,Month-to-month,Fiber optic,Mailed check,1,74.45
3521-SYVOR,Yes,0.60629296,1,Month-to-month,DSL,Electronic check,37,64.75
4254-QPEDE,No,0.02730343,0,Two year,DSL,Credit card (automatic),52,66.25
6283-GITPX,No,0.009952826,0,Two year,DSL,Credit card (automatic),71,76.9
9526-JAWYF,Yes,0.6592068,1,Month-to-month,Fiber optic,Electronic check,26,89.8
0771-CHWSK,No,0.18965723,0,Two year,DSL,Credit card (automatic),66,74.6
9788-HNGUT,No,0.052314136,0,Two year,Fiber optic,Credit card (automatic),72,116.95
9495-REDIY,No,0.13434857,0,One year,DSL,Credit card (automatic),25,40.65
5375-XLDOF,No,0.37837237,0,Two year,Fiber optic,Bank transfer (automatic),69,114.35
1172-VIYBP,No,0.028119061,0,Two year,DSL,Bank transfer (automatic),53,69.7
5649-VUKMC,Yes,0.58214635,1,One year,Fiber optic,Mailed check,12,95.5
6559-PDZLR,No,0.7454016,1,Month-to-month,Fiber optic,Electronic check,26,98.65
8992-OBVDG,No,0.3526468,0,Month-to-month,DSL,Mailed check,21,61.65
4273-MBHYA,No,0.9332754,1,Month-to-month,Fiber optic,Electronic check,1,89.35
4724-WXVWF,No,0.5045447,1,Month-to-month,Fiber optic,Electronic check,48,95.4
5701-GUXDC,No,0.102077916,0,One year,DSL,Credit card (automatic),26,35.4
1460-UZPRJ,No,0.037794,0,Two year,No,Mailed check,60,19.95
6082-GLJIX,No,0.12607451,0,Month-to-month,No,Mailed check,18,19.25
5143-EGQFK,Yes,0.73440665,1,Month-to-month,DSL,Electronic check,10,29.65
4919-IKATY,Yes,0.78488415,1,Month-to-month,Fiber optic,Electronic check,5,84.5
2495-TTHBQ,No,0.081101425,0,One year,No,Mailed check,4,20.4
0485-ZBSLN,No,0.018343853,0,Two year,No,Credit card (automatic),65,24.75
3810-PJUHR,No,0.015951606,0,Two year,No,Mailed check,70,25.35
9050-QLROH,Yes,0.647288,1,Month-to-month,Fiber optic,Credit card (automatic),18,90.7
0847-HGRML,No,0.011828639,0,Two year,No,Bank transfer (automatic),62,20.0
8232-CTLKO,No,0.043472964,0,Two year,DSL,Electronic check,66,59.75
9227-YBAXE,No,0.11044405,0,Two year,DSL,Bank transfer (automatic),65,82.5
6168-WFVVF,Yes,0.8153637,1,Month-to-month,Fiber optic,Electronic check,3,70.3
9860-LISIZ,No,0.10480804,0,Month-to-month,No,Mailed check,34,20.35
0112-QAWRZ,No,0.69896084,1,Month-to-month,Fiber optic,Bank transfer (automatic),16,90.8
0877-SDMBN,Yes,0.6282496,1,One year,Fiber optic,Bank transfer (automatic),54,103.95
2786-GCDPI,No,0.71698093,1,Month-to-month,Fiber optic,Electronic check,50,104.95
4043-MKDTV,No,0.21760729,0,Two year,Fiber optic,Electronic check,71,105.25
8065-YKXKD,Yes,0.8715225,1,Month-to-month,Fiber optic,Electronic check,10,74.75
9637-EIHEQ,Yes,0.7586022,1,Month-to-month,DSL,Electronic check,1,50.8
9229-RQABD,No,0.12724136,0,One year,No,Mailed check,18,23.75
8313-KTIHG,No,0.4282674,0,Month-to-month,DSL,Electronic check,4,61.3
5320-BRKGK,No,0.019011859,0,Two year,DSL,Mailed check,58,75.8
6284-KMNUF,No,0.49170497,1,One year,Fiber optic,Electronic check,56,98.0
9689-PTNPG,Yes,0.8996745,1,Month-to-month,Fiber optic,Electronic check,2,80.25
9465-RWMXL,Yes,0.77170306,1,Month-to-month,Fiber optic,Electronic check,32,78.9
6229-UOLQL,No,0.06865997,0,One year,DSL,Mailed check,56,52.0
2362-IBOOY,Yes,0.77172077,1,Month-to-month,Fiber optic,Electronic check,36,84.75
3137-LUPIX,No,0.5205831,1,Month-to-month,DSL,Mailed check,4,64.4
0843-WTBXE,Yes,0.49096596,1,Month-to-month,Fiber optic,Bank transfer (automatic),53,85.45
6143-JQKEA,No,0.46990845,1,Month-to-month,DSL,Credit card (automatic),10,45.8
8676-OOQEJ,No,0.54067034,1,Month-to-month,DSL,Electronic check,4,30.5
5515-IDEJJ,Yes,0.60825205,1,Month-to-month,No,Mailed check,1,19.9
9701-CDXHR,No,0.35498098,0,Month-to-month,Fiber optic,Mailed check,51,69.15
7450-NWRTR,Yes,0.94174135,1,Month-to-month,Fiber optic,Electronic check,12,99.45
8124-NZVGJ,No,0.39652243,0,One year,DSL,Mailed check,6,49.25
2162-FRZAA,No,0.019279296,0,Two year,DSL,Bank transfer (automatic),63,39.35
5376-DEQCP,Yes,0.9188867,1,Month-to-month,Fiber optic,Electronic check,1,70.6
5118-MUEYH,No,0.5793554,1,Month-to-month,Fiber optic,Credit card (automatic),48,105.1
9095-HFAFX,Yes,0.86483884,1,Month-to-month,Fiber optic,Credit card (automatic),5,81.0
5627-TVBPP,No,0.051661853,0,One year,No,Credit card (automatic),35,20.1
2379-ENZGV,Yes,0.87180084,1,Month-to-month,Fiber optic,Electronic check,6,84.85
3936-QQFLL,No,0.24875179,0,Month-to-month,No,Mailed check,2,19.75
2589-AYCRP,No,0.076236375,0,One year,No,Bank transfer (automatic),50,19.75
4067-HLYQI,No,0.6199822,1,Month-to-month,Fiber optic,Bank transfer (automatic),33,70.4
5124-EOGYE,No,0.027426604,0,Two year,No,Mailed check,31,20.45
5057-RKGLH,No,0.02865803,0,Two year,No,Mailed check,9,20.35
0292-WEGCH,No,0.16055407,0,Month-to-month,DSL,Electronic check,54,86.2
8910-ICHIU,No,0.122342385,0,One year,Fiber optic,Credit card (automatic),46,95.65
4097-YODCF,No,0.40291244,0,One year,Fiber optic,Electronic check,34,103.8
9715-WZCLW,No,0.11021666,0,Two year,Fiber optic,Electronic check,71,97.2
9786-YWNHU,No,0.015801942,0,Two year,DSL,Mailed check,63,63.55
6407-GSJNL,No,0.033427797,0,Two year,No,Bank transfer (automatic),51,24.95
6005-OBZPH,Yes,0.83305085,1,Month-to-month,Fiber optic,Electronic check,26,89.15
4049-ZPALD,No,0.075790696,0,Two year,Fiber optic,Bank transfer (automatic),64,99.0
7932-WPTDS,Yes,0.89876693,1,Month-to-month,DSL,Electronic check,1,24.8
3733-UOCWF,No,0.0556858,0,One year,Fiber optic,Bank transfer (automatic),61,85.55
6833-JMZYP,No,0.72221446,1,Month-to-month,Fiber optic,Credit card (automatic),15,94.0
2722-VOJQL,Yes,0.55497855,1,One year,Fiber optic,Credit card (automatic),64,105.65
1310-QRITU,No,0.7097146,1,Month-to-month,DSL,Electronic check,18,50.3
8961-QDZZJ,No,0.25754893,0,One year,Fiber optic,Electronic check,57,95.0
9715-SBVSU,No,0.03200523,0,Two year,DSL,Bank transfer (automatic),14,61.4
8490-BXHEO,No,0.63748723,1,Month-to-month,Fiber optic,Credit card (automatic),18,80.55
7173-TETGO,No,0.019291345,0,Two year,Fiber optic,Bank transfer (automatic),72,78.5
7929-SKFGK,No,0.101321176,0,Two year,Fiber optic,Credit card (automatic),70,114.3
2300-RQGOI,No,0.031645656,0,Two year,No,Mailed check,38,20.05
3563-SVYLG,No,0.018291727,0,Two year,DSL,Credit card (automatic),68,62.65
5228-EXCET,Yes,0.757902,1,Month-to-month,Fiber optic,Electronic check,13,80.85
6435-VWCCY,No,0.11746058,0,Two year,Fiber optic,Credit card (automatic),65,92.7
4998-IKFSE,No,0.7093229,1,Month-to-month,Fiber optic,Electronic check,30,100.45
8630-QSGXK,No,0.035004597,0,Two year,DSL,Bank transfer (automatic),51,75.2
2455-USLMV,No,0.57963663,1,Month-to-month,Fiber optic,Credit card (automatic),31,84.75
7394-FKDNK,Yes,0.7478517,1,Month-to-month,Fiber optic,Electronic check,9,89.45
9488-FVZCC,No,0.004614086,0,Two year,DSL,Bank transfer (automatic),72,79.5
6331-LWDTQ,Yes,0.5651591,1,Month-to-month,DSL,Credit card (automatic),10,72.15
5995-WWKKG,No,0.090647876,0,One year,No,Electronic check,37,19.8
1597-FZREH,Yes,0.7635634,1,Month-to-month,DSL,Electronic check,2,76.4
7879-CGSFV,No,0.28504822,0,One year,Fiber optic,Mailed check,55,100.9
9921-EZKBY,No,0.32541654,0,Month-to-month,Fiber optic,Bank transfer (automatic),33,95.3
7432-FFVAR,No,0.13495205,0,One year,Fiber optic,Bank transfer (automatic),46,90.95
7246-ZGQDF,No,0.56679356,1,Month-to-month,DSL,Electronic check,1,54.5
7000-WCEVQ,Yes,0.59842545,1,Month-to-month,DSL,Mailed check,20,61.6
0727-IWKVK,Yes,0.7988031,1,Month-to-month,Fiber optic,Electronic check,9,79.9
5959-BELXA,Yes,0.7992424,1,Month-to-month,Fiber optic,Credit card (automatic),32,96.15
4456-RHSNB,No,0.42911544,0,Month-to-month,DSL,Bank transfer (automatic),19,49.6
3512-IZIKN,Yes,0.25760958,0,Two year,DSL,Credit card (automatic),70,65.3
2481-SBOYW,No,0.05244886,0,Two year,No,Credit card (automatic),61,25.0
7109-MFBYV,No,0.35525614,0,Month-to-month,DSL,Electronic check,26,45.45
1833-TCXKK,No,0.7367287,1,Month-to-month,Fiber optic,Bank transfer (automatic),45,107.75
1832-PEUTS,No,0.09584594,0,Two year,Fiber optic,Credit card (automatic),62,89.1
6141-OOXUQ,Yes,0.6000805,1,Month-to-month,No,Mailed check,1,19.65
8660-BUETV,No,0.61824477,1,Month-to-month,DSL,Mailed check,3,44.75
0580-PIQHM,No,0.28868505,0,One year,Fiber optic,Bank transfer (automatic),41,101.6
5696-CEIQJ,No,0.09229232,0,Two year,Fiber optic,Bank transfer (automatic),67,103.15
7503-ZGUZJ,Yes,0.95008004,1,Month-to-month,Fiber optic,Mailed check,1,84.65
1696-HXOWK,No,0.029883908,0,One year,Fiber optic,Mailed check,71,95.65
3026-ATZYV,No,0.20490243,0,One year,DSL,Bank transfer (automatic),37,75.1
4012-YCFAI,No,0.015789703,0,Two year,DSL,Mailed check,60,61.35
2506-TNFCO,Yes,0.9443702,1,Month-to-month,Fiber optic,Electronic check,1,69.55
9970-QBCDA,No,0.23617996,0,Month-to-month,No,Credit card (automatic),6,19.7
8718-PTMEZ,Yes,0.64883447,1,Month-to-month,DSL,Electronic check,13,31.05
9496-IVVRP,No,0.3377775,0,Month-to-month,DSL,Bank transfer (automatic),11,51.0
2207-OBZNX,Yes,0.38466534,0,Month-to-month,DSL,Mailed check,7,51.0
2657-VPXTA,No,0.8177104,1,Month-to-month,Fiber optic,Electronic check,10,88.85
6551-VLJMV,No,0.017610122,0,Two year,No,Credit card (automatic),34,20.05
1221-GHZEP,No,0.028707305,0,Two year,DSL,Mailed check,62,65.1
9289-LBQVU,No,0.19040516,0,One year,DSL,Mailed check,64,70.15
6142-VSJQO,Yes,0.7674204,1,Month-to-month,DSL,Bank transfer (automatic),1,44.35
3458-IDMFK,No,0.027426604,0,Two year,No,Mailed check,25,20.75
6933-FHBZC,No,0.20325692,0,One year,DSL,Mailed check,26,56.05
0221-NAUXK,No,0.09058261,0,One year,No,Bank transfer (automatic),10,19.95
9770-KXGQU,No,0.0742304,0,One year,Fiber optic,Mailed check,53,98.6
6437-UKHMV,Yes,0.8557984,1,Month-to-month,Fiber optic,Electronic check,7,79.7
6538-POCHL,No,0.61603326,1,Month-to-month,Fiber optic,Credit card (automatic),33,79.0
6726-NNFWD,No,0.055809785,0,Two year,Fiber optic,Credit card (automatic),71,89.45
3002-WQZWT,No,0.6226986,1,Month-to-month,Fiber optic,Electronic check,29,74.2
4277-UDIEF,No,0.18138508,0,Month-to-month,DSL,Bank transfer (automatic),24,81.0
1208-NBVFH,No,0.5865019,1,Month-to-month,DSL,Electronic check,20,49.6
4912-PIGUY,No,0.9491813,1,Month-to-month,Fiber optic,Electronic check,1,84.6
1114-CENIM,Yes,0.41303098,0,Month-to-month,DSL,Credit card (automatic),54,55.0
6060-DRTNL,Yes,0.88368034,1,Month-to-month,Fiber optic,Mailed check,5,84.85
2725-TTRIQ,No,0.008786813,0,Two year,DSL,Bank transfer (automatic),72,84.2
3374-TTZTK,No,0.38051146,0,Two year,Fiber optic,Electronic check,52,106.3
8990-ZXLSU,No,0.6584669,1,Month-to-month,Fiber optic,Electronic check,9,69.05
2275-RBYQS,No,0.7829523,1,Month-to-month,DSL,Mailed check,1,45.4
8473-VUVJN,Yes,0.94599265,1,Month-to-month,Fiber optic,Electronic check,1,73.65
6289-CPNLD,Yes,0.48061997,1,One year,DSL,Mailed check,33,73.9
5536-SLHPM,Yes,0.67100495,1,Month-to-month,Fiber optic,Electronic check,55,77.75
4419-UJMUS,No,0.16691425,0,Two year,Fiber optic,Electronic check,69,99.35
7794-JASDG,No,0.67186,1,Month-to-month,DSL,Mailed check,1,50.75
7609-YBPXG,No,0.040493794,0,Two year,DSL,Bank transfer (automatic),54,87.1
5519-TEEUH,No,0.036456898,0,One year,No,Mailed check,33,20.15
7856-GANIL,No,0.18153594,0,One year,Fiber optic,Bank transfer (automatic),45,98.7
0804-XBFBV,No,0.5161534,1,Month-to-month,DSL,Electronic check,11,25.2
2676-OXPPQ,No,0.4447352,0,Month-to-month,DSL,Bank transfer (automatic),6,55.7
3703-TTEPD,No,0.30275732,0,Month-to-month,DSL,Bank transfer (automatic),21,65.35
2799-TSLAG,No,0.0197531,0,Two year,No,Bank transfer (automatic),65,25.3
0196-VULGZ,Yes,0.933191,1,Month-to-month,Fiber optic,Electronic check,6,84.35
8837-VVWLQ,Yes,0.6374678,1,Month-to-month,Fiber optic,Electronic check,8,84.95
2696-NARTR,Yes,0.7049485,1,Month-to-month,Fiber optic,Electronic check,11,73.85
2208-NKVVH,No,0.025790459,0,Two year,No,Mailed check,43,24.25
7614-QVWQL,Yes,0.44379285,0,One year,DSL,Bank transfer (automatic),49,51.8
1976-CFOCS,Yes,0.85282296,1,Month-to-month,DSL,Electronic check,1,46.0
4631-OACRM,Yes,0.7766653,1,Month-to-month,Fiber optic,Electronic check,15,79.4
7139-JZFVG,No,0.017826192,0,Two year,DSL,Bank transfer (automatic),60,60.5
4987-GQWPO,No,0.38062617,0,Month-to-month,DSL,Credit card (automatic),17,25.1
3755-JBMNH,Yes,0.64562875,1,Month-to-month,Fiber optic,Bank transfer (automatic),16,71.8
1757-TCATG,No,0.05817573,0,One year,No,Bank transfer (automatic),35,20.05
6345-ULYRW,Yes,0.4233536,0,One year,Fiber optic,Mailed check,44,88.4
4776-XSKYQ,No,0.29608274,0,One year,DSL,Credit card (automatic),12,30.25
8048-DSDFQ,No,0.62166,1,Month-to-month,No,Mailed check,1,20.2
5753-QQWPW,No,0.120161735,0,One year,DSL,Electronic check,28,59.9
6010-DDPPW,No,0.025750892,0,Two year,No,Bank transfer (automatic),70,25.15
1809-DMJHQ,Yes,0.5309545,1,Month-to-month,DSL,Mailed check,5,46.0
6693-FRIRW,No,0.5993478,1,Month-to-month,Fiber optic,Credit card (automatic),18,101.3
6586-MYGKD,No,0.24285157,0,Two year,DSL,Credit card (automatic),70,76.95
3173-NVMPX,No,0.5359527,1,Month-to-month,DSL,Mailed check,9,55.3
0248-PGHBZ,No,0.07723236,0,Two year,Fiber optic,Bank transfer (automatic),67,92.45
0623-GDISB,No,0.65365756,1,Month-to-month,DSL,Bank transfer (automatic),1,48.45
2892-GESUL,No,0.04681415,0,Two year,No,Mailed check,18,19.35
6923-EFPNL,Yes,0.6829567,1,Month-to-month,DSL,Credit card (automatic),4,51.75
7472-EQOAV,No,0.029017769,0,One year,Fiber optic,Bank transfer (automatic),71,86.7
9574-RKJIF,Yes,0.68693566,1,Month-to-month,Fiber optic,Electronic check,30,94.4
2043-WVTQJ,No,0.57557636,1,Month-to-month,DSL,Mailed check,1,55.7
8034-RYTVV,No,0.10581541,0,One year,Fiber optic,Credit card (automatic),55,84.25
3863-QSTYI,No,0.19249491,0,Month-to-month,DSL,Electronic check,59,64.65
2619-WFQWU,Yes,0.90753555,1,Month-to-month,Fiber optic,Mailed check,1,70.15
5044-LRQAQ,No,0.726679,1,Month-to-month,Fiber optic,Bank transfer (automatic),7,69.2
1716-LSAMB,No,0.03828641,0,Two year,DSL,Bank transfer (automatic),45,54.65
1333-PBMXB,No,0.07038126,0,One year,No,Bank transfer (automatic),54,24.75
6546-OPBBH,No,0.04207431,0,One year,No,Mailed check,51,23.95
5985-BEHZK,No,0.09636928,0,One year,Fiber optic,Credit card (automatic),72,105.0
9127-QRZMH,No,0.094614804,0,One year,DSL,Bank transfer (automatic),44,59.85
5919-VCZYM,No,0.24649745,0,Month-to-month,No,Mailed check,2,20.05
9644-KVCNC,No,0.17389382,0,One year,Fiber optic,Bank transfer (automatic),66,92.15
2137-DQMEV,No,0.058947306,0,One year,DSL,Mailed check,68,44.8
8174-LNWMW,No,0.06554658,0,Two year,No,Credit card (automatic),31,20.9
9279-CJEOJ,No,0.7564775,1,Month-to-month,Fiber optic,Bank transfer (automatic),21,95.4
7964-VEXDG,No,0.56780976,1,Month-to-month,Fiber optic,Electronic check,21,80.35
2404-JIBFC,No,0.040763225,0,Two year,DSL,Bank transfer (automatic),55,85.1
0778-NELLA,Yes,0.66933125,1,Month-to-month,DSL,Credit card (automatic),9,34.7
8029-XYPWT,No,0.029715084,0,Two year,Fiber optic,Bank transfer (automatic),71,115.05
4614-NUVZD,Yes,0.9414158,1,Month-to-month,Fiber optic,Electronic check,1,81.1
4632-PAOYU,No,0.04625621,0,One year,No,Mailed check,22,19.95
3803-KMQFW,Yes,0.62217385,1,Month-to-month,No,Mailed check,1,20.55
6804-GDMOI,Yes,0.62350297,1,Two year,Fiber optic,Electronic check,61,106.6
2990-OGYTD,No,0.027791008,0,Two year,DSL,Bank transfer (automatic),67,86.15
6646-JPPHA,No,0.63024604,1,Month-to-month,Fiber optic,Electronic check,14,78.85
9572-MTILT,Yes,0.501645,1,Month-to-month,Fiber optic,Electronic check,59,106.75
7658-UYUQS,No,0.5563845,1,Month-to-month,Fiber optic,Bank transfer (automatic),21,86.55
7880-XSOJX,No,0.39194047,0,Month-to-month,DSL,Mailed check,4,42.4
9611-CTWIH,Yes,0.8162071,1,Month-to-month,Fiber optic,Electronic check,3,89.45
4589-IUAJB,No,0.01397091,0,Two year,No,Bank transfer (automatic),70,24.25
0329-GTIAJ,Yes,0.88353527,1,Month-to-month,Fiber optic,Electronic check,3,97.9
8746-BFOAJ,No,0.061155424,0,One year,No,Bank transfer (automatic),21,20.5
8457-XIGKN,No,0.16656767,0,Month-to-month,No,Credit card (automatic),20,19.6
6072-NUQCB,No,0.062438056,0,One year,No,Bank transfer (automatic),22,20.25
6629-CZTTH,Yes,0.77700555,1,Month-to-month,DSL,Mailed check,1,55.7
8838-GPHZP,No,0.023020813,0,Two year,No,Mailed check,63,20.6
8750-QWZAJ,No,0.019804403,0,Two year,No,Bank transfer (automatic),70,19.8
5364-EVNIB,Yes,0.78157437,1,Month-to-month,Fiber optic,Electronic check,13,79.8
6918-UMQCG,No,0.81262857,1,Month-to-month,Fiber optic,Electronic check,5,80.2
0675-NCDYU,No,0.037607178,0,Two year,Fiber optic,Credit card (automatic),72,116.4
6339-DKLMK,No,0.64883447,1,Month-to-month,DSL,Electronic check,13,31.65
1346-PJWTK,No,0.09295386,0,Month-to-month,Fiber optic,Credit card (automatic),61,94.15
5088-QZLRL,No,0.48330373,1,Month-to-month,No,Electronic check,1,20.65
8023-QHAIO,No,0.23979633,0,Month-to-month,Fiber optic,Bank transfer (automatic),56,76.85
4397-FRLTA,No,0.23814964,0,Month-to-month,No,Mailed check,4,20.15
3057-VJJQE,No,0.028474204,0,Two year,DSL,Mailed check,35,55.25
5087-SUURX,Yes,0.76030636,1,Month-to-month,DSL,Electronic check,18,39.05
2302-OUZXB,No,0.017399844,0,Two year,DSL,Bank transfer (automatic),72,82.15
8133-ANHHJ,No,0.36717907,0,One year,Fiber optic,Bank transfer (automatic),49,103.0
2270-CHBFN,No,0.14960995,0,Month-to-month,Fiber optic,Credit card (automatic),44,95.1
0013-EXCHZ,Yes,0.8831354,1,Month-to-month,Fiber optic,Mailed check,3,83.9
5982-FPVQN,No,0.47531056,1,Month-to-month,Fiber optic,Electronic check,37,95.15
9107-UKCKY,No,0.32249993,0,One year,DSL,Electronic check,61,79.8
4654-ULTTN,No,0.24402411,0,Two year,DSL,Credit card (automatic),70,74.8
5550-VFRLC,Yes,0.9347478,1,Month-to-month,Fiber optic,Electronic check,1,69.85
5546-BYZSM,No,0.12572856,0,Month-to-month,No,Electronic check,41,20.45
1492-KGETH,No,0.23454644,0,One year,DSL,Bank transfer (automatic),70,78.35
4929-BSTRX,Yes,0.81500494,1,Month-to-month,DSL,Mailed check,1,53.55
4163-HFTUK,No,0.027245764,0,One year,No,Electronic check,51,19.1
8215-NGSPE,No,0.023142882,0,Two year,No,Mailed check,42,20.0
2225-ZRGSG,Yes,0.22952864,0,Two year,Fiber optic,Bank transfer (automatic),70,93.9
8859-YSTWS,No,0.0714365,0,One year,No,Bank transfer (automatic),48,19.95
5271-YNWVR,Yes,0.26662633,0,Two year,Fiber optic,Electronic check,68,113.15
7601-DHFWZ,No,0.053053316,0,Two year,No,Credit card (automatic),48,24.0
2657-ALMWY,Yes,0.6502285,1,Month-to-month,Fiber optic,Electronic check,26,84.95
6330-JKLPC,Yes,0.7992131,1,Month-to-month,Fiber optic,Bank transfer (automatic),11,80.5
4667-OHGKG,Yes,0.48236284,1,Month-to-month,No,Mailed check,1,19.3
1998-VHJHK,No,0.010253038,0,One year,No,Mailed check,27,19.15
1707-HABPF,No,0.16483124,0,One year,Fiber optic,Bank transfer (automatic),46,91.3
1660-HSOOQ,Yes,0.77241236,1,Month-to-month,DSL,Mailed check,1,49.65
7253-UVNDW,Yes,0.25450382,0,Two year,DSL,Credit card (automatic),46,54.35
0487-VVUVK,No,0.06603159,0,Month-to-month,No,Mailed check,25,19.15
7228-OMTPN,Yes,0.8687002,1,Month-to-month,Fiber optic,Electronic check,4,88.45
5063-IUOKK,No,0.04024818,0,Two year,No,Mailed check,13,19.75
4508-OEBEY,No,0.3106237,0,One year,DSL,Credit card (automatic),31,75.5
0027-KWYKW,No,0.75119525,1,Month-to-month,Fiber optic,Electronic check,23,83.75
2308-STERM,No,0.24787797,0,Month-to-month,No,Mailed check,2,19.4
5982-XMDEX,No,0.02114241,0,Two year,No,Bank transfer (automatic),65,26.5
6284-AHOOQ,Yes,0.5536739,1,Month-to-month,Fiber optic,Bank transfer (automatic),22,90.5
6051-PTVNS,No,0.018461742,0,One year,No,Credit card (automatic),55,19.15
2344-JMOGN,Yes,0.7777516,1,Month-to-month,Fiber optic,Mailed check,9,94.85
3799-ISUZQ,Yes,0.7266136,1,Month-to-month,Fiber optic,Bank transfer (automatic),7,69.95
2877-VDUER,No,0.09139198,0,One year,DSL,Mailed check,35,40.9
9152-AMKAK,No,0.028156914,0,Two year,DSL,Mailed check,6,80.25
1794-HBQTJ,Yes,0.6650927,1,Month-to-month,DSL,Credit card (automatic),1,48.6
9432-VOFYX,No,0.7336945,1,Month-to-month,Fiber optic,Electronic check,17,70.8
8049-WJCLQ,No,0.35053495,0,Month-to-month,DSL,Mailed check,10,60.2
6586-PSJOX,No,0.16479763,0,One year,DSL,Credit card (automatic),15,55.2
2460-FPSYH,Yes,0.55391395,1,Month-to-month,DSL,Electronic check,40,55.8
9705-ZJBCG,No,0.12890579,0,One year,DSL,Bank transfer (automatic),13,54.15
4818-DRBQT,Yes,0.6348701,1,Month-to-month,Fiber optic,Bank transfer (automatic),29,80.15
1320-HTRDR,Yes,0.8688944,1,Month-to-month,Fiber optic,Electronic check,3,75.5
6847-KJLTS,No,0.57517046,1,Month-to-month,Fiber optic,Bank transfer (automatic),58,100.4
9670-BPNXF,No,0.11470358,0,One year,DSL,Credit card (automatic),45,62.55
3913-FCUUW,No,0.007922696,0,Two year,DSL,Bank transfer (automatic),72,70.45
3301-VKTGC,No,0.105223306,0,One year,Fiber optic,Bank transfer (automatic),68,85.5
1493-AMTIE,Yes,0.5877367,1,Month-to-month,No,Bank transfer (automatic),1,20.2
9555-SAHUZ,No,0.24585022,0,Month-to-month,DSL,Electronic check,38,54.5
0816-TSPHQ,No,0.24607335,0,Month-to-month,No,Mailed check,2,20.75
9932-WBWIK,No,0.18061127,0,Month-to-month,No,Mailed check,11,20.35
4619-EVPHY,No,0.3636577,0,One year,Fiber optic,Bank transfer (automatic),20,91.0
5286-YHCVC,No,0.24209195,0,Two year,Fiber optic,Bank transfer (automatic),72,104.8
6424-ELEYH,Yes,0.834542,1,Month-to-month,Fiber optic,Credit card (automatic),3,74.75
4391-RESHN,Yes,0.7410793,1,Month-to-month,Fiber optic,Mailed check,23,104.05
9115-YQHGA,No,0.28188306,0,Month-to-month,DSL,Electronic check,40,51.1
4462-CYWMH,No,0.2424239,0,Month-to-month,Fiber optic,Bank transfer (automatic),62,89.8
8963-MQVYN,No,0.24213424,0,Month-to-month,No,Electronic check,22,20.55
2458-EOMRE,No,0.33402207,0,Month-to-month,DSL,Bank transfer (automatic),11,64.05
9334-GWGOW,No,0.8837549,1,Month-to-month,Fiber optic,Electronic check,7,74.85
6821-BUXUX,Yes,0.89979374,1,Month-to-month,Fiber optic,Electronic check,13,96.65
5028-HTLJB,Yes,0.74112153,1,Month-to-month,No,Mailed check,1,20.05
9801-GDWGV,Yes,0.75338435,1,Month-to-month,Fiber optic,Electronic check,39,103.45
6542-LWGXJ,No,0.7503318,1,Month-to-month,DSL,Mailed check,3,25.0
5567-GZKQY,No,0.03701515,0,Two year,No,Credit card (automatic),58,20.3
1222-LRYKO,No,0.19133481,0,Month-to-month,No,Mailed check,6,26.35
2320-JRSDE,Yes,0.7047786,1,Month-to-month,No,Electronic check,1,19.9
2087-QAREY,No,0.43363023,0,Month-to-month,DSL,Mailed check,22,54.7
0601-WZHJF,Yes,0.6926645,1,Month-to-month,DSL,Electronic check,14,46.35
4423-JWZJN,No,0.16392161,0,One year,Fiber optic,Credit card (automatic),64,90.25
5143-WMWOG,Yes,0.58871883,1,Month-to-month,No,Electronic check,1,19.95
6490-FGZAT,No,0.19811101,0,Month-to-month,No,Mailed check,6,20.65
5393-RXQSZ,Yes,0.928533,1,Month-to-month,Fiber optic,Electronic check,1,79.6
7452-FOLON,No,0.092606686,0,One year,No,Bank transfer (automatic),39,25.45
2320-TZRRH,No,0.054350637,0,One year,No,Mailed check,20,19.5
0231-LXVAP,Yes,0.8165488,1,Month-to-month,Fiber optic,Electronic check,1,75.9
9444-JTXHZ,Yes,0.928533,1,Month-to-month,Fiber optic,Electronic check,1,76.2
4942-VZZOM,No,0.07310194,0,One year,DSL,Credit card (automatic),64,66.15
5510-BOIUJ,Yes,0.53383696,1,Month-to-month,No,Mailed check,1,19.25
7502-BNYGS,No,0.27999398,0,Month-to-month,DSL,Credit card (automatic),46,69.1
4291-HYEBC,No,0.3691772,0,One year,DSL,Electronic check,28,39.1
6147-CBCRA,No,0.12725805,0,Month-to-month,No,Mailed check,33,20.05
6047-SUHPR,No,0.2058102,0,One year,DSL,Electronic check,39,59.8
4471-KXAUH,Yes,0.69627,1,Month-to-month,Fiber optic,Electronic check,42,84.3
9752-ZNQUT,No,0.7938619,1,Month-to-month,DSL,Electronic check,1,48.6
7638-QVMVY,Yes,0.8557984,1,Month-to-month,Fiber optic,Electronic check,7,79.0
1576-PFZIW,No,0.14973384,0,Two year,Fiber optic,Credit card (automatic),70,105.35
5666-MBJPT,No,0.025749013,0,Two year,No,Bank transfer (automatic),65,25.1
7312-XSBAT,No,0.6240044,1,Month-to-month,DSL,Electronic check,1,49.75
3096-GKWEB,No,0.8435724,1,Month-to-month,Fiber optic,Electronic check,18,94.75
2371-JQHZZ,No,0.81543124,1,Month-to-month,Fiber optic,Electronic check,24,93.0
0674-GCDXG,No,0.041678865,0,Two year,DSL,Bank transfer (automatic),63,71.9
1121-QSIVB,No,0.3585656,0,One year,DSL,Mailed check,44,77.55
4396-KLSEH,No,0.36005798,0,Month-to-month,No,Electronic check,4,19.85
3244-DCJWY,Yes,0.912948,1,Month-to-month,Fiber optic,Electronic check,1,70.25
2824-MYYBN,No,0.6874832,1,Month-to-month,Fiber optic,Electronic check,37,95.25
0875-CABNR,Yes,0.84513175,1,Month-to-month,Fiber optic,Credit card (automatic),10,84.6
6345-HOVES,No,0.4243845,0,Month-to-month,DSL,Bank transfer (automatic),34,25.05
8318-LCNBW,No,0.14732753,0,One year,DSL,Credit card (automatic),35,53.15
6469-QJKZW,No,0.28116053,0,Month-to-month,No,Electronic check,4,20.15
0147-ESWWR,No,0.7935872,1,Month-to-month,Fiber optic,Electronic check,39,101.25
1217-VASWC,No,0.51858646,1,One year,Fiber optic,Bank transfer (automatic),43,100.55
7812-FZHPE,Yes,0.37229502,0,Month-to-month,No,Mailed check,17,24.1
6370-ZVHDV,No,0.018106641,0,Two year,No,Bank transfer (automatic),61,25.3
5915-DGNVC,No,0.1444505,0,One year,DSL,Electronic check,49,71.8
6260-XLACS,No,0.08001402,0,One year,No,Mailed check,4,19.7
3566-CAAYU,No,0.110351585,0,Two year,DSL,Electronic check,64,49.85
4983-CCWMC,No,0.71759856,1,Month-to-month,Fiber optic,Mailed check,3,69.6
9103-CXVOK,No,0.56439203,1,Month-to-month,No,Electronic check,1,19.75
2896-TBNBE,No,0.22408865,0,One year,Fiber optic,Electronic check,40,80.8
4797-AXPXK,Yes,0.645262,1,Month-to-month,DSL,Electronic check,1,60.0
5229-PRWKT,Yes,0.8993663,1,Month-to-month,Fiber optic,Electronic check,8,86.55
6982-UQZLY,Yes,0.8114493,1,Month-to-month,No,Mailed check,1,20.85
2522-WLNSF,No,0.097413205,0,One year,DSL,Bank transfer (automatic),34,64.2
3841-CONLJ,No,0.83121675,1,Month-to-month,DSL,Electronic check,1,35.0
5057-LCOUI,Yes,0.5678954,1,Month-to-month,DSL,Electronic check,39,50.75
0193-ESZXP,Yes,0.64435005,1,One year,Fiber optic,Credit card (automatic),58,105.5
4475-NVTLU,No,0.013038898,0,Two year,No,Electronic check,45,19.2
4369-HTUIF,Yes,0.73442066,1,Month-to-month,Fiber optic,Bank transfer (automatic),6,85.15
9386-LDCZR,No,0.10524115,0,One year,Fiber optic,Credit card (automatic),43,90.65
9585-KKMFD,No,0.019336626,0,Two year,No,Mailed check,41,20.0
5399-ZIMKF,No,0.789337,1,Month-to-month,Fiber optic,Electronic check,5,74.65
0336-KXKFK,No,0.005968946,0,Two year,DSL,Credit card (automatic),72,61.2
5619-XZZKR,No,0.08108215,0,One year,No,Mailed check,4,19.95
3948-FVVRP,No,0.40008643,0,Month-to-month,DSL,Mailed check,9,54.8
5327-XOKKY,No,0.10231955,0,Two year,DSL,Credit card (automatic),72,73.45
0983-TATYJ,No,0.17519869,0,One year,DSL,Mailed check,33,51.45
1813-JYWTO,No,0.011658114,0,Two year,Fiber optic,Bank transfer (automatic),72,80.45
0156-FVPTA,Yes,0.49731347,1,Month-to-month,DSL,Electronic check,22,54.2
1984-FCOWB,Yes,0.6757004,1,One year,Fiber optic,Electronic check,70,109.5
0654-HMSHN,Yes,0.7301446,1,Month-to-month,Fiber optic,Electronic check,21,104.4
6719-OXYBR,No,0.6935322,1,Month-to-month,Fiber optic,Electronic check,15,85.3
3312-ZWLGF,No,0.6686071,1,Month-to-month,Fiber optic,Electronic check,29,79.3
6476-YHMGA,No,0.40992895,0,Month-to-month,DSL,Bank transfer (automatic),15,76.5
5287-QWLKY,Yes,0.6383287,1,Month-to-month,Fiber optic,Credit card (automatic),71,105.1
0795-XCCTE,No,0.013849574,0,Two year,No,Bank transfer (automatic),72,25.4
0168-XZKBB,No,0.8159091,1,Month-to-month,Fiber optic,Electronic check,19,86.85
3785-NRHYR,No,0.6000805,1,Month-to-month,No,Mailed check,1,19.65
5196-SGOAK,Yes,0.948393,1,Month-to-month,Fiber optic,Electronic check,1,75.7
4537-DKTAL,No,0.6730829,1,Month-to-month,DSL,Electronic check,2,45.55
7072-MBHEV,No,0.76314366,1,Month-to-month,Fiber optic,Credit card (automatic),11,78.1
5602-BVFMK,No,0.033107113,0,One year,No,Mailed check,12,19.3
6297-NOOPG,No,0.16481388,0,Two year,Fiber optic,Electronic check,70,110.5
1891-UAWWU,Yes,0.75472945,1,Month-to-month,Fiber optic,Electronic check,20,90.8
8204-TIFGJ,No,0.15500279,0,Month-to-month,No,Bank transfer (automatic),23,20.3
8050-DVOJX,No,0.06896501,0,Two year,DSL,Credit card (automatic),49,81.35
6108-OQZDQ,Yes,0.9349256,1,Month-to-month,Fiber optic,Electronic check,4,97.95
0363-QJVFX,Yes,0.4002347,0,Month-to-month,Fiber optic,Credit card (automatic),32,108.15
8903-XEBGX,No,0.7953413,1,Month-to-month,DSL,Electronic check,2,55.3
8169-SAEJD,No,0.05573842,0,Two year,DSL,Credit card (automatic),69,56.55
9840-DVNDC,Yes,0.8557836,1,Month-to-month,Fiber optic,Credit card (automatic),6,80.5
1089-XZWHH,No,0.035206284,0,Two year,No,Mailed check,24,19.7
2325-WINES,No,0.43112263,0,One year,Fiber optic,Credit card (automatic),32,104.05
6064-ZATLR,No,0.0344614,0,Two year,DSL,Bank transfer (automatic),27,52.85
3096-JRDSO,Yes,0.7906245,1,Month-to-month,Fiber optic,Bank transfer (automatic),27,104.3
7824-PANSQ,No,0.18315594,0,Month-to-month,Fiber optic,Bank transfer (automatic),58,80.65
8042-JVNFH,Yes,0.90231436,1,Month-to-month,Fiber optic,Mailed check,1,71.35
9648-BCHKM,No,0.03480418,0,Two year,No,Credit card (automatic),18,24.65
2888-ADFAO,No,0.03523651,0,Two year,No,Bank transfer (automatic),47,21.3
8707-HOEDG,No,0.28260663,0,Two year,Fiber optic,Electronic check,70,110.2
3374-LXDEV,Yes,0.8147772,1,Month-to-month,Fiber optic,Electronic check,13,89.4
4072-IPYLT,No,0.2221206,0,Month-to-month,DSL,Credit card (automatic),36,51.05
7167-PCEYD,No,0.016385632,0,Two year,No,Mailed check,67,19.8
4936-YPJNK,No,0.22554001,0,Month-to-month,No,Mailed check,10,19.9
1580-BMCMR,No,0.59646386,1,Month-to-month,Fiber optic,Electronic check,19,87.3
4817-KEQSP,No,0.006720942,0,Two year,No,Bank transfer (automatic),71,19.85
6408-WHTEF,No,0.003467761,0,Two year,DSL,Mailed check,72,89.4
9251-AWQGT,No,0.02519966,0,Two year,No,Mailed check,48,20.0
8749-CLJXC,No,0.62732655,1,Month-to-month,No,Mailed check,1,20.05
7989-VCQOH,No,0.41279545,0,Month-to-month,DSL,Electronic check,18,83.25
5049-GLYVG,Yes,0.5845345,1,Month-to-month,No,Mailed check,1,20.6
4199-QHJNM,No,0.1599988,0,Two year,Fiber optic,Bank transfer (automatic),67,102.9
8882-TLVRW,No,0.01773159,0,Two year,DSL,Mailed check,69,39.1
5883-GTGVD,Yes,0.85347766,1,Month-to-month,Fiber optic,Electronic check,19,99.95
5135-GRQJV,No,0.016219823,0,Two year,Fiber optic,Mailed check,72,114.5
2384-OVPSA,No,0.06958208,0,Two year,No,Mailed check,38,20.2
1371-WEPDS,No,0.23471384,0,One year,DSL,Electronic check,40,55.8
3580-GICBM,No,0.03225649,0,Two year,No,Mailed check,61,24.2
4817-QRJSX,Yes,0.8554531,1,Month-to-month,Fiber optic,Credit card (automatic),10,81.0
9730-DRTMJ,No,0.11381735,0,One year,DSL,Credit card (automatic),32,72.8
4686-UXDML,No,0.7637508,1,Month-to-month,Fiber optic,Credit card (automatic),21,99.85
3349-ANQNH,No,0.6046539,1,One year,Fiber optic,Electronic check,59,99.5
2398-YPMUR,Yes,0.72812366,1,Month-to-month,Fiber optic,Electronic check,13,70.15
0932-YIXYU,No,0.023912214,0,Two year,No,Credit card (automatic),47,20.25
7480-SPLEF,No,0.018764762,0,Two year,No,Bank transfer (automatic),69,26.0
7636-XUHWW,No,0.27067804,0,Month-to-month,No,Credit card (automatic),2,19.9
1431-CYWMH,No,0.04461421,0,Month-to-month,No,Bank transfer (automatic),22,19.05
5937-EORGB,No,0.87314385,1,Month-to-month,Fiber optic,Electronic check,15,96.5
6349-JDHQP,No,0.056921087,0,Two year,No,Credit card (automatic),53,19.85
5539-HIVAK,No,0.2530303,0,Month-to-month,No,Mailed check,28,25.7
5847-MXBEO,No,0.045284662,0,One year,No,Mailed check,22,20.3
9985-MWVIX,Yes,0.90753555,1,Month-to-month,Fiber optic,Mailed check,1,70.15
4583-PARNH,No,0.6529641,1,Month-to-month,Fiber optic,Electronic check,16,91.55
1116-FRYVH,No,0.04305387,0,Two year,DSL,Mailed check,48,39.4
1421-HCERK,No,0.37825087,0,Month-to-month,Fiber optic,Bank transfer (automatic),30,105.7
9633-XQABV,No,0.7567073,1,Month-to-month,Fiber optic,Electronic check,3,70.25
0716-BQNDX,No,0.20989294,0,Two year,Fiber optic,Electronic check,57,93.75
1265-XTECC,Yes,0.34315932,0,One year,Fiber optic,Credit card (automatic),68,96.55
1183-CANVH,No,0.10324982,0,One year,DSL,Bank transfer (automatic),23,60.0
1972-XMUWV,No,0.018979263,0,Two year,DSL,Credit card (automatic),65,59.8
8679-LZBMD,No,0.37418655,0,One year,Fiber optic,Bank transfer (automatic),44,90.65
3407-JMJQQ,No,0.0978024,0,Two year,Fiber optic,Bank transfer (automatic),71,109.0
6252-DFGTK,No,0.08793088,0,One year,DSL,Credit card (automatic),37,68.1
1539-LNKHM,No,0.19046761,0,Month-to-month,No,Mailed check,12,20.4
8645-KOMJQ,No,0.030970799,0,Two year,DSL,Bank transfer (automatic),69,81.95
0289-IVARM,No,0.19987781,0,Month-to-month,DSL,Electronic check,35,60.55
9761-XUJWD,No,0.4455865,0,Month-to-month,DSL,Bank transfer (automatic),5,65.6
4057-FKCZK,No,0.09945637,0,Two year,Fiber optic,Bank transfer (automatic),58,82.5
4291-TPNFG,No,0.003675253,0,Two year,DSL,Bank transfer (automatic),72,82.3
6087-YPWHO,No,0.0057929945,0,Two year,DSL,Mailed check,72,68.15
3090-QFUVD,No,0.51953363,1,Month-to-month,No,Credit card (automatic),1,20.3
2237-ZFSMY,Yes,0.42845008,0,One year,Fiber optic,Electronic check,39,95.55
1722-LDZJS,No,0.07206646,0,One year,No,Credit card (automatic),53,20.2
1818-ESQMW,No,0.6206785,1,Month-to-month,Fiber optic,Electronic check,27,89.2
4871-JTKJF,Yes,0.9443702,1,Month-to-month,Fiber optic,Electronic check,1,69.65
1415-YFWLT,Yes,0.94781125,1,Month-to-month,Fiber optic,Electronic check,1,89.3
7401-RUBNK,No,0.53186125,1,Month-to-month,Fiber optic,Electronic check,18,74.8
0506-YLVKJ,No,0.022055363,0,Two year,No,Mailed check,46,20.2
8661-BOYNW,No,0.008290195,0,Two year,DSL,Credit card (automatic),72,84.4
6711-VTNRE,Yes,0.52196956,1,Month-to-month,Fiber optic,Electronic check,36,87.55
4815-GBTCD,No,0.8197655,1,Month-to-month,DSL,Electronic check,4,25.15
2805-AUFQN,No,0.022119945,0,Two year,No,Credit card (automatic),25,19.8
0980-PVMRC,No,0.44242358,0,Month-to-month,DSL,Electronic check,40,50.85
7233-DRTRF,No,0.6852249,1,Month-to-month,Fiber optic,Electronic check,63,102.4
3500-RMZLT,Yes,0.81552917,1,Month-to-month,Fiber optic,Mailed check,15,96.3
3873-NFTGI,No,0.53848666,1,Month-to-month,DSL,Credit card (automatic),14,55.5
1162-ECVII,No,0.05228096,0,Two year,Fiber optic,Bank transfer (automatic),72,109.75
7048-GXDAY,No,0.4564899,1,Month-to-month,Fiber optic,Electronic check,39,106.4
8571-ZCMCX,No,0.04095018,0,Two year,DSL,Credit card (automatic),47,60.0
1169-WCVAK,No,0.42868397,0,Month-to-month,Fiber optic,Credit card (automatic),19,88.8
4548-SDBKE,Yes,0.92342967,1,Month-to-month,Fiber optic,Electronic check,5,85.2
8066-POXGX,Yes,0.7556465,1,Month-to-month,DSL,Electronic check,13,35.1
7129-CAKJW,No,0.40894887,0,Month-to-month,Fiber optic,Bank transfer (automatic),17,80.05
8695-ARGXZ,No,0.7598978,1,Month-to-month,Fiber optic,Electronic check,34,75.55
3570-YUEKJ,No,0.31957957,0,Month-to-month,DSL,Electronic check,42,49.55
4143-OOBWZ,Yes,0.90877575,1,Month-to-month,Fiber optic,Electronic check,5,81.3
1555-HAPSU,No,0.0064586108,0,Two year,No,Credit card (automatic),71,23.9
1697-NVVGY,No,0.3470667,0,Month-to-month,DSL,Bank transfer (automatic),19,66.4
7854-EKTJL,Yes,0.2863132,0,Month-to-month,No,Electronic check,2,19.6
8464-EETCQ,No,0.014117681,0,Two year,No,Credit card (automatic),57,18.8
2419-FSORS,No,0.2252103,0,Two year,Fiber optic,Electronic check,72,108.4
8132-YPVBX,No,0.864673,1,Month-to-month,Fiber optic,Mailed check,6,85.95
9102-IAYHT,Yes,0.7792416,1,Month-to-month,Fiber optic,Electronic check,17,85.45
6754-LZUKA,No,0.029910317,0,Two year,DSL,Bank transfer (automatic),61,80.9
3422-LYEPQ,Yes,0.9184027,1,Month-to-month,Fiber optic,Electronic check,1,71.0
8099-MZPUJ,No,0.16501504,0,Two year,Fiber optic,Credit card (automatic),48,111.8
0787-LHDYT,No,0.21711217,0,Month-to-month,No,Credit card (automatic),16,20.6
2642-DTVCO,Yes,0.91351837,1,Month-to-month,Fiber optic,Electronic check,9,85.05
0374-IOEGQ,No,0.6630007,1,Month-to-month,DSL,Electronic check,3,44.6
4361-JEIVL,Yes,0.812947,1,Month-to-month,DSL,Electronic check,1,44.4
3197-NNYNB,No,0.18373577,0,Two year,Fiber optic,Credit card (automatic),65,105.1
3396-DKDEL,No,0.0908018,0,Two year,Fiber optic,Credit card (automatic),70,115.15
1752-OZXFY,No,0.052183174,0,One year,DSL,Mailed check,60,59.8
9066-QRSDU,No,0.082941376,0,One year,No,Electronic check,69,26.3
9112-WSNPU,No,0.7381453,1,Month-to-month,Fiber optic,Electronic check,35,70.55
9867-NNXLC,No,0.16139932,0,Month-to-month,No,Mailed check,22,20.05
5321-NTRKC,No,0.19152108,0,Two year,DSL,Bank transfer (automatic),66,79.85
1363-TXLSL,Yes,0.9233061,1,Month-to-month,Fiber optic,Electronic check,1,70.3
9507-EXLTT,Yes,0.95418495,1,Month-to-month,Fiber optic,Bank transfer (automatic),1,79.35
3161-GETRM,No,0.5863113,1,Month-to-month,Fiber optic,Credit card (automatic),34,90.05
0402-OAMEN,No,0.004738842,0,Two year,No,Bank transfer (automatic),72,24.45
6933-VLYFX,No,0.22882117,0,One year,DSL,Electronic check,31,59.95
6754-WKSHP,No,0.087359875,0,One year,No,Bank transfer (automatic),30,25.35
9846-GKXAS,Yes,0.8322575,1,Month-to-month,Fiber optic,Bank transfer (automatic),9,90.8
6017-PPLPX,Yes,0.7193066,1,Month-to-month,Fiber optic,Electronic check,20,70.45
4976-LNFVV,No,0.5730619,1,Month-to-month,DSL,Credit card (automatic),19,34.3
5055-MGMGF,No,0.49086028,1,Month-to-month,Fiber optic,Electronic check,65,105.05
4641-FROLU,No,0.022802068,0,Two year,No,Mailed check,30,19.3
2862-JVEOY,No,0.014642484,0,One year,No,Mailed check,6,19.15
2969-QWUBZ,No,0.69208634,1,Month-to-month,DSL,Electronic check,2,51.4
9822-BIIGN,No,0.21403638,0,Month-to-month,DSL,Electronic check,53,71.85
2077-MPJQO,No,0.8837549,1,Month-to-month,Fiber optic,Electronic check,7,75.4
1534-OULXE,No,0.030181838,0,One year,DSL,Bank transfer (automatic),61,49.7
7136-RVDTZ,Yes,0.5915115,1,One year,DSL,Electronic check,70,45.25
2971-SGAFL,No,0.64633435,1,Month-to-month,DSL,Electronic check,13,78.75
1480-IVEVR,No,0.22185183,0,One year,Fiber optic,Bank transfer (automatic),35,81.6
2905-KFQUV,No,0.79099643,1,Month-to-month,Fiber optic,Credit card (automatic),2,70.4
4581-SSPWD,Yes,0.90568584,1,Month-to-month,Fiber optic,Electronic check,3,75.8
3370-HXOPH,No,0.84482664,1,Month-to-month,Fiber optic,Electronic check,3,76.1
9391-YZEJW,No,0.2918486,0,One year,Fiber optic,Bank transfer (automatic),62,94.0
9958-MEKUC,No,0.028369877,0,Two year,Fiber optic,Credit card (automatic),72,103.95
0281-CNTZX,No,0.013376226,0,Two year,No,Bank transfer (automatic),63,19.95
6927-WTFIV,Yes,0.5435749,1,Month-to-month,Fiber optic,Credit card (automatic),20,71.3
4118-CEVPF,No,0.37447914,0,One year,Fiber optic,Bank transfer (automatic),35,110.8
3398-ZOUAA,Yes,0.72343606,1,Month-to-month,Fiber optic,Electronic check,21,69.1
9114-VEPUF,No,0.1930639,0,One year,Fiber optic,Electronic check,62,96.1
7876-BEUTG,No,0.50795454,1,Month-to-month,DSL,Mailed check,15,48.8
2338-BQEZT,No,0.22960722,0,Month-to-month,DSL,Credit card (automatic),55,50.55
9873-MNDKV,No,0.40923864,0,Month-to-month,DSL,Mailed check,11,44.65
0378-NHQXU,Yes,0.69695026,1,Month-to-month,Fiber optic,Electronic check,17,88.25
8241-JUIQO,No,0.035474893,0,One year,No,Bank transfer (automatic),61,19.45
2194-IIQOF,No,0.007653146,0,Two year,DSL,Credit card (automatic),71,89.3
4512-ZUIYL,Yes,0.71304876,1,Month-to-month,Fiber optic,Bank transfer (automatic),2,70.0
9631-RXVJM,No,0.020802839,0,Two year,No,Mailed check,35,19.25
9584-EXCDZ,No,0.47803566,1,Month-to-month,Fiber optic,Bank transfer (automatic),17,70.5
7969-AULMZ,Yes,0.8937537,1,Month-to-month,Fiber optic,Electronic check,21,97.35
5093-FEGLU,No,0.037939113,0,Two year,No,Bank transfer (automatic),47,19.65
2621-UDNLU,No,0.3442872,0,Month-to-month,No,Mailed check,3,20.85
7526-IVLYU,No,0.31599098,0,Month-to-month,No,Mailed check,3,19.65
2428-HYUNX,No,0.044298027,0,Two year,No,Credit card (automatic),44,19.35
9214-EKVXR,No,0.72286314,1,Month-to-month,DSL,Mailed check,1,44.0
3410-MHHUM,No,0.2905024,0,One year,Fiber optic,Electronic check,44,94.4
0568-ONFPC,Yes,0.2861856,0,Month-to-month,No,Bank transfer (automatic),5,25.9
0733-VUNUW,Yes,0.28166547,0,Month-to-month,DSL,Bank transfer (automatic),24,55.65
4550-EVXNY,Yes,0.94072694,1,Month-to-month,Fiber optic,Electronic check,1,69.65
2122-YWVYA,No,0.60026324,1,Month-to-month,Fiber optic,Electronic check,18,75.4
2968-SSGAA,Yes,0.9418748,1,Month-to-month,Fiber optic,Electronic check,10,100.6
2296-DKZFP,No,0.021604264,0,Two year,DSL,Bank transfer (automatic),65,71.0
4844-JJWUY,Yes,0.9459703,1,Month-to-month,Fiber optic,Electronic check,1,86.0
6777-TGHTM,Yes,0.4914286,1,One year,Fiber optic,Credit card (automatic),53,106.95
8909-BOLNL,No,0.11371559,0,One year,No,Mailed check,3,21.2
6603-YRDCJ,No,0.02373346,0,Two year,DSL,Mailed check,33,61.05
3538-WZPHD,Yes,0.85637563,1,Month-to-month,DSL,Electronic check,3,29.6
3229-USWAR,No,0.22914861,0,One year,DSL,Bank transfer (automatic),34,79.95
2138-VFAPZ,No,0.036577355,0,Two year,No,Mailed check,14,19.7
6131-JLWZM,No,0.21508047,0,Month-to-month,No,Mailed check,13,20.3
4785-QRJHC,Yes,0.3329443,0,One year,DSL,Bank transfer (automatic),46,59.9
0269-XFESX,No,0.050032932,0,One year,No,Mailed check,23,24.35
1709-EJDOX,No,0.03329344,0,Two year,No,Mailed check,47,19.75
4316-XCSLJ,No,0.34377778,0,Month-to-month,DSL,Mailed check,17,50.3
8610-WFCJF,Yes,0.75984496,1,Month-to-month,Fiber optic,Electronic check,49,95.6
9693-XMUOB,No,0.58855695,1,Month-to-month,DSL,Electronic check,59,50.25
0383-CLDDA,No,0.05183874,0,Two year,DSL,Credit card (automatic),69,85.35
4905-JEFDW,Yes,0.40280345,0,One year,DSL,Electronic check,11,41.6
2709-UQGNP,No,0.33077624,0,Month-to-month,DSL,Mailed check,10,51.65
3549-ZTMNH,No,0.039810713,0,Two year,No,Bank transfer (automatic),12,24.0
7881-INRLC,Yes,0.7497606,1,Month-to-month,Fiber optic,Credit card (automatic),45,100.85
8033-ATFAS,No,0.40614206,0,Month-to-month,DSL,Mailed check,39,59.85
1635-NZATJ,No,0.0136738485,0,Two year,No,Credit card (automatic),71,25.45
0562-HKHML,No,0.006927312,0,Two year,No,Credit card (automatic),71,23.9
8277-RVRSV,No,0.07678505,0,One year,No,Credit card (automatic),33,24.15
9943-VSZUV,No,0.43490732,0,Month-to-month,Fiber optic,Mailed check,67,75.7
0117-LFRMW,Yes,0.44462997,0,Month-to-month,DSL,Bank transfer (automatic),37,40.2
6172-FECYY,Yes,0.6418922,1,Month-to-month,Fiber optic,Electronic check,49,84.5
7054-ENNGU,No,0.37666827,0,Month-to-month,DSL,Mailed check,9,50.85
1455-HFBXA,No,0.058127142,0,Two year,Fiber optic,Credit card (automatic),52,91.6
9402-CXWPL,No,0.41341984,0,One year,Fiber optic,Electronic check,70,98.9
1628-BIZYP,No,0.9428268,1,Month-to-month,Fiber optic,Electronic check,1,85.0
1965-AKTSX,Yes,0.87758255,1,Month-to-month,Fiber optic,Electronic check,14,78.95
0082-LDZUE,No,0.7753094,1,Month-to-month,DSL,Mailed check,1,44.3
4786-UKSNZ,Yes,0.62166,1,Month-to-month,No,Mailed check,1,20.2
5343-SGUBI,No,0.1171599,0,One year,Fiber optic,Mailed check,52,80.2
0856-NAOES,No,0.3079937,0,Month-to-month,DSL,Mailed check,6,60.9
1976-AZZPJ,No,0.3842631,0,Month-to-month,DSL,Mailed check,7,34.2
7248-VZQLC,Yes,0.63945085,1,Month-to-month,Fiber optic,Bank transfer (automatic),47,85.2
6156-UZDLF,No,0.10460436,0,One year,Fiber optic,Credit card (automatic),26,87.15
3099-OONVS,No,0.24305673,0,Month-to-month,DSL,Electronic check,25,54.3
9500-WBGRP,No,0.016648725,0,Two year,No,Mailed check,69,19.1
5183-KLYEM,No,0.016810384,0,Two year,Fiber optic,Credit card (automatic),72,112.75
5144-PQCDZ,No,0.2845264,0,Month-to-month,No,Mailed check,4,19.95
8514-VZHEB,No,0.06793752,0,Two year,No,Mailed check,59,19.5
6625-IUTTT,No,0.025563003,0,Two year,DSL,Bank transfer (automatic),67,65.55
9355-NPPFS,No,0.6716883,1,Month-to-month,Fiber optic,Electronic check,26,78.8
0068-FIGTF,No,0.1778593,0,One year,DSL,Mailed check,27,78.2
5965-GGPRW,No,0.046823766,0,Two year,Fiber optic,Bank transfer (automatic),72,105.25
8035-PWSEV,No,0.7959955,1,Month-to-month,Fiber optic,Electronic check,6,89.25
2236-HILPA,No,0.019058324,0,Two year,No,Credit card (automatic),62,20.65
1840-BIUOG,No,0.2713747,0,One year,DSL,Electronic check,20,68.7
1356-MKYSK,No,0.30208525,0,Month-to-month,DSL,Credit card (automatic),6,78.65
6080-LNESI,No,0.032092735,0,Two year,No,Mailed check,51,24.75
1830-IPXVJ,No,0.032054894,0,Two year,No,Credit card (automatic),61,19.75
5828-DWPIL,No,0.21783058,0,Month-to-month,Fiber optic,Electronic check,62,89.1
8398-TBIYD,No,0.008405968,0,Two year,Fiber optic,Bank transfer (automatic),72,84.7
0011-IGKFF,Yes,0.8793057,1,Month-to-month,Fiber optic,Electronic check,13,98.0
4192-GORJT,Yes,0.8880275,1,Month-to-month,Fiber optic,Electronic check,5,94.45
6496-SLWHQ,Yes,0.90115434,1,Month-to-month,Fiber optic,Electronic check,3,105.0
9912-GVSEQ,Yes,0.79450184,1,Month-to-month,Fiber optic,Electronic check,26,93.85
2931-FSOHN,No,0.5150532,1,Month-to-month,DSL,Electronic check,13,59.9
9418-RUKPH,No,0.023142882,0,Two year,No,Mailed check,38,19.95
5383-MMTWC,Yes,0.9315108,1,Month-to-month,Fiber optic,Electronic check,8,84.0
9971-ZWPBF,No,0.5990968,1,Month-to-month,Fiber optic,Electronic check,34,108.9
4712-AUQZO,No,0.38390547,0,Month-to-month,DSL,Mailed check,18,33.6
9711-FJTBX,No,0.041338738,0,One year,Fiber optic,Mailed check,56,85.85
2908-ZTPNF,No,0.32309893,0,Month-to-month,DSL,Bank transfer (automatic),36,34.85
7240-ETPTR,Yes,0.8082365,1,Month-to-month,DSL,Electronic check,9,48.75
2202-CUYXZ,Yes,0.9419801,1,Month-to-month,Fiber optic,Electronic check,1,84.85
5995-OIGLP,Yes,0.31612682,0,Month-to-month,DSL,Mailed check,12,56.65
8421-WZOOW,No,0.12955129,0,Month-to-month,Fiber optic,Credit card (automatic),57,95.3
6261-RCVNS,Yes,0.3138898,0,One year,DSL,Credit card (automatic),42,73.9
7951-QKZPL,Yes,0.08318387,0,Two year,No,Mailed check,33,24.5
1414-YADCW,No,0.039236248,0,Two year,Fiber optic,Bank transfer (automatic),70,84.6
8756-RDDLT,No,0.20592147,0,Month-to-month,DSL,Electronic check,68,44.95
2862-PFNIK,No,0.8577517,1,Month-to-month,DSL,Electronic check,1,24.7
5816-QVHRX,No,0.6020479,1,Month-to-month,Fiber optic,Credit card (automatic),37,100.3
4430-YHXGG,No,0.24409705,0,Month-to-month,No,Mailed check,4,25.45
6888-SBYAI,No,0.67186,1,Month-to-month,DSL,Mailed check,1,50.7
7395-XWZOY,No,0.41066223,0,Month-to-month,DSL,Credit card (automatic),20,55.0
7169-YWAMK,No,0.007345935,0,Two year,DSL,Bank transfer (automatic),72,68.4
3640-PHQXK,Yes,0.7787371,1,Month-to-month,Fiber optic,Electronic check,31,89.9
6877-LGWXO,Yes,0.6511853,1,Month-to-month,Fiber optic,Electronic check,18,78.55
6859-RKMZJ,No,0.44936678,0,Month-to-month,DSL,Bank transfer (automatic),11,55.05
2729-VNVAP,No,0.022322522,0,Two year,No,Credit card (automatic),33,19.8
2957-JIRMN,No,0.343797,0,One year,Fiber optic,Electronic check,62,84.45
2049-BAFNW,No,0.62693334,1,Month-to-month,DSL,Mailed check,1,35.9
3842-QTGDL,No,0.40901044,0,Month-to-month,Fiber optic,Bank transfer (automatic),16,80.75
7163-OCEQI,No,0.40400866,0,One year,DSL,Mailed check,22,78.65
9782-LGXMC,No,0.13028991,0,Month-to-month,DSL,Bank transfer (automatic),49,61.75
5975-BAICR,No,0.16093898,0,One year,DSL,Credit card (automatic),36,63.7
8019-ENHXU,Yes,0.7698082,1,Month-to-month,Fiber optic,Electronic check,42,99.45
5167-GBFRE,Yes,0.8275564,1,Month-to-month,DSL,Bank transfer (automatic),4,25.2
9033-EOXWV,Yes,0.2814218,0,One year,DSL,Mailed check,12,74.05
4673-KKSLS,No,0.50329065,1,Month-to-month,Fiber optic,Electronic check,31,87.6
4853-OITSN,No,0.6925313,1,Month-to-month,Fiber optic,Electronic check,5,89.15
9800-OUIGR,No,0.0089329295,0,Two year,No,Credit card (automatic),66,20.0
1324-NLTJE,Yes,0.54655755,1,Month-to-month,DSL,Credit card (automatic),15,55.0
2324-EFHVG,No,0.20434813,0,Two year,Fiber optic,Bank transfer (automatic),64,104.4
7094-MSZAO,No,0.19345525,0,Month-to-month,No,Credit card (automatic),10,20.05
1522-VVDMG,Yes,0.81346667,1,Month-to-month,Fiber optic,Electronic check,7,89.75
6907-CQGPN,No,0.24366273,0,Month-to-month,DSL,Electronic check,29,34.3
0780-XNZFN,No,0.04702101,0,Two year,No,Bank transfer (automatic),57,20.65
0239-OXEXL,No,0.3592531,0,Month-to-month,Fiber optic,Mailed check,46,84.25
2675-IJRGJ,No,0.10494025,0,Two year,No,Bank transfer (automatic),53,19.65
7049-GKVZY,No,0.2168048,0,One year,DSL,Credit card (automatic),17,79.85
8577-QSOCG,No,0.032129817,0,Two year,No,Mailed check,38,20.2
3721-CNZHX,No,0.06866769,0,One year,No,Mailed check,15,19.8
0212-ISBBF,No,0.71558046,1,Month-to-month,DSL,Electronic check,22,50.35
9185-TQCVP,Yes,0.8796523,1,Month-to-month,Fiber optic,Electronic check,14,85.15
3585-YNADK,No,0.05963376,0,One year,DSL,Bank transfer (automatic),57,74.6
5271-DBYSJ,No,0.7317577,1,Month-to-month,Fiber optic,Credit card (automatic),11,79.15
1099-GODLO,No,0.04188512,0,Two year,No,Mailed check,1,20.35
6828-HMKWP,No,0.026839413,0,Two year,No,Bank transfer (automatic),12,21.05
5567-WSELE,Yes,0.94222665,1,Month-to-month,Fiber optic,Electronic check,3,94.6
1472-TNCWL,No,0.37206206,0,Month-to-month,Fiber optic,Electronic check,36,94.7
8063-RJYNF,Yes,0.8219918,1,Month-to-month,Fiber optic,Electronic check,16,94.25
0687-ZVTHB,Yes,0.32865262,0,One year,DSL,Credit card (automatic),65,72.45
2080-GKCWQ,No,0.6339456,1,Month-to-month,Fiber optic,Electronic check,2,74.95
9661-ACXBS,Yes,0.7037398,1,Month-to-month,Fiber optic,Electronic check,42,105.2
2193-SFWQW,No,0.0065477085,0,Two year,Fiber optic,Bank transfer (automatic),72,111.95
5656-JAMLX,No,0.015798701,0,Two year,No,Bank transfer (automatic),62,19.85
3462-BJQQA,No,0.92207533,1,Month-to-month,Fiber optic,Electronic check,6,89.75
0442-TDYUO,No,0.02447506,0,Two year,No,Mailed check,48,20.05
6733-LRIZX,No,0.3136588,0,Two year,Fiber optic,Electronic check,35,108.95
9503-XJUME,No,0.03169697,0,One year,No,Credit card (automatic),52,19.65
4367-NHWMM,No,0.7968824,1,Month-to-month,DSL,Mailed check,1,24.9
3727-RJMEO,Yes,0.920165,1,Month-to-month,Fiber optic,Electronic check,6,82.85
3779-OSWCF,No,0.007653146,0,Two year,DSL,Credit card (automatic),71,93.2
6736-DHUQI,No,0.07235816,0,One year,Fiber optic,Bank transfer (automatic),67,84.8
3915-ODIYG,No,0.18306585,0,One year,DSL,Electronic check,60,71.75
1360-RCYRT,No,0.23615234,0,Month-to-month,DSL,Bank transfer (automatic),23,30.35
2724-FJDYW,No,0.15764405,0,One year,DSL,Bank transfer (automatic),39,54.85
4451-RWASJ,No,0.048514675,0,One year,No,Mailed check,15,19.5
6646-VRFOL,Yes,0.836575,1,Month-to-month,Fiber optic,Electronic check,53,103.85
3460-TJBWI,No,0.023495954,0,Two year,No,Mailed check,24,24.2
5917-HBSDW,No,0.19431505,0,Month-to-month,No,Electronic check,37,19.35
5685-IIXLY,Yes,0.86610883,1,Month-to-month,Fiber optic,Electronic check,5,83.6
5671-UUNXD,No,0.48248324,1,One year,Fiber optic,Electronic check,50,100.65
0956-ACVZC,No,0.43901935,0,One year,Fiber optic,Credit card (automatic),54,94.1
2325-NBPZG,No,0.6581498,1,Month-to-month,Fiber optic,Electronic check,3,74.55
4250-ZBWLV,Yes,0.6612858,1,One year,Fiber optic,Electronic check,68,108.45
4482-FTFFX,No,0.49952146,1,Month-to-month,DSL,Electronic check,5,56.15
8859-DZTGQ,No,0.039315265,0,Two year,No,Mailed check,33,20.35
0440-MOGPM,No,0.37940335,0,One year,DSL,Electronic check,41,80.55
0020-JDNXP,No,0.10390429,0,One year,DSL,Mailed check,34,61.25
3752-CQSJI,No,0.19600093,0,Month-to-month,No,Mailed check,13,20.45
5025-GOOKI,No,0.15011317,0,Month-to-month,No,Credit card (automatic),20,18.9
4698-KVLLG,No,0.04358611,0,Two year,No,Credit card (automatic),51,19.6
5095-AESKG,Yes,0.9244826,1,Month-to-month,Fiber optic,Credit card (automatic),3,91.5
2887-JPYLU,No,0.24979864,0,Month-to-month,DSL,Bank transfer (automatic),41,45.2
4770-QAZXN,No,0.17327332,0,Month-to-month,No,Credit card (automatic),13,19.45
4896-CPRPF,No,0.031027827,0,Two year,No,Bank transfer (automatic),35,25.45
1871-MOWRM,Yes,0.5636525,1,Month-to-month,Fiber optic,Bank transfer (automatic),12,80.85
9714-EDSUC,No,0.70622784,1,Month-to-month,Fiber optic,Mailed check,4,94.9
2027-OAQQC,Yes,0.47539914,1,Month-to-month,DSL,Bank transfer (automatic),43,49.05
0282-NVSJS,No,0.44326183,0,Month-to-month,DSL,Mailed check,12,29.3
9090-SGQXL,Yes,0.784591,1,Month-to-month,Fiber optic,Electronic check,68,105.3
6595-YGXIT,Yes,0.8392519,1,Month-to-month,Fiber optic,Electronic check,25,88.95
7353-YOWFP,No,0.0926782,0,One year,No,Mailed check,7,20.25
9835-ZIITK,Yes,0.6802683,1,One year,Fiber optic,Electronic check,66,110.85
8008-ESFLK,No,0.46082574,1,One year,Fiber optic,Electronic check,53,110.5
7537-CBQUZ,No,0.13969935,0,Month-to-month,Fiber optic,Bank transfer (automatic),63,109.4
1555-DJEQW,Yes,0.3209253,0,Two year,Fiber optic,Bank transfer (automatic),70,114.2
5649-TJHOV,Yes,0.649467,1,Month-to-month,DSL,Bank transfer (automatic),27,36.5
0519-XUZJU,Yes,0.876913,1,Month-to-month,Fiber optic,Mailed check,1,70.75
3363-EWLGO,No,0.2659976,0,Month-to-month,No,Mailed check,5,19.95
4750-UKWJK,No,0.06626557,0,One year,No,Mailed check,37,19.6
6338-AVWCY,Yes,0.78683025,1,Month-to-month,DSL,Mailed check,3,40.15
1689-YQBYY,No,0.80252844,1,Month-to-month,Fiber optic,Electronic check,12,76.6
4487-ZYJZK,No,0.04578272,0,One year,No,Credit card (automatic),38,19.6
2959-FENLU,No,0.82800186,1,Month-to-month,Fiber optic,Credit card (automatic),9,85.3
0708-LGSMF,No,0.6227203,1,Month-to-month,DSL,Electronic check,13,65.85
9253-QXKBE,Yes,0.82427007,1,Month-to-month,Fiber optic,Electronic check,29,94.45
7634-HLQJR,No,0.021802813,0,Two year,No,Credit card (automatic),47,20.05
0487-RPVUM,No,0.15576157,0,Month-to-month,Fiber optic,Bank transfer (automatic),61,99.4
4079-ULGFR,No,0.20604415,0,Month-to-month,No,Mailed check,16,20.0
2516-XSJKX,No,0.044930436,0,Two year,DSL,Electronic check,41,78.45
0057-QBUQH,No,0.060955044,0,Two year,No,Electronic check,43,25.1
9445-SZLCH,Yes,0.7137284,1,Month-to-month,Fiber optic,Bank transfer (automatic),36,97.35
6599-SFQVE,No,0.6937992,1,Month-to-month,DSL,Electronic check,6,55.0
8331-ZXFOE,No,0.071088865,0,One year,DSL,Credit card (automatic),58,71.1
4003-FUSHP,No,0.3284522,0,Month-to-month,DSL,Credit card (automatic),19,61.55
0356-ERHVT,No,0.42213002,0,Month-to-month,DSL,Bank transfer (automatic),11,45.9
7325-ENZFI,No,0.10449483,0,One year,DSL,Bank transfer (automatic),39,40.3
4884-ZTHVF,No,0.83591163,1,Month-to-month,Fiber optic,Electronic check,8,87.1
3920-HIHMQ,No,0.23415713,0,Month-to-month,DSL,Mailed check,26,49.5
3055-OYMSE,No,0.4369794,0,Month-to-month,Fiber optic,Credit card (automatic),53,73.8
0613-WUXUM,No,0.020940676,0,Two year,No,Mailed check,70,19.2
7568-PODML,Yes,0.8606009,1,Month-to-month,DSL,Mailed check,1,45.3
4458-KVRBJ,No,0.042051792,0,Two year,No,Mailed check,59,25.0
5349-IECLD,Yes,0.86406595,1,Month-to-month,Fiber optic,Electronic check,2,94.95
1397-XKKWR,No,0.12245076,0,One year,DSL,Mailed check,7,35.3
3945-GFWQL,Yes,0.60074025,1,Month-to-month,DSL,Electronic check,12,44.55
8097-OMULG,No,0.11419463,0,One year,DSL,Credit card (automatic),59,76.75
6013-BHCAW,No,0.045925584,0,Two year,DSL,Bank transfer (automatic),61,81.0
0401-WDBXM,No,0.10465817,0,Two year,Fiber optic,Bank transfer (automatic),72,105.55
3387-PLKUI,No,0.03722906,0,Month-to-month,No,Mailed check,13,18.8
6096-EGVTU,No,0.07981102,0,One year,No,Mailed check,64,24.9
3797-VTIDR,Yes,0.89376324,1,Month-to-month,DSL,Electronic check,1,23.45
5081-NWSUP,No,0.20803845,0,One year,DSL,Mailed check,10,64.9
2580-ATZSQ,No,0.04153765,0,One year,DSL,Bank transfer (automatic),65,61.35
8085-MSNLK,No,0.076051265,0,Two year,Fiber optic,Mailed check,62,113.95
9691-HKOVS,No,0.1327443,0,One year,DSL,Electronic check,55,90.15
9881-VCZEP,No,0.35867614,0,Month-to-month,DSL,Electronic check,25,54.1
9526-BIHHD,Yes,0.69439775,1,Month-to-month,DSL,Mailed check,1,29.7
8757-TFHHJ,No,0.6281173,1,Month-to-month,DSL,Credit card (automatic),1,49.8
4523-WXCEF,Yes,0.6747204,1,Month-to-month,Fiber optic,Electronic check,59,101.1
1468-DEFNC,No,0.019846462,0,Two year,No,Bank transfer (automatic),64,24.4
5119-KEPFY,No,0.5631175,1,Month-to-month,Fiber optic,Bank transfer (automatic),36,95.0
8364-TRMMK,Yes,0.7451156,1,Month-to-month,DSL,Mailed check,3,50.65
0916-KNFAJ,No,0.015726315,0,Two year,DSL,Mailed check,61,69.9
8319-QBEHW,No,0.2169158,0,One year,DSL,Bank transfer (automatic),26,39.95
3063-QFSZL,Yes,0.85615426,1,Month-to-month,DSL,Electronic check,1,55.4
8775-LHDJH,Yes,0.95924413,1,Month-to-month,Fiber optic,Electronic check,1,90.6
9625-QNLUX,No,0.079212025,0,Two year,Fiber optic,Credit card (automatic),68,103.25
3097-NQYSN,Yes,0.9310332,1,Month-to-month,Fiber optic,Mailed check,2,86.85
4024-CSNBY,No,0.011348407,0,Two year,Fiber optic,Bank transfer (automatic),72,94.25
7110-BDTWG,No,0.2253499,0,Two year,DSL,Electronic check,71,47.05
7493-GVFIO,No,0.031646065,0,Two year,No,Credit card (automatic),57,20.55
0690-SRQID,No,0.2869961,0,Month-to-month,No,Mailed check,4,19.65
9605-WGJVW,No,0.91815,1,Month-to-month,Fiber optic,Electronic check,1,70.2
9114-DPSIA,No,0.003785141,0,Two year,DSL,Credit card (automatic),72,81.0
4700-UBQMV,No,0.23360604,0,One year,DSL,Bank transfer (automatic),21,75.9
7711-GQBZC,No,0.0068925424,0,Two year,No,Bank transfer (automatic),71,24.7
3565-UNOCC,Yes,0.82353836,1,Month-to-month,Fiber optic,Bank transfer (automatic),29,99.05
4627-MIHJH,No,0.41451493,0,Two year,Fiber optic,Credit card (automatic),69,110.25
9795-NREXC,No,0.06072932,0,Two year,DSL,Credit card (automatic),64,85.0
8573-CGOCC,No,0.24479666,0,Month-to-month,No,Credit card (automatic),16,19.75
7356-AYNJP,No,0.18418537,0,One year,No,Electronic check,4,23.9
9249-FXSCK,Yes,0.50458497,1,One year,Fiber optic,Credit card (automatic),52,111.25
5493-SDRDQ,Yes,0.6017757,1,Month-to-month,DSL,Mailed check,2,55.1
6286-SUUWT,No,0.62732655,1,Month-to-month,No,Mailed check,1,19.95
4819-HJPIW,No,0.40341195,0,Month-to-month,DSL,Mailed check,18,25.15
8654-DHAOW,No,0.6650273,1,Month-to-month,DSL,Mailed check,2,54.15
5438-QMDDL,No,0.44816682,0,Month-to-month,DSL,Mailed check,19,59.8
9812-GHVRI,No,0.5250032,1,Month-to-month,Fiber optic,Bank transfer (automatic),40,83.85
5553-AOINX,No,0.41833967,0,One year,Fiber optic,Electronic check,66,104.9
1228-ZLNBX,No,0.45986968,1,Month-to-month,Fiber optic,Mailed check,21,75.3
4226-KKDON,No,0.45916346,1,Month-to-month,DSL,Electronic check,8,66.65
3831-YCPUO,No,0.011735466,0,Two year,Fiber optic,Credit card (automatic),72,109.5
7445-WMRBW,No,0.09240124,0,One year,DSL,Bank transfer (automatic),48,73.85
3308-DGHKL,No,0.028907105,0,Two year,No,Bank transfer (automatic),69,19.3
9924-JPRMC,No,0.054609664,0,Two year,Fiber optic,Electronic check,72,118.2
0080-EMYVY,No,0.13852978,0,One year,DSL,Credit card (automatic),14,51.45
6218-KNUBD,No,0.37946498,0,Month-to-month,DSL,Electronic check,6,59.45
7337-CINUD,No,0.028202789,0,Two year,No,Bank transfer (automatic),8,19.5
7609-NRNCA,No,0.05942481,0,One year,No,Mailed check,17,19.55
0623-EJQEG,No,0.30210048,0,One year,Fiber optic,Electronic check,65,93.55
7153-CHRBV,No,0.046624262,0,One year,DSL,Mailed check,57,59.3
0871-URUWO,Yes,0.8558405,1,Month-to-month,Fiber optic,Credit card (automatic),13,102.25
9190-MFJLN,Yes,0.73529565,1,Month-to-month,Fiber optic,Credit card (automatic),19,95.9
6198-PNNSZ,No,0.34659088,0,One year,Fiber optic,Bank transfer (automatic),56,109.8
3317-VLGQT,No,0.7716408,1,Month-to-month,Fiber optic,Electronic check,14,78.1
4132-POCZS,No,0.3694629,0,Month-to-month,DSL,Electronic check,52,39.9
5614-DNZCE,No,0.029554145,0,Two year,DSL,Credit card (automatic),58,64.9
1095-JUDTC,Yes,0.6247626,1,Month-to-month,Fiber optic,Electronic check,47,95.05
3896-RCYYE,No,0.12462464,0,Month-to-month,DSL,Credit card (automatic),67,53.4
9638-JIQYA,No,0.81048197,1,Month-to-month,DSL,Credit card (automatic),2,24.9
3258-SANFR,No,0.5130815,1,Month-to-month,DSL,Credit card (automatic),6,44.7
3726-TBHQT,No,0.030479245,0,Two year,Fiber optic,Bank transfer (automatic),71,114.0
3190-ITQXP,No,0.02846654,0,Two year,No,Bank transfer (automatic),46,20.25
0870-VEMYL,Yes,0.46501684,1,Month-to-month,DSL,Credit card (automatic),5,53.85
4833-QTJNO,No,0.2762972,0,Month-to-month,Fiber optic,Bank transfer (automatic),67,83.85
3039-MJSLN,No,0.2977182,0,Month-to-month,No,Bank transfer (automatic),3,20.2
0178-CIIKR,No,0.31307375,0,Month-to-month,No,Mailed check,3,19.95
5385-SUIRI,Yes,0.74832124,1,Month-to-month,Fiber optic,Electronic check,52,104.2
3982-XWFZQ,Yes,0.5264012,1,Month-to-month,DSL,Electronic check,42,50.25
5774-QPLTF,No,0.02633588,0,One year,No,Mailed check,50,20.35
2322-VCZHZ,No,0.57421744,1,Month-to-month,Fiber optic,Electronic check,23,90.0
5010-IPEAQ,No,0.059597254,0,Two year,DSL,Credit card (automatic),67,54.2
4009-ALQFH,Yes,0.8326516,1,Month-to-month,Fiber optic,Electronic check,25,99.5
6383-ZTSIW,No,0.41418672,0,One year,Fiber optic,Mailed check,39,99.1
8990-YOZLV,No,0.026304817,0,Two year,DSL,Mailed check,69,66.9
3069-SSVSN,No,0.3927473,0,One year,DSL,Mailed check,1,25.85
5222-IMUKT,No,0.5922324,1,Month-to-month,Fiber optic,Electronic check,32,91.05
3627-FCRDW,Yes,0.67342657,1,Month-to-month,Fiber optic,Electronic check,9,71.0
7562-GSUHK,Yes,0.6423841,1,Month-to-month,Fiber optic,Credit card (automatic),16,93.2
6685-XSHHU,No,0.012840409,0,Two year,No,Bank transfer (automatic),60,20.95
8901-UPRHR,No,0.08645348,0,Two year,Fiber optic,Bank transfer (automatic),72,109.2
4903-UYAVB,Yes,0.32604632,0,Month-to-month,No,Mailed check,5,19.35
0118-JPNOY,No,0.48229378,1,Month-to-month,Fiber optic,Credit card (automatic),26,85.8
6776-TLWOI,Yes,0.29602766,0,Month-to-month,No,Mailed check,3,19.85
3845-FXCYS,No,0.39711973,0,Month-to-month,No,Electronic check,2,19.65
5857-XRECV,No,0.09712054,0,One year,No,Bank transfer (automatic),2,20.5
0725-CXOTM,No,0.19513333,0,One year,DSL,Credit card (automatic),36,89.65
4343-EJVQB,No,0.50372416,1,Month-to-month,Fiber optic,Mailed check,7,74.35
9000-PLFUZ,No,0.1621474,0,Two year,DSL,Credit card (automatic),60,49.45
3427-GGZZI,No,0.73191565,1,Month-to-month,Fiber optic,Electronic check,19,89.1
7779-ORAEL,No,0.05423114,0,Two year,DSL,Credit card (automatic),45,75.15
0644-OQMDK,No,0.7892904,1,Month-to-month,Fiber optic,Electronic check,4,70.65
4077-CROMM,Yes,0.8021926,1,Month-to-month,Fiber optic,Electronic check,31,104.2
3154-CFSZG,No,0.43596688,0,Month-to-month,Fiber optic,Electronic check,47,90.05
2868-MZAGQ,Yes,0.9470404,1,Month-to-month,Fiber optic,Electronic check,1,79.25
4847-QNOKA,Yes,0.7580205,1,Month-to-month,DSL,Bank transfer (automatic),1,44.9
2220-IAHLS,No,0.3631878,0,Month-to-month,No,Credit card (automatic),1,19.4
1658-XUHBX,No,0.44294053,0,Month-to-month,Fiber optic,Credit card (automatic),59,88.75
6379-RXJRQ,Yes,0.76077443,1,Month-to-month,Fiber optic,Electronic check,10,70.1
2378-HTWFW,No,0.5308372,1,Month-to-month,Fiber optic,Credit card (automatic),35,91.0
8650-RHRKE,Yes,0.7433245,1,Month-to-month,DSL,Electronic check,4,29.65
4377-VDHYI,No,0.27858815,0,One year,Fiber optic,Electronic check,32,90.8
0475-RIJEP,Yes,0.68021,1,Month-to-month,Fiber optic,Electronic check,43,77.85
1260-TTRXI,Yes,0.74407464,1,Month-to-month,DSL,Electronic check,4,54.3
3719-TDVQB,No,0.08059574,0,Two year,No,Mailed check,54,18.95
6328-ZPBGN,Yes,0.8976515,1,Month-to-month,Fiber optic,Bank transfer (automatic),11,95.15
0201-MIBOL,No,0.22633883,0,Two year,Fiber optic,Bank transfer (automatic),66,102.4
4937-QPZPO,No,0.57925504,1,One year,Fiber optic,Electronic check,61,99.9
2925-VDZHY,No,0.003940287,0,Two year,DSL,Credit card (automatic),72,88.7
6981-TDRFT,No,0.36169562,0,One year,DSL,Electronic check,44,54.3
3413-CSSTH,No,0.33557183,0,Month-to-month,DSL,Bank transfer (automatic),41,55.7
8033-VCZGH,No,0.63162005,1,One year,Fiber optic,Electronic check,50,103.95
4789-KWMXN,Yes,0.5820591,1,One year,Fiber optic,Credit card (automatic),47,110.85
0224-NIJLP,No,0.026733702,0,Two year,No,Mailed check,8,20.15
7542-CYDDM,No,0.18702114,0,Month-to-month,No,Mailed check,18,20.05
4718-WXBGI,No,0.00470485,0,Two year,DSL,Credit card (automatic),72,91.95
2867-UIMSS,Yes,0.9206347,1,Month-to-month,Fiber optic,Electronic check,1,80.5
8495-PRWFH,No,0.5358539,1,Month-to-month,DSL,Electronic check,42,55.65
0439-IFYUN,No,0.70981246,1,Month-to-month,Fiber optic,Electronic check,18,74.7
5716-LIBJC,No,0.32515332,0,One year,Fiber optic,Credit card (automatic),13,104.15
2868-LLSKM,No,0.09058418,0,One year,Fiber optic,Bank transfer (automatic),68,83.65
8111-RKSPX,Yes,0.8143127,1,Month-to-month,Fiber optic,Bank transfer (automatic),4,72.2
2988-QRAJY,No,0.28167424,0,Two year,Fiber optic,Credit card (automatic),69,110.05
1585-MQSSU,Yes,0.31304023,0,Month-to-month,DSL,Mailed check,17,51.5
0071-NDAFP,No,0.0450634,0,Two year,No,Credit card (automatic),25,25.5
2856-NNASM,Yes,0.56406206,1,Month-to-month,Fiber optic,Mailed check,43,89.55
7328-ZJAJO,No,0.025688209,0,Two year,No,Credit card (automatic),59,19.5
6458-CYIDZ,No,0.62464577,1,Month-to-month,Fiber optic,Electronic check,5,80.7
8559-CIZFV,Yes,0.14225657,0,One year,DSL,Mailed check,21,77.5
1090-PYKCI,No,0.06715574,0,One year,Fiber optic,Credit card (automatic),69,105.1
3058-WQDRE,No,0.40241215,0,Month-to-month,DSL,Bank transfer (automatic),13,25.15
7547-EKNFS,Yes,0.5850137,1,Month-to-month,Fiber optic,Bank transfer (automatic),42,95.25
2279-AXJJK,No,0.41372627,0,Month-to-month,Fiber optic,Credit card (automatic),52,95.65
6769-DYBQN,Yes,0.63421184,1,Month-to-month,Fiber optic,Electronic check,46,85.0
0909-SELIE,No,0.01813666,0,Two year,DSL,Bank transfer (automatic),61,80.8
3417-TSCIC,No,0.21291842,0,One year,DSL,Mailed check,29,24.85
1042-HFUCW,No,0.16337541,0,One year,DSL,Credit card (automatic),25,54.75
4439-JMPMT,Yes,0.87147915,1,Month-to-month,Fiber optic,Electronic check,5,85.75
6537-OTKMY,No,0.46478805,1,One year,DSL,Electronic check,15,50.75
8999-EXMNO,No,0.024861675,0,Two year,No,Mailed check,19,20.15
6725-TPKJO,No,0.025037682,0,Two year,No,Mailed check,44,20.05
2446-BEGGB,Yes,0.9483327,1,Month-to-month,Fiber optic,Electronic check,6,98.25
7162-WPHPM,No,0.030149292,0,Two year,DSL,Credit card (automatic),58,71.6
1599-MMYRQ,No,0.07043452,0,One year,Fiber optic,Credit card (automatic),62,81.45
8821-KVZKQ,No,0.11604342,0,One year,DSL,Bank transfer (automatic),70,58.4
1496-GGSUK,Yes,0.8597911,1,Month-to-month,DSL,Mailed check,1,25.7
6434-TTGJP,No,0.028316632,0,Two year,DSL,Credit card (automatic),10,53.7
0042-JVWOJ,No,0.060338493,0,One year,No,Bank transfer (automatic),26,19.6
0130-SXOUN,No,0.39178956,0,Month-to-month,Fiber optic,Credit card (automatic),66,89.4
2575-GFSOE,Yes,0.75808513,1,Month-to-month,Fiber optic,Electronic check,7,69.0
2330-PQGDQ,No,0.107304394,0,One year,Fiber optic,Bank transfer (automatic),51,84.2
1452-UZOSF,No,0.035600387,0,Two year,Fiber optic,Credit card (automatic),72,106.1
2097-YVPKN,No,0.018719861,0,Two year,No,Mailed check,65,25.75
2842-JTCCU,Yes,0.7850756,1,Month-to-month,DSL,Bank transfer (automatic),2,46.05
8597-CTXVJ,No,0.04605801,0,One year,DSL,Bank transfer (automatic),70,64.95
6631-HMANX,No,0.0076770475,0,Two year,DSL,Credit card (automatic),72,85.45
9962-BFPDU,No,0.64981806,1,Month-to-month,No,Mailed check,1,20.05
3296-SILRA,Yes,0.95047736,1,Month-to-month,Fiber optic,Mailed check,1,76.4
9681-OXGVC,Yes,0.9407169,1,Month-to-month,Fiber optic,Electronic check,5,100.5
6394-HHHZM,No,0.27267364,0,Month-to-month,No,Mailed check,3,20.7
5995-LFTLE,No,0.04448114,0,Two year,No,Credit card (automatic),58,25.3
5180-UCIIQ,Yes,0.5380306,1,Month-to-month,DSL,Mailed check,22,40.05
1932-UEDCX,No,0.7449099,1,Month-to-month,Fiber optic,Bank transfer (automatic),33,100.6
7153-OANIO,Yes,0.90919137,1,Month-to-month,Fiber optic,Electronic check,1,69.95
5188-HGMLP,No,0.36379844,0,Month-to-month,Fiber optic,Bank transfer (automatic),54,74.0
0665-XHDJU,No,0.14951178,0,Two year,Fiber optic,Electronic check,72,99.4
6521-YYTYI,Yes,0.95931244,1,Month-to-month,Fiber optic,Electronic check,1,93.3
8878-HMWBV,Yes,0.79023266,1,Month-to-month,DSL,Electronic check,3,49.15
8265-HKSOW,No,0.012601742,0,Two year,Fiber optic,Credit card (automatic),72,107.45
3544-FBCAS,No,0.009740992,0,Two year,DSL,Credit card (automatic),72,83.6
5331-RGMTT,No,0.7847865,1,Month-to-month,Fiber optic,Credit card (automatic),54,99.05
4759-PXTAN,No,0.16040541,0,One year,DSL,Electronic check,59,80.1
7054-DMVAS,No,0.036909644,0,Two year,DSL,Bank transfer (automatic),54,65.3
3428-MMGUB,No,0.2701512,0,Two year,Fiber optic,Electronic check,60,89.55
6549-BTYPG,No,0.020170847,0,Two year,DSL,Credit card (automatic),60,60.8
7823-JSOAG,No,0.79526895,1,Month-to-month,Fiber optic,Electronic check,3,74.5
3705-RHRFR,No,0.11906936,0,Two year,Fiber optic,Bank transfer (automatic),69,99.15
9374-YOLBJ,No,0.66860807,1,Month-to-month,No,Electronic check,1,19.25
9074-KGVOX,No,0.23948371,0,Month-to-month,DSL,Credit card (automatic),50,39.45
6128-DAFVY,No,0.4539531,1,Month-to-month,DSL,Credit card (automatic),56,44.85
9933-QRGTX,No,0.12206944,0,Two year,Fiber optic,Electronic check,60,97.2
4476-OSWTN,No,0.54607785,1,One year,Fiber optic,Mailed check,69,110.55
3751-KTZEL,Yes,0.7787214,1,Month-to-month,DSL,Mailed check,1,35.05
1977-STDKI,Yes,0.92131346,1,Month-to-month,Fiber optic,Electronic check,1,73.0
5066-GFJMM,No,0.31466907,0,Month-to-month,No,Mailed check,3,19.9
2661-GKBTK,No,0.018625554,0,Two year,DSL,Bank transfer (automatic),60,76.95
0458-HEUZG,No,0.06972518,0,Two year,DSL,Mailed check,13,35.4
7268-WNTCP,No,0.00930675,0,Two year,No,Bank transfer (automatic),62,20.45
0824-VWDPO,No,0.21905999,0,One year,Fiber optic,Bank transfer (automatic),45,96.75
8409-WQJUX,No,0.15440719,0,One year,DSL,Electronic check,25,54.2
2578-JQPHZ,No,0.07444268,0,Two year,Fiber optic,Bank transfer (automatic),44,100.1
3278-FSIXX,No,0.79349154,1,Month-to-month,DSL,Mailed check,2,45.25
5813-UECBU,Yes,0.7253521,1,Month-to-month,Fiber optic,Credit card (automatic),33,83.85
0328-GRPMV,Yes,0.912948,1,Month-to-month,Fiber optic,Electronic check,1,70.1
9746-UGFAC,No,0.10734921,0,One year,No,Bank transfer (automatic),22,20.85
2946-KIQSP,No,0.24690087,0,Month-to-month,DSL,Mailed check,35,33.45
0625-AFOHS,No,0.024835924,0,Two year,No,Mailed check,29,20.2
6726-WEXXK,No,0.36616108,0,One year,Fiber optic,Electronic check,27,85.9
4636-OLWOE,No,0.12204029,0,One year,DSL,Electronic check,54,61.0
4342-HENTK,Yes,0.7927715,1,Month-to-month,Fiber optic,Electronic check,2,70.65
4685-ERGHK,No,0.40750727,0,One year,Fiber optic,Electronic check,57,86.9
0885-HMGPY,No,0.013884367,0,Two year,DSL,Bank transfer (automatic),62,69.4
5003-OKNNK,No,0.09462315,0,One year,No,Credit card (automatic),15,20.35
4195-SMMNX,Yes,0.39682353,0,Month-to-month,No,Mailed check,2,20.35
7208-PSIHR,No,0.26234835,0,Two year,Fiber optic,Bank transfer (automatic),70,104.3
4012-ZTHBR,No,0.588072,1,Month-to-month,DSL,Electronic check,21,44.95
0489-WMEMG,No,0.30933994,0,One year,DSL,Electronic check,23,49.45
7435-ZNUYY,No,0.062394917,0,One year,No,Mailed check,6,20.6
1354-YZFNB,No,0.023899952,0,Two year,No,Credit card (automatic),4,19.55
6956-SMUCM,Yes,0.9040986,1,Month-to-month,Fiber optic,Credit card (automatic),3,99.0
2985-FMWYF,No,0.8411343,1,Month-to-month,Fiber optic,Electronic check,23,93.5
2812-ENYMO,No,0.12149085,0,One year,DSL,Credit card (automatic),26,54.55
2717-HVIZY,No,0.26576313,0,Month-to-month,No,Mailed check,8,20.05
3223-WZWJM,Yes,0.8029469,1,Month-to-month,Fiber optic,Electronic check,26,83.95
3422-GALYP,No,0.91557807,1,Month-to-month,Fiber optic,Electronic check,2,79.45
9053-JZFKV,Yes,0.5387781,1,Two year,Fiber optic,Credit card (automatic),67,116.2
2530-ENDWQ,Yes,0.5080892,1,Two year,Fiber optic,Bank transfer (automatic),71,93.7
2890-WFBHU,No,0.12856157,0,One year,DSL,Credit card (automatic),59,79.85
0327-WFZSY,No,0.43335426,0,One year,Fiber optic,Electronic check,39,100.0
7977-HXJKU,No,0.028065031,0,Two year,No,Mailed check,21,19.6
6615-ZGEDR,Yes,0.6000805,1,Month-to-month,No,Mailed check,1,19.7
7033-CLAMM,No,0.02888687,0,Two year,No,Bank transfer (automatic),48,20.2
4023-RTIQM,No,0.16680436,0,One year,DSL,Credit card (automatic),31,50.4
0864-FVJNJ,No,0.08572383,0,One year,Fiber optic,Electronic check,64,113.35
7356-IWLFW,No,0.5152654,1,Month-to-month,Fiber optic,Bank transfer (automatic),46,80.0
9541-PWTWO,No,0.039500408,0,Two year,DSL,Bank transfer (automatic),52,80.95
3967-VQOGC,No,0.020289917,0,Two year,No,Mailed check,67,24.9
7872-RDDLZ,No,0.2941921,0,Month-to-month,DSL,Electronic check,67,54.9
9250-WYPLL,Yes,0.78980434,1,Month-to-month,Fiber optic,Electronic check,5,75.55
6308-CQRBU,No,0.30859536,0,Two year,Fiber optic,Electronic check,71,109.25
2754-XBHTB,Yes,0.78667784,1,Month-to-month,Fiber optic,Bank transfer (automatic),9,77.65
1597-LHYNC,Yes,0.8223689,1,Month-to-month,Fiber optic,Electronic check,26,95.0
0186-CAERR,No,0.40581924,0,One year,Fiber optic,Bank transfer (automatic),71,116.3
3043-SUDUA,No,0.18720537,0,Month-to-month,No,Bank transfer (automatic),32,19.9
5442-BHQNG,No,0.7418824,1,Month-to-month,Fiber optic,Electronic check,2,70.35
2169-RRLFW,No,0.008208075,0,Two year,No,Credit card (automatic),71,25.6
5872-OEQNH,No,0.30906564,0,One year,DSL,Electronic check,60,44.45
3162-KKZXO,No,0.5474854,1,One year,Fiber optic,Electronic check,55,100.15
7055-VKGDA,Yes,0.63993526,1,One year,Fiber optic,Credit card (automatic),54,105.4
0754-UKWQP,Yes,0.8561311,1,Month-to-month,Fiber optic,Electronic check,2,95.85
8873-GLDMH,No,0.81104183,1,Month-to-month,Fiber optic,Mailed check,6,73.85
5696-JVVQY,No,0.046331316,0,Two year,DSL,Credit card (automatic),48,70.1
8946-BFWSG,No,0.035436913,0,Two year,No,Mailed check,63,25.25
7493-TPUWZ,Yes,0.9523864,1,Month-to-month,Fiber optic,Electronic check,1,79.15
0547-HURJB,No,0.18677749,0,Month-to-month,No,Credit card (automatic),12,21.05
8904-OPDCK,No,0.34795597,0,Month-to-month,DSL,Bank transfer (automatic),54,24.95
8845-LWKGE,No,0.22402704,0,One year,DSL,Electronic check,30,64.5
1577-HKTFG,Yes,0.27441338,0,Month-to-month,No,Bank transfer (automatic),30,19.65
8752-STIVR,Yes,0.86779946,1,Month-to-month,Fiber optic,Electronic check,4,79.0
0691-NIKRI,No,0.5219141,1,One year,Fiber optic,Credit card (automatic),40,105.95
5022-JNQEQ,No,0.78326607,1,Month-to-month,Fiber optic,Electronic check,9,75.85
4558-FANTW,Yes,0.7740966,1,Month-to-month,Fiber optic,Electronic check,17,91.85
3249-VHRIP,No,0.09938085,0,Two year,DSL,Credit card (automatic),62,43.6
3736-BLEPA,No,0.16368121,0,One year,Fiber optic,Bank transfer (automatic),28,91.25
4701-LKOZD,No,0.03238191,0,Two year,DSL,Credit card (automatic),70,89.75
6603-QWSPR,No,0.27297178,0,Two year,Fiber optic,Bank transfer (automatic),46,104.4
9921-QFQUL,No,0.48626804,1,Month-to-month,Fiber optic,Mailed check,23,90.15
1929-ZCBHE,No,0.193497,0,One year,DSL,Electronic check,47,40.3
4378-MYPGO,No,0.1692644,0,Two year,Fiber optic,Bank transfer (automatic),68,105.25
8651-ENBZX,Yes,0.5933862,1,One year,Fiber optic,Electronic check,60,106.0
4129-LYCOI,No,0.09990127,0,Two year,Fiber optic,Electronic check,67,104.0
7798-JVXYM,No,0.5469076,1,Month-to-month,DSL,Electronic check,14,69.65
8647-SDTWQ,No,0.5943947,1,Month-to-month,Fiber optic,Electronic check,57,74.3
2696-ECXKC,No,0.21930793,0,One year,Fiber optic,Mailed check,55,100.9
2081-KJSQF,No,0.61335635,1,Month-to-month,No,Mailed check,1,20.25
7623-TRNQN,Yes,0.5039907,1,Month-to-month,DSL,Mailed check,1,49.9
3323-CPBWR,No,0.42946917,0,Month-to-month,Fiber optic,Credit card (automatic),23,96.9
9330-IJWIO,Yes,0.90721905,1,Month-to-month,Fiber optic,Electronic check,13,100.35
3384-CTMSF,No,0.81054085,1,Month-to-month,Fiber optic,Electronic check,47,104.1
0902-RFHOF,No,0.03798758,0,One year,No,Mailed check,38,20.1
9286-DOJGF,Yes,0.5986928,1,Month-to-month,Fiber optic,Bank transfer (automatic),38,74.95
6048-QBXKL,No,0.745036,1,Month-to-month,DSL,Credit card (automatic),2,56.55
9661-MHUMO,Yes,0.5330676,1,Month-to-month,DSL,Credit card (automatic),1,49.25
7718-RXDGG,No,0.6168748,1,Month-to-month,Fiber optic,Bank transfer (automatic),15,68.6
1025-FALIX,No,0.4652315,1,Month-to-month,Fiber optic,Credit card (automatic),26,69.05
3451-VAWLI,No,0.03152211,0,Two year,No,Credit card (automatic),35,19.7
3407-QGWLG,No,0.3060294,0,Month-to-month,No,Mailed check,3,20.05
1842-EZJMK,Yes,0.60156846,1,Month-to-month,Fiber optic,Electronic check,50,103.7
2347-WKKAE,No,0.46451297,1,Month-to-month,Fiber optic,Electronic check,42,94.4
8735-DCXNF,No,0.37410846,0,Month-to-month,DSL,Credit card (automatic),10,54.95
3214-IYUUQ,No,0.13521391,0,One year,Fiber optic,Bank transfer (automatic),61,93.7
1936-UAFEH,No,0.19516279,0,Two year,Fiber optic,Credit card (automatic),68,110.25
3587-PMCOY,No,0.68197703,1,One year,Fiber optic,Electronic check,10,98.9
8079-XRJRS,Yes,0.35717177,0,One year,Fiber optic,Electronic check,65,89.75
1027-LKKQQ,No,0.0074813743,0,Two year,DSL,Bank transfer (automatic),72,80.45
7148-XZPHA,No,0.24208161,0,Month-to-month,Fiber optic,Electronic check,55,79.4
8073-IJDCM,Yes,0.6600989,1,Month-to-month,No,Mailed check,1,20.3
5309-TAIKL,No,0.35209766,0,Month-to-month,DSL,Bank transfer (automatic),7,62.8
6856-RAURS,No,0.83293366,1,Month-to-month,Fiber optic,Mailed check,2,74.9
8778-LMWTJ,No,0.66617095,1,Month-to-month,Fiber optic,Electronic check,9,74.85
9717-IOAAF,No,0.036267392,0,Two year,No,Credit card (automatic),27,25.85
8884-ADFVN,Yes,0.9440267,1,Month-to-month,Fiber optic,Electronic check,7,101.95
2845-KDHVX,No,0.021335574,0,Two year,DSL,Mailed check,64,68.3
0848-SOMKO,No,0.039437607,0,Two year,DSL,Bank transfer (automatic),70,48.4
2720-WGKHP,Yes,0.944326,1,Month-to-month,Fiber optic,Electronic check,2,94.0
6734-FQAJX,No,0.27048206,0,Two year,Fiber optic,Electronic check,67,105.05
2869-ADAWR,Yes,0.57104284,1,Month-to-month,Fiber optic,Credit card (automatic),45,89.3
1535-VTJOQ,No,0.045446828,0,Two year,No,Credit card (automatic),24,25.15
6368-TZZDT,No,0.01725551,0,Two year,No,Credit card (automatic),4,19.5
0943-ZQPXH,No,0.4230606,0,Month-to-month,Fiber optic,Bank transfer (automatic),44,92.95
1293-BSEUN,No,0.0030854372,0,Two year,No,Mailed check,72,20.7
9894-EZEWG,Yes,0.8508755,1,Month-to-month,Fiber optic,Credit card (automatic),1,74.3
1302-TPUBN,No,0.05897488,0,Two year,No,Bank transfer (automatic),66,19.35
7851-FLGGQ,Yes,0.64885116,1,Month-to-month,DSL,Mailed check,1,44.65
0637-UBJRP,Yes,0.6624038,1,Month-to-month,Fiber optic,Electronic check,13,84.05
0940-OUQEC,Yes,0.84789956,1,Month-to-month,Fiber optic,Bank transfer (automatic),10,80.7
2378-VTKDH,No,0.74451786,1,Month-to-month,Fiber optic,Electronic check,65,104.35
0927-CNGRH,No,0.56784445,1,Month-to-month,No,Mailed check,1,19.55
8608-OZTLB,No,0.16220973,0,One year,DSL,Electronic check,38,74.05
2335-GSODA,No,0.039778545,0,Two year,DSL,Mailed check,23,40.1
1952-DVVSW,No,0.07787588,0,One year,No,Mailed check,10,20.1
0702-PGIBZ,Yes,0.90809685,1,Month-to-month,Fiber optic,Electronic check,4,101.7
6656-GULJQ,No,0.008327316,0,Two year,DSL,Credit card (automatic),72,83.55
9853-JFZDU,No,0.1547881,0,Month-to-month,DSL,Electronic check,35,56.85
1963-VAUKV,Yes,0.5956319,1,Month-to-month,No,Mailed check,1,20.4
3777-XROBG,No,0.040235505,0,Two year,No,Credit card (automatic),58,19.55
6994-FGRHH,No,0.27381086,0,One year,Fiber optic,Electronic check,70,106.15
4000-VGMQP,No,0.2896215,0,One year,DSL,Credit card (automatic),38,78.95
3999-WRNGR,No,0.45814812,1,Month-to-month,DSL,Electronic check,60,49.75
3466-RITXD,No,0.7288273,1,Month-to-month,Fiber optic,Credit card (automatic),26,92.4
2680-XKKNJ,No,0.1379878,0,One year,DSL,Bank transfer (automatic),8,58.2
3058-HJCUY,Yes,0.61368895,1,One year,Fiber optic,Electronic check,41,102.6
2974-GGUXS,No,0.6274731,1,Month-to-month,Fiber optic,Credit card (automatic),36,91.95
7994-XIRTR,No,0.17710538,0,One year,DSL,Bank transfer (automatic),54,65.25
3259-FDWOY,Yes,0.59519464,1,Two year,Fiber optic,Bank transfer (automatic),71,106.0
2101-RANCD,No,0.6768376,1,Month-to-month,Fiber optic,Electronic check,55,73.1
7921-BEPCI,No,0.005514185,0,Two year,DSL,Bank transfer (automatic),72,59.75
0807-ZABDG,Yes,0.5051167,1,Month-to-month,DSL,Mailed check,3,55.1
8510-TMWYB,No,0.07599252,0,Two year,DSL,Bank transfer (automatic),54,59.8
3258-ZKPAI,No,0.049554393,0,Two year,Fiber optic,Bank transfer (automatic),72,116.6
1428-IEDPR,No,0.54134166,1,Two year,Fiber optic,Electronic check,52,109.3
5298-GSTLM,No,0.23191826,0,One year,Fiber optic,Bank transfer (automatic),60,101.4
4450-YOOHP,No,0.43135822,0,Month-to-month,DSL,Credit card (automatic),39,50.65
6728-CZFEI,No,0.18975218,0,One year,DSL,Mailed check,15,56.15
5748-RNCJT,Yes,0.72103626,1,Two year,Fiber optic,Bank transfer (automatic),69,106.5
3653-NCRDJ,No,0.022961944,0,One year,No,Mailed check,43,19.2
6121-TNHBO,No,0.044274796,0,One year,DSL,Bank transfer (automatic),63,83.0
5119-NZPTV,No,0.71661544,1,Month-to-month,Fiber optic,Electronic check,2,70.1
6519-ZHPXP,No,0.031176703,0,Two year,Fiber optic,Bank transfer (automatic),72,108.3
7739-LAXOG,Yes,0.57540435,1,Month-to-month,Fiber optic,Bank transfer (automatic),32,91.05
3472-QPRCH,No,0.033214685,0,Two year,No,Credit card (automatic),40,25.25
8224-UAXBZ,No,0.27810046,0,One year,DSL,Electronic check,58,45.35
9610-WCESF,No,0.15253744,0,Two year,DSL,Electronic check,67,43.9
9776-CLUJA,Yes,0.5963375,1,Month-to-month,Fiber optic,Electronic check,51,77.5
2486-WYVVE,No,0.42623883,0,One year,DSL,Mailed check,31,79.3
3865-ZYKAD,No,0.35204226,0,Month-to-month,Fiber optic,Credit card (automatic),69,84.9
1422-DGUBX,No,0.3173639,0,One year,Fiber optic,Electronic check,32,79.25
2999-AANRQ,No,0.039836287,0,Two year,DSL,Credit card (automatic),21,71.05
8668-KNZTI,No,0.15067446,0,One year,DSL,Electronic check,52,53.75
0480-KYJVA,No,0.004141393,0,Two year,No,Credit card (automatic),72,24.25
6034-ZRYCV,Yes,0.64257026,1,Two year,DSL,Electronic check,72,54.2
9746-YKGXB,No,0.10538769,0,One year,DSL,Bank transfer (automatic),52,44.25
3926-YZVVX,No,0.11823739,0,One year,DSL,Bank transfer (automatic),41,50.05
6000-UKLWI,No,0.022096585,0,Two year,No,Mailed check,41,20.15
2079-FBMZK,Yes,0.75006837,1,Month-to-month,Fiber optic,Mailed check,6,69.25
6332-FBZRI,No,0.107366234,0,One year,DSL,Credit card (automatic),67,69.35
2096-XOTMO,No,0.31240553,0,Month-to-month,No,Mailed check,16,19.35
3266-FTKHB,No,0.011247244,0,Two year,No,Mailed check,17,19.15
8221-EQDGL,No,0.19440714,0,Month-to-month,DSL,Mailed check,35,61.0
2346-LOCWC,No,0.028206088,0,Two year,No,Credit card (automatic),58,20.5
6608-QQLVK,Yes,0.84448755,1,Month-to-month,DSL,Electronic check,1,50.5
0298-XACET,No,0.043228053,0,Two year,DSL,Mailed check,52,50.2
7560-QJAVJ,No,0.07658873,0,Two year,DSL,Bank transfer (automatic),70,79.6
2995-YWTCD,No,0.033030763,0,Two year,No,Bank transfer (automatic),19,24.9
3551-HUAZH,Yes,0.9477533,1,Month-to-month,Fiber optic,Electronic check,1,74.4
9137-UIYPG,No,0.37684557,0,Month-to-month,Fiber optic,Electronic check,35,106.9
2809-ZMYOQ,No,0.7993933,1,Month-to-month,Fiber optic,Electronic check,32,101.35
5084-OOVCJ,No,0.45793423,1,Month-to-month,DSL,Credit card (automatic),17,55.35
0254-WWRKD,No,0.040685695,0,One year,DSL,Credit card (automatic),67,50.55
7727-SHVZV,No,0.23812956,0,Month-to-month,No,Bank transfer (automatic),9,19.5
6302-JGYRJ,Yes,0.4518462,1,One year,DSL,Mailed check,31,79.45
5339-PXDVH,No,0.7068518,1,Month-to-month,Fiber optic,Electronic check,4,90.65
2205-LPVGL,No,0.098520026,0,One year,Fiber optic,Bank transfer (automatic),58,89.85
8782-NUUOL,No,0.10917369,0,One year,DSL,Mailed check,60,79.0
3685-YLCMQ,Yes,0.6901822,1,One year,Fiber optic,Electronic check,58,104.65
7601-WFVZV,No,0.6000805,1,Month-to-month,No,Mailed check,1,19.55
4609-KNNWG,No,0.024682354,0,Two year,No,Mailed check,27,19.9
4868-AADLV,No,0.23834988,0,One year,Fiber optic,Electronic check,66,116.25
9529-OFXHY,No,0.60246557,1,Month-to-month,Fiber optic,Bank transfer (automatic),15,87.75
8634-MPHTR,Yes,0.86094695,1,Month-to-month,Fiber optic,Electronic check,47,100.05
2669-QVCRG,No,0.5142201,1,Month-to-month,Fiber optic,Credit card (automatic),41,81.3
2478-EEWWM,No,0.67232877,1,Month-to-month,DSL,Electronic check,59,44.3
9174-IHETN,No,0.025885731,0,Two year,Fiber optic,Credit card (automatic),50,70.35
2233-TXSIU,No,0.14845617,0,One year,DSL,Credit card (automatic),17,44.45
9644-UMGQA,No,0.5885346,1,Month-to-month,DSL,Electronic check,6,49.15
3256-EZDBI,No,0.37106007,0,Month-to-month,DSL,Credit card (automatic),51,29.45
8761-NSOBC,Yes,0.5789274,1,Month-to-month,Fiber optic,Electronic check,44,100.55
0419-YAAPX,No,0.49928042,1,Month-to-month,Fiber optic,Credit card (automatic),49,85.3
8413-VONUO,Yes,0.8203856,1,Month-to-month,Fiber optic,Electronic check,2,95.65
0872-CASZJ,No,0.09203481,0,One year,DSL,Mailed check,59,69.1
4726-DLWQN,No,0.21289282,0,Month-to-month,DSL,Bank transfer (automatic),50,70.35
8164-OCKUJ,No,0.023706334,0,Two year,No,Mailed check,59,20.6
3094-JOJAI,No,0.4432253,0,Month-to-month,Fiber optic,Mailed check,18,74.15
9494-MRNYX,No,0.77201504,1,Month-to-month,Fiber optic,Electronic check,10,75.05
2599-CZABP,No,0.22392584,0,One year,DSL,Electronic check,14,44.6
7945-PRBVF,No,0.06384057,0,Two year,No,Bank transfer (automatic),35,21.45
4544-RXFMG,No,0.2698737,0,One year,DSL,Mailed check,8,43.45
0859-YGKFW,No,0.09850562,0,One year,No,Bank transfer (automatic),18,20.05
1150-FTQGN,No,0.04604672,0,One year,Fiber optic,Bank transfer (automatic),60,94.15
9223-UCPVT,Yes,0.93427306,1,Month-to-month,Fiber optic,Electronic check,1,94.4
7196-LIWRH,No,0.029503983,0,Two year,No,Mailed check,6,19.55
5448-VWNAM,No,0.29921398,0,Month-to-month,DSL,Mailed check,19,75.9
1177-XZBJL,No,0.06613462,0,One year,DSL,Bank transfer (automatic),53,64.15
3518-FSTWG,No,0.019187437,0,Two year,Fiber optic,Bank transfer (automatic),72,109.55
9330-VOFSZ,No,0.18992327,0,Two year,Fiber optic,Credit card (automatic),60,110.8
4351-QLCSU,Yes,0.8150876,1,Month-to-month,DSL,Credit card (automatic),1,55.0
0939-EREMR,No,0.43931913,0,Month-to-month,DSL,Mailed check,13,53.45
9389-ACWBI,No,0.6708771,1,Month-to-month,Fiber optic,Credit card (automatic),5,69.95
5419-JPRRN,Yes,0.9648173,1,Month-to-month,Fiber optic,Electronic check,1,101.45
3644-QXEHN,No,0.63717616,1,Month-to-month,Fiber optic,Electronic check,13,97.0
2911-IJORQ,No,0.1803888,0,One year,DSL,Bank transfer (automatic),37,90.6
5921-NGYRH,No,0.15446481,0,Month-to-month,Fiber optic,Mailed check,64,73.55
2100-BDNSN,Yes,0.6424246,1,Month-to-month,DSL,Bank transfer (automatic),5,67.95
5998-DZLYR,No,0.033670846,0,Two year,Fiber optic,Bank transfer (automatic),61,94.35
0488-GSLFR,Yes,0.94072694,1,Month-to-month,Fiber optic,Electronic check,1,69.5
9318-NKNFC,Yes,0.6066442,1,Month-to-month,No,Mailed check,1,18.85
3985-HOYPM,No,0.041168623,0,One year,No,Mailed check,26,19.4
9728-FTTVZ,Yes,0.94072694,1,Month-to-month,Fiber optic,Electronic check,1,69.2
9548-LERKT,No,0.032407567,0,Two year,No,Mailed check,24,19.75
6576-FBXOJ,No,0.25219017,0,One year,DSL,Electronic check,17,54.6
4310-KEDTB,No,0.34664175,0,Month-to-month,DSL,Mailed check,26,29.8
7254-IQWOZ,Yes,0.9403647,1,Month-to-month,Fiber optic,Electronic check,1,69.65
2474-BRUCM,Yes,0.73239005,1,Month-to-month,Fiber optic,Electronic check,40,101.85
4062-HBMOS,No,0.80163336,1,Month-to-month,Fiber optic,Electronic check,52,103.05
0742-NXBGR,Yes,0.9292084,1,Month-to-month,Fiber optic,Electronic check,1,82.3
2676-ISHSF,No,0.5655096,1,Month-to-month,No,Mailed check,1,20.3
9236-NDUCW,No,0.049096484,0,Two year,DSL,Mailed check,21,35.1
4753-PADAS,No,0.4712806,1,One year,Fiber optic,Bank transfer (automatic),67,105.7
6103-QCKFX,No,0.16698526,0,Month-to-month,DSL,Bank transfer (automatic),44,56.25
7781-EWARA,No,0.3039604,0,One year,DSL,Electronic check,70,60.35
6110-OHIHY,Yes,0.816669,1,Month-to-month,Fiber optic,Electronic check,3,79.25
7018-FPXHH,No,0.02280797,0,Two year,DSL,Bank transfer (automatic),56,59.8
5889-LFOLL,Yes,0.8893468,1,Month-to-month,Fiber optic,Electronic check,13,84.6
5708-EVONK,Yes,0.38195595,0,Month-to-month,Fiber optic,Bank transfer (automatic),58,93.4
8708-XPXHZ,Yes,0.7010516,1,Month-to-month,Fiber optic,Electronic check,42,94.2
0616-ATFGB,Yes,0.8791856,1,Month-to-month,DSL,Electronic check,1,25.05
0572-ZJKLT,No,0.07856846,0,Two year,Fiber optic,Mailed check,46,99.65
5135-RDDQL,No,0.035440516,0,Two year,DSL,Bank transfer (automatic),63,50.65
1353-LJWEM,No,0.39071846,0,Month-to-month,DSL,Electronic check,11,60.9
1794-SWWKL,No,0.37890226,0,Month-to-month,DSL,Bank transfer (automatic),15,59.65
6166-YIPFO,No,0.034924164,0,Two year,DSL,Electronic check,72,64.7
7016-BPGEU,Yes,0.42161614,0,Month-to-month,DSL,Credit card (automatic),29,25.1
6876-ADESB,Yes,0.80512476,1,Month-to-month,DSL,Electronic check,1,48.95
9332-GYWLO,No,0.58436406,1,Month-to-month,DSL,Electronic check,6,54.85
1963-SVUCV,Yes,0.7994104,1,Month-to-month,DSL,Electronic check,1,45.3
4184-VODJZ,No,0.24343368,0,One year,Fiber optic,Electronic check,63,91.35
0220-EBGCE,Yes,0.86477,1,Month-to-month,Fiber optic,Electronic check,2,85.85
1092-WPIVQ,No,0.03143019,0,Two year,No,Mailed check,18,25.1
7233-IOQNP,No,0.23594199,0,Month-to-month,DSL,Bank transfer (automatic),43,34.0
2834-JKOOW,No,0.10452848,0,One year,DSL,Mailed check,15,45.9
2754-VDLTR,Yes,0.78471917,1,Month-to-month,Fiber optic,Electronic check,10,95.2
2400-FEQME,No,0.025419453,0,Two year,No,Mailed check,55,20.5
3190-XFANI,Yes,0.5468629,1,One year,Fiber optic,Bank transfer (automatic),49,100.6
7551-DACSP,Yes,0.5292573,1,Month-to-month,DSL,Mailed check,6,55.3
4957-SREEC,No,0.008814446,0,Two year,No,Credit card (automatic),70,20.35
7235-NXZCP,Yes,0.81595576,1,Month-to-month,Fiber optic,Mailed check,2,74.85
0230-UBYPQ,No,0.029562658,0,One year,DSL,Bank transfer (automatic),63,36.1
4923-ADWXJ,No,0.1951142,0,Month-to-month,DSL,Bank transfer (automatic),25,65.8
1763-KUAAW,No,0.09583509,0,One year,No,Bank transfer (automatic),18,20.35
1104-TNLZA,No,0.726189,1,Month-to-month,Fiber optic,Electronic check,28,105.8
5195-KPUNQ,No,0.21932337,0,One year,Fiber optic,Mailed check,53,96.75
0520-FDVVT,Yes,0.47850135,1,One year,Fiber optic,Bank transfer (automatic),35,102.35
3439-GVUSX,No,0.6588748,1,Month-to-month,DSL,Mailed check,1,24.4
1444-VVSGW,Yes,0.39341408,0,One year,Fiber optic,Credit card (automatic),70,115.65
5712-PTIWW,Yes,0.855975,1,Month-to-month,Fiber optic,Electronic check,2,79.85
5949-HGVJL,No,0.17794374,0,Month-to-month,DSL,Electronic check,26,73.05
5203-XEHAX,No,0.11403902,0,One year,DSL,Electronic check,34,64.35
1635-HDGFT,No,0.02313629,0,Two year,No,Mailed check,19,20.5
3315-TOTBP,Yes,0.73467755,1,Month-to-month,Fiber optic,Mailed check,15,76.0
8050-XGRVL,No,0.052231755,0,One year,DSL,Credit card (automatic),62,54.75
6661-HBGWL,Yes,0.7816437,1,Month-to-month,Fiber optic,Bank transfer (automatic),42,104.75
1518-VOWAV,Yes,0.47080538,1,Month-to-month,DSL,Electronic check,9,74.65
9828-QHFBK,No,0.40190694,0,Month-to-month,DSL,Electronic check,24,51.15
3908-MKIMJ,No,0.12959094,0,Two year,DSL,Electronic check,68,41.95
5012-YSPJJ,No,0.12913495,0,Month-to-month,DSL,Mailed check,31,54.35
5909-ECHUI,Yes,0.81683946,1,Month-to-month,DSL,Electronic check,1,56.25
1309-BXVOQ,Yes,0.84822094,1,Month-to-month,Fiber optic,Electronic check,21,106.1
6728-VOIFY,No,0.33838037,0,One year,Fiber optic,Electronic check,63,96.0
9317-WZPGV,Yes,0.90742934,1,Month-to-month,Fiber optic,Bank transfer (automatic),2,79.75
4891-NLUBA,No,0.0114499405,0,Two year,DSL,Bank transfer (automatic),61,61.45
2856-HYAPG,Yes,0.92032886,1,Month-to-month,Fiber optic,Electronic check,1,68.65
8969-PRHFK,No,0.068854764,0,One year,No,Mailed check,18,19.65
0661-KQHNK,No,0.021407168,0,One year,No,Credit card (automatic),6,19.0
8709-KRDVL,No,0.71617013,1,Month-to-month,Fiber optic,Electronic check,33,100.0
4488-PSYCG,Yes,0.25077018,0,Month-to-month,No,Bank transfer (automatic),16,20.25
1427-VERSM,No,0.43021336,0,Month-to-month,Fiber optic,Electronic check,56,98.7
9801-NOSHQ,No,0.04622853,0,One year,No,Mailed check,23,19.8
6339-YPSAH,No,0.7636796,1,Month-to-month,Fiber optic,Electronic check,9,73.8
3621-CEOVK,Yes,0.8699951,1,Month-to-month,Fiber optic,Electronic check,14,100.2
6906-ANDWJ,Yes,0.7477818,1,Month-to-month,Fiber optic,Bank transfer (automatic),15,74.9
2159-TURXX,No,0.2720697,0,Month-to-month,No,Credit card (automatic),5,20.05
1548-FEHVL,No,0.43314695,0,Month-to-month,Fiber optic,Electronic check,61,106.2
3795-CAWEX,No,0.08365461,0,Two year,Fiber optic,Credit card (automatic),70,116.55
6215-NQCPY,No,0.8829413,1,Month-to-month,Fiber optic,Electronic check,15,99.7
5647-URDKA,No,0.031508807,0,Two year,No,Mailed check,8,19.7
2229-DPMBI,No,0.022957783,0,Two year,No,Mailed check,8,19.5
9626-WEQRM,No,0.45852697,1,Month-to-month,DSL,Mailed check,4,29.15
2188-SXWVT,No,0.07375866,0,One year,DSL,Mailed check,34,55.0
6258-PVZWJ,No,0.027533023,0,Two year,DSL,Credit card (automatic),68,90.8
1094-BKOSX,No,0.18976972,0,One year,DSL,Bank transfer (automatic),45,51.0
6969-MVBAI,No,0.9068038,1,Month-to-month,Fiber optic,Electronic check,9,90.1
2978-XXSOG,No,0.16622107,0,Month-to-month,DSL,Mailed check,22,59.05
2342-CKIAO,No,0.2594274,0,Month-to-month,No,Mailed check,2,20.3
6953-PBDIN,No,0.08388883,0,Two year,DSL,Bank transfer (automatic),70,72.95
3898-BSJYF,No,0.2097581,0,One year,DSL,Credit card (automatic),10,73.55
3938-YFPXD,No,0.0062836646,0,Two year,DSL,Credit card (automatic),72,84.3
7696-AMHOD,No,0.11884323,0,One year,DSL,Credit card (automatic),49,78.0
2453-SAFNS,No,0.101564854,0,One year,DSL,Mailed check,54,72.1
9558-IHEZX,No,0.07704941,0,Two year,Fiber optic,Credit card (automatic),71,106.75
9617-UDPEU,No,0.029504918,0,One year,No,Mailed check,22,19.25
6340-DACFT,No,0.021226747,0,Two year,No,Credit card (automatic),50,20.55
4955-VCWBI,No,0.049447026,0,One year,No,Mailed check,43,20.0
6813-GZQCG,No,0.058349274,0,Two year,No,Credit card (automatic),45,24.65
7426-GSWPO,No,0.26912057,0,Month-to-month,Fiber optic,Bank transfer (automatic),64,103.5
3389-KTRXV,No,0.04465517,0,Two year,No,Mailed check,23,23.85
3118-UHVVQ,No,0.02229389,0,Two year,No,Credit card (automatic),68,25.8
1031-IIDEO,Yes,0.9188867,1,Month-to-month,Fiber optic,Electronic check,1,70.85
5832-XKAES,Yes,0.7545521,1,Month-to-month,Fiber optic,Credit card (automatic),2,69.8
3205-MXZRA,No,0.08014961,0,One year,DSL,Credit card (automatic),26,59.45
4701-AHWMW,Yes,0.21291181,0,Month-to-month,DSL,Bank transfer (automatic),55,54.55
8317-BVKSO,No,0.31324288,0,Month-to-month,No,Electronic check,14,20.05
5702-KVQRD,No,0.02243711,0,Two year,DSL,Electronic check,71,82.55
0083-PIVIK,No,0.11855454,0,One year,DSL,Electronic check,64,81.25
9210-IAHGH,Yes,0.58236384,1,Month-to-month,DSL,Credit card (automatic),7,70.75
6169-PGNCD,No,0.035995338,0,Two year,DSL,Credit card (automatic),57,74.3
0023-XUOPT,Yes,0.756876,1,Month-to-month,Fiber optic,Electronic check,13,94.1
4592-IWTJI,Yes,0.53555423,1,Month-to-month,DSL,Credit card (automatic),3,29.7
4909-JOUPP,No,0.03855927,0,Two year,Fiber optic,Credit card (automatic),72,109.7
4657-FWVFY,No,0.62849265,1,Month-to-month,Fiber optic,Credit card (automatic),40,96.35
2257-BOVXD,No,0.4809809,1,Month-to-month,DSL,Credit card (automatic),14,66.6
7729-JTEEC,No,0.7573933,1,Month-to-month,DSL,Electronic check,2,44.5
7632-MNYOY,Yes,0.6999105,1,One year,Fiber optic,Credit card (automatic),66,110.9
6518-LGAOV,Yes,0.80649394,1,Month-to-month,Fiber optic,Electronic check,38,105.0
7242-QZLXF,Yes,0.8577517,1,Month-to-month,DSL,Electronic check,1,25.3
4576-CSAJH,Yes,0.3427889,0,One year,DSL,Credit card (automatic),22,55.15
1000-AJSLD,Yes,0.67231053,1,Month-to-month,No,Mailed check,1,20.1
9696-RMYBA,No,0.86302286,1,Month-to-month,Fiber optic,Mailed check,5,80.1
8690-UPCZI,No,0.06689917,0,One year,DSL,Bank transfer (automatic),29,69.05
1062-LHZOD,Yes,0.9161083,1,Month-to-month,Fiber optic,Mailed check,1,69.9
9770-LXDBK,No,0.29141924,0,Month-to-month,No,Mailed check,3,20.4
4086-WITJG,No,0.005416345,0,Two year,No,Credit card (automatic),71,19.7
8344-WFMFH,No,0.51011384,1,Month-to-month,DSL,Electronic check,9,50.1
9600-NAXZN,Yes,0.8185341,1,Month-to-month,Fiber optic,Electronic check,43,101.4
8822-KNBHV,No,0.20917061,0,One year,DSL,Credit card (automatic),48,83.45
8404-FYDIB,No,0.47937676,1,Month-to-month,Fiber optic,Credit card (automatic),26,86.65
2791-SFVEW,No,0.2861284,0,Month-to-month,No,Bank transfer (automatic),9,20.15
6457-USBER,Yes,0.94105756,1,Month-to-month,Fiber optic,Electronic check,1,80.8
6762-NSODU,No,0.023202857,0,Two year,No,Credit card (automatic),46,19.4
4662-EKDPQ,Yes,0.59747595,1,Month-to-month,DSL,Bank transfer (automatic),2,62.05
9248-OJYKK,Yes,0.9608532,1,Month-to-month,Fiber optic,Electronic check,1,76.45
9888-ZCUMM,No,0.01671579,0,Two year,DSL,Bank transfer (automatic),64,60.05
3398-FSHON,Yes,0.91932774,1,Month-to-month,Fiber optic,Electronic check,12,91.3
3319-DWOEP,Yes,0.89007944,1,Month-to-month,Fiber optic,Electronic check,6,95.75
1074-WVEVG,No,0.050342314,0,One year,No,Mailed check,59,20.35
9979-RGMZT,No,0.6337934,1,One year,Fiber optic,Mailed check,7,94.05
6437-UDQJM,No,0.021910105,0,Two year,DSL,Credit card (automatic),72,84.1
1226-IENZN,No,0.7427591,1,Month-to-month,Fiber optic,Electronic check,16,78.75
2108-GLPQB,No,0.23945121,0,Month-to-month,DSL,Credit card (automatic),25,55.55
9259-PACGQ,Yes,0.35189965,0,Month-to-month,DSL,Electronic check,34,62.65
4415-IJZTP,Yes,0.94025254,1,Month-to-month,Fiber optic,Electronic check,1,74.5
1465-VINDH,Yes,0.9033562,1,Month-to-month,Fiber optic,Credit card (automatic),10,102.1
5474-LAMUQ,No,0.04162746,0,One year,No,Mailed check,24,20.1
3468-DRVQJ,No,0.12956446,0,One year,DSL,Electronic check,10,70.3
1122-YJBCS,No,0.063110225,0,One year,DSL,Credit card (automatic),69,53.65
4990-ALDGW,No,0.03762071,0,Two year,No,Mailed check,57,20.75
4816-OKWNX,No,0.37413862,0,One year,Fiber optic,Bank transfer (automatic),50,103.4
3315-IKYZQ,No,0.049097896,0,One year,DSL,Mailed check,28,50.8
2810-FTLEM,Yes,0.58033544,1,Month-to-month,DSL,Electronic check,16,50.15
4747-LCAQL,No,0.17996152,0,Month-to-month,DSL,Mailed check,25,79.0
3411-WLRSQ,No,0.7635848,1,Month-to-month,Fiber optic,Bank transfer (automatic),3,74.6
0898-XCGTF,No,0.34743103,0,One year,Fiber optic,Bank transfer (automatic),61,96.5
8006-PYCSW,No,0.2640969,0,Month-to-month,No,Mailed check,2,20.1
8249-THVEC,No,0.032122716,0,One year,No,Mailed check,51,19.4
8722-PRFDV,No,0.020611929,0,Two year,DSL,Credit card (automatic),71,77.55
2164-SOQXL,No,0.15789272,0,Month-to-month,No,Mailed check,20,20.05
4020-KIUDI,No,0.21475543,0,Month-to-month,No,Credit card (automatic),6,19.85
5850-BDWCY,No,0.24814159,0,Month-to-month,No,Mailed check,6,20.2
2038-YSEZE,No,0.15654004,0,Month-to-month,DSL,Mailed check,29,67.45
0827-ITJPH,No,0.026658116,0,Two year,No,Credit card (automatic),36,18.55
8799-OXZMD,No,0.41985318,0,Month-to-month,DSL,Mailed check,28,29.75
1925-TIBLE,Yes,0.9187136,1,Month-to-month,Fiber optic,Electronic check,7,86.5
1705-GUHPV,No,0.018721478,0,Two year,No,Mailed check,63,24.2
4779-ZGICK,No,0.03900108,0,Two year,No,Mailed check,48,23.55
0048-PIHNL,No,0.050070092,0,One year,No,Bank transfer (automatic),49,20.45
0818-OCPZO,Yes,0.7224416,1,Month-to-month,Fiber optic,Electronic check,27,81.45
3967-KXAPS,No,0.0038259118,0,Two year,DSL,Credit card (automatic),72,92.3
1447-GIQMR,Yes,0.9403647,1,Month-to-month,Fiber optic,Electronic check,1,69.15
3704-IEAXF,No,0.026463281,0,Two year,DSL,Credit card (automatic),72,53.65
6810-VCAEX,No,0.09601551,0,One year,DSL,Credit card (automatic),47,39.65
0674-EYYZV,No,0.85512877,1,Month-to-month,DSL,Electronic check,1,54.65
4480-MBMLB,No,0.39511174,0,One year,Fiber optic,Bank transfer (automatic),36,104.8
1395-OFUWC,No,0.36672288,0,Month-to-month,DSL,Credit card (automatic),43,29.3
0822-QGCXA,No,0.24543998,0,Month-to-month,DSL,Electronic check,27,83.85
0872-NXJYS,Yes,0.8010683,1,Month-to-month,Fiber optic,Electronic check,9,79.55
2832-KJCRD,No,0.77198315,1,Month-to-month,Fiber optic,Electronic check,38,103.65
3588-WSTTJ,No,0.6439279,1,Month-to-month,Fiber optic,Electronic check,35,99.05
4075-WKNIU,No,0.046716582,0,Two year,DSL,Mailed check,0,73.35
5090-EMGTC,No,0.087535426,0,Two year,Fiber optic,Mailed check,59,100.05
2346-CZYIL,No,0.024144726,0,Two year,No,Credit card (automatic),27,20.35
3798-EPWRR,No,0.7206529,1,Month-to-month,DSL,Electronic check,2,43.95
6258-NGCNG,No,0.28437123,0,Month-to-month,No,Mailed check,7,23.5
4186-ZBUEW,No,0.3651515,0,One year,DSL,Mailed check,36,70.7
5274-XHAKY,No,0.32370657,0,Month-to-month,Fiber optic,Bank transfer (automatic),41,94.3
1442-BQPVU,No,0.46465418,1,Month-to-month,DSL,Electronic check,13,29.15
3978-YNKDD,No,0.027569791,0,Two year,No,Credit card (automatic),19,20.85
4940-KHCWD,No,0.020004172,0,Two year,DSL,Bank transfer (automatic),60,37.7
9412-ARGBX,Yes,0.043642633,0,Two year,Fiber optic,Mailed check,48,95.5
1389-CXMLU,Yes,0.9053512,1,Month-to-month,Fiber optic,Electronic check,3,91.05
9589-ABEPT,No,0.023058953,0,Two year,Fiber optic,Mailed check,69,92.45
9388-ZEYVT,No,0.24483956,0,One year,DSL,Electronic check,43,44.15
0305-SQECB,No,0.10330292,0,One year,DSL,Mailed check,11,36.05
7605-SNLQG,No,0.25691345,0,Month-to-month,DSL,Credit card (automatic),45,50.25
4670-TABXH,No,0.058590952,0,Two year,Fiber optic,Credit card (automatic),72,109.75
5561-NWEVX,Yes,0.90497494,1,Month-to-month,Fiber optic,Electronic check,2,79.2
0064-SUDOG,No,0.032339618,0,Two year,No,Bank transfer (automatic),12,20.3
8561-NMTBD,No,0.22294389,0,One year,Fiber optic,Credit card (automatic),67,112.35
5161-XEUVX,No,0.043898232,0,Two year,Fiber optic,Mailed check,37,94.3
8292-FRFZQ,No,0.10449483,0,One year,DSL,Bank transfer (automatic),39,41.15
8591-NXRCV,No,0.18881284,0,Month-to-month,DSL,Bank transfer (automatic),41,74.65
7895-VONWT,No,0.59721893,1,Month-to-month,DSL,Electronic check,25,48.25
4526-RMTLL,No,0.024488349,0,Two year,DSL,Credit card (automatic),8,76.15
6253-GNHWH,No,0.012215082,0,Two year,DSL,Mailed check,71,71.1
4566-NECEV,No,0.7935189,1,Month-to-month,Fiber optic,Electronic check,5,96.55
8080-POTJR,No,0.22454394,0,One year,DSL,Credit card (automatic),30,79.3
6906-MPARY,No,0.28274906,0,One year,Fiber optic,Credit card (automatic),40,89.6
3662-FXJFO,No,0.047579087,0,Two year,No,Mailed check,54,20.5
8107-RZLNV,No,0.3595488,0,Two year,Fiber optic,Bank transfer (automatic),72,106.3
0516-OOHAR,No,0.33434212,0,One year,Fiber optic,Bank transfer (automatic),28,100.35
2027-CWDNU,No,0.5985414,1,Month-to-month,Fiber optic,Electronic check,18,85.6
2737-WFVYW,Yes,0.86025554,1,Month-to-month,DSL,Electronic check,2,45.25
9912-OMZDS,No,0.40881902,0,One year,Fiber optic,Electronic check,59,106.15
3733-ZEECP,No,0.33538106,0,Month-to-month,DSL,Electronic check,22,51.1
7878-RTCZG,No,0.6349401,1,Month-to-month,No,Mailed check,1,19.9
2452-MRMZF,No,0.011313679,0,Two year,No,Credit card (automatic),72,25.7
2272-QAGFO,Yes,0.8629701,1,Month-to-month,Fiber optic,Electronic check,14,74.3
7103-IPXPJ,No,0.3168942,0,One year,Fiber optic,Electronic check,50,99.4
4342-HFXWS,No,0.08785819,0,One year,DSL,Bank transfer (automatic),48,69.7
3545-CNWRG,No,0.7127048,1,Month-to-month,Fiber optic,Electronic check,49,98.35
1785-BPHTP,No,0.66452104,1,Month-to-month,Fiber optic,Electronic check,28,85.45
4989-LIXVT,No,0.65185964,1,Month-to-month,Fiber optic,Electronic check,68,95.9
7315-WYOAW,No,0.7244696,1,Month-to-month,Fiber optic,Electronic check,13,100.75
1173-XZPYF,No,0.82435834,1,Month-to-month,Fiber optic,Electronic check,11,89.2
9850-OWRHQ,Yes,0.834542,1,Month-to-month,Fiber optic,Credit card (automatic),3,74.1
3768-NLUBH,Yes,0.7664827,1,Month-to-month,Fiber optic,Electronic check,57,100.6
8676-TRMJS,Yes,0.74153435,1,Month-to-month,Fiber optic,Mailed check,3,75.0
2509-TFPJU,No,0.0060557136,0,Two year,No,Credit card (automatic),72,25.75
9530-GRMJG,No,0.05832495,0,Two year,DSL,Electronic check,70,84.1
6898-RBTLU,No,0.023258455,0,Two year,DSL,Bank transfer (automatic),49,79.3
5481-NTDOH,No,0.22042546,0,One year,Fiber optic,Credit card (automatic),67,107.05
2068-WWXQZ,No,0.030730966,0,Two year,No,Bank transfer (automatic),46,20.05
7359-SSBJK,Yes,0.29396778,0,Two year,DSL,Credit card (automatic),64,70.2
2061-VVFST,No,0.2159382,0,Month-to-month,No,Bank transfer (automatic),37,19.5
0685-MLYYM,Yes,0.78288156,1,Month-to-month,Fiber optic,Electronic check,2,70.75
0749-IRGQE,No,0.74158865,1,Month-to-month,DSL,Electronic check,13,45.3
2380-DAMQP,No,0.026099188,0,Two year,Fiber optic,Electronic check,72,115.15
2256-YLYLP,No,0.14152613,0,Two year,DSL,Bank transfer (automatic),68,72.95
1272-ILHFG,No,0.063313045,0,One year,No,Mailed check,15,19.65
0164-XAIRP,No,0.036987167,0,Two year,No,Bank transfer (automatic),24,19.55
5666-CYCYZ,No,0.6870647,1,Month-to-month,Fiber optic,Electronic check,24,89.55
4011-ARPHK,No,0.21360777,0,Month-to-month,DSL,Mailed check,27,50.35
8182-PNAGI,Yes,0.39542088,0,Month-to-month,DSL,Bank transfer (automatic),12,50.25
6365-HITVU,No,0.0057021533,0,Two year,DSL,Credit card (automatic),71,87.25
7558-IMLMT,No,0.01233696,0,Two year,No,Mailed check,67,20.8
9488-FYQAU,No,0.16614087,0,Two year,Fiber optic,Bank transfer (automatic),63,109.25
3590-TCXTB,No,0.5655096,1,Month-to-month,No,Mailed check,1,20.35
6994-KERXL,No,0.62491846,1,Month-to-month,DSL,Electronic check,4,55.9
7957-RYHQD,Yes,0.5936036,1,Month-to-month,Fiber optic,Credit card (automatic),40,79.2
2180-DXNEG,Yes,0.8649295,1,Month-to-month,Fiber optic,Electronic check,12,96.0
1960-UOTYM,No,0.034737095,0,Two year,DSL,Electronic check,52,79.2
2740-JFBOK,No,0.39595702,0,Month-to-month,No,Electronic check,10,24.0
6500-JVEGC,No,0.14183402,0,One year,Fiber optic,Bank transfer (automatic),68,101.35
5515-AKOAJ,Yes,0.7016305,1,Month-to-month,Fiber optic,Electronic check,54,100.1
8976-OQHGT,Yes,0.5171642,1,Month-to-month,DSL,Mailed check,4,56.5
5245-VDBUR,No,0.05311676,0,One year,DSL,Mailed check,52,35.45
6230-BSUXY,Yes,0.9456154,1,Month-to-month,Fiber optic,Electronic check,1,85.0
8469-SNFFH,No,0.07895079,0,One year,DSL,Bank transfer (automatic),70,79.4
2144-ESWKO,No,0.08555581,0,One year,DSL,Credit card (automatic),43,35.2
1241-FPMOF,No,0.046186104,0,Two year,No,Mailed check,52,19.65
9928-BZVLZ,No,0.04525714,0,Two year,DSL,Mailed check,12,49.85
4114-QMKVN,No,0.097672924,0,One year,DSL,Bank transfer (automatic),56,68.75
2775-SEFEE,No,0.023602381,0,Two year,DSL,Bank transfer (automatic),0,61.9
9003-CPATH,No,0.6922953,1,Month-to-month,Fiber optic,Electronic check,42,79.9
1754-GKYPY,No,0.7000591,1,Month-to-month,Fiber optic,Bank transfer (automatic),22,89.75
5294-CDGWY,Yes,0.3672799,0,One year,DSL,Electronic check,51,59.3
7956-XQWGU,No,0.10673068,0,Month-to-month,No,Credit card (automatic),27,19.4
1591-MQJTP,No,0.41256985,0,One year,Fiber optic,Bank transfer (automatic),51,93.65
5295-PCJOO,Yes,0.6949855,1,Month-to-month,DSL,Electronic check,4,49.4
2369-FEVNO,No,0.67231053,1,Month-to-month,No,Mailed check,1,19.9
9863-JZAIC,Yes,0.26541516,0,Month-to-month,DSL,Mailed check,35,55.0
7471-MQPOS,No,0.10630104,0,One year,DSL,Bank transfer (automatic),71,72.9
7660-HDPJV,Yes,0.94072694,1,Month-to-month,Fiber optic,Electronic check,1,69.2
5115-SQAAU,No,0.0197531,0,Two year,No,Bank transfer (automatic),69,25.6
9845-QOMAD,No,0.063313045,0,One year,No,Mailed check,14,19.75
7672-VFMXZ,No,0.235455,0,Month-to-month,DSL,Electronic check,57,55.7
9739-JLPQJ,No,0.03166592,0,Two year,Fiber optic,Credit card (automatic),72,117.5
9916-AYHTC,No,0.02370069,0,Two year,No,Credit card (automatic),48,19.85
3855-ONCAR,No,0.85237795,1,Month-to-month,Fiber optic,Mailed check,4,78.9
1488-SYSFC,No,0.11748558,0,Month-to-month,No,Electronic check,31,20.65
7931-PXHFC,Yes,0.53379637,1,One year,DSL,Mailed check,38,62.3
3990-QYKBE,Yes,0.7118371,1,Month-to-month,Fiber optic,Electronic check,37,92.5
0970-QXPXW,No,0.60790277,1,Month-to-month,No,Mailed check,1,19.65
3259-KNMRR,No,0.15521166,0,Two year,DSL,Bank transfer (automatic),57,79.75
6120-RJKLU,No,0.15481162,0,Two year,DSL,Credit card (automatic),62,79.95
9572-WUKSB,No,0.6256722,1,Month-to-month,DSL,Electronic check,3,29.9
5893-KCLGT,No,0.0067606703,0,Two year,No,Mailed check,72,19.75
0076-LVEPS,No,0.19136655,0,Month-to-month,DSL,Mailed check,29,45.0
3640-JQGJG,No,0.33201766,0,Month-to-month,DSL,Bank transfer (automatic),13,44.8
4919-MOAVT,Yes,0.6749785,1,Month-to-month,Fiber optic,Electronic check,3,69.65
1596-OQSPS,No,0.3522871,0,Month-to-month,DSL,Electronic check,11,51.1
9867-XOBQA,No,0.045345325,0,Two year,DSL,Mailed check,21,53.15
9546-KDTRB,No,0.24726035,0,Month-to-month,No,Bank transfer (automatic),19,24.7
3090-HAWSU,Yes,0.62695926,1,Two year,Fiber optic,Credit card (automatic),61,111.6
9820-RMCQV,Yes,0.35234982,0,Month-to-month,DSL,Credit card (automatic),11,48.55
3174-RKMOW,No,0.58213764,1,Month-to-month,Fiber optic,Electronic check,35,109.95
1760-CAZHT,No,0.10112752,0,Month-to-month,No,Mailed check,25,20.8
7839-QRKXN,Yes,0.6741892,1,Month-to-month,No,Mailed check,1,20.2
8441-SHIPE,No,0.02114241,0,Two year,No,Bank transfer (automatic),67,25.6
5204-QZXPU,Yes,0.76030636,1,Month-to-month,DSL,Electronic check,19,39.65
4597-ELFTS,Yes,0.26563638,0,One year,No,Electronic check,56,24.9
1320-GVNHT,No,0.022240115,0,Two year,Fiber optic,Credit card (automatic),72,108.4
1047-RNXZV,No,0.033514544,0,Two year,No,Mailed check,43,19.55
3541-ZNUHK,No,0.3803301,0,Month-to-month,Fiber optic,Electronic check,55,85.1
8450-JOVAH,Yes,0.49797407,1,Month-to-month,DSL,Mailed check,2,56.7
8725-JEDFD,No,0.51921284,1,Month-to-month,Fiber optic,Mailed check,27,69.05
7562-UXTPG,No,0.64172846,1,Month-to-month,Fiber optic,Mailed check,13,70.15
8071-SBTRN,No,0.08320347,0,Two year,Fiber optic,Mailed check,70,111.15
1113-IUJYX,Yes,0.5061637,1,One year,Fiber optic,Mailed check,14,105.95
6668-CNMFP,No,0.31829825,0,One year,Fiber optic,Bank transfer (automatic),19,89.35
5626-MGTUK,No,0.50877887,1,Month-to-month,Fiber optic,Bank transfer (automatic),20,89.1
5681-LLOEI,No,0.11510799,0,One year,Fiber optic,Credit card (automatic),43,91.25
8212-DJRCH,No,0.6378161,1,Month-to-month,Fiber optic,Mailed check,5,90.35
4323-OHFOW,No,0.40508994,0,One year,Fiber optic,Bank transfer (automatic),70,105.55
4933-BSAIP,No,0.010409178,0,Two year,No,Mailed check,40,19.1
2030-BTZRO,No,0.021733128,0,Two year,No,Credit card (automatic),6,20.4
1116-DXXDF,No,0.079132944,0,Two year,Fiber optic,Electronic check,39,100.45
9274-CNFMO,Yes,0.82690334,1,Month-to-month,Fiber optic,Electronic check,4,74.95
7758-XKCBS,Yes,0.66426826,1,Month-to-month,DSL,Electronic check,15,29.7
8992-JQYUN,Yes,0.90292406,1,Month-to-month,DSL,Electronic check,1,50.35
6563-VNPMN,No,0.25322798,0,Month-to-month,Fiber optic,Bank transfer (automatic),45,85.7
0617-AQNWT,Yes,0.35319027,0,Two year,DSL,Electronic check,64,47.85
2267-WTPYD,No,0.3970981,0,Month-to-month,Fiber optic,Credit card (automatic),57,94.0
0270-THENM,No,0.008619642,0,Two year,DSL,Bank transfer (automatic),72,69.85
2446-PLQVO,Yes,0.9184027,1,Month-to-month,Fiber optic,Electronic check,1,70.3
4707-MAXGU,No,0.0060557136,0,Two year,No,Credit card (automatic),72,25.85
2710-WYVXG,No,0.026904495,0,Two year,DSL,Mailed check,3,71.1
3005-NFMTA,Yes,0.7287112,1,Month-to-month,Fiber optic,Electronic check,55,98.8
6300-BWMJX,No,0.35056025,0,Month-to-month,Fiber optic,Electronic check,59,93.35
8784-CGILN,Yes,0.7306895,1,Month-to-month,Fiber optic,Bank transfer (automatic),18,99.85
5389-FFVKB,Yes,0.67946625,1,Month-to-month,Fiber optic,Credit card (automatic),32,80.3
7009-LGECI,No,0.5039045,1,Month-to-month,DSL,Bank transfer (automatic),4,50.55
8444-WRIDW,Yes,0.65059197,1,Month-to-month,Fiber optic,Credit card (automatic),66,80.45
5022-KVDQT,No,0.77170306,1,Month-to-month,Fiber optic,Electronic check,27,81.3
7976-CICYS,No,0.26079273,0,Month-to-month,No,Credit card (automatic),4,20.7
1036-GUDCL,No,0.1207345,0,Month-to-month,DSL,Credit card (automatic),60,79.05
2005-DWQZJ,No,0.008380762,0,Two year,No,Mailed check,8,19.05
8148-WOCMK,No,0.018612366,0,Two year,No,Credit card (automatic),8,19.6
7815-PDTHL,No,0.023037441,0,Two year,No,Mailed check,35,20.2
9451-LPGOO,Yes,0.9073457,1,Month-to-month,Fiber optic,Electronic check,7,86.8
9173-IVZVP,No,0.043704003,0,Two year,No,Mailed check,53,20.9
9129-UXERG,No,0.72188926,1,Month-to-month,Fiber optic,Credit card (automatic),18,103.6
3635-JBPSG,No,0.138159,0,Two year,DSL,Mailed check,15,38.8
7964-ZRKKG,No,0.15354788,0,One year,Fiber optic,Bank transfer (automatic),67,88.4
5868-YWPDW,Yes,0.8913472,1,Month-to-month,Fiber optic,Electronic check,6,84.2
6229-LSCKB,No,0.87177086,1,Month-to-month,Fiber optic,Electronic check,6,79.7
2025-JKFWI,Yes,0.8109365,1,Month-to-month,Fiber optic,Mailed check,13,99.0
4078-SAYYN,Yes,0.93521684,1,Month-to-month,Fiber optic,Electronic check,11,100.75
1724-IQWNM,No,0.45364583,1,Month-to-month,No,Mailed check,1,19.3
8217-QYOHV,No,0.38081616,0,Month-to-month,DSL,Mailed check,5,55.75
5546-QUERU,No,0.06333183,0,One year,No,Mailed check,13,19.95
9940-HPQPG,Yes,0.76313686,1,Month-to-month,Fiber optic,Bank transfer (automatic),9,91.75
6897-UUBNU,No,0.3118082,0,Month-to-month,Fiber optic,Mailed check,29,89.65
6127-IYJOZ,No,0.8330903,1,Month-to-month,DSL,Mailed check,1,45.85
6618-RYATB,Yes,0.95453304,1,Month-to-month,Fiber optic,Mailed check,1,79.55
8930-XOTDP,No,0.40512577,0,Month-to-month,DSL,Mailed check,18,55.95
5916-QEWPT,No,0.68322825,1,Month-to-month,DSL,Credit card (automatic),2,69.0
5060-TQUQN,No,0.4510012,1,Month-to-month,Fiber optic,Bank transfer (automatic),30,83.55
0531-XBKMM,No,0.020642987,0,Two year,DSL,Bank transfer (automatic),66,65.7
8465-SBRXP,No,0.06916793,0,Two year,Fiber optic,Bank transfer (automatic),38,94.9
2408-PSJVE,No,0.14785598,0,Month-to-month,DSL,Mailed check,44,61.9
9079-YEXQJ,Yes,0.51573193,1,Month-to-month,Fiber optic,Electronic check,54,111.1
9700-ZCLOT,No,0.41797423,0,Month-to-month,No,Mailed check,2,20.0
8738-JOKAR,No,0.18887359,0,One year,DSL,Mailed check,42,67.7
4534-WGCIR,No,0.04666469,0,Two year,No,Credit card (automatic),58,25.15
1930-WNXSB,No,0.36809608,0,Month-to-month,Fiber optic,Electronic check,58,92.85
2685-SREOM,Yes,0.7982456,1,Month-to-month,Fiber optic,Electronic check,25,89.1
3508-CFVZL,No,0.021481995,0,Two year,Fiber optic,Mailed check,71,111.3
0402-CQAJN,Yes,0.69754916,1,Month-to-month,Fiber optic,Bank transfer (automatic),37,101.9
6692-UDPJC,Yes,0.8003004,1,Month-to-month,Fiber optic,Electronic check,14,91.65
1273-MTETI,Yes,0.93258286,1,Month-to-month,Fiber optic,Electronic check,4,88.85
0657-DOGUM,No,0.06313246,0,One year,DSL,Bank transfer (automatic),48,60.6
5480-HPRRX,Yes,0.86806536,1,Month-to-month,DSL,Electronic check,3,25.3
8792-AOROI,No,0.03367551,0,Two year,DSL,Mailed check,8,65.5
0295-PPHDO,Yes,0.9660773,1,Month-to-month,Fiber optic,Electronic check,1,95.45
5146-YYFRZ,No,0.016234614,0,Two year,No,Bank transfer (automatic),67,19.95
1195-OIYEJ,Yes,0.835685,1,Month-to-month,Fiber optic,Electronic check,13,91.1
5906-CVLHP,Yes,0.30225718,0,One year,DSL,Credit card (automatic),45,54.15
3452-SRFEG,No,0.48204678,1,Month-to-month,Fiber optic,Bank transfer (automatic),49,74.6
4070-OKWVH,No,0.40033513,0,Month-to-month,Fiber optic,Bank transfer (automatic),52,94.6
5297-MDOIR,No,0.07448905,0,One year,Fiber optic,Credit card (automatic),63,81.15
6369-MCAKO,No,0.033940274,0,Two year,DSL,Bank transfer (automatic),68,89.05
4926-UMJZD,No,0.16886464,0,Month-to-month,DSL,Mailed check,31,49.2
6848-HJTXY,No,0.041005712,0,Two year,No,Credit card (automatic),64,19.45
6341-AEVKX,No,0.22980301,0,One year,Fiber optic,Electronic check,62,104.3
4501-EQDRN,Yes,0.9049748,1,Month-to-month,Fiber optic,Bank transfer (automatic),1,69.7
2990-HWIML,Yes,0.8781915,1,Month-to-month,Fiber optic,Electronic check,6,89.5
0682-USIXD,No,0.67107886,1,Month-to-month,Fiber optic,Electronic check,21,86.05
6976-BWGLQ,No,0.0060043586,0,Two year,No,Bank transfer (automatic),72,25.2
7078-NVFAM,No,0.36705214,0,Month-to-month,DSL,Electronic check,32,35.15
8065-QBYTO,No,0.029044434,0,One year,Fiber optic,Credit card (automatic),71,99.65
2133-TSRRM,No,0.30813974,0,Month-to-month,Fiber optic,Bank transfer (automatic),34,105.35
7384-GHBPI,Yes,0.8692002,1,Month-to-month,DSL,Electronic check,3,35.15
7603-USHJS,Yes,0.716838,1,Month-to-month,Fiber optic,Credit card (automatic),12,73.75
7234-FECYN,Yes,0.8921551,1,Month-to-month,Fiber optic,Electronic check,8,101.35
2511-ALLCS,No,0.03165949,0,Two year,No,Bank transfer (automatic),35,24.3
3191-CSNMG,No,0.8081749,1,Month-to-month,Fiber optic,Electronic check,3,80.7
7952-OBOYL,No,0.7813968,1,Month-to-month,Fiber optic,Mailed check,3,89.85
7470-DYNOE,No,0.28710905,0,One year,DSL,Electronic check,53,61.1
7853-OETYL,No,0.595317,1,Month-to-month,DSL,Electronic check,4,29.05
1545-ACTAS,No,0.29478052,0,One year,Fiber optic,Bank transfer (automatic),48,99.7
5876-HZVZM,Yes,0.37287933,0,Month-to-month,DSL,Credit card (automatic),6,55.9
1400-MMYXY,Yes,0.9061148,1,Month-to-month,Fiber optic,Electronic check,3,105.9
5126-RCXYW,No,0.042329192,0,Two year,DSL,Credit card (automatic),54,46.0
3085-QUOZK,Yes,0.66669065,1,Month-to-month,DSL,Mailed check,1,43.95
2363-BJLSL,No,0.040346023,0,Month-to-month,DSL,Bank transfer (automatic),62,80.4
1956-YIFGE,No,0.4752946,1,One year,Fiber optic,Mailed check,22,100.05
3926-CUQZX,Yes,0.7820751,1,Month-to-month,DSL,Bank transfer (automatic),1,45.1
7921-LMDFQ,No,0.5130562,1,One year,Fiber optic,Bank transfer (automatic),51,94.0
2925-MXLSX,No,0.18851459,0,One year,DSL,Credit card (automatic),30,68.95
5820-PTRYM,No,0.08115416,0,One year,DSL,Credit card (automatic),56,68.45
9609-BENEA,No,0.21439806,0,One year,DSL,Electronic check,35,69.0
6211-WHMYA,No,0.37515858,0,Month-to-month,DSL,Electronic check,64,43.85
4459-BBGHE,No,0.37009704,0,Month-to-month,DSL,Electronic check,30,44.5
9945-PSVIP,No,0.02756297,0,Two year,No,Mailed check,25,18.7
1041-RXHRA,Yes,0.46970627,1,Month-to-month,Fiber optic,Bank transfer (automatic),41,70.25
1750-CSKKM,Yes,0.60857695,1,Month-to-month,DSL,Electronic check,9,55.35
9108-EJFJP,No,0.6616926,1,Month-to-month,DSL,Mailed check,1,53.55
0530-IJVDB,No,0.10118017,0,Two year,Fiber optic,Electronic check,70,114.6
0508-SQWPL,No,0.041056417,0,Two year,No,Bank transfer (automatic),57,20.1
2215-ZAFGX,No,0.8967549,1,Month-to-month,Fiber optic,Electronic check,9,85.5
8213-TAZPM,No,0.2613068,0,One year,Fiber optic,Bank transfer (automatic),69,108.75
7142-HVGBG,Yes,0.8500654,1,Month-to-month,Fiber optic,Electronic check,43,103.0
1304-SEGFY,No,0.1917013,0,Two year,Fiber optic,Electronic check,72,97.85
7242-EDTYC,No,0.036390625,0,Two year,No,Bank transfer (automatic),44,19.55
2904-GGUAZ,No,0.012832807,0,Two year,Fiber optic,Bank transfer (automatic),72,84.05
8267-ZNYVZ,Yes,0.64470637,1,One year,Fiber optic,Electronic check,33,103.75
5136-GFPMB,No,0.41835555,0,Month-to-month,Fiber optic,Credit card (automatic),54,89.4
2595-KIWPV,No,0.022134138,0,Two year,No,Credit card (automatic),27,19.7
5243-SAOTC,No,0.4810047,1,Month-to-month,Fiber optic,Bank transfer (automatic),54,79.85
9398-MMQTO,No,0.6166033,1,Month-to-month,Fiber optic,Credit card (automatic),3,74.45
7619-PLRLP,No,0.13591076,0,One year,DSL,Bank transfer (automatic),53,74.1
6457-GIRWB,Yes,0.9403647,1,Month-to-month,Fiber optic,Electronic check,1,69.35
6508-NJYRO,No,0.014196871,0,One year,No,Mailed check,15,18.8
1450-SKCVI,Yes,0.4956564,1,Month-to-month,Fiber optic,Electronic check,56,73.85
4710-NKCAW,No,0.3103762,0,Month-to-month,DSL,Credit card (automatic),5,64.4
5306-BVTKJ,No,0.15153874,0,One year,DSL,Credit card (automatic),48,55.8
0357-NVCRI,No,0.11575894,0,Month-to-month,No,Credit card (automatic),25,20.05
5570-PTWEH,Yes,0.834542,1,Month-to-month,Fiber optic,Credit card (automatic),3,75.15
2371-KFUOG,No,0.21545465,0,One year,Fiber optic,Bank transfer (automatic),58,99.15
0463-ZSDNT,No,0.43687928,0,Month-to-month,DSL,Bank transfer (automatic),10,56.75
6502-MJQAE,Yes,0.9403647,1,Month-to-month,Fiber optic,Electronic check,1,69.6
6257-DTAYD,No,0.24636923,0,Two year,Fiber optic,Credit card (automatic),71,104.15
4616-ULAOA,No,0.16286495,0,Two year,Fiber optic,Credit card (automatic),65,110.8
7693-LCKZL,Yes,0.8907761,1,Month-to-month,Fiber optic,Electronic check,5,80.15
7746-AWNQW,No,0.28811562,0,Month-to-month,DSL,Mailed check,28,35.75
5996-EBTKM,No,0.040460724,0,Two year,DSL,Bank transfer (automatic),67,69.9
2758-RNWXS,No,0.28164327,0,One year,Fiber optic,Electronic check,35,89.2
2314-TNDJQ,No,0.0043526897,0,Two year,DSL,Credit card (automatic),72,55.65
2405-LBMUW,No,0.08141719,0,One year,DSL,Bank transfer (automatic),61,50.7
3454-JFUBC,No,0.01691719,0,Two year,No,Credit card (automatic),68,20.0
0032-PGELS,Yes,0.64905906,1,Month-to-month,DSL,Bank transfer (automatic),1,30.5
9039-ZVJDC,No,0.13565135,0,Month-to-month,No,Mailed check,3,19.1
6797-LNAQX,Yes,0.13237555,0,Two year,Fiber optic,Bank transfer (automatic),70,98.3
9013-AQORL,No,0.3587581,0,Month-to-month,DSL,Credit card (automatic),48,45.55
2898-MRKPI,No,0.43403417,0,One year,Fiber optic,Credit card (automatic),68,101.05
2750-BJLSB,No,0.51762366,1,One year,Fiber optic,Electronic check,47,103.7
3648-GZPHF,No,0.16921291,0,One year,DSL,Mailed check,32,36.25
2075-RMJIK,No,0.45161113,1,Month-to-month,DSL,Mailed check,5,49.4
9588-YRFHY,No,0.020328065,0,Two year,No,Credit card (automatic),49,19.9
6394-MFYNG,Yes,0.6985925,1,Month-to-month,Fiber optic,Bank transfer (automatic),48,107.4
1564-NTYXF,Yes,0.89396906,1,Month-to-month,Fiber optic,Electronic check,13,82.0
9364-YKUVW,No,0.2318263,0,Month-to-month,No,Mailed check,15,19.8
5392-AKEMH,No,0.60074025,1,Month-to-month,DSL,Electronic check,12,45.05
2451-YMUXS,No,0.033705454,0,Two year,DSL,Bank transfer (automatic),67,64.55
3914-FDRHP,No,0.6925197,1,Month-to-month,Fiber optic,Electronic check,9,86.25
3078-ZKNTS,No,0.042387154,0,Two year,No,Bank transfer (automatic),13,19.75
1024-KPRBB,No,0.39365527,0,One year,Fiber optic,Mailed check,38,89.1
4690-PKDQG,No,0.6753797,1,Month-to-month,Fiber optic,Electronic check,42,95.55
8155-IBNHG,Yes,0.5725014,1,Month-to-month,Fiber optic,Credit card (automatic),24,75.4
0886-QGENL,Yes,0.86363995,1,Month-to-month,Fiber optic,Electronic check,27,101.25
9547-ITEFG,No,0.8561381,1,Month-to-month,Fiber optic,Credit card (automatic),9,102.6
1264-FUHCX,No,0.28978446,0,One year,DSL,Credit card (automatic),49,56.3
7789-CRUVC,No,0.09771494,0,Month-to-month,Fiber optic,Credit card (automatic),61,94.2
6598-KELSS,No,0.11715026,0,One year,DSL,Bank transfer (automatic),50,43.05
8739-WWKDU,Yes,0.80762935,1,Month-to-month,Fiber optic,Electronic check,25,89.5
8685-WHQPW,Yes,0.608719,1,Month-to-month,Fiber optic,Bank transfer (automatic),22,74.4
4745-LSPLO,Yes,0.5845345,1,Month-to-month,No,Mailed check,1,20.5
8083-YTZES,Yes,0.8688944,1,Month-to-month,Fiber optic,Electronic check,4,74.35
7240-FQLHE,Yes,0.71136194,1,Month-to-month,Fiber optic,Bank transfer (automatic),18,99.75
6664-FPDAC,Yes,0.33658418,0,One year,Fiber optic,Electronic check,56,111.95
9972-VAFJJ,No,0.2937819,0,One year,Fiber optic,Electronic check,53,94.0
0422-UXFAP,No,0.5961372,1,One year,Fiber optic,Electronic check,51,98.85
1904-WAJAA,No,0.045108452,0,Two year,DSL,Electronic check,24,64.35
5130-YPIRV,No,0.034197345,0,Two year,DSL,Credit card (automatic),62,72.0
2843-CQMEG,No,0.29301816,0,Month-to-month,DSL,Mailed check,24,49.7
6439-PKTRR,No,0.052673876,0,Two year,DSL,Electronic check,70,80.7
5351-QESIO,No,0.67045635,1,Month-to-month,DSL,Mailed check,1,24.2
0786-VSSUD,Yes,0.61926097,1,Month-to-month,DSL,Mailed check,16,39.0
5568-DMXZS,No,0.54021424,1,Month-to-month,DSL,Electronic check,8,65.45
8468-FZTOE,No,0.009310268,0,Two year,DSL,Electronic check,72,74.35
6633-SYEUS,No,0.36893073,0,Month-to-month,Fiber optic,Bank transfer (automatic),23,83.2
6447-GORXK,No,0.35746303,0,Month-to-month,DSL,Credit card (automatic),31,25.0
6967-PEJLL,No,0.18952526,0,One year,DSL,Electronic check,37,40.2
3976-BWUCK,Yes,0.55998015,1,Month-to-month,Fiber optic,Credit card (automatic),30,94.1
5981-ZVXOT,No,0.431117,0,One year,Fiber optic,Electronic check,35,108.35
1684-FLBGS,No,0.14802872,0,Month-to-month,DSL,Credit card (automatic),23,69.5
1389-WNUIB,No,0.13903375,0,One year,DSL,Bank transfer (automatic),20,76.0
0376-OIWME,No,0.35444927,0,Month-to-month,Fiber optic,Electronic check,36,93.6
3585-ISXZP,Yes,0.8459116,1,Month-to-month,Fiber optic,Bank transfer (automatic),8,95.65
0218-QNVAS,No,0.13998751,0,One year,Fiber optic,Bank transfer (automatic),71,100.55
6583-QGCSI,Yes,0.7453992,1,Month-to-month,Fiber optic,Electronic check,50,88.05
0804-YGEQV,No,0.1283119,0,One year,No,Bank transfer (automatic),43,24.45
7164-BPTUT,No,0.022619953,0,Two year,DSL,Mailed check,57,89.55
4174-LPGTI,Yes,0.3591799,0,One year,DSL,Bank transfer (automatic),41,66.5
2523-EWWZL,No,0.57040125,1,Month-to-month,Fiber optic,Electronic check,27,76.1
0928-XUTSN,No,0.75908864,1,Month-to-month,Fiber optic,Electronic check,13,80.5
2108-XWMPY,Yes,0.6661647,1,Month-to-month,DSL,Mailed check,3,35.45
0052-YNYOT,No,0.037760347,0,One year,No,Electronic check,67,20.55
6304-IJFSQ,Yes,0.7105763,1,Month-to-month,DSL,Mailed check,3,49.9
9586-JGQKH,No,0.083363585,0,Two year,Fiber optic,Bank transfer (automatic),64,105.4
4501-VCPFK,No,0.39576897,0,Month-to-month,DSL,Electronic check,26,35.75
6075-SLNIL,No,0.47560874,1,Month-to-month,Fiber optic,Credit card (automatic),38,95.1
9347-AERRL,No,0.020821255,0,One year,No,Credit card (automatic),23,19.3
0093-XWZFY,Yes,0.74989766,1,Month-to-month,Fiber optic,Credit card (automatic),40,104.5
2274-XUATA,No,0.026137587,0,Two year,DSL,Bank transfer (automatic),72,63.1
1980-KXVPM,Yes,0.84498185,1,Month-to-month,Fiber optic,Credit card (automatic),3,75.05
7703-ZEKEF,Yes,0.7639053,1,Month-to-month,Fiber optic,Electronic check,23,81.0
0723-DRCLG,Yes,0.9477533,1,Month-to-month,Fiber optic,Electronic check,1,74.45
5482-NUPNA,Yes,0.39990318,0,Month-to-month,DSL,Mailed check,4,60.4
6691-CCIHA,No,0.034696564,0,Two year,DSL,Electronic check,62,84.95
1685-BQULA,No,0.5679364,1,Month-to-month,Fiber optic,Bank transfer (automatic),40,93.4
9053-EJUNL,No,0.65931666,1,Month-to-month,Fiber optic,Electronic check,41,89.2
0666-UXTJO,No,0.6226409,1,Month-to-month,Fiber optic,Credit card (automatic),34,85.2
1471-GIQKQ,No,0.6733338,1,Month-to-month,DSL,Electronic check,1,49.95
4807-IZYOZ,No,0.027450355,0,Two year,No,Bank transfer (automatic),51,20.65
1122-JWTJW,Yes,0.90231436,1,Month-to-month,Fiber optic,Mailed check,1,70.65
9710-NJERN,No,0.022933036,0,Two year,No,Mailed check,39,20.15
9837-FWLCH,No,0.16961783,0,Month-to-month,No,Electronic check,12,19.2
1699-HPSBG,Yes,0.4058161,0,One year,DSL,Electronic check,12,59.8
7203-OYKCT,No,0.21533422,0,One year,Fiber optic,Electronic check,72,104.95
1035-IPQPU,No,0.63392115,1,Month-to-month,Fiber optic,Electronic check,63,103.5
7398-LXGYX,No,0.45283905,1,Month-to-month,Fiber optic,Credit card (automatic),44,84.8
2823-LKABH,No,0.60616285,1,Month-to-month,Fiber optic,Bank transfer (automatic),18,95.05
8775-CEBBJ,Yes,0.5010597,1,Month-to-month,DSL,Bank transfer (automatic),9,44.2
0550-DCXLH,No,0.29169548,0,Month-to-month,DSL,Mailed check,13,73.35
9281-CEDRU,No,0.018899266,0,Two year,DSL,Bank transfer (automatic),68,64.1
2235-DWLJU,No,0.8173636,1,Month-to-month,DSL,Electronic check,6,44.4
0871-OPBXW,No,0.2827719,0,Month-to-month,No,Mailed check,2,20.05
3605-JISKB,No,0.11878312,0,One year,DSL,Credit card (automatic),55,60.0
6894-LFHLY,Yes,0.9608532,1,Month-to-month,Fiber optic,Electronic check,1,75.75
9767-FFLEM,No,0.51639014,1,Month-to-month,Fiber optic,Credit card (automatic),38,69.5
0639-TSIQW,Yes,0.46385273,1,Month-to-month,Fiber optic,Credit card (automatic),67,102.95
8456-QDAVC,No,0.63226116,1,Month-to-month,Fiber optic,Bank transfer (automatic),19,78.7
7750-EYXWZ,No,0.14917964,0,One year,DSL,Electronic check,12,60.65
2569-WGERO,No,0.0064185713,0,Two year,No,Bank transfer (automatic),72,21.15
6840-RESVB,No,0.16597588,0,One year,DSL,Mailed check,24,84.8
2234-XADUH,No,0.129195,0,One year,Fiber optic,Credit card (automatic),72,103.2
4801-JZAZL,No,0.45169273,1,Month-to-month,DSL,Electronic check,11,29.6
8361-LTMKD,Yes,0.8360912,1,Month-to-month,Fiber optic,Mailed check,4,74.4
3186-AJIEK,No,0.3547598,0,Two year,Fiber optic,Bank transfer (automatic),66,105.65
